AL,ALABAMA,100005,Albertville City,107 W Main St,Albertville,35950,No,5445,0,6,Yes,Yes.1,Yes.2,TIMOTHY,TIDMORE,256-891-1183,ttidmore@albertk12.org,TIMOTHY.1,TIDMORE.1,256-891-1183.1,ttidmore@albertk12.org.1,TIMOTHY.2,TIDMORE.2,256-891-1183.2,ttidmore@albertk12.org.2,No.1,Yes.3,Yes.4,www.albertk12.org/apps/pages/index.jsp?uREC_ID=368921&type=d&termREC_ID=&pREC_ID=689254,Yes.5,No.2,Yes.6,Yes.7,Yes.8,Yes.9,No.3,No.4,Yes.10,No.5,1,6.1,127,0.1,Yes.11,-9,-9.1,-9.2,Yes.12,Yes.13,No.6,No.7,No.8
WY,WYOMING,5600014,Normative Services - Administration Office,P.O. Box 3075,Sheridan,82801,No,79,79,1,Yes,Yes,Yes,MICHAEL,MURRAY,(307)675-4175,michael.murray@sequelyouthservices.com,SHEILA,GEORGEN,(307)675-4175,shiela.georgen@sequelyouthservices.com,SHEILA,GEORGEN,(307)675-4175,shiela.georgen@sequelyouthservices.com,No,Yes,No,-9,No,-9,No,-9,-9,-9,-9,-9,-9,-9,-9,-9,-9,-9,-9,-9,-9,-9,No,-9,-9,-9,-9
WY,WYOMING,5600015,Red Top Meadows - Administration Office,P.O. Box 290,Wilson,83014,Yes,12,0,1,Yes,Yes,Yes,ERIN,SILCOX,307-733-9098,esilcox@tyfs.org,ERIN,SILCOX,307-733-9098,esilcox@tyfs.org,ERIN,SILCOX,307-733-9098,esilcox@tyfs.org,No,Yes,Yes,https://tetonyouthandfamilyservices.org/,No,-9,No,-9,-9,-9,-9,-9,-9,-9,-9,-9,-9,-9,-9,-9,-9,-9,No,-9,-9,-9,-9
WY,WYOMING,5600730,Albany County School District #1,1948 Grand Avenue,Laramie,82070,Yes,4056,0,18,Yes,Yes,Yes,TAIMI,KUIVA,307-721-4400,TKUIVA@ACSD1.ORG,TAIMI,KUIVA,307-721-4400,TKUIVA@ACSD1.ORG,TAIMI,KUIVA,307-721-4400,TKUIVA@ACSD1.ORG,No,Yes,Yes,https://www.acsd1.org/acsd/wp-content/uploads/2017/08/18-19-Discrimination-Annual-Notice-v3-7-31-2018.pdf,No,-9,Yes,No,No,Yes,No,Yes,Yes,Yes,0,8,31,19,Yes,-9,-9,-9,Yes,Yes,No,No,No
WY,WYOMING,5600960,Fremont County School District #38,445 Little Wind River Bottom R,Arapahoe,82510,No,469,2,2,Yes,Yes,Yes,ROY,BROWN,(307)856-9333,roy.brown@fremont38.com,ROY,BROWN,(307)856-9333,roy.brown@fremont38.com,ROY,BROWN,(307)856-9333,roy.brown@fremont38.com,No,Yes,Yes,https://www.boarddocs.com/wy/fcsd38/Board.nsf/Public,No,-9,Yes,Yes,No,No,No,No,Yes,Yes,0,0,22,3,Yes,-9,-9,-9,Yes,Yes,No,No,No
WY,WYOMING,5601030,Carbon County School District #1,615 Rodeo,Rawlins,82301,No,1746,0,5,Yes,Yes,Yes,DEBI,GAINES,(307)328-9200 x1019,dgaines@crb1.net,DEBI,GAINES,(307)328-9200 x1019,dgaines@crb1.net,DEBI,GAINES,(307)328-9200 x1019,dgaines@crb1.net,No,Yes,Yes,https://www.boarddocs.com/wy/crb1/Board.nsf/Public,No,-9,Yes,No,No,Yes,No,Yes,Yes,Yes,0,5,7,7,Yes,-9,-9,-9,Yes,Yes,No,No,No
WY,WYOMING,5601090,Big Horn County School District #4,P.O. Box 151,Basin,82410,Yes,265,0,2,Yes,Yes,Yes,DAVE,KERBY,307-568-2684,dave.kerby@bgh4.k12.wy.us,DAVE,KERBY,307-568-2684,dave.kerby@bgh4.k12.wy.us,TERI,STIDOLPH,307-568-2684,teri.stidolph@bgh4.k12.wy.us,No,Yes,Yes,www.bgh4.org,No,-9,No,-9,-9,-9,-9,-9,-9,-9,-9,-9,-9,-9,-9,-9,-9,-9,Yes,Yes,No,No,No
WY,WYOMING,5601260,Sublette County School District #9,P.O. Box 769,Big Piney,83113,No,543,0,4,Yes,Yes,Yes,AMY,ANSCHUTZ,(307)276-3322,aanschutz@sublette9.org,AMY,ANSCHUTZ,(307)276-3322,aanschutz@sublette9.org,AMY,ANSCHUTZ,(307)276-3322,aanschutz@sublette9.org,No,Yes,Yes,http://schoolboard.sublette9.org/policies/student/jicfa-policy---harassment-intimidation-and-bullying,No,-9,No,-9,-9,-9,-9,-9,-9,-9,-9,-9,-9,-9,-9,-9,-9,-9,Yes,Yes,No,No,No
WY,WYOMING,5601420,Big Horn County School District #1,P.O. Box 688,Cowley,82420,No,1164,0,6,Yes,Yes,Yes,RYAN,BOETTCHER,307-548-2254,rboettcher@bighorn1.com,RYAN,BOETTCHER,307-548-2254,rboettcher@bighorn1.com,WES,TOWNSEND,307-548-2254,wtownsend@bighorn1.com,No,Yes,Yes,https://www.bighorn1.com/files/user/1/file/District%20Policy%20Page%20-%20The%20Only%20One%20!!!/A%20policies/AC%20Nondiscrimination.pdf,No,-9,Yes,No,No,Yes,No,No,Yes,Yes,0,0,43,0,Yes,-9,-9,-9,Yes,Yes,No,No,No
WY,WYOMING,5601460,Big Horn County School District #2,502 Hampshire Avenue,Lovell,82431,No,719,0,3,Yes,Yes,Yes,NANCY,CERRONI,307-548-6553,ncerroni@bgh2.org,NANCY,CERRONI,307-548-6553,ncerroni@bgh2.org,NANCY,CERRONI,307-548-6553,ncerroni@bgh2.org,No,Yes,Yes,www.bgh2.org,No,-9,No,-9,-9,-9,-9,-9,-9,-9,-9,-9,-9,-9,-9,-9,-9,-9,Yes,Yes,No,No,No
WY,WYOMING,5601470,Campbell County School District #1,P.O. Box 3033,Gillette,82717,Yes,8931,0,23,Yes,Yes,Yes,LARRY,REZNICEK,307-687-5171,lreznicek@ccsd.k12.wy.us,LARRY,REZNICEK,307-687-5171,lreznicek@ccsd.k12.wy.us,LARRY,REZNICEK,307-687-5171,lreznicek@ccsd.k12.wy.us,No,Yes,Yes,https://www.ccsd.k12.wy.us/Page/384,No,-9,No,-9,-9,-9,-9,-9,-9,-9,-9,-9,-9,-9,-9,-9,-9,-9,Yes,Yes,No,No,No
WY,WYOMING,5601700,Carbon County School District #2,P.O. Box 1530,Saratoga,82331,No,608,0,7,Yes,Yes,Yes,JIM,COPELAND,307-326-5271,jcopeland@crb2.org,JIM,COPELAND,307-326-5271,jcopeland@crb2.org,JIM,COPELAND,307-326-5271,jcopeland@crb2.org,No,Yes,Yes,www.crb2.org,No,-9,No,-9,-9,-9,-9,-9,-9,-9,-9,-9,-9,-9,-9,-9,-9,-9,Yes,Yes,No,No,No
WY,WYOMING,5601980,Laramie County School District #1,2810 House Avenue,Cheyenne,82001,Yes,14274,0,38,Yes,Yes,Yes,TRACEY,KINNEY,307-771-2188,traey.kinney@laramie1.org,TRACEY,KINNEY,307-771-2188,traey.kinney@laramie1.org,TRACEY,KINNEY,307-771-2188,traey.kinney@laramie1.org,No,Yes,Yes,www.boarddocs.com/wy/laramie1/board.nsf/public,No,-9,No,-9,-9,-9,-9,-9,-9,-9,-9,-9,-9,-9,-9,-9,-9,-9,Yes,Yes,No,No,No
WY,WYOMING,5602070,Park County School District # 6,919 Cody Avenue,Cody,82414,No,2055,1,8,Yes,Yes,Yes,RAY,SCHULTE,(307)587-4253,rayschulte@park6.org,RAY,SCHULTE,(307)587-4253,rayschulte@park6.org,PEG,MONTEITH,(307)527-6332,peggymonteith@park6.org,No,Yes,Yes,"https://tb2cdn.schoolwebmasters.com/accnt_265550/site_265551/Board%20Policies/JICFA%20-%20Harassment,%20Intimidiation%20and%20Bullying.pdf",No,-9,No,-9,-9,-9,-9,-9,-9,-9,-9,-9,-9,-9,-9,-9,-9,-9,Yes,Yes,No,No,No
WY,WYOMING,5602140,Converse County School District #1,615 Hamilton Street,Douglas,82633,Yes,1708,0,10,Yes,Yes,Yes,STEVE,WALKER,307-358-2942,swalker@ccsd1.org,STEVE,WALKER,307-358-2942,swalker@ccsd1.org,PENNY,HAWK,307-358-6187,phawk@ccsd1.org,No,Yes,Yes,https://www.ccsd1.org/apps/publications/,No,-9,No,-9,-9,-9,-9,-9,-9,-9,-9,-9,-9,-9,-9,-9,-9,-9,Yes,Yes,No,No,No
WY,WYOMING,5602150,Converse County School District #2,P.O. Box 1300,Glenrock,82637,No,574,0,5,Yes,Yes,Yes,COLEY,SHADRICK,307-436-5331,cshadrick@converse2.org,COLEY,SHADRICK,307-436-5331,cshadrick@converse2.org,COLEY,SHADRICK,307-436-5331,cshadrick@converse2.org,No,Yes,Yes,www.converse2.org,No,-9,No,-9,-9,-9,-9,-9,-9,-9,-9,-9,-9,-9,-9,-9,-9,-9,Yes,Yes,No,No,No
WY,WYOMING,5602370,Crook County School District #1,P.O. Box 830,Sundance,82729,No,1143,0,5,Yes,Yes,Yes,MARK,MARK,(307) 283-2299,brodersonm@crook1.com,MARK,MARK,(307) 283-2299,brodersonm@crook1.com,MARK,MARK,(307) 283-2299,brodersonm@crook1.com,No,Yes,Yes,https://www.crook1.com/policies-and-board-governance.html,No,-9,No,-9,-9,-9,-9,-9,-9,-9,-9,-9,-9,-9,-9,-9,-9,-9,Yes,Yes,No,No,No
WY,WYOMING,5602670,Fremont County School District # 2,P.O. Box 188,Dubois,82513,No,163,0,3,Yes,Yes,Yes,BRANDON,FARRIS,3074555510,bfarris@fremont2.org,MARTHA,GALE,3074555516,mgale@fremont2.org,MARTHA,GALE,3074555516,mgale@fremont2.org,No,Yes,Yes,https://sites.google.com/a/fremont2.org/www/district-office/policy-manual,No,-9,No,-9,-9,-9,-9,-9,-9,-9,-9,-9,-9,-9,-9,-9,-9,-9,Yes,Yes,No,No,No
WY,WYOMING,5602760,Uinta County School District #1,P.O. Box 6002,Evanston,82931,Yes,2693,0,8,Yes,Yes,Yes,JOSEPH,INGALLS,(307)789-7571,jingalls@uinta1.com,JOSEPH,INGALLS,(307)789-7571,jingalls@uinta1.com,JOSEPH,INGALLS,(307)789-7571,jingalls@uinta1.com,No,Yes,Yes,http://www.uinta1.com/apps/pages/index.jsp?uREC_ID=438778&type=d&pREC_ID=949660,No,-9,No,-9,-9,-9,-9,-9,-9,-9,-9,-9,-9,-9,-9,-9,-9,-9,Yes,Yes,No,No,No
WY,WYOMING,5602820,Fremont County School District #21,90 Ethete Road,Ft. Washakie,82514,No,551,26,3,Yes,Yes,Yes,H. TERRY,EBERT,307-332-5983,tebert@fortwashakieschool.com,H. TERRY,EBERT,307-332-5983,tebert@fortwashakieschool.com,H. TERRY,EBERT,307-332-5983,tebert@fortwashakieschool.com,No,Yes,Yes,https://www.fortwashakieschool.com/District/Department/47-Board-of-Education/1854-Untitled.html,No,-9,Yes,Yes,No,No,No,No,No,Yes,0,0,0,26,Yes,-9,-9,-9,Yes,Yes,No,No,No
WY,WYOMING,5602830,Fremont County School District # 6,P.O. Box 10,Pavillion,82523,No,438,2,5,Yes,Yes,Yes,BARNEY,LACOCK,(307) 856-7970 x203,barneyl@fre6.k12.wy.us,BARNEY,LACOCK,(307) 856-7970 x203,barneyl@fre6.k12.wy.us,BARNEY,LACOCK,(307) 856-7970 x203,barneyl@fre6.k12.wy.us,No,Yes,Yes,http://www.boarddocs.com/wy/fre6/Board.nsf/goto?open&id=AUVKMP52916E,Yes,Yes,Yes,No,No,Yes,No,Yes,Yes,Yes,11,23,32,10,Yes,-9,-9,-9,Yes,Yes,No,No,No
WY,WYOMING,5602870,Fremont County School District # 1,863 Sweetwater Street,Lander,82520,Yes,1778,4,6,Yes,Yes,Yes,KEN,NIELSEN,307-332-4711,knielsen@landerschools.org,KEN,NIELSEN,307-332-4711,knielsen@landerschools.org,MIKE,HARRIS,307-332-4711,mharris@landerschools.org,No,Yes,Yes,https://www.boarddocs.com/wy/fcsd1/Board.nsf/Public#,No,-9,No,-9,-9,-9,-9,-9,-9,-9,-9,-9,-9,-9,-9,-9,-9,-9,Yes,Yes,No,No,No
WY,WYOMING,5602990,Goshen County School District #1,626 West 25th Avenue,Torrington,82240,No,1694,0,11,Yes,Yes,Yes,DONNA,FIELDS,307 532 2171,dfields@goshen1.org,DONNA,FIELDS,307 532 2171,dfields@goshen1.org,TRINA,NICHOL,307 532 2171,tnichol@goshen1.org,No,Yes,Yes,http://www.goshen1.org/files/user/7/file/Policies/5158%20Harassment%20Intimidation%20Bullying%20policy%20Aug%202015%20final.pdf,No,-9,No,-9,-9,-9,-9,-9,-9,-9,-9,-9,-9,-9,-9,-9,-9,-9,Yes,Yes,No,No,No
WY,WYOMING,5603170,Big Horn County School District #3,640 8th Ave North,Greybull,82426,No,475,0,3,Yes,Yes,Yes,MICHAEL,MCCLAREN,307-765-4756,mmcclaren@bgh3.k12.wy.us,MICHAEL,MCCLAREN,307-765-4756,mmcclaren@bgh3.k12.wy.us,TRACY,BOYER,307-765-2311,trboyer@bgh3.k12.wy.us,No,Yes,Yes,https://greybullschools.edlioschool.com/,No,-9,No,-9,-9,-9,-9,-9,-9,-9,-9,-9,-9,-9,-9,-9,-9,-9,Yes,No,No,Yes,No
WY,WYOMING,5603180,Platte County School District #2,P.O. Box 189,Guernsey,82214,Yes,243,0,3,Yes,Yes,Yes,GLEN,SUPPES,307-836-2735,gsuppes@gsviking.org,GLEN,SUPPES,307-836-2735,gsuppes@gsviking.org,GLEN,SUPPES,307-836-2735,gsuppes@gsviking.org,No,Yes,Yes,http://www.guernseysunrise.org/wp-content/uploads/2018/04/J-Students.pdf,No,-9,No,-9,-9,-9,-9,-9,-9,-9,-9,-9,-9,-9,-9,-9,-9,-9,Yes,Yes,No,No,No
WY,WYOMING,5603310,Hot Springs County School District #1,415 Springview Street,Thermopolis,82443,No,649,0,3,Yes,Yes,Yes,DUSTIN,HUNT,307-864-6515,dhunt@hotsprings1.org,DUSTIN,HUNT,307-864-6515,dhunt@hotsprings1.org,DUSTIN,HUNT,307-864-6515,dhunt@hotsprings1.org,No,Yes,Yes,www.hotsprings1.org,No,-9,No,-9,-9,-9,-9,-9,-9,-9,-9,-9,-9,-9,-9,-9,-9,-9,Yes,Yes,No,Yes,No
WY,WYOMING,5603770,Johnson County School District #1,601 West Lott Street,Buffalo,82834,No,1288,0,5,Yes,Yes,Yes,RICHARD,DANFORTH,(307)684-7400,rdanforth@jcsd1.us,RICHARD,DANFORTH,(307)684-7400,rdanforth@jcsd1.us,RICHARD,DANFORTH,(307)684-7400,rdanforth@jcsd1.us,No,Yes,Yes,https://sites.google.com/a/jcsd1.us/jcsd1-policies/,No,-9,No,-9,-9,-9,-9,-9,-9,-9,-9,-9,-9,-9,-9,-9,-9,-9,Yes,Yes,No,No,No
WY,WYOMING,5604030,Lincoln County School District #1,P.O. Box 335,Diamondville,83116,No,674,0,4,Yes,Yes,Yes,TERESA,CHAULK,3078779095,tchaulk@rangers1.net,TERESA,CHAULK,3078779095,tchaulk@rangers1.net,TERESA,CHAULK,3078779095,tchaulk@rangers1.net,No,Yes,Yes,https://drive.google.com/file/d/0B8RLePl4t_1kWUctcUN3a2xwdEE/view,No,-9,No,-9,-9,-9,-9,-9,-9,-9,-9,-9,-9,-9,-9,-9,-9,-9,Yes,Yes,No,No,No
WY,WYOMING,5604060,Lincoln County School District #2,222 E 4th Avenue,Afton,83110,No,2888,1,9,Yes,Yes,Yes,MATT,ERICKSON,(307)885-3811,merickson@lcsd2.org,MATT,ERICKSON,(307)885-3811,merickson@lcsd2.org,MATT,ERICKSON,(307)885-3811,merickson@lcsd2.org,No,Yes,Yes,http://www.boarddocs.com/wy/lcsd2/Board.nsf/goto?open&id=7ZUTXV798F4F,No,-9,No,-9,-9,-9,-9,-9,-9,-9,-9,-9,-9,-9,-9,-9,-9,-9,Yes,Yes,No,No,No
WY,WYOMING,5604120,Laramie County School District #2,P.O. Box 489,Pine Bluffs,82082,No,1051,1,6,Yes,Yes,Yes,NANCY,MALCOLM,(307)245-4005,nancy.malcolm@laramie2.org,NANCY,MALCOLM,(307)245-4005,nancy.malcolm@laramie2.org,NANCY,MALCOLM,(307)245-4005,nancy.malcolm@laramie2.org,No,Yes,Yes,http://www.laramie2.org/userfiles/2/my%20files/policies/section%20a/ac.pdf?id=6161,No,-9,No,-9,-9,-9,-9,-9,-9,-9,-9,-9,-9,-9,-9,-9,-9,-9,Yes,Yes,No,No,No
WY,WYOMING,5604230,Niobrara County School District #1,PO Box 629,Lusk,82225,No,313,5,5,Yes,Yes,Yes,AARON,CARR,307-334-3793,carra@lusk.k12.wy.us,ROBYN,HETH,307-334-3793,hethr@lusk.k12.wy.us,AARON,CARR,307-334-3793,carra@lusk.k12.wy.us,No,Yes,Yes,http://www.growingluskleaders.org,No,-9,No,-9,-9,-9,-9,-9,-9,-9,-9,-9,-9,-9,-9,-9,-9,-9,Yes,Yes,No,No,No
WY,WYOMING,5604260,Uinta County School District #6,P.O. Box 1090,Lyman,82937,No,738,737,3,Yes,Yes,Yes,COLBY,GULL,307-786-4100,gullc@uinta6.k12.wy.us,COLBY,GULL,307-786-4100,gullc@uinta6.k12.wy.us,COLBY,GULL,307-786-4100,gullc@uinta6.k12.wy.us,No,Yes,Yes,www.uinta6.k12.wy.us,No,-9,No,-9,-9,-9,-9,-9,-9,-9,-9,-9,-9,-9,-9,-9,-9,-9,Yes,Yes,No,No,No
WY,WYOMING,5604380,Park County School District #16,P.O. Box 218,Meeteetse,82433,No,129,0,1,Yes,Yes,Yes,SHANE,OGDEN,307-868-2501,sogden@park16.org,SHANE,OGDEN,307-868-2501,sogden@park16.org,SHANE,OGDEN,307-868-2501,sogden@park16.org,No,Yes,Yes,http://www.park16.k12.wy.us/UserFiles/Servers/Server_833114/File/17-18%20Student%20Handbook.pdf,No,-9,Yes,Yes,No,No,No,No,Yes,No,0,0,5,0,Yes,-9,-9,-9,Yes,Yes,No,No,No
WY,WYOMING,5604450,Fremont County School District #14,638 Blue Sky Highway,Ethete,82520,No,670,0,3,Yes,Yes,Yes,DAVE,RUSHFORTH,3043323904,dave.rushforth@wyo4life.net,DAVE,RUSHFORTH,3073323904,dave.rushforth@wyo4life.net,SCOTT,GION,3073322992,scott.gion@wyo4life.net,No,Yes,Yes,https://www.boarddocs.com/wy/fcsd14/Board.nsf/vpublic?open#,No,-9,Yes,Yes,No,No,No,No,Yes,Yes,0,0,22,3,Yes,-9,-9,-9,Yes,Yes,No,No,No
WY,WYOMING,5604500,Uinta County School District #4,P.O. Box 130,Mountain View,82939,No,838,0,2,Yes,Yes,Yes,JEFFREY,NEWTON,(307)782-3377 x4201,newtonj@uinta4.com,JEFFREY,NEWTON,(307)782-3377 x4201,newtonj@uinta4.com,RANDON,LAWRENCE,(307)782-3377 x4207,lawrencer@uinta4.com,No,Yes,Yes,http://www.uinta4.com/common/pages/DisplayFile.aspx?itemId=9152078,No,-9,No,-9,-9,-9,-9,-9,-9,-9,-9,-9,-9,-9,-9,-9,-9,-9,Yes,Yes,No,No,No
WY,WYOMING,5604510,Natrona County School District #1,970 North Glenn Road,Casper,82601,Yes,13272,107,33,Yes,Yes,Yes,VERBA,ECHOLS,307-253-5445,verba_echols@natronaschools.org,VERBA,ECHOLS,307-253-5445,verba_echols@natronaschools.org,TED,HANSON,307-253-5480,ted_hanson@natronaschools.org,No,Yes,Yes,http://www.boarddocs.com/wy/ncsd1/Board.nsf/goto?open&id=94XT9W7656CB,No,-9,Yes,No,No,Yes,No,Yes,Yes,Yes,0,83,224,25,No,Yes,Yes,Yes,Yes,Yes,No,No,No
WY,WYOMING,5604830,Weston County School District #1,116 Casper Avenue,Newcastle,82701,No,757,0,4,Yes,Yes,Yes,TOBEY,CASS,307-746-4451,casst@wcsd1.org,TOBEY,CASS,307-746-4451,casst@wcsd1.org,TOBEY,CASS,307-746-4451,casst@wcsd1.org,No,Yes,Yes,https://www.wcsd1.org/Page/244,No,-9,No,-9,-9,-9,-9,-9,-9,-9,-9,-9,-9,-9,-9,-9,-9,-9,Yes,Yes,No,No,No
WY,WYOMING,5604860,Sublette County School District #1,P.O. Box 549,Pinedale,82941,No,1068,0,5,Yes,Yes,Yes,VERN,MCADAMS,(307)367-5510,vmcadams@sub1.org,VERN,MCADAMS,(307)367-5510,vmcadams@sub1.org,ANGIE,MURPHY,(307)367-5515,amurphy@sub1.org,No,Yes,Yes,https://docs.google.com/document/d/1u5XPnsoK_D7kNSlLGp08qAb9FTrp9bYzb4ioMqv3qt8/edit,No,-9,No,-9,-9,-9,-9,-9,-9,-9,-9,-9,-9,-9,-9,-9,-9,-9,Yes,Yes,No,No,No
WY,WYOMING,5605090,Platte County School District #1,1350 Oak Street,Wheatland,82201,No,1047,0,11,Yes,Yes,Yes,DENNIS,FISCHER,3073223175 x1004,dennis.fischer@platte1.org,DENNIS,FISCHER,3073223175 x1004,dennis.fischer@platte1.org,DENNIS,FISCHER,3073223175 x1004,dennis.fischer@platte1.org,No,Yes,Yes,https://s3.amazonaws.com/scschoolfiles/1413/ac_.pdf,No,-9,No,-9,-9,-9,-9,-9,-9,-9,-9,-9,-9,-9,-9,-9,-9,-9,Yes,Yes,No,No,No
WY,WYOMING,5605160,Park County School District # 1,160 North Evarts,Powell,82435,Yes,1835,0,7,Yes,Yes,Yes,GINGER,SLEEP,(307) 764-6187,ggsleep@pcsd1.org,GINGER,SLEEP,(307) 764-6187,ggsleep@pcsd1.org,GINGER,SLEEP,(307) 764-6187,ggsleep@pcsd1.org,No,Yes,Yes,https://www.pcsd1.org/,No,-9,No,-9,-9,-9,-9,-9,-9,-9,-9,-9,-9,-9,-9,-9,-9,-9,Yes,Yes,No,No,No
WY,WYOMING,5605220,Fremont County School District #25,121 North 5th Street West,Riverton,82501,Yes,2468,6,8,Yes,Yes,Yes,REGGIE,MILLER,307-856-6557,rmiller@fremont25.org,DALLAS,MYERS,307-856-5250,dmyers@fremont25.org,KARLY,WARD,307-856-2625,kward@fremont25.org,No,Yes,Yes,https://drive.google.com/file/d/1pBfvsBKfiDM9KXSNHVxCMSGDLyETOK4N/view,No,-9,Yes,No,No,Yes,No,No,Yes,Yes,0,0,13,1,No,Yes,Yes,Yes,Yes,Yes,No,No,No
WY,WYOMING,5605302,Sweetwater County School District #1,P.O. Box 1089,Rock Springs,82902,Yes,5547,29,17,Yes,Yes,Yes,NICOLE,BOLTON,(307)352-3400,boltonn@sw1.k12.wy.us,NICOLE,BOLTON,(307)352-3400,boltonn@sw1.k12.wy.us,NICOLE,BOLTON,(307)352-3400,bontonn@sw1.k12.wy.us,No,Yes,Yes,www.sw1.k12.wy.us/policy_repo/,No,-9,No,-9,-9,-9,-9,-9,-9,-9,-9,-9,-9,-9,-9,-9,-9,-9,Yes,Yes,No,No,No
WY,WYOMING,5605680,Sheridan County School District #3,P.O. Box 125,Clearmont,82835,No,95,0,2,Yes,Yes,Yes,GREG,ROHERE,307-758-4412,grorher@shr3panther.com,CHARLES,AUZQUI,307-758-4412,cauzqui@shr3panthers.com,CASSEY,WRENN,307-758-4412,cwrenn@shr3panthers.com,No,Yes,Yes,sheridan3.com,No,-9,No,-9,-9,-9,-9,-9,-9,-9,-9,-9,-9,-9,-9,-9,-9,-9,No,-9,-9,-9,-9
WY,WYOMING,5605690,Sheridan County School District #1,P.O. Box 819,Ranchester,82839,No,995,0,8,Yes,Yes,Yes,PETE,KILBRIDE,307-655-9541,pkilbride@sheridan.k12.wy.us,PETE,KILBRIDE,307-655-9541,plilbride@sheridank12.wy.us,PETE,KILBRIDE,307-655-9541,pkilbride@sheridan.k12.wy.us,No,Yes,Yes,www.sheridan.k12.wy.us,No,-9,Yes,No,No,No,Yes,No,Yes,No,0,0,21,0,No,Yes,No,Yes,Yes,Yes,No,No,No
WY,WYOMING,5605695,Sheridan County School District #2,P.O. Box 919,Sheridan,82801,Yes,3546,14,10,Yes,Yes,Yes,TRACI,TURK,307-674-7405 5401,traci.turk@scsd2.com,TRACI,TURK,307-674-7405 5401,traci.turk@scsd2.com,TRACI,TURK,307-674-7405 5401,traci.turk@scsd2.com,No,Yes,Yes,https://scsd2.com/download/jb-equal-educational-opportunities/,No,-9,No,-9,-9,-9,-9,-9,-9,-9,-9,-9,-9,-9,-9,-9,-9,-9,Yes,Yes,No,No,No
WY,WYOMING,5605700,Fremont County School District #24,404 Wrangler Way,Shoshoni,82649,No,401,0,3,Yes,Yes,Yes,BRUCE,THOREN,3078762583,bthoren@fremont24.com,BRUCE,THOREN,3078762583,bthoren@fremont24.com,SALLY,MICHELENA,307-876-2563,smichelena@fremont24.com,No,Yes,Yes,https://www.boarddocs.com/wy/fcsd24/Board.nsf/Public#,No,-9,Yes,No,Yes,No,Yes,No,Yes,No,0,0,14,0,Yes,-9,-9,-9,No,-9,-9,-9,-9
WY,WYOMING,5605762,Sweetwater County School District #2,351 Monroe Avenue,Green River,82935,Yes,2607,21,11,Yes,Yes,Yes,JASON,FUSS,(307)872-8813,fussj@swcsd2.org,JASON,FUSS,(307)872-8813,fussj@swcsd2.org,ALAN,DEMARET,(307)872-5503,demarea@swcsd2.org,No,Yes,Yes,https://d39smchmfovhlz.coudfront.net/1Rw2XoPAoDGnknYvOHpcRkCMOVuSYYltYHCAGkLz5AeRoXMY.pdf,No,-9,No,-9,-9,-9,-9,-9,-9,-9,-9,-9,-9,-9,-9,-9,-9,-9,Yes,Yes,No,No,No
WY,WYOMING,5605820,Washakie County School District #2,P.O. Box 105,Ten Sleep,82442,No,101,0,1,Yes,Yes,Yes,LEVI,COLLINS,307-366-2233x400,levi.collins@wsh2.k12.wy.us,LEVI,COLLINS,307-366-2233x400,levi.collins@wsh2.k12.wy.us,CHAWNA,WIECHMANN,307-366-2233x510,chawna.wiechmann@wsh2.k12.wy.us,No,Yes,Yes,https://1.cdn.edl.io/vyCgxEbx2W05U2kDxRkcpS6YpcjE72QnaWGgyi04rygu1cex.pdf,Yes,Yes,Yes,No,No,Yes,No,Yes,Yes,Yes,0,3,6,3,Yes,-9,-9,-9,Yes,Yes,No,No,No
WY,WYOMING,5605830,Teton County School District #1,P.O. Box 568,Jackson,83001,No,2871,0,9,Yes,Yes,Yes,CHARLOTTE,REYNOLDS,307-733-2704,creynolds@tcsd.org,CHARLOTTE,REYNOLDS,307-733-2704,creynolds@tcsd.org,JULIE,NASH,307-733-2704,jnash@tcsd.org,No,Yes,Yes,www.tcsd.org,No,-9,No,-9,-9,-9,-9,-9,-9,-9,-9,-9,-9,-9,-9,-9,-9,-9,Yes,Yes,No,No,No
WY,WYOMING,5606090,Weston County School District #7,P.O. Box 470,Upton,82730,No,256,0,3,Yes,Yes,Yes,CLARK,COBERLY,(307)468-2461,ccoberly@weston7.org,CLARK,COBERLY,(307)468-2461,ccoberly@weston7.org,CLARK,COBERLY,(307)468-2461,ccoberly@weston7.org,No,Yes,Yes,http://www.weston7.org/board-of-education-72d9dc05,No,-9,No,-9,-9,-9,-9,-9,-9,-9,-9,-9,-9,-9,-9,-9,-9,-9,Yes,Yes,No,No,No
WY,WYOMING,5606240,Washakie County School District #1,1900 Howell Avenue,Worland,82401,No,1284,0,5,Yes,Yes,Yes,JACK,STOTT,307-347-9286,jstott@wsh1.k12.wy.us,JACK,STOTT,307-347-9286,jstott@wsh1.k12.wy.us,JACK,STOTT,307-347-9286,jstott@wsh1.k12.wy.us,No,Yes,Yes,https://www.wsh1.k12.wy.us/,No,-9,No,-9,-9,-9,-9,-9,-9,-9,-9,-9,-9,-9,-9,-9,-9,-9,Yes,Yes,No,No,No
WY,WYOMING,5680180,Northeast Wyoming BOCES,410 North Miller Avenue,Gillette,82716,No,29,29,1,Yes,Yes,Yes,JULIE,CUDMORE,3076820231,jcudmore@newboces.com,JULIE,CUDMORE,3076820231,jcudmore@newboces.com,JULIE,CUDMORE,3076820231,jcudmore@newboces.com,No,Yes,Yes,www.newboces.com,No,-9,No,-9,-9,-9,-9,-9,-9,-9,-9,-9,-9,-9,-9,-9,-9,-9,No,-9,-9,-9,-9
WY,WYOMING,5680250,Region V BOCES,P.O. Box 899,Wilson,83014,No,48,0,3,Yes,Yes,Yes,DANIEL,MAYER,307-733-8210,dmayer@boces5.org,DANIEL,MAYER,307-733-8210,dmayer@boces5.org,DANIEL,MAYER,307-733-8210,dmayer@boces5.org,No,Yes,Yes,www.boces5.org,No,-9,No,-9,-9,-9,-9,-9,-9,-9,-9,-9,-9,-9,-9,-9,-9,-9,No,-9,-9,-9,-9
WY,WYOMING,5680251,Wyoming Department of Family Services,2300 Capitol Avenue,Cheyenne,82002,Yes,162,0,2,Yes,Yes,Yes,RUSSELL,WEBB,3077775366,russell.webb2@wyo.gov,RUSSELL,WEBB,3077775366,russell.webb2@wyo.gov,RUSSELL,WEBB,3077775366,russell.webb2@wyo.gov,No,Yes,Yes,https://www.google.com/url?q=https://drive.google.com/file/d/0B1hVH2g4BH3KbzNnZHdsbV9jTmM/edit&sa=D&source=hangouts&ust=1557434939168000&usg=AFQjCNFJf-qa1xwYT8XDxDuqQ3I5cNRLBw,No,-9,No,-9,-9,-9,-9,-9,-9,-9,-9,-9,-9,-9,-9,-9,-9,-9,No,-9,-9,-9,-9
WY,WYOMING,5680252,Youth Emergency Services Inc. - Administration Office,905 N Gurley,Gillette,82716,No,34,28,1,Yes,Yes,Yes,CRAIG,LORENZ,307-686-0669x1401,clorenz@yeshouse.org,CRAIG,LORENZ,307-686-0669x1401,clorenz@yeshouse.org,TOBIE,SHINKLE,307-686-0669x1403,tshinkle@yeshouse.org,No,Yes,No,-9,No,-9,No,-9,-9,-9,-9,-9,-9,-9,-9,-9,-9,-9,-9,-9,-9,-9,No,-9,-9,-9,-9
WY,WYOMING,5680254,Saint Stephen's Indian School Admin Office,P.O. Box 345,St. Stephens,82524,No,243,0,1,Yes,Yes,Yes,FRANK,NO RUNNER,3078564147,fnorunner@st-stephens.net,FRANK,NO RUNNER,3078564147,fnorunner@st-stephens.net,FRANK,NO RUNNER,3078564147,fnorunner@st-stephens.net,No,Yes,Yes,https://drive.google.com/file/d/1lAGmM3brGi5OtLE9SHL_75b0xHVMrQ_K/view,No,-9,No,-9,-9,-9,-9,-9,-9,-9,-9,-9,-9,-9,-9,-9,-9,-9,Yes,Yes,No,No,No
WY,WYOMING,5680255,Rite of Passage,2660 Business Parkway,Minden,89423,Yes,31,0,1,Yes,Yes,Yes,KAREN,MURRAY,(303) 214-1077,karen.murray@rop.com,KAREN,MURRAY,(303) 214-1077,karen.murray@rop.com,KAREN,MURRAY,(303) 214-1077,karen.murray@rop.com,No,Yes,No,-9,No,-9,No,-9,-9,-9,-9,-9,-9,-9,-9,-9,-9,-9,-9,-9,-9,-9,No,-9,-9,-9,-9
