AL,ALABAMA,100005,Albertville City,107 W Main St,Albertville,35950,No,5445,0,6,Yes,Yes.1,Yes.2,TIMOTHY,TIDMORE,256-891-1183,ttidmore@albertk12.org,TIMOTHY.1,TIDMORE.1,256-891-1183.1,ttidmore@albertk12.org.1,TIMOTHY.2,TIDMORE.2,256-891-1183.2,ttidmore@albertk12.org.2,No.1,Yes.3,Yes.4,www.albertk12.org/apps/pages/index.jsp?uREC_ID=368921&type=d&termREC_ID=&pREC_ID=689254,Yes.5,No.2,Yes.6,Yes.7,Yes.8,Yes.9,No.3,No.4,Yes.10,No.5,1,6.1,127,0.1,Yes.11,-9,-9.1,-9.2,Yes.12,Yes.13,No.6,No.7,No.8
ME,MAINE,2300008,Fayette Public Schools,2023 Main Street,Fayette,4349,No,77,0,1,Yes,Yes,Yes,TARA,BLUE,207-685-4770,tara_blue@maranacook.com,TARA,BLUE,207-685-4770,tara_blue@maranacook.com,TARA,BLUE,207-685-4770,tara_blue@maranacook.com,No,Yes,Yes,maranacook.com/fayette,No,-9,Yes,Yes,No,No,No,No,Yes,Yes,0,0,8,1,Yes,-9,-9,-9,Yes,Yes,No,No,No
ME,MAINE,2300009,Long Island Public Schools,33 Fern Avenue,Long Island,4050,No,17,0,1,Yes,Yes,Yes,BARBARA,POWERS,207-766-4414,bspowers1951@gmail.com,BARBARA,POWERS,207-766-4414,bspowers1951@gmail.com,BARBARA,POWERS,207-766-4414,bspowers1951@gmail.com,No,Yes,Yes,www.townoflongisland.us,No,-9,Yes,No,No,Yes,No,No,Yes,No,0,0,1,0,Yes,-9,-9,-9,Yes,Yes,No,No,No
ME,MAINE,2300050,Arthur R. Gould Sch--LCYDC,675 Westbrook Street,South Portland,4106,No,49,0,1,Yes,Yes,Yes,PETER,HENNESSY,207-822-2662,peter.hennessy@maine.gov,PETER,HENNESSY,207-822-2662,peter.hennessy@maine.gov,PETER,HENNESSY,207-822-2662,peter.hennessy@maine.gov,No,Yes,No,-9,No,-9,No,-9,-9,-9,-9,-9,-9,-9,-9,-9,-9,-9,-9,-9,-9,-9,No,-9,-9,-9,-9
ME,MAINE,2300065,Cutler Public Schools,291 Court Street,Machias,4654,No,59,0,1,Yes,Yes,Yes,DARLENE,WHEELER,207-259-3347,dee04654@yahoo.com,DARLENE,WHEELER,207-259-3347,dee04654@yahoo.com,DARLENE,WHEELER,207-259-3347,dee04654@yahoo.com,No,Yes,No,-9,No,-9,Yes,Yes,No,No,No,No,No,No,0,0,8,0,Yes,-9,-9,-9,Yes,Yes,No,No,No
ME,MAINE,2300067,Machiasport Public Schools,291 Court Street,Machias,4654,No,51,51,1,Yes,Yes,Yes,SUE,ALMENDINGER,207-255-4575,s.almendinger.fob@gmail.com,SUE,ALMENDINGER,207-255-4575,s.almendinger.fob@gmail.com,SUE,ALMENDINGER,207-255-4575,s.almendinger.fob@gmail.com,No,Yes,No,-9,No,-9,Yes,Yes,No,No,No,No,Yes,No,0,0,6,0,Yes,-9,-9,-9,Yes,Yes,No,No,No
ME,MAINE,2300068,Whiting Public Schools,291 Court Street,Machias,4654,No,34,5,1,Yes,Yes,Yes,SCOTT,JOHNSON,(207)733-4617,sjohnsonwvs@msln.net,SCOTT,JOHNSON,(207)733-4617,sjohnsonwvs@msln.net,SCOTT,JOHNSON,(207)733-4617,sjohnsonwvs@msln.net,No,Yes,Yes,www.whitingvillage.org,Yes,No,Yes,Yes,No,No,No,No,No,Yes,0,0,5,0,Yes,-9,-9,-9,Yes,Yes,No,No,No
ME,MAINE,2302280,Alexander Public Schools,PO Box 190,Eastport,4631,No,43,0,1,Yes,Yes,Yes,TREVOR,FLOOD,207-454-2623,principal@alexanderelementary.org,TREVOR,FLOOD,207-454-2623,principal@alexanderelementary.org,BETH,CUSHING,207-853-2567,bcushing@shead.org,No,Yes,No,-9,No,-9,No,-9,-9,-9,-9,-9,-9,-9,-9,-9,-9,-9,-9,-9,-9,-9,Yes,Yes,No,No,No
ME,MAINE,2302500,Airline CSD,19 School Street,Orrington,4474,No,17,3,1,Yes,Yes,Yes,REBECCA,ENMAN,2078253364,r.enman@cdsedu.org,REBECCA,ENMAN,2078253364,r.enman@cdsedu.org,JAMES,STONETON,2078253364,j.stoneton@cdsedu.org,No,Yes,Yes,http://www.airlineschool.org/handbook,No,-9,Yes,Yes,No,No,No,No,Yes,No,0,0,4,0,Yes,-9,-9,-9,Yes,Yes,No,No,No
ME,MAINE,2302950,Beals Public Schools,127 Snare Creek Lane,Jonesport,4649,No,65,0,1,Yes,Yes,Yes,CHRIS,CROWLEY,207-497-5449,chris.crowley@union103.org,CHRIS,CROWLEY,207-497-5449,chris.crowley@union103.org,CHRIS,CROWLEY,207-497-5449,chris.crowley@union103.org,No,Yes,No,-9,No,-9,Yes,No,No,Yes,No,No,Yes,No,0,0,5,0,Yes,-9,-9,-9,Yes,Yes,No,No,No
ME,MAINE,2303610,Brooklin Public Schools,41 School Street,Brooklin,4616,No,73,0,1,Yes,Yes,Yes,KATHLEEN,GLENNON,2073489100,kglennon@su76.org,KATHLEEN,GLENNON,2073489100,kglennon@su76.org,KATHLEEN,GLENNON,2073489100,kglennon@su76.org,No,Yes,Yes,https://drive.google.com/drive/folders/0B_eF-X6-zfHManNseUxoQTU2Yms,No,-9,Yes,Yes,Yes,No,No,No,Yes,Yes,0,8,8,8,Yes,-9,-9,-9,Yes,Yes,No,No,No
ME,MAINE,2303640,Brooksville Public Schools,PO Box 630,Blue Hill,4614,No,64,0,1,Yes,Yes,Yes,MARK,HURVITT,2073749927,mhurvitt@schoolunion93.org,MARK,HURVITT,2073749927,mhurvitt@schoolunion93.org,KAREN,WATTS,2073749927,kwatts@schoolunion93.org,No,Yes,Yes,www.schoolunion93.org,No,-9,Yes,Yes,No,No,No,No,Yes,No,0,0,4,0,Yes,-9,-9,-9,Yes,Yes,No,No,No
ME,MAINE,2304080,Castine Public Schools,PO Box 630,Blue Hill,4614,No,44,0,1,Yes,Yes,Yes,MARK,HURVITT,(207)3749927,mhurvitt@schoolunion93.org,MARK,HURVITT,(207)3749927,mhurvitt@schoolunion93.org,KAREN,WATTS,(207)3749927,kwatts@schoolunion93.org,No,Yes,Yes,www.schoolunion93.org,No,-9,Yes,Yes,No,No,No,No,Yes,No,0,0,5,0,Yes,-9,-9,-9,Yes,Yes,No,No,No
ME,MAINE,2304110,Caswell Public Schools,1025 Van Buren Road,Caswell,4750,No,38,0,1,Yes,Yes,Yes,WILLIAM,DOBBINS,(207)325-4611,wdobbins@caswellme.org,WILLIAM,DOBBINS,(207)325-4611,wdobbins@caswellme.org,WILLIAM,DOBBINS,(207)325-4611,wdobbins@caswellme.org,No,Yes,Yes,caswellme.org,Yes,No,Yes,No,No,Yes,No,No,Yes,Yes,0,0,6,2,Yes,-9,-9,-9,Yes,Yes,No,No,No
ME,MAINE,2304160,Charlotte Public Schools,P O Box 190,Eastport,4631,No,38,15,1,Yes,Yes,Yes,PAUL,THERIAULT,(207)853-6254,ptheriault@shead.org,PAUL,THERIAULT,(207)853-6254,ptheriault@shead.org,BETH,CUSHING,(207)853-6251,bcushing@yahoo.com,No,Yes,No,-9,No,-9,Yes,No,No,Yes,No,No,Yes,Yes,0,0,2,2,Yes,-9,-9,-9,Yes,Yes,No,No,No
ME,MAINE,2304620,Cranberry Isles Public Schools,PO Box 60,Mount Desert,4660,No,10,0,1,Yes,Yes,Yes,JULIE,MELTZER,207-288-5040,JMELTZER@MDIRSS.ORG,JULIE,MELTZER,207-288-5040,JMELTZER@MDIRSS.ORG,MELISSA,BECKWITH,207-288-5040,MBECKWITH@MDIRSS.ORG,No,Yes,Yes,http://www.mdirss.org/school-boards/board-policies,No,-9,No,-9,-9,-9,-9,-9,-9,-9,-9,-9,-9,-9,-9,-9,-9,-9,No,-9,-9,-9,-9
ME,MAINE,2305380,East Range CSD,63 Broadway,Baileyville,4694,No,25,0,1,Yes,Yes,Yes,STEVE,KNOWLES,2074273325,knowles@su107.org,STEVE,KNOWLES,2074273325,knowles@su107.org,STEVE,KNOWLES,2074273325,knowles@su107.org,No,Yes,Yes,www.aos90.org,No,-9,No,-9,-9,-9,-9,-9,-9,-9,-9,-9,-9,-9,-9,-9,-9,-9,Yes,Yes,No,No,No
ME,MAINE,2305400,Edgecomb Public Schools,51 Emery Lane,Boothbay Harbor,4538,No,92,2,1,Yes,Yes,Yes,IRA,MICHAUD,2078825515,imichaud@aos98schools.oorg,IRA,MICHAUD,2078825515,imichaud@aos98schools.org,LISA,SMITH,2076335097,lsmith@aos98schools.org,No,Yes,No,-9,No,-9,Yes,Yes,No,No,No,Yes,Yes,No,0,1,14,0,Yes,-9,-9,-9,Yes,Yes,No,No,No
ME,MAINE,2305970,Georgetown Public Schools,51 Emery Lane,Boothbay Harbor,4538,No,60,2,1,Yes,Yes,Yes,CHRIS,BARIBEAU,2073712160,cbaribeau@aos98schools.org,CHRIS,BARIBEAU,2073712160,cbaribeau@aos98schools.org,LISA,SMITH,2076335097,lsmith@aos98schools.org,No,Yes,No,-9,No,-9,Yes,No,No,Yes,No,No,Yes,No,0,0,2,0,Yes,-9,-9,-9,Yes,Yes,No,No,No
ME,MAINE,2306330,Harmony Public Schools,PO Box 100,Harmony,4942,No,60,0,1,Yes,Yes,Yes,SANDRA,EMERSON,2079246000,semerson@aos94.org,SANDRA,EMERSON,2079246000,semerson@aos94.org,LUCY,MALLAR,2079246000,lmallar@aos94.org,No,Yes,No,-9,No,-9,Yes,No,No,Yes,No,No,Yes,Yes,0,0,2,0,Yes,-9,-9,-9,Yes,Yes,No,No,No
ME,MAINE,2306780,Isle Au Haut Public Schools,251 N Deer Isle Road,Deer Isle,4627,No,6,4,1,Yes,Yes,Yes,KATHLEEN,GLENNON,2073489100,kglennon@su76.org,KATHLEEN,GLENNON,2073489100,kglennon@su76.org,KATHLEEN,GLENNON,2073489100,kglennon@su76.org,Yes,Yes,Yes,http://www.isleauhautmaine.us/wp-content/uploads/2015/05/IAH-School-Board-Policies.pdf,No,-9,No,-9,-9,-9,-9,-9,-9,-9,-9,-9,-9,-9,-9,-9,-9,-9,Yes,Yes,No,No,No
ME,MAINE,2306810,Islesboro Public Schools,PO Box 118,Islesboro,4848,No,91,0,1,Yes,Yes,Yes,HEATHER,KNIGHT,2077342251,hknight@islesboro.k12.me.us,HEATHER,KNIGHT,2077342251,hknight@islesboro.k12.me.us,HEATHER,KNIGHT,2077342251,hknight@islesboro.k12.me.us,No,Yes,Yes,https://docs.google.com/viewer?a=v&pid=sites&srcid=aXNsZXNib3JvLmsxMi5tZS51c3xpc2xlc2Jvcm8tY2VudHJhbC1zY2hvb2x8Z3g6NDBlMTdjYjJlNjEzNDExOA,No,-9,No,-9,-9,-9,-9,-9,-9,-9,-9,-9,-9,-9,-9,-9,-9,-9,Yes,Yes,No,No,No
ME,MAINE,2306900,Jonesboro Public Schools,291 Court Street,Machias,4654,No,60,0,1,Yes,Yes,Yes,MITCHELL,LOOK,2072556585,mlook@aos96.org,MITCHELL,LOOK,2072556585,mlook@aos96.org,MITCHELL,LOOK,2072556585,mlook@aos96.org,No,Yes,Yes,www.aos96.org,No,-9,Yes,Yes,No,No,No,No,Yes,Yes,0,0,6,0,Yes,-9,-9,-9,Yes,Yes,No,No,No
ME,MAINE,2307100,Jonesport Public Schools,127 Snare Creek Lane,Jonesport,4649,No,121,0,3,Yes,Yes,Yes,CORRIE,HUNKLER,(207) 497-2830,corrie.hunkler@union103.org,CORRIE,HUNKLER,(207) 497-2830,corrie.hunkler@union103.org,STEVE,PEER,(207) 497-2830,steve.peer@union103.org,No,Yes,No,-9,Yes,No,Yes,Yes,No,No,No,No,Yes,Yes,0,0,4,3,Yes,-9,-9,-9,Yes,Yes,No,No,No
ME,MAINE,2307250,Lamoine Public Schools,66 Main St.  Suite 201,Ellsworth,4605,No,121,0,1,Yes,Yes,Yes,DAWN,MCPHAIL,2076678578,dmcphail@lamoineconsolidated.org,DAWN,MCPHAIL,2076678578,dmcphail@lamoineconsolidated.org,DAWN,MCPHAIL,2076678578,dmcphail@lamoineconsolidated.org,No,Yes,Yes,http://www.lamoineconsolidated.org/school-board/policies,No,-9,No,-9,-9,-9,-9,-9,-9,-9,-9,-9,-9,-9,-9,-9,-9,-9,Yes,Yes,No,No,No
ME,MAINE,2307590,Frenchboro Public Schools,PO Box 60,Mount Desert,4660,No,3,0,1,Yes,Yes,Yes,JULIE,MELTZER,207-288-5049,jmeltzer@mdirss.org,JULIE,MELTZER,207-288-5049,jmeltzer@mdirss.org,MELISSA,BECKWITH,207-288-5049,MBECKWITH@MDIRSS.ORG,No,Yes,Yes,http://www.mdirss.org/school-boards/board-policies,No,-9,No,-9,-9,-9,-9,-9,-9,-9,-9,-9,-9,-9,-9,-9,-9,-9,Yes,Yes,No,No,No
ME,MAINE,2308160,Medway Public Schools,25 Middle School Drive,Medway,4460,No,113,108,1,Yes,Yes,Yes,WILLIAM,ADAMS,2077463470,wadams@emmm.org,WILLIAM,ADAMS,2077463470,wadams@emmm.org,WILLIAM,ADAMS,2077463470,wadams@emmm.org,No,Yes,Yes,www.medwayms.org,No,-9,Yes,No,No,Yes,No,Yes,Yes,Yes,0,0,4,0,Yes,-9,-9,-9,Yes,Yes,No,No,No
ME,MAINE,2308340,Monhegan Plt School Dept,8 Mystery Lane,Richmond,4357,No,6,0,1,Yes,Yes,Yes,MELANIE,CHASSE,207-357-8939,melchasse@gmail.com,MELANIE,CHASSE,207-357-8939,melchasse@gmail.com,MELANIE,CHASSE,207-357-8939,melchasse@gmail.com,No,Yes,Yes,www.monheganschool.org,No,-9,No,-9,-9,-9,-9,-9,-9,-9,-9,-9,-9,-9,-9,-9,-9,-9,Yes,Yes,No,No,No
ME,MAINE,2308400,Moosabec CSD,127 Snare Creek Lane,Jonesport,4649,No,78,0,1,Yes,Yes,Yes,DENIS,HOWARD,207-497-2154,Denis.Howard@union103.org,DENIS,HOWARD,207-497-2154,Denis.howard@union103.org,DENIS,HOWARD,207-497-2154,Denis.howard@union103.org,No,Yes,Yes,jonesportbealshs.org,No,-9,No,-9,-9,-9,-9,-9,-9,-9,-9,-9,-9,-9,-9,-9,-9,-9,No,-9,-9,-9,-9
ME,MAINE,2309390,Otis Public Schools,105 Otis Road,Otis,4605,No,99,0,1,Yes,No,Yes,NICHOLE,POTHIER,2075372203,npothier@beechhillschool.org,-9,-9,-9,-9,BRUCE,BRETTSCHNEIDER,2075372203,BBRETTSCHNEIDER@BEECHHILLSCHOOL.ORG,No,Yes,Yes,https://www.beechhillschool.org/otis-school-committee/school-policies,No,-9,Yes,No,No,Yes,No,No,Yes,Yes,0,0,7,0,Yes,-9,-9,-9,Yes,Yes,No,No,No
ME,MAINE,2309560,Pembroke Public Schools,P O Box 190,Eastport,4631,No,80,0,1,Yes,Yes,Yes,PAUL,THERIAULT,(207)853-6254,ptheriault@shead.org,PAUL,THERIAULT,(207)853-6254,ptheriault@shead.org,BETH,CUSHING,(207)853-6251,bcushing@yahoo.com,No,Yes,No,-9,No,-9,Yes,No,No,Yes,No,No,No,No,0,0,0,0,Yes,-9,-9,-9,Yes,Yes,No,No,No
ME,MAINE,2309630,Penobscot Public Schools,PO Box 630,Blue Hill,4614,No,79,0,1,Yes,Yes,Yes,MARK,HURVITT,(207)374-9927,mhurvitt@schoolunion93.org,MARK,HURVITT,(207)374-9927,mhurvitt@schoolunion93.org,KAREN,WATTS,(207)374-9927,kwatts@schoolunio93.org,No,Yes,Yes,www.schoolunion93.org,No,-9,Yes,Yes,No,No,No,No,Yes,No,0,0,4,0,Yes,-9,-9,-9,Yes,Yes,No,No,No
ME,MAINE,2309650,Perry Public Schools,P O Box 190,Eastport,4631,No,119,39,1,Yes,Yes,Yes,PAUL,THERIAULT,(207)853-6254,ptheriault@shead.org,PAUL,THERIAULT,(207)853-6254,ptheriault@shead.org,BETH,CUSHING,(207)853-6251,bcushing@shead.org,No,Yes,No,-9,No,-9,Yes,No,No,Yes,No,No,Yes,Yes,0,0,7,7,Yes,-9,-9,-9,Yes,Yes,No,No,No
ME,MAINE,2310830,RSU 85/MSAD 19,P O Box 190,Eastport,4631,No,69,2,1,Yes,Yes,Yes,LOVINA,WORMELL,(207)733-5561,TWORMELL@LUBECSCHOOL.COM,LOVINA,WORMELL,(207)733-5561,TWORMELL@LUBECSCHOOL.COM,LOVINA,WORMELL,(207)733-5561,TWORMELL@LUBECSCHOOL.COM,No,Yes,No,-9,No,-9,Yes,Yes,No,No,No,No,Yes,Yes,0,0,7,7,Yes,-9,-9,-9,Yes,Yes,No,No,No
ME,MAINE,2311220,RSU 30/MSAD 30,31 Winn Road,Lee,4455,No,73,40,2,Yes,Yes,Yes,THOMAS,VICAIRE,2077382866,tvacaire@msad30.org,THOMAS,VICAIRE,2077382866,tvicarie@msad30.org,CHRISTINE,BARTLETT,2077382665,cbartlett@msad30.org,No,Yes,Yes,aos90.org,Yes,No,Yes,Yes,No,No,No,No,Yes,Yes,0,0,9,15,Yes,-9,-9,-9,Yes,Yes,No,No,No
ME,MAINE,2311820,RSU 07/MSAD 07,93 Pulpit Harbor Road,North Haven,4853,No,64,0,1,Yes,Yes,Yes,BOB,ENGLAND,2078674707,bengland@nhcshawks.org,BOB,ENGLAND,2078674707,bengland@nhcshawks.org,BOB,ENGLAND,2078674707,bengland@nhcshawks.org,No,Yes,Yes,https://drive.google.com/drive/folders/1sF4RxEkBmNV48oyJvg8Ro2BceR1l9XX-,No,-9,No,-9,-9,-9,-9,-9,-9,-9,-9,-9,-9,-9,-9,-9,-9,-9,Yes,Yes,No,No,No
ME,MAINE,2311910,MSAD 76,PO Box 60,Mount Desert,4660,No,34,0,1,Yes,Yes,Yes,JULIE,MELTZER,207-288-5049,jmeltzer@mdirss.org,JULIE,MELTZER,207-288-5049,jmeltzer@mdirss.org,MELISSA,BECKWITH,207-288-5049,mbeckwith@mdirss.org,No,Yes,Yes,http://www.mdirss.org/school-boards/board-policies,No,-9,No,-9,-9,-9,-9,-9,-9,-9,-9,-9,-9,-9,-9,-9,-9,-9,Yes,Yes,No,No,No
ME,MAINE,2312100,Education in Unorganized Terr,23 State House Sta--DOE,Augusta,4333,No,103,0,3,Yes,Yes,Yes,SHELLEY,LANE,2075922452,Shelley.b.lane@maine.gov,SHELLEY,LANE,2075922454,Shelley.b.lane@maien.gov,SHELLEY,LANE,2075922452,"Shelley.,b.lane@maine.gov",No,Yes,No,-9,No,-9,No,-9,-9,-9,-9,-9,-9,-9,-9,-9,-9,-9,-9,-9,-9,-9,Yes,Yes,No,Yes,No
ME,MAINE,2312140,Sedgwick Public Schools,272 Snow's Cove Rd.,Sedgwick,4676,No,105,1,1,Yes,Yes,Yes,KATHLEEN,GLENNON,2073489100,kglennon@su76.org,KATHLEEN,GLENNON,2073489100,kglennon@su76.org,KATHLEEN,GLENNON,2073489100,kglennon@su76.org,Yes,Yes,Yes,https://drive.google.com/drive/folders/0B_eF-X6-zfHMd1o3c3h0SUktVFE,No,-9,Yes,Yes,Yes,Yes,Yes,No,Yes,Yes,0,0,12,7,Yes,-9,-9,-9,No,-9,-9,-9,-9
ME,MAINE,2312300,South Bristol Public Schools,2024 State Route 129,South Bristol,4568,No,65,0,1,Yes,Yes,Yes,SUE,FOSSETT,207-563-3044,sfossett@aos93.org,SUE,FOSSETT,207-563-3044,sfossett@aos93.org,SUE,FOSSETT,207-563-3044,sfossett@aos93.org,No,Yes,Yes,https://docs.google.com/document/d/1A8jLvOOfaxKNzx3d9koZPHm-HTrzkQa-e_DsYCUt3Ec/edit,No,-9,No,-9,-9,-9,-9,-9,-9,-9,-9,-9,-9,-9,-9,-9,-9,-9,Yes,Yes,No,No,No
ME,MAINE,2312360,Southport Public Schools,51 Emery Lane,Boothbay Harbor,4538,No,28,1,1,Yes,Yes,Yes,LISA,CLARKE,2076333132,lclarke@aos98schools.org,LISA,CLARKE,2076333132,lclarke@aos98schools.org,LISA,SMITH,2076335097,lsmith@aos98schools.org,No,Yes,No,-9,No,-9,Yes,No,No,Yes,No,Yes,Yes,Yes,0,0,0,0,Yes,-9,-9,-9,Yes,Yes,No,No,No
ME,MAINE,2312750,Surry Public Schools,PO Box 630,Blue Hill,4614,No,127,0,1,Yes,Yes,Yes,MARK,HURVITT,(207)3749927,mhurvitt@schoolunion93.org,MARK,HURVITT,(207)374-9927,mhurvitt@schoolunion93.org,MARK,HURVITT,(207)374-9927,mhurvitt@schoolunion93.org,No,Yes,Yes,https://drive.google.com/file/d/1RsFV21n7A6TMzDAc3h30bsvr-DfUWoCG/view,No,-9,Yes,Yes,No,No,No,No,Yes,No,0,0,12,0,Yes,-9,-9,-9,Yes,Yes,No,No,No
ME,MAINE,2312960,Tremont Public Schools,PO Box 60,Mount Desert,4660,No,125,0,1,Yes,Yes,Yes,JULIE,MELTZER,207-288-5040,jmeltzer@mdirss.org,JULIE,MELTZER,207-288-5040,jmeltzer@mdirss.org,MELISSA,BECKWITH,207-288-5040,mbeckwith@mdirss.org,No,Yes,Yes,http://www.mdirss.org/school-boards/board-policies,No,-9,No,-9,-9,-9,-9,-9,-9,-9,-9,-9,-9,-9,-9,-9,-9,-9,Yes,Yes,No,No,No
ME,MAINE,2312980,Trenton Public Schools,PO Box 60,Mount Desert,4660,No,120,0,1,Yes,Yes,Yes,JULIE,MELTZER,207-288-5049,jmeltzer@mdirss.org,JULIE,MELTZER,207-288-5049,jmeltzer@mdirss.org,MELISSA,BECKWITH,207-288-5049,mbeckwith@mdirss.org,No,Yes,Yes,http://www.mdirss.org/school-boards/board-policies,No,-9,No,-9,-9,-9,-9,-9,-9,-9,-9,-9,-9,-9,-9,-9,-9,-9,Yes,Yes,No,No,No
ME,MAINE,2313500,Wesley Public Schools,291 Court Street,Machias,4654,No,7,0,1,Yes,Yes,Yes,MITCHELL,LOOK,2072556585,mlook@aos96.org,MITCHELL,LOOK,2072556585,mlook@aos96.org,MITCHELL,LOOK,2072556585,mlook@aos96.org,No,Yes,Yes,http://www.aos96.org/staff.htm,No,-9,No,-9,-9,-9,-9,-9,-9,-9,-9,-9,-9,-9,-9,-9,-9,-9,No,-9,-9,-9,-9
ME,MAINE,2314410,RSU 65/MSAD 65,PO Box 194,Matinicus,4851,No,2,0,1,Yes,Yes,Yes,LEWIS,COLLINS,2079318780,lewcol@gmail.com,LEWIS,COLLINS,2079318780,lewcol@gmail.com,LEWIS,COLLINS,2079318780,lewcol@gmail.com,No,Yes,No,-9,No,-9,No,-9,-9,-9,-9,-9,-9,-9,-9,-9,-9,-9,-9,-9,-9,-9,Yes,Yes,No,No,No
ME,MAINE,2314771,Chebeague Island Public Schools,14 School House Road,Chebeague Island,4017,No,28,1,1,Yes,Yes,Yes,MICHAEL,PULSIFER,207-846-4162,mpulsifer@chebeague.net,MICHAEL,PULSIFER,207-846-4162,mpulsifer@chebeague.net,MICHAEL,PULSIFER,207-846-4162,mpulsifer@chebeaue.net,No,Yes,Yes,www.chebeagueislandschool.net,No,-9,Yes,No,No,Yes,No,No,Yes,Yes,0,0,3,3,Yes,-9,-9,-9,Yes,Yes,No,No,No
ME,MAINE,2314817,Athens Public Schools,8 Fox Hill Road,Athens,4912,No,126,0,1,Yes,Yes,Yes,SANDRA,EMERSON,2079246000,semerson@aos94.org,SANDRA,EMERSON,2079246000,semerson@aos94.org,LUCY,MALLAR,2079246000,lmallar@aos94.org,No,Yes,Yes,www.aos94.org,No,-9,Yes,Yes,No,Yes,No,No,Yes,Yes,0,0,10,18,Yes,-9,-9,-9,Yes,Yes,No,No,No
ME,MAINE,2314818,Eustis Public Schools,65 School Street,Stratton,4982,No,84,0,1,Yes,No,Yes,BARRY,LONDON,(207)246-2283,blondon@strattonschool.org,-9,-9,-9,-9,CHRISTINE,CARNAHAN,(207)246-2283,ccarnahan@strattonschool.org,No,Yes,No,-9,No,-9,No,-9,-9,-9,-9,-9,-9,-9,-9,-9,-9,-9,-9,-9,-9,-9,Yes,Yes,No,No,No
ME,MAINE,2314823,Andover Public Schools,P.O. BOX 70,Andover,4216,No,26,0,1,Yes,Yes,Yes,ALTON,HADLEY,(207)392-4381,ahadley1@andoverschoolmaine.org,ALTON,HADLEY,(207)392-4381,ahadley1@andoverschoolmaine.org,ALTON,HADLEY,(207)392-4381,ahadley1@andoverschoolmaine.org,No,Yes,No,-9,No,-9,Yes,No,No,Yes,No,No,Yes,Yes,0,0,1,0,Yes,-9,-9,-9,Yes,Yes,No,No,No
ME,MAINE,2314824,Northport Public Schools,56 Bayside Rd,Northport,4849,No,126,0,1,Yes,Yes,Yes,TODD,MARTIN,(207) 338-3830,tmartin@drinkwaterschool.org,TODD,MARTIN,(207) 338-3430,tmartin@drinkwaterschool.org,TODD,MARTIN,(207) 338-3430,tmartin@drinkwaterschool.org,No,Yes,Yes,https://drive.google.com/a/drinkwaterschool.org/file/d/0B0ee6TBF1EYPb3czSTVyUDE4d1E/view?usp=drive_web,No,-9,No,-9,-9,-9,-9,-9,-9,-9,-9,-9,-9,-9,-9,-9,-9,-9,Yes,Yes,No,No,No
