State Postal Code,State FIPS Code,District ID,Name,Estimated Total Population,Estimated Population 5-17,Estimated number of relevant children 5 to 17 years old in poverty who are related to the householder
ME,23,2220,Acton,2535,370,26
ME,23,2500,Airline Community School District,505,64,6
ME,23,2280,Alexander,482,56,12
ME,23,14823,Andover Public Schools,817,86,12
ME,23,2510,Appleton,1318,148,22
ME,23,82001,Aroostook Unorganized Territory,1603,151,30
ME,23,14817,Athens,988,154,27
ME,23,2610,Auburn,23045,3603,502
ME,23,2640,Augusta,19087,2282,463
ME,23,2730,Baileyville,1464,219,56
ME,23,2820,Bangor,32601,3763,762
ME,23,2850,Bar Harbor,5243,457,26
ME,23,2880,Baring Plantation,241,40,7
ME,23,2950,Beals,488,29,5
ME,23,2960,Beaver Cove,117,9,2
ME,23,2980,Beddington,48,3,1
ME,23,3150,Biddeford,22037,2631,355
ME,23,3210,Blue Hill,2690,356,35
ME,23,3290,Boothbay-Boothbay Harbor Community School District,5247,552,95
ME,23,3390,Bowerbank,111,7,1
ME,23,3480,Bremen,800,37,3
ME,23,3510,Brewer,9363,1310,146
ME,23,4,Bridgewater,574,86,11
ME,23,14811,Brighton Plantation,68,4,2
ME,23,3600,Bristol,2735,297,24
ME,23,3610,Brooklin,825,112,17
ME,23,3640,Brooksville,936,103,14
ME,23,3780,Brunswick,21058,2699,210
ME,23,14834,Burlington Public Schools,360,46,13
ME,23,14835,Byron Public Schools,144,26,3
ME,23,3870,Calais,3003,413,92
ME,23,3930,Cape Elizabeth,9359,1734,60
ME,23,61,Caratunk,67,3,1
ME,23,3980,Carrabassett Valley,758,98,7
ME,23,3990,Carroll Plantation,151,23,5
ME,23,14830,Cary Plantation Public Schools,205,17,6
ME,23,4080,Castine,1368,80,11
ME,23,4110,Caswell,286,43,13
ME,23,4160,Charlotte,319,52,7
ME,23,14771,Chebeague Island,351,37,2
ME,23,14814,Cherryfield,1185,149,37
ME,23,4440,Cooper,148,17,5
ME,23,4500,Coplin Plantation,162,19,2
ME,23,4620,Cranberry Isles,141,19,7
ME,23,4650,Crawford,97,13,3
ME,23,65,Cutler,488,73,14
ME,23,4830,Damariscotta,2202,101,6
ME,23,4860,Dayton Public Schools,2029,371,14
ME,23,4880,Deblois,55,7,2
ME,23,4890,Dedham,1684,221,28
ME,23,4895,Deer Isle-Stonington Community School District,3023,348,59
ME,23,4897,Dennistown Plantation,32,3,1
ME,23,4900,Dennysville,329,53,7
ME,23,5160,Drew Plantation,39,6,1
ME,23,62,East Machias,1313,201,50
ME,23,5280,East Millinocket,1698,257,49
ME,23,5380,East Range Community School District,251,41,12
ME,23,5310,Easton,1211,185,19
ME,23,5360,Eastport,1280,134,34
ME,23,5400,Edgecomb,1240,196,36
ME,23,5500,Ellsworth Public Schools,7754,1150,146
ME,23,14818,Eustis,602,60,7
ME,23,5670,Falmouth,11610,2212,66
ME,23,8,Fayette,1137,149,12
ME,23,53,Five Town Community School District,13269,669,45
ME,23,82003,Franklin Unorganized Territory,1000,141,39
ME,23,7590,Frenchboro,61,14,2
ME,23,5970,Georgetown,1045,126,20
ME,23,5980,Gilead,211,22,3
ME,23,6000,Glenburn,4544,713,65
ME,23,6030,Glenwood Plantation,3,0,0
ME,23,6060,Gorham,17000,2727,158
ME,23,5,Grand Isle,440,53,11
ME,23,6150,Great Lake Stream Plantation,105,7,1
ME,23,6160,Great Salt Bay Community School District,4742,372,46
ME,23,6180,Greenbush,1472,235,30
ME,23,6250,Greenville,1574,167,29
ME,23,6260,Hancock Public Schools,2397,319,56
ME,23,82011,Hancock Unorganized Territory,211,33,10
ME,23,6330,Harmony,910,128,19
ME,23,6510,Hermon,5347,893,70
ME,23,6600,Highland Plantation,71,12,2
ME,23,6610,Hope,1540,175,48
ME,23,1,Indian Island,602,116,31
ME,23,2,Indian Township,690,158,64
ME,23,6780,Isle au Haut,73,9,1
ME,23,6810,Islesboro,581,70,8
ME,23,6870,Jefferson,2408,315,39
ME,23,6900,Jonesboro,561,81,25
ME,23,7100,Jonesport,1317,118,25
ME,23,82005,Kennebec Unorganized Territory,43,6,2
ME,23,7110,Kingsbury Plantation,27,0,0
ME,23,7140,Kittery,9834,1030,62
ME,23,82007,Knox Unorganized Territory,1,0,0
ME,23,59,Lake View Plantation,85,6,1
ME,23,7200,Lakeville,104,9,2
ME,23,7250,Lamoine Public Schools,1604,209,25
ME,23,7320,Lewiston,36573,5332,1097
ME,23,7440,Lincoln Plantation,45,2,0
ME,23,82006,Lincoln Unorganized Territory,1,0,0
ME,23,7450,Lincolnville,2222,201,23
ME,23,7530,Lisbon,9012,1464,152
ME,23,9,Long Island,239,33,3
ME,23,82013,Louds Island Unorganized Territory,0,0,0
ME,23,63,Lowell,351,37,6
ME,23,7710,Machias,2132,230,80
ME,23,67,Machiasport,1076,138,26
ME,23,7770,Macwahoc Plantation,76,7,1
ME,23,7800,Madawaska,3798,458,52
ME,23,7980,Marshfield,505,87,29
ME,23,8135,Meddybemps,151,17,6
ME,23,8140,Medford,243,24,6
ME,23,8160,Medway,1335,194,45
ME,23,8250,Milford,3033,402,73
ME,23,8280,Millinocket,4448,504,99
ME,23,8340,Monhegan Plantation,69,6,1
ME,23,8400,Moosabec Community School District,1806,81,15
ME,23,8490,Mount Desert,2059,156,7
ME,23,8500,Mount Desert Community School District,10639,438,29
ME,23,8580,Nashville Plantation,43,6,1
ME,23,8700,New Sweden,567,73,14
ME,23,8760,Newcastle,1739,76,3
ME,23,8940,Nobleboro,1631,207,20
ME,23,9090,Northfield,142,16,3
ME,23,14824,Northport Public Schools,1559,207,18
ME,23,9240,Orient,138,18,7
ME,23,9330,Orrington,3682,593,45
ME,23,9390,Otis,671,81,13
ME,23,82002,Oxford Unorganized Territory,745,100,14
ME,23,9560,Pembroke,808,115,26
ME,23,9630,Penobscot,1265,127,12
ME,23,82010,Penobscot Unorganized Territory,1461,173,21
ME,23,9650,Perry,855,141,32
ME,23,82009,Piscataquis Unorganized Territory,743,60,12
ME,23,3,Pleasant Point,720,147,59
ME,23,9810,Pleasant Ridge Plantation,90,12,2
ME,23,9930,Portland,68736,7225,1036
ME,23,9990,Princeton,800,109,30
ME,23,10140,Reed Plantation,148,13,2
ME,23,14772,Regional School Unit 01,14271,1943,287
ME,23,14776,Regional School Unit 02,14497,2119,209
ME,23,14783,Regional School Unit 04,10098,1598,149
ME,23,14789,Regional School Unit 05,13557,2106,131
ME,23,14795,Regional School Unit 10,13169,1720,388
ME,23,14780,Regional School Unit 12,11096,1617,226
ME,23,14787,Regional School Unit 13,14773,1887,286
ME,23,14793,Regional School Unit 14,22259,3395,226
ME,23,14775,Regional School Unit 16,11005,1860,154
ME,23,14779,Regional School Unit 18,18923,3134,286
ME,23,14785,Regional School Unit 19,14765,2234,362
ME,23,14791,Regional School Unit 20,4323,560,90
ME,23,14773,Regional School Unit 21,18947,2761,135
ME,23,10950,Regional School Unit 22,13709,2280,175
ME,23,14784,Regional School Unit 23,8921,830,107
ME,23,14790,Regional School Unit 24,7631,1010,258
ME,23,14796,Regional School Unit 25,8423,1153,161
ME,23,14778,Regional School Unit 26,10226,622,88
ME,23,14782,Regional School Unit 34,10096,1265,205
ME,23,14788,Regional School Unit 38,7971,1276,92
ME,23,14794,Regional School Unit 39,10124,1483,253
ME,23,14806,Regional School Unit 50,5111,716,119
ME,23,14833,Regional School Unit 56,5593,826,192
ME,23,14822,Regional School Unit 71,11572,1687,242
ME,23,14805,Regional School Unit 73,10004,1604,228
ME,23,14803,Regional School Unit 78,1802,212,14
ME,23,10190,Robbinston,552,95,19
ME,23,10320,Roque Bluffs,295,37,5
ME,23,10380,Saco Public Schools,19163,2860,230
ME,23,82004,Sagadahoc Unorganized Territory,0,0,0
ME,23,10500,Sanford,21535,3067,542
ME,23,10530,Scarborough,19637,3337,159
ME,23,10560,School Administration District 10,225,19,4
ME,23,10860,School Administrative District 01,12314,1614,279
ME,23,11520,School Administrative District 03,11062,1558,353
ME,23,11730,School Administrative District 04,4926,607,135
ME,23,11790,School Administrative District 06,26863,4021,333
ME,23,11820,School Administrative District 07,355,46,2
ME,23,11850,School Administrative District 08,1173,171,11
ME,23,11880,School Administrative District 09,17402,2246,408
ME,23,10590,School Administrative District 11,13678,2028,226
ME,23,10620,School Administrative District 12,1047,142,23
ME,23,10650,School Administrative District 13,1388,176,43
ME,23,10680,School Administrative District 14,781,102,20
ME,23,10710,School Administrative District 15,13817,2021,173
ME,23,10770,School Administrative District 17,23552,3366,563
ME,23,10830,School Administrative District 19,1307,135,44
ME,23,10890,School Administrative District 20,3291,502,77
ME,23,10980,School Administrative District 23,5580,900,97
ME,23,11010,School Administrative District 24,2347,245,62
ME,23,11100,School Administrative District 27,6197,800,83
ME,23,11130,School Administrative District 28,8189,775,137
ME,23,11160,School Administrative District 29,7623,1124,226
ME,23,11220,School Administrative District 30,1804,267,55
ME,23,11250,School Administrative District 31,3408,477,69
ME,23,11280,School Administrative District 32,1904,231,25
ME,23,11310,School Administrative District 33,1726,230,29
ME,23,11370,School Administrative District 35,13907,2375,97
ME,23,11430,School Administrative District 37,4490,604,114
ME,23,11550,School Administrative District 40,14741,1994,251
ME,23,11580,School Administrative District 41,4441,628,159
ME,23,11610,School Administrative District 42,2089,266,21
ME,23,11670,School Administrative District 44,5003,715,120
ME,23,11700,School Administrative District 45,2218,317,34
ME,23,14530,School Administrative District 46,6483,989,196
ME,23,14330,School Administrative District 49,14764,2322,391
ME,23,14240,School Administrative District 51,11193,2182,68
ME,23,14160,School Administrative District 52,12404,2202,148
ME,23,14610,School Administrative District 53,6109,997,192
ME,23,14590,School Administrative District 54,16714,2505,427
ME,23,14190,School Administrative District 55,8099,1234,197
ME,23,14670,School Administrative District 57,22938,3578,275
ME,23,14300,School Administrative District 58,3605,546,70
ME,23,14560,School Administrative District 59,5318,771,127
ME,23,14700,School Administrative District 60,18492,2999,202
ME,23,14210,School Administrative District 61,15107,2047,206
ME,23,14470,School Administrative District 63,6145,930,71
ME,23,14440,School Administrative District 64,8144,1309,161
ME,23,14410,School Administrative District 65,74,9,1
ME,23,14760,School Administrative District 67,6231,956,172
ME,23,14761,School Administrative District 68,6684,995,162
ME,23,14762,School Administrative District 70,3357,466,54
ME,23,14765,School Administrative District 72,8290,1255,165
ME,23,14767,School Administrative District 74,5066,681,125
ME,23,14768,School Administrative District 75,19694,2733,270
ME,23,11910,School Administrative District 76,331,49,11
ME,23,57,Seboeis Plantation,35,1,0
ME,23,12140,Sedgwick,1198,182,23
ME,23,12180,Shirley,223,20,6
ME,23,82008,Somerset Unorganized Territory,811,85,13
ME,23,12300,South Bristol,888,93,8
ME,23,12330,South Portland,25965,3360,415
ME,23,12360,Southport,602,55,11
ME,23,12390,Southwest Harbor,1772,152,8
ME,23,14820,St. George Public Schools,2592,316,23
ME,23,12750,Surry,1468,172,28
ME,23,12810,Talmadge,62,9,2
ME,23,52,The Forks Plantation,36,2,1
ME,23,12960,Tremont,1566,127,8
ME,23,12980,Trenton,1485,176,22
ME,23,13070,Upton,112,9,2
ME,23,13080,Vanceboro,135,21,4
ME,23,13110,Vassalboro,4332,683,80
ME,23,13140,Veazie,1894,265,57
ME,23,13200,Waite,97,13,3
ME,23,82012,Washington Unorganized Territory,1178,162,37
ME,23,13350,Waterville,15680,1809,352
ME,23,13490,Wells-Ogunquit Community School District,10863,1354,69
ME,23,13500,Wesley,94,6,3
ME,23,13530,West Bath Public Schools,1883,250,27
ME,23,58,West Forks Plantation,58,2,0
ME,23,13560,Westbrook,18188,2380,381
ME,23,13590,Westmanland,58,6,1
ME,23,68,Whiting,470,78,11
ME,23,13710,Whitneyville,208,21,11
ME,23,13740,Willimantic,143,16,4
ME,23,13860,Winslow,7780,1239,183
ME,23,14825,Winterville Plantation Public Schools,211,25,2
ME,23,13970,Winthrop,6076,854,87
ME,23,13980,Wiscasset Public Schools,3705,472,72
ME,23,14010,Woodland,1142,153,32
ME,23,14040,Woodville,245,43,7
ME,23,14100,Yarmouth,8671,1444,58
ME,23,14130,York,12965,1898,70
