AL,ALABAMA,100005,Albertville City,107 W Main St,Albertville,35950,No,5445,0,6,Yes,Yes.1,Yes.2,TIMOTHY,TIDMORE,256-891-1183,ttidmore@albertk12.org,TIMOTHY.1,TIDMORE.1,256-891-1183.1,ttidmore@albertk12.org.1,TIMOTHY.2,TIDMORE.2,256-891-1183.2,ttidmore@albertk12.org.2,No.1,Yes.3,Yes.4,www.albertk12.org/apps/pages/index.jsp?uREC_ID=368921&type=d&termREC_ID=&pREC_ID=689254,Yes.5,No.2,Yes.6,Yes.7,Yes.8,Yes.9,No.3,No.4,Yes.10,No.5,1,6.1,127,0.1,Yes.11,-9,-9.1,-9.2,Yes.12,Yes.13,No.6,No.7,No.8
ME,MAINE,2300008,Fayette Public Schools,2023 Main Street,Fayette,4349,No,77,0,1,Yes,Yes,Yes,TARA,BLUE,207-685-4770,tara_blue@maranacook.com,TARA,BLUE,207-685-4770,tara_blue@maranacook.com,TARA,BLUE,207-685-4770,tara_blue@maranacook.com,No,Yes,Yes,maranacook.com/fayette,No,-9,Yes,Yes,No,No,No,No,Yes,Yes,0,0,8,1,Yes,-9,-9,-9,Yes,Yes,No,No,No
ME,MAINE,2300009,Long Island Public Schools,33 Fern Avenue,Long Island,4050,No,17,0,1,Yes,Yes,Yes,BARBARA,POWERS,207-766-4414,bspowers1951@gmail.com,BARBARA,POWERS,207-766-4414,bspowers1951@gmail.com,BARBARA,POWERS,207-766-4414,bspowers1951@gmail.com,No,Yes,Yes,www.townoflongisland.us,No,-9,Yes,No,No,Yes,No,No,Yes,No,0,0,1,0,Yes,-9,-9,-9,Yes,Yes,No,No,No
ME,MAINE,2300049,ME Sch of Science & Mathematics,95 High Street,Limestone,4750,No,153,0,1,Yes,Yes,Yes,LUKE,SHORTY,207-325-3605,SHORTYL@MSSM.ORG,LUKE,SHORTY,207-325-3605,SHORTYL@MSSM.ORG,NORMA,O'KEEFE,207-325-3600,OKEEFEN@MSSM.ORG,No,Yes,Yes,https://www.mssm.org/about/board-of-trustees/implemented-policies,No,-9,No,-9,-9,-9,-9,-9,-9,-9,-9,-9,-9,-9,-9,-9,-9,-9,No,-9,-9,-9,-9
ME,MAINE,2300050,Arthur R. Gould Sch--LCYDC,675 Westbrook Street,South Portland,4106,No,49,0,1,Yes,Yes,Yes,PETER,HENNESSY,207-822-2662,peter.hennessy@maine.gov,PETER,HENNESSY,207-822-2662,peter.hennessy@maine.gov,PETER,HENNESSY,207-822-2662,peter.hennessy@maine.gov,No,Yes,No,-9,No,-9,No,-9,-9,-9,-9,-9,-9,-9,-9,-9,-9,-9,-9,-9,-9,-9,No,-9,-9,-9,-9
ME,MAINE,2300053,Five Town CSD,7 Lions Lane,Camden,4843,No,691,1,1,Yes,Yes,Yes,DEBRA,MCINTYRE,(207)236-3358,debra.mcintyre@fivetowns.net,DEBRA,MCINTYRE,(207)236-3358,debra.mcintyre@fivetowns.net,VALERIE,MATTES,(207)236-3358,valerie.mattes@fivetowns.net,No,Yes,Yes,http://www.fivetowns.net/csd/policy.cfm#J,No,-9,No,-9,-9,-9,-9,-9,-9,-9,-9,-9,-9,-9,-9,-9,-9,-9,No,-9,-9,-9,-9
ME,MAINE,2300062,East Machias Public Schools,291 Court Street,Machias,4654,No,199,0,1,Yes,Yes,Yes,MITCHELL,LOOK,(207)255-6585,mlook@aos96.org,MITCHELL,LOOK,(207)255-6585,mlook@aos96.org,MITCHELL,LOOK,(207)255-6585,mlook@aos96.org,No,Yes,Yes,www.emstreetschool.us,No,-9,Yes,Yes,No,No,No,No,Yes,No,0,0,17,0,Yes,-9,-9,-9,Yes,Yes,No,No,No
ME,MAINE,2300065,Cutler Public Schools,291 Court Street,Machias,4654,No,59,0,1,Yes,Yes,Yes,DARLENE,WHEELER,207-259-3347,dee04654@yahoo.com,DARLENE,WHEELER,207-259-3347,dee04654@yahoo.com,DARLENE,WHEELER,207-259-3347,dee04654@yahoo.com,No,Yes,No,-9,No,-9,Yes,Yes,No,No,No,No,No,No,0,0,8,0,Yes,-9,-9,-9,Yes,Yes,No,No,No
ME,MAINE,2300067,Machiasport Public Schools,291 Court Street,Machias,4654,No,51,51,1,Yes,Yes,Yes,SUE,ALMENDINGER,207-255-4575,s.almendinger.fob@gmail.com,SUE,ALMENDINGER,207-255-4575,s.almendinger.fob@gmail.com,SUE,ALMENDINGER,207-255-4575,s.almendinger.fob@gmail.com,No,Yes,No,-9,No,-9,Yes,Yes,No,No,No,No,Yes,No,0,0,6,0,Yes,-9,-9,-9,Yes,Yes,No,No,No
ME,MAINE,2300068,Whiting Public Schools,291 Court Street,Machias,4654,No,34,5,1,Yes,Yes,Yes,SCOTT,JOHNSON,(207)733-4617,sjohnsonwvs@msln.net,SCOTT,JOHNSON,(207)733-4617,sjohnsonwvs@msln.net,SCOTT,JOHNSON,(207)733-4617,sjohnsonwvs@msln.net,No,Yes,Yes,www.whitingvillage.org,Yes,No,Yes,Yes,No,No,No,No,No,Yes,0,0,5,0,Yes,-9,-9,-9,Yes,Yes,No,No,No
ME,MAINE,2302220,Acton Public Schools,700 Milton Mills Road,Acton,4001,No,249,4,1,Yes,Yes,Yes,CHRISTIE,HALL,207-636-2100,chall@actonschool.org,CHRISTIE,HALL,207-636-2100,CHALL@ACTONSCHOOL.ORG,CHRISTIE,HALL,207-636-2100,chall@actonschool.org,No,Yes,Yes,https://docs.google.com/document/d/124lxe7JPgal85JYx5_j_5ZXCZSQilUutdTZvPSaCBEY/edit?usp=sharing,No,-9,Yes,Yes,No,No,No,No,Yes,Yes,0,0,21,1,Yes,-9,-9,-9,Yes,Yes,No,No,No
ME,MAINE,2302280,Alexander Public Schools,PO Box 190,Eastport,4631,No,43,0,1,Yes,Yes,Yes,TREVOR,FLOOD,207-454-2623,principal@alexanderelementary.org,TREVOR,FLOOD,207-454-2623,principal@alexanderelementary.org,BETH,CUSHING,207-853-2567,bcushing@shead.org,No,Yes,No,-9,No,-9,No,-9,-9,-9,-9,-9,-9,-9,-9,-9,-9,-9,-9,-9,-9,-9,Yes,Yes,No,No,No
ME,MAINE,2302500,Airline CSD,19 School Street,Orrington,4474,No,17,3,1,Yes,Yes,Yes,REBECCA,ENMAN,2078253364,r.enman@cdsedu.org,REBECCA,ENMAN,2078253364,r.enman@cdsedu.org,JAMES,STONETON,2078253364,j.stoneton@cdsedu.org,No,Yes,Yes,http://www.airlineschool.org/handbook,No,-9,Yes,Yes,No,No,No,No,Yes,No,0,0,4,0,Yes,-9,-9,-9,Yes,Yes,No,No,No
ME,MAINE,2302510,Appleton Public Schools,444 Camden Road,Hope,4847,No,136,134,1,Yes,Yes,Yes,DEBRA,BAILEY,(207) 763-4716,deb.bailey@fivetowns.net,DEBRA,BAILEY,(207) 763-4716,deb.bailey@fivetowns.net,DEBRA,BAILEY,(207) 763-4716,deb.bailey@fivetowns.net,No,Yes,Yes,http://www.fivetowns.net/union/policyDetail.cfm?itemId=614,No,-9,No,-9,-9,-9,-9,-9,-9,-9,-9,-9,-9,-9,-9,-9,-9,-9,Yes,Yes,No,No,No
ME,MAINE,2302610,Auburn Public Schools,PO Box 800,Auburn,4210,No,3555,0,8,Yes,Yes,Yes,MICHELLE,MCCLELLAN,(207)784-6431,mmcclellan@auburnschl.edu,MICHELLE,MCCLELLAN,(207)784-6431,mmcclellan@auburnschl.edu,MICHELLE,MCCLELLAN,(207)784-6431,mmcclellan@auburnschl.edu,No,Yes,Yes,https://drive.google.com/open?id=0B5tt7mNLtyXJTUJkLWhHOHNIX0k,No,-9,Yes,No,No,Yes,No,No,Yes,Yes,0,10,160,6,No,Yes,Yes,Yes,Yes,Yes,No,No,No
ME,MAINE,2302640,Augusta Public Schools,40 Pierce Drive Suite # 3,Augusta,4330,No,2401,79,5,Yes,Yes,Yes,DONNA,MADORE,(207)626-2468,dmadore@augustaschools.org,DONNA,MADORE,(207)626-2468,dmadore@augustaschools.org,SUSAN,WALTERS,(207)626-2468,susan.walters@augustaschools.org,No,Yes,Yes,augustaschools.org/affirmative%20Action%20office/ACAA.pdf,No,-9,Yes,No,No,Yes,No,No,Yes,No,0,0,98,0,No,Yes,Yes,Yes,Yes,Yes,No,No,No
ME,MAINE,2302730,Baileyville Public Schools,PO Box 580,Baileyville,4694,No,332,0,2,Yes,Yes,Yes,STEVE,KNOWLES,(207)4273325,knowles@su107.org,STEVE,KNOWLES,(207)427-3325,knowles@su107.org,STEVE,KNOWLES,(207)427-3325,knowles@su107.org,No,No,-9,-9,No,-9,Yes,Yes,No,No,No,No,Yes,Yes,0,0,14,3,No,Yes,Yes,Yes,Yes,Yes,No,No,No
ME,MAINE,2302820,Bangor Public Schools,73 Harlow Street,Bangor,4401,No,3681,0,10,Yes,Yes,Yes,LYNN,SILK,207-941-6300,lsilk@bangorschools.net,DANIEL,CHADBOURNE,207-941-6350,dchadbourne@bangorschools.net,PATTI,RAPAPORT,207-992-4173,parapaport@bangorschools.net,No,Yes,Yes,http://www.bangorschools.net/wp-content/uploads/2018/10/AC-Pol-Nondiscrimination-Affirmative-Action-09-12-18.pdf,No,-9,Yes,No,No,Yes,No,No,Yes,Yes,0,0,122,3,No,Yes,Yes,Yes,Yes,Yes,No,No,No
ME,MAINE,2302850,Bar Harbor Public Schools,PO Box 60,Mount Desert,4660,No,359,0,1,Yes,Yes,Yes,JULIE,MELTZER,207-288-5049,JMELTZER@MDIRSS.ORG,JULIE,MELTZER,207-288-5049,JMELTZER@MDIRSS.ORG,MELISSA,BECKWITH,207-288-5049,MBECKWITH@MDIRSS.ORG,No,Yes,Yes,http://www.mdirss.org/school-boards/board-policies,No,-9,No,-9,-9,-9,-9,-9,-9,-9,-9,-9,-9,-9,-9,-9,-9,-9,Yes,Yes,No,No,No
ME,MAINE,2302950,Beals Public Schools,127 Snare Creek Lane,Jonesport,4649,No,65,0,1,Yes,Yes,Yes,CHRIS,CROWLEY,207-497-5449,chris.crowley@union103.org,CHRIS,CROWLEY,207-497-5449,chris.crowley@union103.org,CHRIS,CROWLEY,207-497-5449,chris.crowley@union103.org,No,Yes,No,-9,No,-9,Yes,No,No,Yes,No,No,Yes,No,0,0,5,0,Yes,-9,-9,-9,Yes,Yes,No,No,No
ME,MAINE,2303150,Biddeford Public Schools,18 Maplewood Avenue,Biddeford,4005,No,2440,0,5,Yes,Yes,Yes,CHRISTOPHER,INDORF,207-282-8280,cindorf@biddefordschools.me,CHRISTOPHER,INDORF,207-282-8280,cindorf@biddefordschools.me,CHRISTOPHER,INDORF,207-282-8280,cindorf@biddefordschools.me,No,Yes,Yes,https://docs.google.com/file/d/0B5NvUuaxkjJ6RDFmU2Z6Y1cwQlk/edit,No,-9,Yes,No,No,Yes,No,No,Yes,No,0,0,72,0,Yes,-9,-9,-9,Yes,Yes,No,No,No
ME,MAINE,2303210,Blue Hill Public Schools,PO Box 630,Blue Hill,4614,No,255,0,1,Yes,Yes,Yes,MARK,HURVITT,2073749927,mhurvitt@schoolunion93.org,MARK,HURVITT,2073749927,mhurvitt@schoolunion93.org,MARK,HURVITT,2073749927,mhurvitt@schoolunion93.org,No,Yes,Yes,"www,schoolunion93.org",No,-9,Yes,Yes,No,No,No,No,Yes,No,0,0,16,0,Yes,-9,-9,-9,Yes,Yes,No,No,No
ME,MAINE,2303290,Boothbay-Boothbay Hbr CSD,51 Emery Lane,Boothbay Harbor,4538,No,519,4,2,Yes,Yes,Yes,ALLAN,CROCKER,2076332421,allancrocker@aos98schools.com,ALLAN,CROCKER,2076332421,allancrocker@aos98schools.org,LISA,SMITH,2076335097,lsmith@aos98schools.org,No,Yes,Yes,www.aos98schools.org,No,-9,Yes,Yes,No,No,No,Yes,Yes,No,0,2,18,0,Yes,-9,-9,-9,Yes,Yes,No,No,No
ME,MAINE,2303510,Brewer Public Schools,261 Center Street,Brewer,4412,No,1698,1,2,Yes,Yes,Yes,GRETCHEN,GARDNER,2079893160,ggardner@breweredu.org,GRETCHEN,GARDNER,2079893160,ggardner@breweredu.org,GRETCHEN,GARDNER,2079893160,ggardner@breweredu.org,No,Yes,Yes,https://drive.google.com/drive/folders/0B-SIOrotqjxlMTQ5MTdjNTgtMTczMi00MjZiLWI1YzYtNzkyMDllZDM5ZjU4?hl=en,No,-9,Yes,No,No,Yes,No,No,Yes,Yes,0,0,63,1,Yes,-9,-9,-9,Yes,Yes,No,No,No
ME,MAINE,2303600,Bristol Public Schools,2153 Bristol Road,Pemaquid,4558,No,191,0,1,Yes,Yes,Yes,SUE,FOSSETT,207-563-3044,sfossett@aos93.org,JENNIFER,RIBEIRO,207-677-2678,jribeiro@aos93.org,SUE,FOSSETT,207-563-3044,sfossett@aos93.org,No,Yes,Yes,http://www.aos93.org/our-schools/bristol-consolidated-school-policies,No,-9,Yes,Yes,No,No,No,No,Yes,Yes,0,0,14,0,Yes,-9,-9,-9,Yes,Yes,No,No,No
ME,MAINE,2303610,Brooklin Public Schools,41 School Street,Brooklin,4616,No,73,0,1,Yes,Yes,Yes,KATHLEEN,GLENNON,2073489100,kglennon@su76.org,KATHLEEN,GLENNON,2073489100,kglennon@su76.org,KATHLEEN,GLENNON,2073489100,kglennon@su76.org,No,Yes,Yes,https://drive.google.com/drive/folders/0B_eF-X6-zfHManNseUxoQTU2Yms,No,-9,Yes,Yes,Yes,No,No,No,Yes,Yes,0,8,8,8,Yes,-9,-9,-9,Yes,Yes,No,No,No
ME,MAINE,2303640,Brooksville Public Schools,PO Box 630,Blue Hill,4614,No,64,0,1,Yes,Yes,Yes,MARK,HURVITT,2073749927,mhurvitt@schoolunion93.org,MARK,HURVITT,2073749927,mhurvitt@schoolunion93.org,KAREN,WATTS,2073749927,kwatts@schoolunion93.org,No,Yes,Yes,www.schoolunion93.org,No,-9,Yes,Yes,No,No,No,No,Yes,No,0,0,4,0,Yes,-9,-9,-9,Yes,Yes,No,No,No
ME,MAINE,2303780,Brunswick Public Schools,46 Federal Street,Brunswick,4011,No,2358,0,4,Yes,Yes,Yes,GREGORY,BARTLETT,(207)319-1900,gbartlett@brunswick.k12.me.us,GREGORY,BARTLETT,(207)319-1900,gbartlett@brunswick.k12.me.us,GREGORY,BARTLETT,(207)319-1900,gbartlett@brunswick.k12.me.us,No,Yes,Yes,http://www.brunswick.k12.me.us/school-board/brunswick-school-department-policies/,No,-9,No,-9,-9,-9,-9,-9,-9,-9,-9,-9,-9,-9,-9,-9,-9,-9,Yes,Yes,No,No,No
ME,MAINE,2303870,Calais Public Schools,32 Blue Devil Hill,Calais,4619,No,708,0,3,Yes,Yes,Yes,JAMES,RANDALL,(207)454-2591,jrandall@calaisschools.org,JAMES,RANDALL,(207) 454-2591,jrandall@calaisschools.org,JAMES,RAMDALL,(207) 454-2591,jrandall@calaisschools.org,No,Yes,No,-9,No,-9,No,-9,-9,-9,-9,-9,-9,-9,-9,-9,-9,-9,-9,-9,-9,-9,Yes,Yes,No,No,No
ME,MAINE,2303930,Cape Elizabeth Public Schools,PO Box 6267,Cape Elizabeth,4107,No,1603,2,3,Yes,Yes,Yes,CATHY,STANKARD,207-799-2217 X268,CSTANKARD@CAPEELIZABETHSCHOOLS.ORG,CATHY,STANKARD,207-799-2217 X268,CSTANKARD@CAPEELIZABETHSCHOOLS.ORG,DELBERT,PEAVEY,207-799-2217 X269,DPEAVEY@CAPEELIZABETHSCHOOLS.ORG,No,Yes,Yes,https://schoolboard.cape.k12.me.us/policies-list/j-students/211-jick-bullying-and-cyberbullying-in-schools,No,-9,No,-9,-9,-9,-9,-9,-9,-9,-9,-9,-9,-9,-9,-9,-9,-9,Yes,Yes,No,No,No
ME,MAINE,2304080,Castine Public Schools,PO Box 630,Blue Hill,4614,No,44,0,1,Yes,Yes,Yes,MARK,HURVITT,(207)3749927,mhurvitt@schoolunion93.org,MARK,HURVITT,(207)3749927,mhurvitt@schoolunion93.org,KAREN,WATTS,(207)3749927,kwatts@schoolunion93.org,No,Yes,Yes,www.schoolunion93.org,No,-9,Yes,Yes,No,No,No,No,Yes,No,0,0,5,0,Yes,-9,-9,-9,Yes,Yes,No,No,No
ME,MAINE,2304110,Caswell Public Schools,1025 Van Buren Road,Caswell,4750,No,38,0,1,Yes,Yes,Yes,WILLIAM,DOBBINS,(207)325-4611,wdobbins@caswellme.org,WILLIAM,DOBBINS,(207)325-4611,wdobbins@caswellme.org,WILLIAM,DOBBINS,(207)325-4611,wdobbins@caswellme.org,No,Yes,Yes,caswellme.org,Yes,No,Yes,No,No,Yes,No,No,Yes,Yes,0,0,6,2,Yes,-9,-9,-9,Yes,Yes,No,No,No
ME,MAINE,2304160,Charlotte Public Schools,P O Box 190,Eastport,4631,No,38,15,1,Yes,Yes,Yes,PAUL,THERIAULT,(207)853-6254,ptheriault@shead.org,PAUL,THERIAULT,(207)853-6254,ptheriault@shead.org,BETH,CUSHING,(207)853-6251,bcushing@yahoo.com,No,Yes,No,-9,No,-9,Yes,No,No,Yes,No,No,Yes,Yes,0,0,2,2,Yes,-9,-9,-9,Yes,Yes,No,No,No
ME,MAINE,2304620,Cranberry Isles Public Schools,PO Box 60,Mount Desert,4660,No,10,0,1,Yes,Yes,Yes,JULIE,MELTZER,207-288-5040,JMELTZER@MDIRSS.ORG,JULIE,MELTZER,207-288-5040,JMELTZER@MDIRSS.ORG,MELISSA,BECKWITH,207-288-5040,MBECKWITH@MDIRSS.ORG,No,Yes,Yes,http://www.mdirss.org/school-boards/board-policies,No,-9,No,-9,-9,-9,-9,-9,-9,-9,-9,-9,-9,-9,-9,-9,-9,-9,No,-9,-9,-9,-9
ME,MAINE,2304860,Dayton Public Schools,18 Maplewood Ave,Biddeford,4005,No,128,0,1,Yes,Yes,Yes,CHRISTOPHER,INDORF,(207)282-8280,cindorf@biddefordschools.me,CHRISTOPHER,INDORF,(207)282-8280,cindorf@biddefordschools.me,CHRISTOPHER,INDORF,(207)282-8280,cindorf@biddefordschools.me,No,Yes,Yes,https://drive.google.com/file/d/0B7Dx4ZyZvZfOMU5fYk9vV1VsSG8/edit,No,-9,No,-9,-9,-9,-9,-9,-9,-9,-9,-9,-9,-9,-9,-9,-9,-9,Yes,Yes,No,No,No
ME,MAINE,2304890,Dedham Public Schools,19 School St,Orrington,4474,No,193,0,1,Yes,Yes,Yes,REBECCA,ENMAN,2078253364,r.enman@cdsedu.org,REBECCA,ENMAN,2078253364,r.enman@cdsedu.org,JEFFREY,PAUL,2078436498,jpaul@dedhamschool.net,No,Yes,Yes,http://www.dedhamschool.net/student-handbook,No,-9,Yes,No,No,Yes,No,No,Yes,No,0,0,16,0,Yes,-9,-9,-9,Yes,Yes,No,No,No
ME,MAINE,2304895,Deer Isle-Stonington CSD,251 N. Deer Isle Road Unit 1,Deer Isle,4627,No,328,3,2,Yes,Yes,Yes,KATHLEEN,GLENNON,2073489100,kglennon@su76.org,KATHLEEN,GLENNON,2073489100,kglennon@su76.org,KATHLEEN,GLENNON,2073489100,kglennon@su76.org,No,Yes,Yes,https://sites.google.com/a/su76.org/website/our-schools/csd-13/csd-policies,No,-9,No,-9,-9,-9,-9,-9,-9,-9,-9,-9,-9,-9,-9,-9,-9,-9,No,-9,-9,-9,-9
ME,MAINE,2305280,East Millinocket Public Schools,45 North St Ste 2,East Millinocket,4430,No,256,1,2,Yes,Yes,Yes,LUCI,MILEWSKI,2077463500,lmilewski@emmm.org,LUCI,MILEWSKI,2077463500,lmilewski@emmm.org,STACIE,SMITH,2077463500,ssmith@emmm.org,No,Yes,Yes,https://www.eastmillinocketschools.org/assets/docs/Policies/J_Students/JICK_Bullying.pdf,No,-9,Yes,Yes,No,No,No,Yes,Yes,Yes,0,0,7,0,Yes,-9,-9,-9,Yes,Yes,No,No,No
ME,MAINE,2305310,Easton Public Schools,33 Bangor Road,Easton,4740,No,222,0,2,Yes,Yes,Yes,ROGER,SHAW,(207) 488-7700,roger.shaw@eastonschools.org,LARRY,WORCESTER,(207) 488-7701,larry.worcester@eastonschools.org,HEIDI,BREWER,(207) 488-7702,heidi.brewer@eastonschools.org,No,Yes,Yes,https://www.eastonschools.org/en/easton-school-department/bullying,No,-9,Yes,No,No,Yes,No,No,Yes,No,0,0,15,0,Yes,-9,-9,-9,Yes,Yes,No,No,No
ME,MAINE,2305360,Eastport Public Schools,P O Box 190,Eastport,4631,No,173,6,2,Yes,Yes,Yes,PAUL,THERIAULT,(207)853-6254,ptheriault@shead.org,PAUL,THERIAULT,(207)853-6254,ptheriault@shead.org,BETH,CUSHING,(207)853-6251,bcushing@yahoo.com,No,Yes,Yes,www.shead.org,No,-9,Yes,No,No,Yes,No,No,Yes,Yes,0,0,6,12,Yes,-9,-9,-9,Yes,Yes,No,No,No
ME,MAINE,2305380,East Range CSD,63 Broadway,Baileyville,4694,No,25,0,1,Yes,Yes,Yes,STEVE,KNOWLES,2074273325,knowles@su107.org,STEVE,KNOWLES,2074273325,knowles@su107.org,STEVE,KNOWLES,2074273325,knowles@su107.org,No,Yes,Yes,www.aos90.org,No,-9,No,-9,-9,-9,-9,-9,-9,-9,-9,-9,-9,-9,-9,-9,-9,-9,Yes,Yes,No,No,No
ME,MAINE,2305400,Edgecomb Public Schools,51 Emery Lane,Boothbay Harbor,4538,No,92,2,1,Yes,Yes,Yes,IRA,MICHAUD,2078825515,imichaud@aos98schools.oorg,IRA,MICHAUD,2078825515,imichaud@aos98schools.org,LISA,SMITH,2076335097,lsmith@aos98schools.org,No,Yes,No,-9,No,-9,Yes,Yes,No,No,No,Yes,Yes,No,0,1,14,0,Yes,-9,-9,-9,Yes,Yes,No,No,No
ME,MAINE,2305500,Ellsworth Public Schools,66 Main Street  Suite 201,Ellsworth,4605,No,1336,0,2,Yes,Yes,Yes,REBECCA,WRIGHT,(207)667-4722,rwright@ellsworthschools.org,REBECCA,WRIGHT,(207)667-4722,rwright@ellsworthschools.org,LYNN,MADDOCKS,(207) 664-7100,lmaddocks@ellsworthschools.org,No,Yes,Yes,https://core-docs.s3.amazonaws.com/documents/asset/uploaded_file/231227/JICK_-_Bullying_and_Cyberbullying_Prevention_in_Schools.pdf,No,-9,Yes,No,No,Yes,No,No,Yes,Yes,0,0,7,10,Yes,-9,-9,-9,Yes,Yes,No,No,No
ME,MAINE,2305670,Falmouth Public Schools,51 Woodville Road,Falmouth,4105,No,2101,0,3,Yes,Yes,Yes,JON,RADTKE,2077817429,jradtke@falmouthschools.org,JON,RADTKE,2077817429,jardtke@falmouthschools.org,CHRIS,MORIN,2077813200,cmoring@falmouthschools.org,No,Yes,Yes,https://docs.google.com/document/d/18ir3vyKxp2SizDADAa19PeFRrRluR0jtPj_TheCAOOM/edit,No,-9,No,-9,-9,-9,-9,-9,-9,-9,-9,-9,-9,-9,-9,-9,-9,-9,Yes,Yes,No,No,No
ME,MAINE,2305970,Georgetown Public Schools,51 Emery Lane,Boothbay Harbor,4538,No,60,2,1,Yes,Yes,Yes,CHRIS,BARIBEAU,2073712160,cbaribeau@aos98schools.org,CHRIS,BARIBEAU,2073712160,cbaribeau@aos98schools.org,LISA,SMITH,2076335097,lsmith@aos98schools.org,No,Yes,No,-9,No,-9,Yes,No,No,Yes,No,No,Yes,No,0,0,2,0,Yes,-9,-9,-9,Yes,Yes,No,No,No
ME,MAINE,2306000,Glenburn Public Schools,983 Hudson Road,Glenburn,4401,No,432,0,1,Yes,Yes,Yes,KIMBERLY,BENNETT,207-942-4405,bennettk@glenburnschool.us,KIMBERLY,BENNETT,2079424405,bennettk@glenburnschool.us,KIMBERLY,BENNETT,2079424405,bennetk@glenburnschool.us,No,Yes,Yes,https://drive.google.com/drive/u/0/folders/0B9EZF9bSBkZdZjY0bEdqTDZ6YzA,No,-9,Yes,No,No,Yes,No,Yes,Yes,No,0,1,13,0,Yes,-9,-9,-9,Yes,Yes,No,No,No
ME,MAINE,2306060,Gorham Public Schools,75 South St Suite 2,Gorham,4038,No,2721,0,5,Yes,Yes,Yes,TIMOTHY,SPEAR,207-2221093,tim.spear@gorhamschools.org,RHONDA,WARREN,207-2221012,rhonda.warren@gorhamschools.org,KATHY,HAMBLEN,207-222-1022,kathy.hamblen@gorhamschools.org,No,Yes,Yes,www.gorhamschools.org,No,-9,No,-9,-9,-9,-9,-9,-9,-9,-9,-9,-9,-9,-9,-9,-9,-9,Yes,Yes,No,No,No
ME,MAINE,2306160,Great Salt Bay CSD,767 Main Street 1-A,Damariscotta,4543,No,470,0,1,Yes,Yes,Yes,DERYL,HOLT,207 563-3044,dholt@aos93.org,DERYL,HOLT,207 563-3044,dholt@aos93.org,DERYL,HOLT,207 563-3044,dholt@aos93.org,No,Yes,Yes,http://www.aos93.org/our-schools/School-Policies,No,-9,No,-9,-9,-9,-9,-9,-9,-9,-9,-9,-9,-9,-9,-9,-9,-9,Yes,Yes,No,No,No
ME,MAINE,2306180,Greenbush Public Schools,129 Military Rd,Greenbush,4418,No,149,0,1,Yes,Yes,Yes,GWEN,SMITH,2078262000,gsmith@hsdgreenbush.org,GWEN,SMITH,2078262000,gsmith@hsdgreenbush.org,ALLEN,ARCHER,2078262000,aarcher@hsdgreenbush.org,No,Yes,Yes,https://hsdgreenbush.org/school-news-events/policy-manual,Yes,No,Yes,Yes,No,No,No,No,Yes,Yes,0,0,9,1,Yes,-9,-9,-9,Yes,Yes,No,No,No
ME,MAINE,2306250,Greenville Public Schools,PO Box 100,Greenville,4441,No,194,0,1,Yes,Yes,Yes,TINA,HOPPE,(207)695-2666,tina.hoppe@ghslakers.org,TINA,HOPPE,(207)695-2666,tina.hoppe@ghslakers.org,TINA,HOPPE,(207)695-2666,tina.hoppe@ghslakers.org,No,Yes,Yes,www.ghslakers.org,No,-9,No,-9,-9,-9,-9,-9,-9,-9,-9,-9,-9,-9,-9,-9,-9,-9,Yes,Yes,No,No,No
ME,MAINE,2306260,Hancock Public Schools,66 Main St.  Suite 201,Ellsworth,4605,No,221,0,1,Yes,Yes,Yes,MICHAEL,BENJAMIN,2074226231,mbenjamin@hancockgrammar.org,MICHAEL,BENJAMIN,2074226231,mbenjamin@hancockgrammar.org,MICHAEL,BENJAMIN,2074226231,mbenjamin@hancockgrammar.org,No,Yes,Yes,http://www.hancockgrammar.org/hancock-school-board/policies,No,-9,No,-9,-9,-9,-9,-9,-9,-9,-9,-9,-9,-9,-9,-9,-9,-9,Yes,Yes,No,No,No
ME,MAINE,2306330,Harmony Public Schools,PO Box 100,Harmony,4942,No,60,0,1,Yes,Yes,Yes,SANDRA,EMERSON,2079246000,semerson@aos94.org,SANDRA,EMERSON,2079246000,semerson@aos94.org,LUCY,MALLAR,2079246000,lmallar@aos94.org,No,Yes,No,-9,No,-9,Yes,No,No,Yes,No,No,Yes,Yes,0,0,2,0,Yes,-9,-9,-9,Yes,Yes,No,No,No
ME,MAINE,2306510,Hermon Public Schools,PO Box 6360,Hermon,4402,No,1258,2,3,Yes,Yes,Yes,CINDY,BADGER,(207) 848-4072,cindy.badger@schools.hermon.net,CINDY,BADGER,(207) 848-4072,cindy.badger@schools.hermon.net,CINDY,BADGER,(207) 848-4072,cindy.badger@schools.hermon.net,No,Yes,Yes,https://www.hermon.net/wp-content/uploads/2016/11/ACAA-Harassment-Sexual-Harassment-of-Students.pdf,No,-9,Yes,No,No,Yes,No,No,Yes,No,0,0,69,0,Yes,-9,-9,-9,Yes,Yes,No,No,No
ME,MAINE,2306610,Hope Public Schools,444 Camden Road,Hope,4847,No,187,0,1,No,No,Yes,-9,-9,-9,-9,-9,-9,-9,-9,DEBORAH,BAILEY,207-763-4716,deborah.bailey@fivetowns.net,No,Yes,Yes,http://www.fivetowns.net/hes/,No,-9,Yes,No,No,Yes,No,No,Yes,No,0,0,29,0,Yes,-9,-9,-9,Yes,Yes,No,No,No
ME,MAINE,2306780,Isle Au Haut Public Schools,251 N Deer Isle Road,Deer Isle,4627,No,6,4,1,Yes,Yes,Yes,KATHLEEN,GLENNON,2073489100,kglennon@su76.org,KATHLEEN,GLENNON,2073489100,kglennon@su76.org,KATHLEEN,GLENNON,2073489100,kglennon@su76.org,Yes,Yes,Yes,http://www.isleauhautmaine.us/wp-content/uploads/2015/05/IAH-School-Board-Policies.pdf,No,-9,No,-9,-9,-9,-9,-9,-9,-9,-9,-9,-9,-9,-9,-9,-9,-9,Yes,Yes,No,No,No
ME,MAINE,2306810,Islesboro Public Schools,PO Box 118,Islesboro,4848,No,91,0,1,Yes,Yes,Yes,HEATHER,KNIGHT,2077342251,hknight@islesboro.k12.me.us,HEATHER,KNIGHT,2077342251,hknight@islesboro.k12.me.us,HEATHER,KNIGHT,2077342251,hknight@islesboro.k12.me.us,No,Yes,Yes,https://docs.google.com/viewer?a=v&pid=sites&srcid=aXNsZXNib3JvLmsxMi5tZS51c3xpc2xlc2Jvcm8tY2VudHJhbC1zY2hvb2x8Z3g6NDBlMTdjYjJlNjEzNDExOA,No,-9,No,-9,-9,-9,-9,-9,-9,-9,-9,-9,-9,-9,-9,-9,-9,-9,Yes,Yes,No,No,No
ME,MAINE,2306870,Jefferson Public Schools,767 Main Street 1-A,Damariscotta,4543,No,192,0,1,Yes,Yes,Yes,LYNSEY,JOHNSTON,207-549-7491 x120,ljohnston@aos93.org,LYNSEY,JOHNSTON,207-549-7491 x120,ljohnston@aos93.org,LYNSEY,JOHNSTON,207-549-7491 x120,ljohnston@aos93.org,No,Yes,Yes,http://www.aos93.org/our-schools/jefferson-village-school-policies,No,-9,No,-9,-9,-9,-9,-9,-9,-9,-9,-9,-9,-9,-9,-9,-9,-9,Yes,Yes,No,No,No
ME,MAINE,2306900,Jonesboro Public Schools,291 Court Street,Machias,4654,No,60,0,1,Yes,Yes,Yes,MITCHELL,LOOK,2072556585,mlook@aos96.org,MITCHELL,LOOK,2072556585,mlook@aos96.org,MITCHELL,LOOK,2072556585,mlook@aos96.org,No,Yes,Yes,www.aos96.org,No,-9,Yes,Yes,No,No,No,No,Yes,Yes,0,0,6,0,Yes,-9,-9,-9,Yes,Yes,No,No,No
ME,MAINE,2307100,Jonesport Public Schools,127 Snare Creek Lane,Jonesport,4649,No,121,0,3,Yes,Yes,Yes,CORRIE,HUNKLER,(207) 497-2830,corrie.hunkler@union103.org,CORRIE,HUNKLER,(207) 497-2830,corrie.hunkler@union103.org,STEVE,PEER,(207) 497-2830,steve.peer@union103.org,No,Yes,No,-9,Yes,No,Yes,Yes,No,No,No,No,Yes,Yes,0,0,4,3,Yes,-9,-9,-9,Yes,Yes,No,No,No
ME,MAINE,2307140,Kittery Public Schools,200 Rogers Road,Kittery,3904,No,1042,7,3,Yes,Yes,Yes,LAUREN,LAWSON,(207)475-1338,llawson@kitteryschools.com,LAUREN,LAWSON,(207)475-1338,llawson@kitteryschools.com,JANE,DURGIN,(207)475-1331,jdurgin@kitteryschools.com,No,Yes,Yes,https://sites.google.com/a/kitteryschools.com/kittery-school-department-policies/,No,-9,No,-9,-9,-9,-9,-9,-9,-9,-9,-9,-9,-9,-9,-9,-9,-9,Yes,Yes,No,No,No
ME,MAINE,2307250,Lamoine Public Schools,66 Main St.  Suite 201,Ellsworth,4605,No,121,0,1,Yes,Yes,Yes,DAWN,MCPHAIL,2076678578,dmcphail@lamoineconsolidated.org,DAWN,MCPHAIL,2076678578,dmcphail@lamoineconsolidated.org,DAWN,MCPHAIL,2076678578,dmcphail@lamoineconsolidated.org,No,Yes,Yes,http://www.lamoineconsolidated.org/school-board/policies,No,-9,No,-9,-9,-9,-9,-9,-9,-9,-9,-9,-9,-9,-9,-9,-9,-9,Yes,Yes,No,No,No
ME,MAINE,2307320,Lewiston Public Schools,Dingley Bldg 36 Oak St,Lewiston,4240,No,5424,103,8,Yes,Yes,Yes,MONIQUE,GILBERT,207-795-4100,mgilbert@lewistonpublicschools.org,MONIQUE,GILBERT,207-795-4100,mgilbert@lewistonpublicschools.org,PAM,EMERY,207-795-4108,pemery@lewistonpublicschools.org,No,Yes,Yes,https://drive.google.com/file/d/1h2PkBXYMPoODd0LGH0rDFGfKoBMQ_5A2/view,No,-9,Yes,No,No,Yes,No,No,Yes,No,0,0,280,3,Yes,-9,-9,-9,Yes,Yes,No,No,No
ME,MAINE,2307450,Lincolnville Public Schools,523 HOPE ROAD,LINCOLNVILLE,4849,No,215,1,1,Yes,Yes,Yes,DEBORAH,BAILEY,(207) 763-4716,deborah.bailey@fivetowns.net,DEBORAH,BAILEY,(207) 763-4716,deborah.bailey@fivetowns.net,DEBORAH,BAILEY,(207) 763-4716,deborah.bailey@fivetowns.net,No,Yes,Yes,http://www.fivetowns.net/union/policy.cfm?districtId=3&search=harassment&districtId=6,No,-9,No,-9,-9,-9,-9,-9,-9,-9,-9,-9,-9,-9,-9,-9,-9,-9,Yes,Yes,No,No,No
ME,MAINE,2307530,Lisbon Public Schools,19 Gartley Street,Lisbon,4250,No,1263,0,3,Yes,Yes,Yes,JOHN,MERRIFIELDD,207-353-6711,jmerrifield@lisbonschoolsme.org,JOHN,MERRIFIELD,207-353-6711,jmerrifield@lisbonschoolsme.org,JOHN,MERRIFIELD,207-353-6711,jmerrifield@lisbonschoolsme.org,No,Yes,Yes,www.lisbonschooldept.org,No,-9,Yes,No,No,Yes,No,No,Yes,Yes,0,0,56,0,Yes,-9,-9,-9,Yes,Yes,No,No,No
ME,MAINE,2307590,Frenchboro Public Schools,PO Box 60,Mount Desert,4660,No,3,0,1,Yes,Yes,Yes,JULIE,MELTZER,207-288-5049,jmeltzer@mdirss.org,JULIE,MELTZER,207-288-5049,jmeltzer@mdirss.org,MELISSA,BECKWITH,207-288-5049,MBECKWITH@MDIRSS.ORG,No,Yes,Yes,http://www.mdirss.org/school-boards/board-policies,No,-9,No,-9,-9,-9,-9,-9,-9,-9,-9,-9,-9,-9,-9,-9,-9,-9,Yes,Yes,No,No,No
ME,MAINE,2307710,Machias Public Schools,291 Court Street,Machias,4654,No,533,0,3,Yes,Yes,Yes,MITCHELL,LOOK,2072556585,mlook@aos96.org,MITCHELL,LOOK,2072556585,mlook@aos96.org,MARY,MAKER,2072556585,mmaker@aos96.org,No,Yes,Yes,http://www.aos96.org/,No,-9,Yes,Yes,No,No,No,No,Yes,Yes,0,0,32,33,Yes,-9,-9,-9,Yes,Yes,No,No,No
ME,MAINE,2307800,Madawaska Public Schools,328 St Thomas St Suite 201,Madawaska,4756,No,431,0,2,Yes,Yes,Yes,BONNY,PLOURDE-TINGLEY,207-728-3635x3219,btingley@madawaskaschools.org,APRIL,LEIGHTON,207-728-3371x2405,aleighton@madawaskaschools.org,LYNN,WETMORE,207-728-3371x2413,lwetmore@madawaskaschools.org,No,Yes,Yes,https://7c839a91-a-b71ec36d-s-sites.googlegroups.com/a/madawaskaschools.org/madawaskaowls/district/school-policies/section-a/Pol.%20ACAA%20%20Harassment%20and%20Sexual%20Harassment%20of%20Students%20%203-4-19.pdf?attachauth=ANoY7cqeCUEdyyyYDFnkW7shrt_16N,No,-9,Yes,No,No,Yes,No,No,Yes,No,0,0,22,0,Yes,-9,-9,-9,Yes,Yes,No,No,No
ME,MAINE,2308160,Medway Public Schools,25 Middle School Drive,Medway,4460,No,113,108,1,Yes,Yes,Yes,WILLIAM,ADAMS,2077463470,wadams@emmm.org,WILLIAM,ADAMS,2077463470,wadams@emmm.org,WILLIAM,ADAMS,2077463470,wadams@emmm.org,No,Yes,Yes,www.medwayms.org,No,-9,Yes,No,No,Yes,No,Yes,Yes,Yes,0,0,4,0,Yes,-9,-9,-9,Yes,Yes,No,No,No
ME,MAINE,2308250,Milford Public Schools,62 Davenport St. - Town Office,Milford,4461,No,340,136,1,Yes,Yes,Yes,PATRICIA,CLARK,(207)827-2252,tclark@milfordsd.org,PATRICIA,CLARK,(207)827-2252,tclark@milfordsd.org,PATRICIA,CLARK,(207)827-2252,tclark@milfordsd.org,No,Yes,Yes,http://www.lewislibbyschool.org/,No,-9,Yes,No,No,Yes,No,No,Yes,Yes,0,0,15,2,Yes,-9,-9,-9,Yes,Yes,No,No,No
ME,MAINE,2308280,Millinocket Public Schools,P.O. Box 30,Millinocket,4462,No,468,0,2,Yes,Yes,Yes,KATHERINE,DIFREDERICO,(207) 723-6425,kdifrederico@millinocketschools.org,KATHERINE,DIFREDERICO,(207) 723-6425,kdifrederico@millinocketschools.org,FRANCIS,BOYNTON,(207) 723-6400,fboynton@millinocketschools.org,No,Yes,Yes,http://www.millinocketschools.org/policies.html,No,-9,Yes,Yes,No,No,No,No,Yes,Yes,0,0,24,4,Yes,-9,-9,-9,Yes,Yes,No,No,No
ME,MAINE,2308340,Monhegan Plt School Dept,8 Mystery Lane,Richmond,4357,No,6,0,1,Yes,Yes,Yes,MELANIE,CHASSE,207-357-8939,melchasse@gmail.com,MELANIE,CHASSE,207-357-8939,melchasse@gmail.com,MELANIE,CHASSE,207-357-8939,melchasse@gmail.com,No,Yes,Yes,www.monheganschool.org,No,-9,No,-9,-9,-9,-9,-9,-9,-9,-9,-9,-9,-9,-9,-9,-9,-9,Yes,Yes,No,No,No
ME,MAINE,2308400,Moosabec CSD,127 Snare Creek Lane,Jonesport,4649,No,78,0,1,Yes,Yes,Yes,DENIS,HOWARD,207-497-2154,Denis.Howard@union103.org,DENIS,HOWARD,207-497-2154,Denis.howard@union103.org,DENIS,HOWARD,207-497-2154,Denis.howard@union103.org,No,Yes,Yes,jonesportbealshs.org,No,-9,No,-9,-9,-9,-9,-9,-9,-9,-9,-9,-9,-9,-9,-9,-9,-9,No,-9,-9,-9,-9
ME,MAINE,2308490,Mount Desert Public Schools,PO Box 60,Mount Desert,4660,No,178,0,1,Yes,Yes,Yes,JULIE,MELTZER,207-288-5049,jmeltzer@mdirss.org,JULIE,MELTZER,207-288-5049,jmeltzer@mdirss.org,MELISSA,BECKWITH,207-288-5049,mbeckwith@mdirss.org,No,Yes,Yes,http://www.mdirss.org/school-boards/board-policies,No,-9,No,-9,-9,-9,-9,-9,-9,-9,-9,-9,-9,-9,-9,-9,-9,-9,Yes,Yes,No,No,No
ME,MAINE,2308500,Mt Desert CSD,PO Box 60,Mount Desert,4660,No,540,0,1,Yes,Yes,Yes,JULIE,MELTZER,207-288-5049,jmeltzer@mdirss.org,JULIE,MELTZER,207-288-5049,jmeltzer@mdirss.org,MELISSA,BECKWITH,207-288-5049,mbeckwith@mdirss.org,No,Yes,Yes,http://www.mdirss.org/school-boards/board-policies,No,-9,No,-9,-9,-9,-9,-9,-9,-9,-9,-9,-9,-9,-9,-9,-9,-9,No,-9,-9,-9,-9
ME,MAINE,2308940,Nobleboro Public Schools,767 Main Street 1-A,Damariscotta,4543,No,137,62,1,Yes,Yes,Yes,MARTIN,MACKEY,2076718603,mmackey@aos93.org,MARTIN,MACKEY,2076718603,mmackey@aos93.org,MARTIN,MACKEY,2076718603,mmackey@aos93.org,No,Yes,Yes,https://docs.google.com/document/d/1cYK43eRmJNgy_SMBKazEBHWkEK1EkpQuJq6tffZTo_o/edit,No,-9,No,-9,-9,-9,-9,-9,-9,-9,-9,-9,-9,-9,-9,-9,-9,-9,Yes,Yes,No,No,No
ME,MAINE,2309330,Orrington Public Schools,19 School St,Orrington,4474,No,418,0,1,Yes,Yes,Yes,REBECCA,ENMAN,2078253364,r.enman@cdsedu.org,REBECCA,ENMAN,2078253364,r.enman@cdsedu.org,JOHN,MUGNAI,2078253697,J.MUGNAI@CDSEDU.ORG,No,Yes,Yes,http://www.cdsedu.org/annual-notices,No,-9,Yes,No,No,Yes,No,No,Yes,No,0,0,26,0,Yes,-9,-9,-9,Yes,Yes,No,No,No
ME,MAINE,2309390,Otis Public Schools,105 Otis Road,Otis,4605,No,99,0,1,Yes,No,Yes,NICHOLE,POTHIER,2075372203,npothier@beechhillschool.org,-9,-9,-9,-9,BRUCE,BRETTSCHNEIDER,2075372203,BBRETTSCHNEIDER@BEECHHILLSCHOOL.ORG,No,Yes,Yes,https://www.beechhillschool.org/otis-school-committee/school-policies,No,-9,Yes,No,No,Yes,No,No,Yes,Yes,0,0,7,0,Yes,-9,-9,-9,Yes,Yes,No,No,No
ME,MAINE,2309560,Pembroke Public Schools,P O Box 190,Eastport,4631,No,80,0,1,Yes,Yes,Yes,PAUL,THERIAULT,(207)853-6254,ptheriault@shead.org,PAUL,THERIAULT,(207)853-6254,ptheriault@shead.org,BETH,CUSHING,(207)853-6251,bcushing@yahoo.com,No,Yes,No,-9,No,-9,Yes,No,No,Yes,No,No,No,No,0,0,0,0,Yes,-9,-9,-9,Yes,Yes,No,No,No
ME,MAINE,2309630,Penobscot Public Schools,PO Box 630,Blue Hill,4614,No,79,0,1,Yes,Yes,Yes,MARK,HURVITT,(207)374-9927,mhurvitt@schoolunion93.org,MARK,HURVITT,(207)374-9927,mhurvitt@schoolunion93.org,KAREN,WATTS,(207)374-9927,kwatts@schoolunio93.org,No,Yes,Yes,www.schoolunion93.org,No,-9,Yes,Yes,No,No,No,No,Yes,No,0,0,4,0,Yes,-9,-9,-9,Yes,Yes,No,No,No
ME,MAINE,2309650,Perry Public Schools,P O Box 190,Eastport,4631,No,119,39,1,Yes,Yes,Yes,PAUL,THERIAULT,(207)853-6254,ptheriault@shead.org,PAUL,THERIAULT,(207)853-6254,ptheriault@shead.org,BETH,CUSHING,(207)853-6251,bcushing@shead.org,No,Yes,No,-9,No,-9,Yes,No,No,Yes,No,No,Yes,Yes,0,0,7,7,Yes,-9,-9,-9,Yes,Yes,No,No,No
ME,MAINE,2309930,Portland Public Schools,353 Cumberland Ave,Portland,4101,No,6773,30,17,Yes,Yes,Yes,RICHARD,MOORE,(207) 874-8125,moorer@portlandschools.org,RICHARD,MOORE,(207) 874-8125,moorer@portlandschools.org,DEBORAH,MULLIS,(207) 874-8134,mullid@portlandschools.org,No,Yes,Yes,https://www.boarddocs.com/me/portland/Board.nsf/files/B9DP2K54E1F2/$file/JICK%20-%20Bullying%20and%20Cyberbullying%20in%20Schools.pdf,No,-9,Yes,Yes,No,No,No,Yes,Yes,No,0,5,107,0,Yes,-9,-9,-9,Yes,Yes,No,No,No
ME,MAINE,2309990,Princeton Public Schools,63 Broadway  P.O. Box 580,Baileyville,4694,No,146,0,1,Yes,Yes,Yes,STEVE,KNOWLES,2074273325,knowles@su107.org,STEVE,KNOWLES,2074273325,knowles@su107.org,LESLIE,MONK,2074276913,sped@aos90.org,No,Yes,Yes,www.aos90.org,No,-9,Yes,Yes,No,No,No,No,Yes,Yes,0,0,11,0,No,Yes,Yes,Yes,Yes,Yes,No,No,No
ME,MAINE,2310380,Saco Public Schools,90 Beach Street,Saco,4072,No,1669,1,4,Yes,Yes,Yes,LAUREL,ELLIS,2072844505,lellis@sacoschools.org,LAUREL,ELLIS,2072844505,lellis@sacoschools.org,LAUEL,ELLIS,2072844505,lellis@sacoschools.org,No,Yes,Yes,sacoschools.org,No,-9,No,-9,-9,-9,-9,-9,-9,-9,-9,-9,-9,-9,-9,-9,-9,-9,Yes,Yes,No,No,No
ME,MAINE,2310500,Sanford Public Schools,917 Main St Suite 200,Sanford,4073,No,3150,15,6,Yes,Yes,Yes,MATTHEW,NELSON,207-324-2810,mnelson@sanford.org,MATTHEW,NESLON,207-324-2810,mnelson@sanford.org,MATTHEW,NELSON,207-324-2810,mnelson@sanford.org,No,Yes,Yes,https://core-docs.s3.amazonaws.com/documents/asset/uploaded_file/271064/JICK_-_Bullying_2016.pdf,No,-9,Yes,No,No,Yes,No,Yes,Yes,No,0,1,53,0,Yes,-9,-9,-9,Yes,Yes,No,No,No
ME,MAINE,2310530,Scarborough Public Schools,PO Box 370,Scarborough,4074,No,2931,0,6,Yes,Yes,Yes,CHRIS,ROHDE,(207) 730-4100,CROHDE@SCARBOROUGHSCHOOLS.ORG,CHRIS,ROHDE,(207) 730-4100,CROHDE@SCARBOROUGHSCHOOLS.ORG,ALISON,MARCHESE,(207) 730-4100,AMARCHESE@SCARBOROUGHSCHOOLS.ORG,No,Yes,Yes,https://sites.google.com/a/scarboroughschools.org/sps/board-of-education/policies,No,-9,No,-9,-9,-9,-9,-9,-9,-9,-9,-9,-9,-9,-9,-9,-9,-9,Yes,Yes,No,No,No
ME,MAINE,2310590,RSU 11/MSAD 11,150 Highland Avenue,Gardiner,4345,No,2053,0,7,Yes,Yes,Yes,DIANN,BAILEY,(207)582-3774,dbailey@msad11.org,TERRY,MCGUIRE,(207)582-5346,tmcguire@msad11.org,SARA,BOLDUC-IGNASIAK,(207)582-7366,signasiak@msad11.org,No,Yes,Yes,https://www.msad11.org,No,-9,Yes,No,No,Yes,No,No,Yes,Yes,0,0,93,130,Yes,-9,-9,-9,Yes,Yes,No,No,No
ME,MAINE,2310620,RSU 82/MSAD 12,606 Main Street,Jackman,4945,No,146,0,1,Yes,Yes,Yes,KIRSTIE,HALE,207-668-7749,kirstie.hale@sad12.com,KIRSTIE,HALE,207-668-7749,irstie.hale@sad12.com,YVETTTE,COSTELLO,207-668-5291,yvette.costello@sad12.com,No,Yes,Yes,http://www.sad12.org/policies-of-the-school.html,No,-9,No,-9,-9,-9,-9,-9,-9,-9,-9,-9,-9,-9,-9,-9,-9,-9,Yes,Yes,No,No,No
ME,MAINE,2310650,RSU 83/MSAD 13,P.O. Box 649,Bingham,4920,No,183,182,3,Yes,Yes,Yes,PAMELA,GRANT,207-672-5500,pamela.grant@sad13.org,PAMELA,GRANT,207-672-5500,pamela.grant@sad13.org,MELISSA,LYONS-VITALONE,207-672-5500,melissa.lyons-vitalone@sad13.org,No,Yes,No,-9,No,-9,Yes,No,No,Yes,No,No,No,No,0,0,7,0,Yes,-9,-9,-9,Yes,Yes,No,No,No
ME,MAINE,2310680,RSU 84/MSAD 14,31A Houlton Road,Danforth,4424,No,132,1,1,Yes,Yes,Yes,RUTHANN,COWGER,2074482260,rcowger@eastgrandschool.org,RUTHANN,COWGER,2074482260,rcowger@eastgrandschool.org,LOUISE,LATVIS,2074482260,louiselatvis@eastgrandschool.org,No,Yes,Yes,www.eastgrandschool.org,No,-9,Yes,Yes,No,No,No,No,Yes,Yes,0,0,12,10,Yes,-9,-9,-9,Yes,Yes,No,No,No
ME,MAINE,2310710,RSU 15/MSAD 15,14 Shaker Road,Gray,4039,No,1975,0,5,Yes,Yes,Yes,CHRISTINE,SCHMIDT,207-657-9602,cschmidt@sad15.org,CHRISTINE,SCHMIDT,207-657-9602,cschmidt@sad15.org,CHRISTINE,SCHMIDT,207-657-9602,cschmidt@sad15.org,No,Yes,Yes,https://msad15.org/policies/,No,-9,Yes,No,No,Yes,No,No,Yes,Yes,0,3,87,0,Yes,-9,-9,-9,Yes,Yes,No,No,No
ME,MAINE,2310770,RSU 17/MSAD 17,232 Main St Suite 2,South Paris,4281,No,3634,19,10,Yes,Yes,Yes,PATRICK,HARTNETT,(207)743-8972,P.HARTNETT@MSAD17.ORG,PATRICK,HARTNETT,(207)743-8972,P.HARTNETT@MSAD17.ORG,JANE,MORSE,(207)743-8972,J.MORSE@MSAD17.ORG,No,Yes,Yes,https://drive.google.com/file/d/1RRrp0XSu-2EwsSA-rrodZJ9lwvbBmQ9N/view,No,-9,Yes,Yes,No,No,No,Yes,Yes,Yes,0,7,127,6,No,Yes,Yes,Yes,Yes,Yes,No,No,No
ME,MAINE,2310830,RSU 85/MSAD 19,P O Box 190,Eastport,4631,No,69,2,1,Yes,Yes,Yes,LOVINA,WORMELL,(207)733-5561,TWORMELL@LUBECSCHOOL.COM,LOVINA,WORMELL,(207)733-5561,TWORMELL@LUBECSCHOOL.COM,LOVINA,WORMELL,(207)733-5561,TWORMELL@LUBECSCHOOL.COM,No,Yes,No,-9,No,-9,Yes,Yes,No,No,No,No,Yes,Yes,0,0,7,7,Yes,-9,-9,-9,Yes,Yes,No,No,No
ME,MAINE,2310860,RSU 79/MSAD 01,79 Blake St Ste 1 PO Box 1118,Presque Isle,4769,No,1734,0,5,Yes,Yes,Yes,TIM,MCCUE,2077644101,mccuet@sad1.org,TIM,MCCUE,2077644101,mccuet@sad1.org,TIM,MCCUE,2077644101,mccuet@sad1.org,No,Yes,Yes,www.sad1.org/policies,No,-9,Yes,No,No,Yes,No,No,Yes,Yes,0,1,82,9,Yes,-9,-9,-9,Yes,No,No,Yes,No
ME,MAINE,2310890,RSU 86/MSAD 20,28 High School Drive Suite B,Fort Fairfield,4742,No,517,7,2,Yes,Yes,Yes,TIMOTHY,DOAK,(207)473-4455,tdoak@msad20.org,TIMOTHY,DOAK,(207)473-4455,tdoak@msad20.org,TIMOTHY,DOAK,(207)473-4455,tdoak@msad20.org,No,Yes,Yes,http://www.msad20.org/index.php/en/district-links/school-board/board-policies/students-section-j,No,-9,Yes,No,No,Yes,No,No,Yes,Yes,0,0,21,0,Yes,-9,-9,-9,Yes,Yes,No,No,No
ME,MAINE,2310980,RSU 87/MSAD 23,44 Plymouth Road,Carmel,4419,No,592,0,3,Yes,Yes,Yes,LESLEY,SNYER,207-848-5173 ext. 15,lsnyer@rsu87.org,LESLEY,SNYER,207-848-5173 ext. 15,lsnyer@rsu87.org,LESLEY,SNYER,207-848-5173 ext. 15,lsnyer@rsu87.org,No,Yes,Yes,www.rsu87.org,No,-9,Yes,No,No,Yes,No,No,Yes,No,0,0,54,0,Yes,-9,-9,-9,Yes,Yes,No,No,No
ME,MAINE,2311010,RSU 88/MSAD 24,169 Main Street  Suite 101,Van Buren,4785,No,291,5,3,Yes,Yes,Yes,KELLY,DAVIS,2078685274,kdavis@msad24.org,KELLY,DAVIS,2078685274,kdavis@msad24.org,DANA,KASIAN,2078685274,dkasian@msad24.org,No,Yes,No,-9,No,-9,Yes,No,No,Yes,No,No,Yes,No,0,0,14,0,Yes,-9,-9,-9,Yes,Yes,No,No,No
ME,MAINE,2311100,MSAD 27,84 PLEASANT ST SUITE 1,Fort Kent,4743,No,836,0,3,Yes,Yes,Yes,BENJAMIN,SIROIS,(207)834-3189,benjaminsirois@sad27.org,BENJAMIN,SIROIS,(207)834-3189,benjaminsirois@sad27.org,JULIA,KELLY,(207)834-3481,juliakelly@sad27.org,No,Yes,Yes,http://www.sad27.org/policysections,No,-9,Yes,Yes,No,No,No,No,Yes,Yes,0,0,60,55,Yes,-9,-9,-9,Yes,Yes,No,No,No
ME,MAINE,2311130,RSU 28/MSAD 28,7 Lions Lane,Camden,4843,No,741,0,2,Yes,Yes,Yes,DEBRA,MCINTYRE,(207)236-4303,debra.mcintyre@fivetowns.net,DEBRA,MCINTYRE,(207)236-4303,debra.mcintyre@fivetowns.net,VALERIE,MATTES,(207)236-4303,valerie.mattes@fivetowns.net,No,Yes,Yes,http://www.fivetowns.net/sad/policy.cfm,No,-9,No,-9,-9,-9,-9,-9,-9,-9,-9,-9,-9,-9,-9,-9,-9,-9,Yes,Yes,No,No,No
ME,MAINE,2311160,RSU 29/MSAD 29,PO Box 190,Houlton,4730,No,1375,15,4,Yes,Yes,Yes,JAN,NEUREUTHER,2075383885,jan.neureuther@rsu29.org,ELLEN,HALLIDAY,2075326555,ellen.halliday@rsu29.org,JAN,NEUREUTHER,2075383885,jan.neureuther@rsu29.org,No,Yes,Yes,https://059fd30f-a-c95ba92d-s-sites.googlegroups.com/a/rsu29.org/rsu-29/district-information/rsu-29-policy-documentation/JICK-June%202013%20v2%207-26-13.pdf?attachauth=ANoY7cpJLTxw5bXZWD89xyrO1gdsYwGlhvXX5EYgzDdqRPU1gL6ZlpKIOkkV4cVp3P5YQKXjCLw3t1wkCkMvHr,No,-9,Yes,No,No,Yes,No,No,Yes,Yes,0,0,65,37,Yes,-9,-9,-9,Yes,Yes,No,No,No
ME,MAINE,2311220,RSU 30/MSAD 30,31 Winn Road,Lee,4455,No,73,40,2,Yes,Yes,Yes,THOMAS,VICAIRE,2077382866,tvacaire@msad30.org,THOMAS,VICAIRE,2077382866,tvicarie@msad30.org,CHRISTINE,BARTLETT,2077382665,cbartlett@msad30.org,No,Yes,Yes,aos90.org,Yes,No,Yes,Yes,No,No,No,No,Yes,Yes,0,0,9,15,Yes,-9,-9,-9,Yes,Yes,No,No,No
ME,MAINE,2311250,RSU 31/MSAD 31,20 Howland Road,Lagrange,4453,No,468,2,3,Yes,Yes,Yes,SUSAN,SMITHSON,207-732-3111,susan.smithson@sau31.org,SUSAN,SMITHSON,207-732-3111,susan.smithson@sau31.org,SUSAN,SMITHSON,207-732-3111,susan.smithson@sau31.org,No,Yes,Yes,https://sites.google.com/a/sau31.org/sau-31/district/board-of-directors-1/policy-handbook/j---students/bullying,No,-9,Yes,No,No,Yes,No,No,Yes,Yes,0,1,15,2,No,Yes,Yes,Yes,Yes,Yes,No,No,No
ME,MAINE,2311280,RSU 32/MSAD 32,180 Presque Isle Road,Ashland,4732,No,291,0,1,Yes,Yes,Yes,TRACY,LONG,207-435-3661,tlong@sad32.org,TRACY,LONG,207-435-3661,tlong@sad32.org,NANCY,TRUMAN,207-435-3481,ntruman@sad32.org,No,Yes,No,-9,No,-9,Yes,No,No,Yes,No,No,Yes,Yes,0,0,19,0,Yes,-9,-9,-9,Yes,Yes,No,No,No
ME,MAINE,2311310,RSU 33/MSAD 33,PO Box 9,Frenchville,4745,No,213,213,2,Yes,Yes,Yes,LISA,BERNIER,(207)543-7334,lbernier@msad33.org,LISA,BERNIER,(207)543-7334,lbernier@msad33.org,LISA,BERNIER,(207)543-7334,lbernier@msad33.org,No,Yes,Yes,www.msad33.org,No,-9,Yes,No,No,Yes,No,No,Yes,Yes,0,0,6,9,Yes,-9,-9,-9,No,-9,-9,-9,-9
ME,MAINE,2311370,RSU 35/MSAD 35,180 Depot Road,Eliot,3903,No,2300,13,5,Yes,Yes,Yes,JOHN,CAVERLY,2074392438,john.caverly@rsu35.org,JOHN,CAVERLY,2074392438,john.caverly@rsu35.org,CAROLE,SMITH,2074399197,carole.smith@rsu35.org,No,Yes,Yes,http://www.rsu35.org/wp-content/uploads/2015/03/JICK-E4-FlowChart-2013-05-15.pdf,No,-9,Yes,No,No,Yes,No,No,Yes,Yes,0,0,101,0,Yes,-9,-9,-9,Yes,Yes,No,No,No
ME,MAINE,2311430,RSU 37/MSAD 37,1020 Sacarap Road,Harrington,4643,No,676,0,4,Yes,Yes,Yes,DENISE,VOSE,207-483-2734,dvose@msad37.org,DENISE,VOSE,207-483-2734,dvose@msad37.org,DENISE,VOSE,207-483-2734,dvose@msad37.org,No,Yes,Yes,https://drive.google.com/file/d/0B6dxlOp4G8YaRlgySG5jeVdzRlE/edit,No,-9,Yes,Yes,No,No,No,No,Yes,Yes,0,0,31,2,Yes,-9,-9,-9,Yes,Yes,No,No,No
ME,MAINE,2311520,RSU 03/MSAD 03,84 School Street,Unity,4988,No,1360,19,8,Yes,Yes,Yes,JEAN,SKORAPA,207-948-6136,naej105@gmail.com,JEAN,SKORAPA,207-948-6136,naej105@gmail.com,JULIA,FLACKE,207-948-6136,sflacke@rsu3.org,No,Yes,Yes,https://drive.google.com/file/d/1pI6el0AYsljqqedra9bZTGPhNNtDMq-P/view,No,-9,Yes,Yes,No,No,No,Yes,Yes,Yes,0,1,20,44,Yes,-9,-9,-9,Yes,Yes,No,No,No
ME,MAINE,2311550,RSU 40/MSAD 40,PO Box 701,Union,4862,No,1852,13,7,Yes,Yes,Yes,STEVE,OCEAN,2078325380,steven_ocean@msad40.org,STEVE,OCEAN,2078325380,steven_ocean@msad40.org,STEVE,OCEAN,2078325380,steven_ocean@msad40.org,No,Yes,Yes,https://www.msad40.org/files/ACAA.1.16.19.pdf,No,-9,Yes,Yes,No,No,No,No,Yes,Yes,0,0,73,0,Yes,-9,-9,-9,Yes,Yes,No,No,No
ME,MAINE,2311580,RSU 41/MSAD 41,20 Howland Road,Lagrange,4453,No,636,2,4,Yes,Yes,Yes,KRISTINA,DUMOND,(207) 943-7316,kdumond@msad41.us,KRISTINA,DUMOND,(207) 943-7316,kdumond@msad41.us,LORI,PRESTRIDGE,(207) 943-7316,lprestridge@msad41.us,No,Yes,Yes,http://www.msad41.us/Central/Central/schoolboard/board.htm,No,-9,Yes,No,No,Yes,No,No,Yes,Yes,0,0,22,6,No,Yes,Yes,Yes,Yes,Yes,No,No,No
ME,MAINE,2311610,RSU 42/MSAD 42,PO Box 1006,Mars Hill,4758,No,415,8,2,Yes,Yes,Yes,SADIE,SHAW,2074252811,sshaw@sad42.us,SADIE,SHAW,2074252811,sshaw@sad42.us,KAREN,WESTON,2074298514,kweston@sad42.us,No,Yes,No,-9,No,-9,Yes,No,No,Yes,No,No,Yes,Yes,0,0,17,5,Yes,-9,-9,-9,Yes,No,No,Yes,No
ME,MAINE,2311670,RSU 44/MSAD 44,One Parkway Suite 204,Bethel,4217,No,719,2,4,Yes,Yes,Yes,CHERYL,LANG,2.08E+13,clang@sad44.org,CHERYL,LANG,2.08E+13,clang@sad44.org,KATHLEEN,COLLINS,2078242136X1360,kcollins@sad44.org,No,Yes,Yes,https://www.sad44.org/apps/pages/index.jsp?uREC_ID=299905&type=d,No,-9,Yes,Yes,No,Yes,No,Yes,Yes,Yes,0,0,15,0,Yes,-9,-9,-9,Yes,Yes,No,No,No
ME,MAINE,2311700,RSU 45/MSAD 45,33 School Street,Washburn,4786,No,289,1,2,Yes,Yes,Yes,DIANA,TRAMS,207-455-4501,dtrams@msad45.net,DIANA,TRAMS,207-455-4501,dtrams@msad45.net,DIANA,TRAMS,207-455-4501,dtrams@msad45.net,No,Yes,Yes,msad45.net/district,No,-9,Yes,No,No,Yes,No,No,Yes,No,0,0,16,0,Yes,-9,-9,-9,Yes,Yes,No,No,No
ME,MAINE,2311730,RSU 80/MSAD 04,9 Campus Drive  Drop #2,Guilford,4443,No,542,0,2,Yes,Yes,Yes,DEBORAH,MCPHAIL,207-876-3577,dmcphail@sad4.org,DEBORAH,MCPHAIL,207-876-3577,dmcphail@sad4.org,DEBORAH,MCPHAIL,207-876-3577,dmcphail@sad4.org,No,Yes,Yes,http://www.sad4.org/district/school_board/policy/a-foundations/policy-acaa-r,No,-9,Yes,No,No,Yes,No,No,Yes,No,0,0,27,0,Yes,-9,-9,-9,Yes,Yes,No,No,No
ME,MAINE,2311790,RSU 06/MSAD 06,94 Main Street,Buxton,4093,Yes,3553,0,8,Yes,Yes,Yes,MICHAEL,ROY,2079293831,ecurtis@bonnyeagle.org,MICHAEL,ROY,2079293831,mroy@bonnyeagle.org,JENNIFER,DONLON,2079293831,jdonlon@bonnyeagle.org,No,Yes,Yes,https://drive.google.com/drive/folders/0B5YvpjYR0-pFemVfOW5fbnZUNm8,No,-9,Yes,Yes,No,No,No,No,Yes,Yes,0,2,29,0,Yes,-9,-9,-9,Yes,Yes,No,No,No
ME,MAINE,2311820,RSU 07/MSAD 07,93 Pulpit Harbor Road,North Haven,4853,No,64,0,1,Yes,Yes,Yes,BOB,ENGLAND,2078674707,bengland@nhcshawks.org,BOB,ENGLAND,2078674707,bengland@nhcshawks.org,BOB,ENGLAND,2078674707,bengland@nhcshawks.org,No,Yes,Yes,https://drive.google.com/drive/folders/1sF4RxEkBmNV48oyJvg8Ro2BceR1l9XX-,No,-9,No,-9,-9,-9,-9,-9,-9,-9,-9,-9,-9,-9,-9,-9,-9,-9,Yes,Yes,No,No,No
ME,MAINE,2311850,RSU 08/MSAD 08,22 Arcola Lane,Vinalhaven,4863,No,172,0,1,Yes,Yes,Yes,ROY,CRAWFORD,(207)863-4800,rcrawford@vinalhavenschool.org,ROY,CRAWFORD,(207)863-4800,rcrawford@vinalhavenschool.org,ROY,CRAWFORD,(207)863-4800,rcrawford@vinalhavenschool.org,No,Yes,Yes,www.vinalhavenschool.org,No,-9,Yes,No,No,Yes,No,No,Yes,Yes,0,0,12,0,Yes,-9,-9,-9,Yes,Yes,No,No,No
ME,MAINE,2311910,MSAD 76,PO Box 60,Mount Desert,4660,No,34,0,1,Yes,Yes,Yes,JULIE,MELTZER,207-288-5049,jmeltzer@mdirss.org,JULIE,MELTZER,207-288-5049,jmeltzer@mdirss.org,MELISSA,BECKWITH,207-288-5049,mbeckwith@mdirss.org,No,Yes,Yes,http://www.mdirss.org/school-boards/board-policies,No,-9,No,-9,-9,-9,-9,-9,-9,-9,-9,-9,-9,-9,-9,-9,-9,-9,Yes,Yes,No,No,No
ME,MAINE,2312100,Education in Unorganized Terr,23 State House Sta--DOE,Augusta,4333,No,103,0,3,Yes,Yes,Yes,SHELLEY,LANE,2075922452,Shelley.b.lane@maine.gov,SHELLEY,LANE,2075922454,Shelley.b.lane@maien.gov,SHELLEY,LANE,2075922452,"Shelley.,b.lane@maine.gov",No,Yes,No,-9,No,-9,No,-9,-9,-9,-9,-9,-9,-9,-9,-9,-9,-9,-9,-9,-9,-9,Yes,Yes,No,Yes,No
ME,MAINE,2312140,Sedgwick Public Schools,272 Snow's Cove Rd.,Sedgwick,4676,No,105,1,1,Yes,Yes,Yes,KATHLEEN,GLENNON,2073489100,kglennon@su76.org,KATHLEEN,GLENNON,2073489100,kglennon@su76.org,KATHLEEN,GLENNON,2073489100,kglennon@su76.org,Yes,Yes,Yes,https://drive.google.com/drive/folders/0B_eF-X6-zfHMd1o3c3h0SUktVFE,No,-9,Yes,Yes,Yes,Yes,Yes,No,Yes,Yes,0,0,12,7,Yes,-9,-9,-9,No,-9,-9,-9,-9
ME,MAINE,2312300,South Bristol Public Schools,2024 State Route 129,South Bristol,4568,No,65,0,1,Yes,Yes,Yes,SUE,FOSSETT,207-563-3044,sfossett@aos93.org,SUE,FOSSETT,207-563-3044,sfossett@aos93.org,SUE,FOSSETT,207-563-3044,sfossett@aos93.org,No,Yes,Yes,https://docs.google.com/document/d/1A8jLvOOfaxKNzx3d9koZPHm-HTrzkQa-e_DsYCUt3Ec/edit,No,-9,No,-9,-9,-9,-9,-9,-9,-9,-9,-9,-9,-9,-9,-9,-9,-9,Yes,Yes,No,No,No
ME,MAINE,2312330,South Portland Public Schools,130 Wescott Road,South Portland,4106,No,3130,0,8,Yes,No,Yes,KATHLEEN,COX,207-871-0555,coxk@spsdme.org,-9,-9,-9,-9,KATHY,GERMANI,207-871-0555,germanka@spsdme.org,No,Yes,Yes,https://www.spsd.org/board/policy-book,No,-9,Yes,Yes,No,No,No,No,Yes,Yes,0,0,24,12,Yes,-9,-9,-9,Yes,Yes,No,No,No
ME,MAINE,2312360,Southport Public Schools,51 Emery Lane,Boothbay Harbor,4538,No,28,1,1,Yes,Yes,Yes,LISA,CLARKE,2076333132,lclarke@aos98schools.org,LISA,CLARKE,2076333132,lclarke@aos98schools.org,LISA,SMITH,2076335097,lsmith@aos98schools.org,No,Yes,No,-9,No,-9,Yes,No,No,Yes,No,Yes,Yes,Yes,0,0,0,0,Yes,-9,-9,-9,Yes,Yes,No,No,No
ME,MAINE,2312390,Southwest Harbor Public Schools,PO Box 60,Mount Desert,4660,No,134,0,1,Yes,Yes,Yes,JULIE,MELTZER,207-288-5040,jmeltzer@mdirss.org,JULIE,MELTZER,207-288-5040,jmeltzer@mdirss.org,MELISSA,BECKWITH,207-288-5040,mbeckwith@mdirss.org,No,Yes,Yes,http://www.mdirss.org/school-boards/board-policies,No,-9,No,-9,-9,-9,-9,-9,-9,-9,-9,-9,-9,-9,-9,-9,-9,-9,Yes,Yes,No,No,No
ME,MAINE,2312750,Surry Public Schools,PO Box 630,Blue Hill,4614,No,127,0,1,Yes,Yes,Yes,MARK,HURVITT,(207)3749927,mhurvitt@schoolunion93.org,MARK,HURVITT,(207)374-9927,mhurvitt@schoolunion93.org,MARK,HURVITT,(207)374-9927,mhurvitt@schoolunion93.org,No,Yes,Yes,https://drive.google.com/file/d/1RsFV21n7A6TMzDAc3h30bsvr-DfUWoCG/view,No,-9,Yes,Yes,No,No,No,No,Yes,No,0,0,12,0,Yes,-9,-9,-9,Yes,Yes,No,No,No
ME,MAINE,2312960,Tremont Public Schools,PO Box 60,Mount Desert,4660,No,125,0,1,Yes,Yes,Yes,JULIE,MELTZER,207-288-5040,jmeltzer@mdirss.org,JULIE,MELTZER,207-288-5040,jmeltzer@mdirss.org,MELISSA,BECKWITH,207-288-5040,mbeckwith@mdirss.org,No,Yes,Yes,http://www.mdirss.org/school-boards/board-policies,No,-9,No,-9,-9,-9,-9,-9,-9,-9,-9,-9,-9,-9,-9,-9,-9,-9,Yes,Yes,No,No,No
ME,MAINE,2312980,Trenton Public Schools,PO Box 60,Mount Desert,4660,No,120,0,1,Yes,Yes,Yes,JULIE,MELTZER,207-288-5049,jmeltzer@mdirss.org,JULIE,MELTZER,207-288-5049,jmeltzer@mdirss.org,MELISSA,BECKWITH,207-288-5049,mbeckwith@mdirss.org,No,Yes,Yes,http://www.mdirss.org/school-boards/board-policies,No,-9,No,-9,-9,-9,-9,-9,-9,-9,-9,-9,-9,-9,-9,-9,-9,-9,Yes,Yes,No,No,No
ME,MAINE,2313110,Vassalboro Public Schools,1116 Webber Pond Rd,Vassalboro,4989,No,414,0,1,Yes,Yes,Yes,FLOYD,WYGANT,2078734281,fwygant@aos92.org,FLOYD,WYGANT,2078734281,fwygant@aos92.org,ANNE,MCAULIFF,2078734281,amcauliff@aos92.org,No,Yes,Yes,https://drive.google.com/drive/folders/0B5vdxH860CwlVXBLeFhFRXFyMVk,No,-9,Yes,Yes,No,No,No,No,Yes,Yes,0,0,16,0,No,Yes,Yes,Yes,Yes,Yes,No,No,No
ME,MAINE,2313140,Veazie Public Schools,1040 school street,Veazie,4401,No,138,0,1,Yes,Yes,Yes,MATTHEW,CYR,207-947-6573,mcyr@veaziecs.org,MATTHEW,CYR,207-947-6573,mcyr@veaziecs.org,MATTHEW,CYR,207-947-6573,mcyr@veaziecs.org,No,Yes,Yes,http://veazieme.apptegy.us/o/veazie-community-school/browse/31569,No,-9,Yes,Yes,No,No,No,No,Yes,Yes,0,0,16,0,Yes,-9,-9,-9,Yes,Yes,No,No,No
ME,MAINE,2313350,Waterville Public Schools,25 Messalonskee Avenue,Waterville,4901,No,1788,4,4,Yes,Yes,Yes,FLOYD,WYGANT,2078734281,fwygant@aos92.org,FLOYD,WYGANT,2078734281,fwygant@aos92.org,FLOYD,WYGANT,2078734281,fwygant@aos92.org,No,Yes,Yes,https://drive.google.com/file/d/1O7vIWv-5LhIvJEvjqjNfJUzsbK1lqE8K/view,No,-9,Yes,No,No,No,Yes,No,Yes,Yes,0,0,98,1,No,No,No,Yes,Yes,Yes,No,No,No
ME,MAINE,2313490,Wells-Ogunquit CSD,1460 Post Road,Wells,4090,No,1273,0,3,Yes,Yes,Yes,ED,MCDONOUGH,2076468331,emcdonough@wocsd.org,ED,MCDONOUGH,2076468331,emcdonough@wocsd.org,STACEY,SCHATZABEL,2076468331,sschatzabel@wocsd.org,No,Yes,Yes,http://www.k12wocsd.net/school-committee/policies-2,No,-9,No,-9,-9,-9,-9,-9,-9,-9,-9,-9,-9,-9,-9,-9,-9,-9,Yes,Yes,No,No,No
ME,MAINE,2313500,Wesley Public Schools,291 Court Street,Machias,4654,No,7,0,1,Yes,Yes,Yes,MITCHELL,LOOK,2072556585,mlook@aos96.org,MITCHELL,LOOK,2072556585,mlook@aos96.org,MITCHELL,LOOK,2072556585,mlook@aos96.org,No,Yes,Yes,http://www.aos96.org/staff.htm,No,-9,No,-9,-9,-9,-9,-9,-9,-9,-9,-9,-9,-9,-9,-9,-9,-9,No,-9,-9,-9,-9
ME,MAINE,2313530,West Bath Public Schools,126 New Meadows Road,West Bath,4530,No,130,0,1,Yes,Yes,Yes,EMILY,THOMPSON,2074439145,ethompson@westbathschool.org,EMILY,THOMPSON,2074439145,ethompson@westbathschool.org,SARA,HELMAN,2074449145,shelman@westbathschool.org,No,Yes,Yes,http://westbathschool.org/wp-content/uploads/2018/06/jick-bullying.pdf,No,-9,Yes,No,No,Yes,No,No,Yes,Yes,0,0,6,0,No,Yes,Yes,Yes,Yes,Yes,No,No,No
ME,MAINE,2313560,Westbrook Public Schools,117 Stroudwater Street,Westbrook,4092,No,2496,16,5,Yes,Yes,Yes,KATHRYN,HERSOM,(207) 591-6033,hersomk@westbrookschools.org,KATHRYN,HERSOM,(207) 591-6033,hersomk@westbrookschools.org,KATHRYN,HERSOM,(207) 591-6033,hersomk@westbrookschools.org,No,Yes,Yes,https://drive.google.com/file/d/0BwlmBCNfsIP7ZURSNzg1V2RSQWc/view,No,-9,Yes,No,No,Yes,No,No,Yes,No,0,0,43,0,No,No,No,Yes,Yes,Yes,No,No,No
ME,MAINE,2313860,Winslow Schools,20 Dean St,Winslow,4901,No,1181,5,3,Yes,Yes,Yes,FLYOD,WYGANT,2078734281,fwygant@aos92.org,FLYOD,WYGANT,2078734281,fwygant@aos92.org,FLYOD,WYGANT,2078734281,fwygant@aos92.org,No,Yes,Yes,https://drive.google.com/file/d/13R3dYcKXzr_FziVXIpPyt9-DFRfx_1se/view,No,-9,Yes,Yes,No,No,No,No,Yes,Yes,0,0,13,0,No,No,No,Yes,Yes,Yes,No,No,No
ME,MAINE,2313970,Winthrop Public Schools,17A Highland Avenue,Winthrop,4364,No,889,0,3,Yes,Yes,Yes,LAURIE,LEMIEUX,2073772296,llemieux@winthropschools.org,LAURIE,LEMIEUX,2073772296,llemieux@winthropschools.org,LAURIE,LEMIEUX,2073772241,llemieux@winthropschools.org,No,Yes,Yes,https://www.winthropschools.org/school-committee/policy-manual,No,-9,Yes,No,No,Yes,No,No,Yes,No,0,4,42,0,Yes,-9,-9,-9,Yes,Yes,No,No,No
ME,MAINE,2313980,Wiscasset Public Schools,225 Gardiner Road,Wiscasset,4578,No,517,2,2,Yes,Yes,Yes,TERRY,WOOD,207-882-4104,twood@wiscassetschools.org,TERRY,WOOD,207-882-4104,twood@wiscasetschools.org,SUSAN,PRINCE,207-882-7722,sprince@wiscassetschools.org,No,Yes,Yes,https://docs.google.com/document/d/1G36VmZMnfMEfN0kB2BBOtPnTVj6ZLQb4_hnNYIgc3tY/edit,No,-9,Yes,Yes,No,Yes,No,No,Yes,Yes,0,0,16,0,Yes,-9,-9,-9,Yes,Yes,No,No,No
ME,MAINE,2314010,Woodland Public Schools,843 Woodland Ctr Rd Ste 3,Woodland,4736,No,146,0,1,Yes,Yes,Yes,KARLA,MICHAUD,2074988436,karla.michaud@schoolunion122.net,KARLA,MICHAUD,2074988436,karla.michaud@schoolunion122.net,KARLA,MICHAUD,2074988436,karla.michaud@schoolunion122.net,No,Yes,Yes,https://docs.google.com/document/d/1KUMIv7kv7roRxUE4u7vH75FHxY1Z5JXmNOq0-XPYXkU/edit,No,-9,Yes,Yes,No,No,No,Yes,Yes,Yes,0,0,13,2,Yes,-9,-9,-9,Yes,Yes,No,No,No
ME,MAINE,2314100,Yarmouth Schools,101 McCartney Street,Yarmouth,4096,No,1625,2,4,Yes,Yes,Yes,JODI,MCGUIRE,(207)846-5586,jodi_mcguire@yarmouthschools.org,JODI,MCGUIRE,(207)846-5586,jodi_mcguire@yarmouthschools.org,JODI,MCGUIRE,(207)846-5586,jodi_mcguire@yarmouthschools.org,No,Yes,Yes,https://sites.google.com/a/yarmouthschools.org/policymanual/policy-manual/j---students/jick-bullying,No,-9,No,-9,-9,-9,-9,-9,-9,-9,-9,-9,-9,-9,-9,-9,-9,-9,Yes,Yes,No,No,No
ME,MAINE,2314130,York Public Schools,469 U.S. Route 1,York,3909,No,1739,0,4,Yes,Yes,Yes,ANITA,BERNHARDT,(207)363-3403 x20121,abernhardt@yorkschools.org,ANITA,BERNHARDT,(207)363-3403 x20121,abernhardt@yorkschools.org,ERIN,FRAZIER,(207)363-3403 x10028,efrazier@yorkschools.org,No,Yes,Yes,https://drive.google.com/file/d/1b7PoL8IhjCZkggt8CEFdqWmcIEPpo7nj/view,No,-9,No,-9,-9,-9,-9,-9,-9,-9,-9,-9,-9,-9,-9,-9,-9,-9,Yes,Yes,No,No,No
ME,MAINE,2314160,RSU 52/MSAD 52,486 Turner Center Road,Turner,4282,No,1945,16,6,Yes,Yes,Yes,HEIDI,POULIN,207-225-1100,heidi.pouin@msad52.org,RAZELL,WARD,207-225-1000,azell.ward@msad52.org,REBEKAH,DRYSDALE,207-225-1000,rebekah.drysdale@msad52.org,No,Yes,Yes,http://www.msad52.org/policies/j,No,-9,Yes,Yes,No,No,No,Yes,Yes,Yes,0,3,108,10,Yes,-9,-9,-9,Yes,Yes,No,No,No
ME,MAINE,2314190,RSU 55/MSAD 55,137 South Hiram Road,Hiram,4041,No,1056,1,3,Yes,Yes,Yes,BETSY,ORR,(207)625-2450,borr@sad55.org,BETSY,ORR,(207)625-2450,borr@sad55.org,BETSY,ORR,(207)625-2450,borr@sad55.org,No,Yes,Yes,www.sad55.org/policies,No,-9,Yes,Yes,No,No,No,No,Yes,No,0,0,32,0,No,Yes,Yes,Yes,Yes,Yes,No,No,No
ME,MAINE,2314210,RSU 61/MSAD 61,900 Portland Road,Bridgton,4009,No,2097,12,6,Yes,Yes,Yes,KIRSTEN,GOFF,(207) 787-3701,kgoff@sebagolearners.org,PAT,HAYDEN,(207) 647-3048,pat.hayden@lakeregionschools.org,KIRSTEN,GOFF,(207) 787-3701,kgoff@sebagolearners.org,No,Yes,Yes,https://drive.google.com/file/d/0B6SZ_lkJ9gbRRjNpLU43dlFrODA/view,No,-9,No,-9,-9,-9,-9,-9,-9,-9,-9,-9,-9,-9,-9,-9,-9,-9,Yes,Yes,No,No,No
ME,MAINE,2314240,RSU 51/MSAD 51,PO Box 6A,Cumberland,4021,No,2043,1,4,Yes,Yes,Yes,DAVID,SHAPIRO,207-829-4809,dshapiro@msad51.org,SCOTT,POULIN,207-829-4800,spoulin@msad51.org,SCOTT,POULIN,207-829-4800,spoulin@msad51.org,No,Yes,Yes,https://docs.google.com/document/d/1WoICTvIdDQd0iHn5Oj58KpD8qUeBWmjH_pQM60LhVIE/edit,No,-9,No,-9,-9,-9,-9,-9,-9,-9,-9,-9,-9,-9,-9,-9,-9,-9,Yes,Yes,No,No,No
ME,MAINE,2314300,RSU 58/MSAD 58,1401 Rangeley Road,Phillips,4966,No,658,0,4,Yes,Yes,Yes,MICHEAL,ELLIS,(207)678-2701,mellis@msad58.org,MICHEAL,ELLIS,(207)678-2701,mellis@msad58.org,MICHEAL,ELLIS,(207)678-2701,mellis@msad58.org,No,Yes,Yes,https://docs.google.com/document/d/1XMowYTUI03b7UpR3ub5KnY2w_wWTDMPu8JjMiJlp0XA,No,-9,No,-9,-9,-9,-9,-9,-9,-9,-9,-9,-9,-9,-9,-9,-9,-9,Yes,Yes,No,No,No
ME,MAINE,2314330,RSU 49/MSAD 49,8 School Street,Fairfield,4937,No,2059,2,6,Yes,Yes,Yes,DAVID,PACKARD,207-453-4200 x2250,dpackard@msad49.orgh,ROBERTA,HERSOM,207-453-4200 x3102,rhersom@msad49.org,ROBERTA,HERSOM,207-453-4200 x3102,rhersom@msad49.org,No,Yes,Yes,https://core-docs.s3.amazonaws.com/documents/asset/uploaded_file/300928/AC_Nondiscrimination.pdf,Yes,No,Yes,No,No,Yes,No,Yes,Yes,Yes,0,14,54,0,Yes,-9,-9,-9,Yes,Yes,No,No,No
ME,MAINE,2314410,RSU 65/MSAD 65,PO Box 194,Matinicus,4851,No,2,0,1,Yes,Yes,Yes,LEWIS,COLLINS,2079318780,lewcol@gmail.com,LEWIS,COLLINS,2079318780,lewcol@gmail.com,LEWIS,COLLINS,2079318780,lewcol@gmail.com,No,Yes,No,-9,No,-9,No,-9,-9,-9,-9,-9,-9,-9,-9,-9,-9,-9,-9,-9,-9,-9,Yes,Yes,No,No,No
ME,MAINE,2314440,RSU 64/MSAD 64,PO Box 279,East Corinth,4427,No,1043,52,3,Yes,Yes,Yes,CAROL,GRANT,(207)285-3334,carolgrant@rsu64schools.org,CAROL,GRANT,(207)285-3334,carolgrant@rsu64schools.org,RILEY,DONOVAN,(207)285-4341,rdonovan@rsu64schools.org,No,Yes,Yes,https://rsu64schools.org/school-board/policies-and-information/,No,-9,Yes,Yes,No,No,No,No,Yes,No,0,0,52,0,Yes,-9,-9,-9,Yes,Yes,No,No,No
ME,MAINE,2314470,RSU 63/MSAD 63,202 Kidder Hill Road,Holden,4429,No,534,0,3,Yes,Yes,Yes,JESSE,GAUTHIER,2078430702,jgauthier@rsu63.org,JESSE,GAUTHIER,2078430702,jgauthier@rsu63.org,JESSE,GAUTHIER,2078430702,jgauthier@rsu63.org,No,Yes,Yes,www.rsu63.org,No,-9,Yes,No,No,Yes,No,No,Yes,Yes,0,0,31,1,Yes,-9,-9,-9,Yes,Yes,No,No,No
ME,MAINE,2314530,MSAD 46,175 Fern Road Suite 1,Dexter,4930,No,1051,0,3,Yes,Yes,Yes,SANDRA,EMERSON,2079246000,semerson@aos94.org,SANDRA,EMERSON,2079246000,semerson@aos94.org,LUCY,MALLAR,2079246000,lmallar@aos94.org,No,Yes,Yes,www.aos94.org,No,-9,Yes,No,No,Yes,No,No,Yes,Yes,0,0,30,61,Yes,-9,-9,-9,Yes,Yes,No,No,No
ME,MAINE,2314560,RSU 59/MSAD 59,205 Main Street,Madison,4950,No,641,2,3,Yes,Yes,Yes,BRANDY,HILL,2076963381,brandy.hill@msad59.org,SCOTT,MITCHELL,2076964607,scott.mitchell@msad59.org,SCOTT,MITCHELL,2076964607,scott.mitchell@msad59.org,No,Yes,Yes,https://www.sad59.k12.me.us/download_file/force/407/302,No,-9,Yes,No,No,Yes,No,No,No,No,0,0,23,1,Yes,-9,-9,-9,Yes,No,No,Yes,No
ME,MAINE,2314590,RSU 54/MSAD 54,196 West Front Street,Skowhegan,4976,No,2437,0,7,Yes,Yes,Yes,JONATHAN,MOODY,(207)474-9508,jmoody@msad54.org,JONATHAN,MOODY,(207)474-9508,jmoody@msad54.org,JONATHAN,MOODY,(207)474-9508,jmoody@msad54.org,No,Yes,Yes,http://www.msad54.org/district/SchoolBoardPolicies/policies.shtml#j,No,-9,Yes,No,No,No,No,Yes,Yes,Yes,0,8,80,0,Yes,-9,-9,-9,Yes,Yes,No,No,No
ME,MAINE,2314610,RSU 53/MSAD 53,167 School St.  Suite A,Pittsfield,4967,No,702,0,4,Yes,Yes,Yes,JASON,TARDY,(207)487-5107,jtardy@msad53.org,JASON,TARDY,(207)487-5107,jtardy@msad53.org,JASON,TARDY,(207)487-5107,jtardy@msad53.org,No,Yes,Yes,https://drive.google.com/drive/folders/0B29kA534TvVOSDQyX3QwYlpOXzg,No,-9,Yes,No,No,Yes,No,No,Yes,Yes,0,0,44,1,Yes,-9,-9,-9,Yes,Yes,No,No,No
ME,MAINE,2314670,RSU 57/MSAD 57,86 West Road,Waterboro,4087,No,3015,0,7,Yes,Yes,Yes,MARK,FISHER,2072476121,markfisher@rsu57.org,MARK,FISHER,2072476121,markfisher@rsu57.org,TIMOTHY,O'CONNOR,2072473221,timothyoconnor@rsu57.org,No,Yes,Yes,https://06a52805-a-ffd64f0e-s-sites.googlegroups.com/a/rsu57.org/practice1/home/policies2/jpolicies/JICK%20-%20Bullying%20.pdf?attachauth=ANoY7cq51qfF5B3hwv66XulFQKtUp25Vq3Eu9-huYjtJ-gmNOfYDa10LdcOC3T,No,-9,Yes,No,No,Yes,No,Yes,Yes,Yes,0,2,62,0,Yes,-9,-9,-9,Yes,Yes,No,No,No
ME,MAINE,2314700,RSU 60/MSAD 60,PO Box 819,North Berwick,3906,No,3048,102,5,Yes,Yes,Yes,SUSAN,AUSTIN,(207)676-2234x101,susan.austin@msad60.org,SUSAN,AUSTIN,(207)676-2234x101,susan.austin@msad60.org,SUSAN,AUSTIN,(207)676-2234x101,susan.austin@msad60.org,No,Yes,Yes,https://docs.google.com/document/d/1aVXEOibW40jwHsVCW5hVeeD5lnMWzGBwiwWKi58D34M,No,-9,No,-9,-9,-9,-9,-9,-9,-9,-9,-9,-9,-9,-9,-9,-9,-9,Yes,Yes,No,No,No
ME,MAINE,2314761,RSU 68/MSAD 68,63 Harrison Avenue  Suite C,Dover-Foxcroft,4426,No,721,0,2,Yes,Yes,Yes,JENNIFER,NOKE,207-564-6535,jnoke@sedomocha.org,JENNIFER,NOKE,207-564-6535,jnoke@sedomocha.org,SUSAN,WATSON,207-564-6535,swatson@sedomocha.org,No,Yes,Yes,www2.sedomocha.org/Policy/JICK.pdf,No,-9,Yes,No,No,Yes,No,No,Yes,No,0,0,34,0,Yes,-9,-9,-9,Yes,Yes,No,No,No
ME,MAINE,2314762,RSU 70/MSAD 70,175 Hodgdon Mills Road,Hodgdon,4730,No,500,1,2,Yes,Yes,Yes,MARY,HARBISON,2075323015,maryharbison@msad70.org,MARY,HARBISON,2075323015,maryharbison@msad70.org,MARY,HARBISON,2075323015,maryharbison@msad70.org,No,Yes,Yes,www.msad70.org,No,-9,Yes,No,No,Yes,No,No,Yes,Yes,0,0,29,5,Yes,-9,-9,-9,Yes,Yes,No,No,No
ME,MAINE,2314765,RSU 72/MSAD 72,25 Molly Ockett Drive,Fryeburg,4037,No,724,4,3,Yes,Yes,Yes,EMILY,KIRKPATRICK,(207)935-2401,emily.kirkpatrick@msad72.org,EMILY,KIRKPATRICK,(207)935-2401,emily.kirkpatrick@msad72.org,EMILY,KIRKPATRICK,(207)935-2401,emily.kirkpatrick@msad72.org,No,Yes,Yes,www.msad72.org,No,-9,No,-9,-9,-9,-9,-9,-9,-9,-9,-9,-9,-9,-9,-9,-9,-9,Yes,Yes,No,No,No
ME,MAINE,2314767,RSU 74/MSAD 74,PO BOX 219,North Anson,4958,No,639,0,4,Yes,Yes,Yes,MICHAEL,TRACY,(207)635-2727 x 1,mtracy@carrabec.org,MICHAEL,TRACY,(207)635-2727 x1,mtracy@carrabec.org,MICHAEL,TRACY,(207)635-2727 x1,mtracy@carrabec.org,No,Yes,Yes,http://www.carrabec.org/board-district-information/policies,No,-9,Yes,Yes,No,No,No,Yes,Yes,No,0,2,29,0,Yes,-9,-9,-9,Yes,Yes,No,No,No
ME,MAINE,2314768,RSU 75/MSAD 75,50 Republic Avenue,Topsham,4086,No,2514,0,7,Yes,Yes,Yes,DEBRA,ANDERSON,207-729-9961 x270,andersond@link75.org,DEBRA,ANDERSON,207-729-9961 x270,andersond@link75.org,HEIDI,O'LEARY,207-729-9961 x240,olearyh@link75.org,No,Yes,Yes,http://www.link75.org/cms/One.aspx?portalId=500680&pageId=682082,No,-9,No,-9,-9,-9,-9,-9,-9,-9,-9,-9,-9,-9,-9,-9,-9,-9,Yes,Yes,No,No,No
ME,MAINE,2314771,Chebeague Island Public Schools,14 School House Road,Chebeague Island,4017,No,28,1,1,Yes,Yes,Yes,MICHAEL,PULSIFER,207-846-4162,mpulsifer@chebeague.net,MICHAEL,PULSIFER,207-846-4162,mpulsifer@chebeague.net,MICHAEL,PULSIFER,207-846-4162,mpulsifer@chebeaue.net,No,Yes,Yes,www.chebeagueislandschool.net,No,-9,Yes,No,No,Yes,No,No,Yes,Yes,0,0,3,3,Yes,-9,-9,-9,Yes,Yes,No,No,No
ME,MAINE,2314772,RSU 01 - LKRSU,34 Wing Farm Parkway,Bath,4530,No,1889,7,6,Yes,Yes,Yes,PAM,DOE,2074438270,pdoe@rsu1.org,PAM,DOE,2074438270,pdoe@rsu1.org,PAM,DOE,2074438270,pdoe@rsu1.org,No,Yes,Yes,http://www.rsu1.org/userfiles/3/my%20files/board%20policies/section%20a/acaa%20harassment%20and%20sexual%20harassment%20of%20students.pdf?id=547023,No,-9,Yes,No,No,Yes,No,No,Yes,No,0,0,83,0,Yes,-9,-9,-9,Yes,Yes,No,No,No
ME,MAINE,2314773,RSU 21,177 Alewive Road,Kennebunk,4043,No,2340,210,6,Yes,Yes,Yes,PHILLIP,POTENZIANO,207-985-1100,ppotenziano@rsu21.net,PHILLIP,POTENZIANO,207-985-1100,ppotenziano@rsu21.net,WENDY,THOMPSON,207-985-3960,wthompson@rsu21.net,No,Yes,Yes,https://sites.google.com/a/rsu21.net/rsu-21-policy-manual/home,No,-9,No,-9,-9,-9,-9,-9,-9,-9,-9,-9,-9,-9,-9,-9,-9,-9,Yes,Yes,No,No,No
ME,MAINE,2314775,RSU 16,3 Aggregate Road,Poland,4274,No,1697,0,5,Yes,Yes,Yes,TINA,MESERVE,(207)998-2727 X103,tmeserve@rsu16.org,TINA,MESERVE,(207)998-2727 X103,tmeserve@rsu16.org,TINA,MESERVE,(207)998-2727 X103,tmeserve@rsu16.org,No,Yes,Yes,https://campussuite-storage.s3.amazonaws.com/prod/1558570/1085d6b2-9039-11e8-87e1-0a08c276a912/1828200/87e4e600-bb6b-11e8-bb5a-0a918cf1cc82/file/JICK-DOE_Bullying_and_Cyberbullying_in_Schools.pdf,No,-9,Yes,No,No,Yes,No,No,Yes,No,0,0,98,0,No,No,No,No,Yes,Yes,No,No,No
ME,MAINE,2314776,RSU 02,7 Reed Street,Hallowell,4347,No,2073,6,9,Yes,Yes,Yes,WILLIAM,ZIMA,(207)622-6351 x410,bzima@kidsrsu.org,MATTHEW,SHEA,(207)622-6351 x424,mshea@kidsrsu.org,DEBORA,EMERY,(207)622-6351 x416,demery@kidsrsu.org,No,Yes,Yes,www.kidsrsu.org,No,-9,Yes,No,No,Yes,No,No,Yes,Yes,0,0,82,2,Yes,-9,-9,-9,Yes,Yes,No,No,No
ME,MAINE,2314777,RSU 67,25 Reed Drive,Lincoln,4457,No,947,0,3,Yes,Yes,Yes,SARAH,HAINER,207-794-8935,shainer@rsu67.org,GAY,MCDONALD,207-794-6500,gmcdonald@rsu67.org,GAY,MCDONALD,207-794-6500,gmcdonald@rsu67.org,No,Yes,Yes,https://core-docs.s3.amazonaws.com/documents/asset/uploaded_file/279675/JICK_Bullying_and_Cyberbullying_Prevention_in_Schools.pdf,No,-9,Yes,No,No,Yes,No,No,Yes,No,0,0,46,0,Yes,-9,-9,-9,Yes,Yes,No,No,No
ME,MAINE,2314778,RSU 26,10 Goodrige Drive,Orono,4473,No,785,25,3,Yes,Yes,Yes,SHARON,BRADY,207-866-7110 x106,sbrady@rsu26.org,SHARON,BRADY,207-866-7110 x106,sbrady@rsu26.org,SHARON,BRADY,207-866-7110 x106,sbrady@rsu26.org,No,Yes,Yes,https://www.rsu26.org/district-school-board/district-policies/,No,-9,Yes,No,No,Yes,No,No,Yes,Yes,0,0,20,4,Yes,-9,-9,-9,Yes,Yes,No,No,No
ME,MAINE,2314779,RSU 18,41 Heath Street,Oakland,4963,Yes,2664,0,8,Yes,Yes,Yes,CARL,GARTLEY,(207)465-7384,cgartley@rsu18.org,JENNIFER,MCGEE,(207)465-3411,jmcgee@rsu18.org,CHERYL,MERCIER,(207)465-7384,cmercier@rsu18.org,No,Yes,Yes,https://drive.google.com/drive/folders/0B3ymmyoPDGgld3VETjB0WG1MUHM,No,-9,Yes,No,No,Yes,No,No,Yes,Yes,0,6,88,1,Yes,-9,-9,-9,Yes,Yes,No,No,No
ME,MAINE,2314780,RSU 12,665 Patricktown Road,Somerville,4348,No,961,0,5,Yes,Yes,Yes,DELIA,DEARNLEY,(207)549-1010,ddearnley@svrsu.org,DELIA,DEARNLEY,(207)549-1010,ddearnley@svrsu.org,DELIA,DEARNLEY,(207)549-1010,ddearnley@svrsu.org,No,Yes,Yes,svrsu.org/policies,No,-9,Yes,Yes,No,No,No,Yes,Yes,Yes,0,3,60,0,Yes,-9,-9,-9,Yes,Yes,No,No,No
ME,MAINE,2314782,RSU 34,156 Oak Street,Old Town,4468,No,1574,7,5,Yes,Yes,Yes,SCOTT,GORDON,2078273921,scott.gordon@rsu34.org,SCOTT,GORDON,2078273921,scott.gordon@rsu34.org,KIMM,KENNISTON,2078273921,kimm.kenniston@rsu34.org,No,Yes,Yes,http://tinyurl.com/y4aalvy4,No,-9,Yes,No,No,Yes,No,No,Yes,No,0,0,46,0,Yes,-9,-9,-9,Yes,Yes,No,No,No
ME,MAINE,2314783,RSU 04,971 Gardiner Road,Wales,4280,No,1476,0,5,Yes,Yes,Yes,EMILY,BLEY,(207)395-4950,EMILY.BLEY@RSU4.ORG,EMILY,BLEY,(207)395-4950,EMILY.BLEY@RSU4.ORG,EMILY,BLEY,(207)395-4950,EMILY.BLEY@RSU4.ORG,No,Yes,Yes,www.rsu4.org,No,-9,Yes,No,No,Yes,No,No,Yes,No,0,0,92,0,Yes,-9,-9,-9,Yes,Yes,No,No,No
ME,MAINE,2314784,RSU 23,40 E. Emerson Cummings Blvd,Old Orchard Beach,4064,No,775,3,3,Yes,Yes,Yes,BARBARA,FLETCHER,207-934-4848,bfletcher@rsu23.org,BARBARA,FLETCHER,207-934-4848,bfletcher@rsu23.org,ELIZABETH,KING,207-934-5751,eking@rsu23.org,No,Yes,Yes,http://rsu23.org/wp-content/uploads/2018/03/ACAA-Harassment-and-Sexual-Harassment-of-Students.pdf,No,-9,Yes,Yes,No,No,No,No,Yes,Yes,0,0,28,2,No,Yes,Yes,Yes,Yes,Yes,No,No,No
ME,MAINE,2314785,RSU 19,PO Box 40,Newport,4953,No,2019,0,7,Yes,Yes,Yes,BRANDY,GRASS,(207)368-5091,bgrass@rsu19.net,BRANDY,GRASS,(207)368-5091,bgrass@rsu19.net,BRANDY,GRASS,(207)368-5091,bgrass@rsu19.net,No,Yes,Yes,www.rsu19.org,No,-9,No,-9,-9,-9,-9,-9,-9,-9,-9,-9,-9,-9,-9,-9,-9,-9,Yes,Yes,No,No,No
ME,MAINE,2314787,RSU 13,28 Lincoln Street,Rockland,4841,No,1576,7,7,Yes,Yes,Yes,JOHN,MCDONALD,(207)596-6620,jmcdonald@rsu13.org,JOHN,MCDONALD,(207)596-6620,jmcdonald@rsu13.org,JOHN,MCDONALD,(207)596-6620,jmcdonald@rsu13.org,No,Yes,Yes,http://www.rsu13.org/Table%20of%20Contents,No,-9,Yes,Yes,No,No,No,No,Yes,No,0,0,65,0,No,Yes,Yes,Yes,Yes,Yes,No,No,No
ME,MAINE,2314788,RSU 38,45 Millard Harrison Drive,Readfield,4355,No,1233,0,6,Yes,Yes,Yes,KATHERINE,TAYLOR,207-685-3336 x1206,kate_taylor@maranacook.com,KATHERINE,TAYLOR,207-685-3336 x1206,kate_taylor@maranacook.com,NANCY,HARRIMAN,207-685-3336 x1209,nancy_harriman@maranacook.com,No,Yes,Yes,http://www.maranacook.org/district-policies/,No,-9,Yes,No,No,Yes,No,No,Yes,No,0,0,58,0,Yes,-9,-9,-9,Yes,Yes,No,No,No
ME,MAINE,2314789,RSU 05,17 West Street,Freeport,4032,No,1947,0,6,Yes,Yes,Yes,CYNTHIA,ALEXANDER,(207)865-0928 x6,AlexanderC@RSU5.org,CYNTHIA,ALEXANDER,(207)865-0928 x6,AlexanderC@RSU5.org,CYNTHIA,ALEXANDER,(207)865-0928 x6,AlexanderC@RSU5.org,No,Yes,Yes,http://rsu5.org/adopted,No,-9,Yes,No,No,Yes,No,Yes,Yes,Yes,0,0,0,0,Yes,-9,-9,-9,Yes,Yes,No,Yes,No
ME,MAINE,2314790,RSU 24,2165 US Highway 1,Sullivan,4664,No,851,0,5,Yes,Yes,Yes,JANET,JORDAN,(207)422-2017,jjordan@rsu24.org,JANET,JORDAN,(207)422-2017,jjordan@rsu24.org,JANET,JORDAN,(207)422-2017,jjordan@rsu24.org,No,Yes,Yes,https://1.cdn.edl.io/7RFHQlm3emHl1OXYVTW8FXr7Hs2WPhaK0lTdXBquxLH5FPPL.pdf,No,-9,Yes,No,No,Yes,No,Yes,Yes,No,0,10,29,0,Yes,-9,-9,-9,Yes,Yes,No,No,No
ME,MAINE,2314791,RSU 20,26 Mortland Road,Searsport,4974,No,522,1,3,Yes,Yes,Yes,CALVIN,COOPER,(207)548-2312,ccooper@rsu20.org,MARIANNE,DERAPS,(207)548-2313,mderaps@rsu20.org,CALVIN,COOPER,(207)548-2312,ccooper@rsu20.org,No,Yes,Yes,https://drive.google.com/file/d/0B1jesflJ-WXzYjdSN3NIUFBCUEk/view,No,-9,Yes,Yes,No,No,No,Yes,Yes,No,0,0,34,0,Yes,-9,-9,-9,Yes,Yes,No,No,No
ME,MAINE,2314793,RSU 14,228 Windham Center Road,Windham,4062,No,3125,7,6,Yes,Yes,Yes,CHRISTOPHER,HOWELL,207-892-1800,chowell@rsu14.org,CHRISTOPHER,HOWELL,207-892-1800,chowell@rsu14.org,MISTY,GILHEANY,207-892-1800,mgilheany@rsu14.org,No,Yes,Yes,https://www.rsu14.org/apps/pages/index.jsp?uREC_ID=1171785&type=d&pREC_ID=1396482,No,-9,No,-9,-9,-9,-9,-9,-9,-9,-9,-9,-9,-9,-9,-9,-9,-9,Yes,Yes,No,No,No
ME,MAINE,2314794,RSU 39,75 Glenn Street,Caribou,4736,No,1402,0,4,Yes,Yes,Yes,JANE,MCCALL,207-496-6311,jmccall@rsu39.org,JANE,MCCALL,207-496-6311,jmccall@rsu39.org,KARLA,MICHAUD,207-496-6311,kmichaud@rsu39.org,No,Yes,Yes,www.rsu39.org,No,-9,Yes,No,No,Yes,No,No,Yes,Yes,0,0,77,1,Yes,-9,-9,-9,Yes,Yes,No,No,No
ME,MAINE,2314795,RSU 10,799 Hancock Street Suite 1,Rumford,4276,No,1780,0,6,Yes,Yes,Yes,DEBORAH,ALDEN,(207)369-5560,dalden@rsu10.prg,DEBORAH,ALDEN,(207)369-5560,dalden@rsu10.prg,DEBORAH,ALDEN,(207)369-5560,dalden@rsu10.prg,No,Yes,Yes,https://rsu10.org/,No,-9,Yes,Yes,No,No,No,Yes,Yes,Yes,0,1,80,0,Yes,-9,-9,-9,Yes,Yes,No,No,No
ME,MAINE,2314796,RSU 25,62 Mechanic Street,Bucksport,4416,No,1071,0,4,Yes,Yes,Yes,ANDREA,MARKS,(207)469-6666,ANDREA.MARKS@RSU25.ORG,ANDREA,MARKS,(207)469-6666,ANDREA.MARKS@RSU25.ORG,SUSAN,LAMOREAU,(207)469-6644,SUSAN.LAMOREAU@RSU25.ORG,No,Yes,Yes,https://drive.google.com/file/d/0B4cYIkoVAzMhZ0g1UW1aZnBBNkk/view,No,-9,Yes,No,No,Yes,No,No,Yes,No,0,0,46,0,Yes,-9,-9,-9,Yes,Yes,No,No,No
ME,MAINE,2314803,RSU 78,43 Mendolia Road,Rangeley,4970,No,195,0,1,Yes,Yes,Yes,WENDY,STEWARD,(207)864-3311 x135,wsteward@rangeleyschool.org,WENDY,STEWARD,(207)864-3311 x135,wsteward@rangeleyschool.org,WENDY,STEWARD,(207)864-3311 x135,wsteward@rangeleyschool.org,No,Yes,Yes,www.rangeleyschool.org,No,-9,No,-9,-9,-9,-9,-9,-9,-9,-9,-9,-9,-9,-9,-9,-9,-9,Yes,Yes,No,No,No
ME,MAINE,2314805,RSU 73,9 Cedar Street,Livermore Falls,4254,No,1406,0,4,Yes,Yes,Yes,KEN,HEALY,207-897-6722,khealy@rsu73.com,KEN,HEALY,207-897-6722,khealy@rsu73.com,KEN,HEALY,207-897-6722,khealy@rsu73.com,No,Yes,Yes,www.rsu73.org,No,-9,Yes,No,No,Yes,No,No,Yes,Yes,0,0,71,1,Yes,-9,-9,-9,Yes,Yes,No,No,No
ME,MAINE,2314806,RSU 50,922 Dyer Brook Road,Dyer Brook,4747,No,680,5,3,Yes,Yes,Yes,TODD,LEROY,2077578206,tleroy@rsu50.org,TODD,LEROY,2077578206,tleroy@rsu50.org,TODD,LEROY,2077578206,tleroy@rsu50.org,No,Yes,Yes,http://www.rsu50.org/rsu50-board-meeting-min/rsu-50-adopted-policies,No,-9,Yes,No,No,Yes,No,Yes,Yes,Yes,0,0,34,1,Yes,-9,-9,-9,Yes,Yes,No,No,No
ME,MAINE,2314807,Cornville Regional Charter School,1192 West Ridge Road,Cornville,4976,No,222,0,3,Yes,Yes,Yes,NICKI,REINHOLT,207-474-8740,nreinholt@crcsme.org,NICKI,REINHOLT,207-474-8740,nreinholt@crcsme.org,NICKI,REINHOLT,207-474-8740,nreinholt@crcsme.org,No,Yes,Yes,http://cornvilleregionalcharterschool.org/wp-content/uploads/2012/12/ACAA-Student-Discrimination-and-Harassment-Web1.pdf,No,-9,Yes,Yes,No,No,No,No,Yes,Yes,0,0,32,0,Yes,-9,-9,-9,Yes,Yes,No,No,No
ME,MAINE,2314808,Maine Academy of Natural Sciences,PO Box 159,Hinckley,4944,No,178,0,1,Yes,Yes,Yes,DANNI,BEST,207-238-4100,dbest@gwh.org,DANNI,BEST,207-2384100,dbest@gwh.org,CHRISTINE,SULLIVAN,207-238-4100,csullivan@gwh.org,No,Yes,Yes,https://www.gwh.org/public-documents-sub-page,No,-9,No,-9,-9,-9,-9,-9,-9,-9,-9,-9,-9,-9,-9,-9,-9,-9,No,-9,-9,-9,-9
ME,MAINE,2314809,RSU 09,129 Seamon Rd  Suite #2,Farmington,4938,No,2358,0,7,Yes,Yes,Yes,KEITH,ACEDO,207-645-4488,kacedo@mtbluersd.org,KEITH,ACEDO,207-645-4488,kacedo@mtbluersd.org,KEITH,ACEDO,207-645-4488,kacedo@mtbluersd.org,No,Yes,Yes,https://c17dd5d4-a-74eace48-s-sites.googlegroups.com/a/mtbluersd.org/mbrsd/district-information/school-board/policy-manual/section-j/JICK%20Anti-Bullying.pdf?attachauth=ANoY7crPQxwWQ31531P6jgHhCEgR4QuRmi3id3lBLD9gVwnFYAYc2r-i-E4jah0m32YorSlqJvqv73LyHR4zS,No,-9,Yes,Yes,No,No,No,No,Yes,Yes,0,1,103,4,Yes,-9,-9,-9,Yes,Yes,No,No,No
ME,MAINE,2314812,Baxter Academy for Technology and Science,185 Lancaster Street,Portland,4101,No,403,0,1,Yes,Yes,Yes,ANGIE,TAYLOR,2076995500,angie.taylore@baxter-academy.org,ANGIE,TAYLOR,2076995500,angie.taylor@baxter-academy.org,LAURIE,MEDEIROS,2076995500,laurie.medeiros@baxter-academy.org,No,Yes,Yes,https://static1.squarespace.com/static/587e5cb303596e8775d52191/t/5be1c4871ae6cff90213c273/1541522567979/Baxter+Family+Handbook+2018-2019+%281%29.pdf,No,-9,No,-9,-9,-9,-9,-9,-9,-9,-9,-9,-9,-9,-9,-9,-9,-9,No,-9,-9,-9,-9
ME,MAINE,2314813,Fiddlehead School of Arts and Sciences,25 Shaker Rd,Gray,4039,No,134,134,1,Yes,Yes,Yes,JACINDA,COTTON-CASTRO,(207) 657-2244,jacinda@fiddleheadschool.org,JACINDA,COTTON-CASTRO,(207) 657-2244,jacinda@fiddleheadschool.org,JACINDA,COTTON-CASTRO,(207) 657-2244,jacinda@fiddleheadschool.org,No,Yes,Yes,www.fiddleheadschool.org,No,-9,Yes,No,No,Yes,No,No,Yes,Yes,0,0,17,2,Yes,-9,-9,-9,Yes,Yes,No,No,No
ME,MAINE,2314814,Cherryfield Public Schools,P.O. Box 58,Cherryfield,4622,No,128,0,1,Yes,Yes,Yes,KATHERINE,MAYO-REESE,207-546-7770,kmayo@cherryfieldschool.org,KATHERINE,MAYO-REESE,207-546-7770,kmayo@cherryfieldschool.org,KATHERINE,MAYO-REESE,207-546-7770,kmayo@cherryfieldschool.org,No,Yes,Yes,www.cherryfieldschool.org,No,-9,Yes,Yes,No,No,No,No,Yes,Yes,0,0,6,5,Yes,-9,-9,-9,Yes,Yes,No,No,No
ME,MAINE,2314815,RSU 22,24 Main Road North,Hampden,4444,No,2421,10,7,Yes,Yes,Yes,RICHARD,GLENCROSS,(207)223-4309,rglencross@rsu22.us,RICHARD,GLENCROSS,(207)223-4309,rglencross@rsu22.us,RICHARD,GLENCROSS,(207)223-4309,rglencross@rsu22.us,No,Yes,Yes,www.rsu22.us/policies,No,-9,Yes,Yes,No,Yes,No,Yes,Yes,Yes,0,3,72,2,Yes,-9,-9,-9,Yes,Yes,No,No,No
ME,MAINE,2314816,Harpswell Coastal Academy,9 Ash Point Road,Harpswell,4079,No,208,2,2,Yes,Yes,Yes,CARRIE,BRANSON,(207)833-3229,cbranson@harpswellcoastalacademy.org,CARRIE,BRANSON,(207)833-3229,cbranson@harpswellcoastalacademy.org,DERYL,HOLT,(207)833-3229,dholt@harpswellcoastalacademy.org,No,Yes,Yes,http://harpswellcoastalacademy.org/parents/,No,-9,No,-9,-9,-9,-9,-9,-9,-9,-9,-9,-9,-9,-9,-9,-9,-9,No,-9,-9,-9,-9
ME,MAINE,2314817,Athens Public Schools,8 Fox Hill Road,Athens,4912,No,126,0,1,Yes,Yes,Yes,SANDRA,EMERSON,2079246000,semerson@aos94.org,SANDRA,EMERSON,2079246000,semerson@aos94.org,LUCY,MALLAR,2079246000,lmallar@aos94.org,No,Yes,Yes,www.aos94.org,No,-9,Yes,Yes,No,Yes,No,No,Yes,Yes,0,0,10,18,Yes,-9,-9,-9,Yes,Yes,No,No,No
ME,MAINE,2314818,Eustis Public Schools,65 School Street,Stratton,4982,No,84,0,1,Yes,No,Yes,BARRY,LONDON,(207)246-2283,blondon@strattonschool.org,-9,-9,-9,-9,CHRISTINE,CARNAHAN,(207)246-2283,ccarnahan@strattonschool.org,No,Yes,No,-9,No,-9,No,-9,-9,-9,-9,-9,-9,-9,-9,-9,-9,-9,-9,-9,-9,-9,Yes,Yes,No,No,No
ME,MAINE,2314819,Maine Connections Academy,75 John Roberts Road Unit 11B,South Portland,4106,No,406,0,1,Yes,Yes,Yes,CHAD,STROUT,(207)805-3273,cstrout@mca.connectionsacademy.org,CHAD,STROUT,(207)805-3273,cstrout@mca.connectionsacademy.org,JOY,KIELY,(207)805-3260,jokiely@mca.connectionsacademy.org,No,Yes,Yes,https://www.connexus.com/library/launch.aspx?id=80195,No,-9,No,-9,-9,-9,-9,-9,-9,-9,-9,-9,-9,-9,-9,-9,-9,-9,No,-9,-9,-9,-9
ME,MAINE,2314820,St George Public Schools,PO Box 153,Tenants Harbor,4860,No,190,0,1,Yes,Yes,Yes,MIKE,FELTON,207-372-6312,m.felton@stgeorgemsu.org,MIKE,FELTON,207-372-6312,m.felton@stgeorgemsu.org,MIKE,FELTON,207-372-6312,m.felton@stgeorgemsu.org,No,Yes,Yes,https://www.stgeorgemsu.org/,No,-9,No,-9,-9,-9,-9,-9,-9,-9,-9,-9,-9,-9,-9,-9,-9,-9,Yes,Yes,No,No,No
ME,MAINE,2314821,Maine Virtual Academy,6 E. Chestnut Street  Suite 23,Augusta,4330,No,390,0,1,Yes,Yes,Yes,JILLIAN,DEARBORN,(207) 613-8900,JDEARBORN@MAINEVIRTUAL.ORG,MELINDA,BROWNE,(207) 613-8900,MBROWNE@MAINEVIRTUAL.ORG,DANIELLE,POUZOL,(207) 613-8900,DAPOUZOL@MAINEVIRTUAL.ORG,No,Yes,Yes,WWW.MEVA.K12.COM,No,-9,No,-9,-9,-9,-9,-9,-9,-9,-9,-9,-9,-9,-9,-9,-9,-9,No,-9,-9,-9,-9
ME,MAINE,2314822,RSU 71,PO Box 325,Belfast,4915,No,1554,3,7,Yes,Yes,Yes,MARY ALICE,MCLEAN,(207) 338-1960,mamclean@rsu71.org,MARY ALICE,MCLEAN,(207) 338-1960,mamclean@rsu71.org,MARY ALICE,MCLEAN,(207) 338-1960,mamclean@rsu71.org,No,Yes,Yes,http://www.rsu71.org/,Yes,No,Yes,Yes,No,Yes,No,No,Yes,No,0,0,58,0,Yes,-9,-9,-9,Yes,Yes,No,No,No
ME,MAINE,2314823,Andover Public Schools,P.O. BOX 70,Andover,4216,No,26,0,1,Yes,Yes,Yes,ALTON,HADLEY,(207)392-4381,ahadley1@andoverschoolmaine.org,ALTON,HADLEY,(207)392-4381,ahadley1@andoverschoolmaine.org,ALTON,HADLEY,(207)392-4381,ahadley1@andoverschoolmaine.org,No,Yes,No,-9,No,-9,Yes,No,No,Yes,No,No,Yes,Yes,0,0,1,0,Yes,-9,-9,-9,Yes,Yes,No,No,No
ME,MAINE,2314824,Northport Public Schools,56 Bayside Rd,Northport,4849,No,126,0,1,Yes,Yes,Yes,TODD,MARTIN,(207) 338-3830,tmartin@drinkwaterschool.org,TODD,MARTIN,(207) 338-3430,tmartin@drinkwaterschool.org,TODD,MARTIN,(207) 338-3430,tmartin@drinkwaterschool.org,No,Yes,Yes,https://drive.google.com/a/drinkwaterschool.org/file/d/0B0ee6TBF1EYPb3czSTVyUDE4d1E/view?usp=drive_web,No,-9,No,-9,-9,-9,-9,-9,-9,-9,-9,-9,-9,-9,-9,-9,-9,-9,Yes,Yes,No,No,No
ME,MAINE,2314831,Acadia Academy,12 Westminster Street,Lewiston,4240,No,172,0,1,Yes,Yes,Yes,JULIE,COLELLO,207-333-3765,julie.colello@acadiaacademy.org,JULIE,COLELLO,207-333-3765,julie.colello@acadiaacademy.org,AMY,BUSHWAY,207-333-3765,amy.bushway@acadiaacademy.org,No,Yes,Yes,www.acadiaacademy.org,No,-9,Yes,Yes,No,No,No,No,Yes,No,0,0,32,0,Yes,-9,-9,-9,Yes,Yes,No,No,No
ME,MAINE,2314832,Snow Pond Arts Academy,8 Goldenrod Lane,Sidney,4330,No,180,0,1,Yes,Yes,Yes,HEATHER,NEAL,2076188908,hneal@maineartsacademy.org,HEATHER,NEAL,2076188908,hneal@maineartsacademy.org,HEATHER,NEAL,2076188908,hneal@maineartsacademy.org,No,Yes,Yes,www.maineartsacdemy.org,No,-9,No,-9,-9,-9,-9,-9,-9,-9,-9,-9,-9,-9,-9,-9,-9,-9,No,-9,-9,-9,-9
ME,MAINE,2314833,RSU 56,147 Weld Street,Dixfield,4224,No,759,2,3,Yes,Yes,Yes,BRIAN,KEENE,(207) 562-7552,bkeene@rsu56.org,BRIAN,KEENE,(207) 562-7552,bkeene@rsu56.org,ERIN,WAINWRIGHT,(207) 562-4207,ewainwright@rsu56.org,No,Yes,Yes,www.rsu56.org,No,-9,Yes,Yes,No,Yes,No,No,Yes,Yes,0,0,31,1,No,Yes,Yes,Yes,Yes,Yes,No,No,No
