AL,ALABAMA,100005,Albertville City,107 W Main St,Albertville,35950,No,5445,0,6,Yes,Yes.1,Yes.2,TIMOTHY,TIDMORE,256-891-1183,ttidmore@albertk12.org,TIMOTHY.1,TIDMORE.1,256-891-1183.1,ttidmore@albertk12.org.1,TIMOTHY.2,TIDMORE.2,256-891-1183.2,ttidmore@albertk12.org.2,No.1,Yes.3,Yes.4,www.albertk12.org/apps/pages/index.jsp?uREC_ID=368921&type=d&termREC_ID=&pREC_ID=689254,Yes.5,No.2,Yes.6,Yes.7,Yes.8,Yes.9,No.3,No.4,Yes.10,No.5,1,6.1,127,0.1,Yes.11,-9,-9.1,-9.2,Yes.12,Yes.13,No.6,No.7,No.8
RI,RHODE ISLAND,4400001,R.I. Sch for the Deaf,One Corliss Park,Providence,2908,No,71,0,1,Yes,Yes,Yes,MARY,PENDERGAST,(401)243-1026,mpendergast@rideaf.net,MARY,PENDERGAST,(401)243-1026,mpendergast@rideaf.net,MARY,PENDERGAST,(401)243-1026,mpendergast@rideaf.net,No,Yes,Yes,http://rideaf.ri.gov/Handbook/index.php,Yes,Yes,Yes,No,No,Yes,No,No,No,No,3,3,1,4,No,Yes,No,No,Yes,Yes,No,No,No
RI,RHODE ISLAND,4400005,Urban Collaborative,75 Carpenter Street,Providence,2903,No,133,0,1,Yes,Yes,Yes,CAROLIN,TAYLOR,4012720881,carolint@ucap.org,ROBERT,DEBLOIS,4012720881,robd@ucap.org,ROBERT,DEBLOIS,4012720881,robd@ucap.org,No,Yes,No,-9,No,-9,No,-9,-9,-9,-9,-9,-9,-9,-9,-9,-9,-9,-9,-9,-9,-9,No,-9,-9,-9,-9
RI,RHODE ISLAND,4400014,Segue Institute for Learning,325 Cowden Street,Central Falls,2863,No,229,0,1,Yes,Yes,Yes,GRACE,RIVERA,(401) 721-0964,Grace.Rivera@segueifl.org,GRACE,RIVERA,(401) 721-0964,Grace.Rivera@segueifl.org,GRACE,RIVERA,(401) 721-0964,Grace.Rivera@segueifl.org,No,Yes,Yes,www.segueifl.org,No,-9,No,-9,-9,-9,-9,-9,-9,-9,-9,-9,-9,-9,-9,-9,-9,-9,No,-9,-9,-9,-9
RI,RHODE ISLAND,4400017,The Greene School,94 John Potter Road,West Greenwich,2817,No,202,0,1,Yes,Yes,Yes,ALEX,EDELMANN,(401) 397-8600 x 104,aedelmann@thegreeneschool.org,ALEX,EDELMANN,(401) 397-8600 x 104,aedelmann@thegreeneschool.org,ALEX,EDELMANN,(401) 397-8600 x 104,aedelmann@thegreeneschool.org,No,Yes,Yes,https://docs.wixstatic.com/ugd/0a18b5_80cbd477604b40f0baa271aaef90f699.pdf,No,-9,No,-9,-9,-9,-9,-9,-9,-9,-9,-9,-9,-9,-9,-9,-9,-9,No,-9,-9,-9,-9
RI,RHODE ISLAND,4400018,Trinity Academy for the Performing Arts,150 Washington Street,Providence,2903,No,212,0,1,Yes,Yes,Yes,ANDREW,MACMANNIS,(401)432-7881,mr.macmannis@tapaprovidence.org,ANDREW,MACMANNIS,(401)432-7881,mr.macmannis@tapaprovidence.org,ANDREW,MACMANNIS,(401)432-7881,mr.macmannis@tapaprovidence.org,No,Yes,Yes,www.tapaprovidence.org,No,-9,No,-9,-9,-9,-9,-9,-9,-9,-9,-9,-9,-9,-9,-9,-9,-9,No,-9,-9,-9,-9
RI,RHODE ISLAND,4400019,Rhode Island Nurses Institute Middle College,150 Washington Street,Providence,2903,No,262,0,1,Yes,Yes,Yes,COLLEEN,HITCHINGS,(401) 932-6982,chitchings@rinimc.org,COLLEEN,HITCHINGS,(401) 932-6982,chitchings@rinimc.org,MAUREEN,DECRESCENZO,(401) 829-8844,mdecrescenzo@rinimc.org,No,Yes,Yes,https://drive.google.com/open?id=1KDCQcIpA17oqHdR4tNt-w161VTVHC3ZkOXSU_zz2ZBU,No,-9,No,-9,-9,-9,-9,-9,-9,-9,-9,-9,-9,-9,-9,-9,-9,-9,No,-9,-9,-9,-9
RI,RHODE ISLAND,4400024,Sheila Skip Nowell Leadership Academy,133 Delaine Street,Providence,2909,No,160,0,2,Yes,Yes,Yes,TOBY,SHEPHERD,4017510405,toby.shepherd@nowellacademy.org,TOBY,SHEPHERD,4017510405,toby.shepherd@nowellacademy.org,CAROLYN,TAYLOR,4017510405,carolyn.taylor@nowellacademy.org,No,Yes,Yes,https://static1.squarespace.com/static/575238f1f850829dde1adc0c/t/5b89553a0e2e72e046943d62/1535726907052/2018-2019+Nowell+Student+%26+Family+Handbook.pdf,Yes,Yes,No,-9,-9,-9,-9,-9,-9,-9,-9,-9,-9,-9,-9,-9,-9,-9,No,-9,-9,-9,-9
RI,RHODE ISLAND,4400025,Village Green Virtual,135 Weybosset Street,Providence,2903,No,229,0,1,Yes,Yes,Yes,ROCHELLE,BAKER,(401)831-2878 x 402,rbaker@vgcs.org,ROCHELLE,BAKER,(401) 831-2878 x 402,rbaker@vgcs.org,CAROLYN,TAYLOR,(401) 831-2878 x 109,ctaylor@vgcs.org,Yes,Yes,Yes,www.vgonline.org,No,-9,No,-9,-9,-9,-9,-9,-9,-9,-9,-9,-9,-9,-9,-9,-9,-9,No,-9,-9,-9,-9
RI,RHODE ISLAND,4400027,The Hope Academy,1000 Eddy Street,Providence,2905,No,143,0,1,Yes,Yes,Yes,ANGELA,HOLT,401-533-9122,aholt@hopeacademyri.org,ANGELA,HOLT,401-533-9122,aholt@hopeacademyri.org,ANGELA,HOLT,401-533-9122,aholt@hopeacademyri.org,No,Yes,Yes,http://www.hopeacademyri.org/parents/forms-policies/,No,-9,No,-9,-9,-9,-9,-9,-9,-9,-9,-9,-9,-9,-9,-9,-9,-9,Yes,Yes,No,No,No
RI,RHODE ISLAND,4400028,SouthSide Charter School,135 Prairie Avenue,Providence,2905,No,96,1,1,Yes,Yes,Yes,WENDY,RANDLE,(401)871-3878,wrandle@southsideelementary.org,WENDY,RANDLE,(401)871-3878,wrandle@southsideelementary.org,WENDY,RANDLE,(401)871-3878,wrandle@southsideelementary.org,No,Yes,Yes,southsideelementary.org,No,-9,No,-9,-9,-9,-9,-9,-9,-9,-9,-9,-9,-9,-9,-9,-9,-9,Yes,Yes,No,No,No
RI,RHODE ISLAND,4400029,RISE Prep Mayoral Academy,1 Social Street,Woonsocket,2895,No,161,0,1,Yes,Yes,Yes,ROSALIND,DACRUZ,4017655127,rdacruz@riseprepri.org,ROSALIND,DACRUZ,4017655127,rdacruz@riseprepri.org,ROSALIND,DACRUZ,4017655127,rdacruz@riseprepri.org,No,Yes,No,-9,No,-9,No,-9,-9,-9,-9,-9,-9,-9,-9,-9,-9,-9,-9,-9,-9,-9,Yes,Yes,No,No,No
RI,RHODE ISLAND,4400033,Kingston Hill Academy,850 Stony Fort Road,Saunderstown,2874,No,266,0,1,Yes,Yes,Yes,KERRI,DAILEY,401-783-8282,kdailey@kingstonhill.org,KERRI,DAILEY,401-783-8282,kdailey@kingstonhill.org,KERRI,DAILEY,401-783-8282,kdailey@kingstonhill.org,No,Yes,Yes,www.kingstonhill.org,No,-9,No,-9,-9,-9,-9,-9,-9,-9,-9,-9,-9,-9,-9,-9,-9,-9,Yes,Yes,No,No,No
RI,RHODE ISLAND,4400035,The Compass School,537 Old North Road,Kingston,2881,No,174,0,1,Yes,Yes,Yes,BRANDEE,LAPISKY,401-788-8322,director@compassschool.org,BRANDEE,LAPISKY,401-788-8322,director@compassschool.org,MICHELLE,BUSH,401-788-8322,mbush@compassschool.org,No,Yes,Yes,www.compassschool.org,No,-9,No,-9,-9,-9,-9,-9,-9,-9,-9,-9,-9,-9,-9,-9,-9,-9,Yes,Yes,No,No,No
RI,RHODE ISLAND,4400600,Little Compton,28 Commons,Little Compton,2837,No,247,2,1,Yes,Yes,Yes,ANNE,ANTHONY,401-592-0363 x1004,aanthony@lcsd.k12.ri.us,ANNE,ANTHONY,401-592-0363 x1004,aanthony@lcsd.k12.ri.us,ANNE,ANTHONY,401-592-0363 x1004,aanthony@lcsd.k12.ri.us,No,Yes,Yes,https://www.lcsd.k12.ri.us/site/handlers/filedownload.ashx?moduleinstanceid=29&dataid=5825&FileName=WMS%20Student%20Handbook%202018-2019.pdf,No,-9,Yes,No,No,Yes,Yes,Yes,Yes,Yes,0,3,5,3,Yes,-9,-9,-9,Yes,Yes,No,No,No
RI,RHODE ISLAND,4400690,New Shoreham,New Shoreham School Department,Block Island,2807,No,122,122,1,Yes,Yes,Yes,MICHAEL,CONVERY,401-466-7727,mconvery@bischool.net,MICHAEL,CONVERY,401-466-7727,mconvery@bischool.net,MARK,HAWK,401-466-5600,mhawk@bischool.net,No,Yes,Yes,www.bischool.net,No,-9,No,-9,-9,-9,-9,-9,-9,-9,-9,-9,-9,-9,-9,-9,-9,-9,Yes,Yes,No,No,No
