State Postal Code,State FIPS Code,District ID,Name,Estimated Total Population,Estimated Population 5-17,Estimated number of relevant children 5 to 17 years old in poverty who are related to the householder
RI,44,30,Barrington School District,15981,3505,121
RI,44,300,East Greenwich School District,12951,2511,95
RI,44,360,Exeter-West Greenwich Regional School District,12436,1929,100
RI,44,390,Foster Elementary School District,4679,291,26
RI,44,420,Foster-Glocester Regional School District,14595,1391,82
RI,44,450,Glocester Elementary School District,9916,628,74
RI,44,510,Jamestown School District,5426,746,63
RI,44,600,Little Compton School District,3504,468,24
RI,44,690,New Shoreham School District,1043,106,10
