State Postal Code,State FIPS Code,District ID,Name,Estimated Total Population,Estimated Population 5-17,Estimated number of relevant children 5 to 17 years old in poverty who are related to the householder
RI,44,30,Barrington School District,15981,3505,121
RI,44,65,Bristol-Warren Regional School District,32931,3738,390
RI,44,90,Burrillville School District,16223,2650,326
RI,44,120,Central Falls School District,19736,3721,1265
RI,44,150,Chariho Regional School District,23547,3360,270
RI,44,210,Coventry School District,34205,5302,508
RI,44,240,Cranston School District,81921,11789,1623
RI,44,270,Cumberland School District,34077,5456,545
RI,44,300,East Greenwich School District,12951,2511,95
RI,44,330,East Providence School District,47866,6294,929
RI,44,360,Exeter-West Greenwich Regional School District,12436,1929,100
RI,44,390,Foster Elementary School District,4679,291,26
RI,44,420,Foster-Glocester Regional School District,14595,1391,82
RI,44,450,Glocester Elementary School District,9916,628,74
RI,44,510,Jamestown School District,5426,746,63
RI,44,540,Johnston School District,29284,3923,493
RI,44,570,Lincoln School District,21408,3547,424
RI,44,600,Little Compton School District,3504,468,24
RI,44,630,Middletown School District,16191,2363,227
RI,44,660,Narragansett School District,15775,1499,129
RI,44,690,New Shoreham School District,1043,106,10
RI,44,720,Newport School District,25036,2401,511
RI,44,750,North Kingstown School District,26410,4192,390
RI,44,780,North Providence School District,32684,3884,499
RI,44,810,North Smithfield School District,12173,1847,139
RI,44,840,Pawtucket School District,72342,10955,2638
RI,44,870,Portsmouth School District,17461,2795,173
RI,44,900,Providence School District,180850,27749,8768
RI,44,960,Scituate School District,10556,1799,180
RI,44,990,Smithfield School District,21746,2726,170
RI,44,1020,South Kingstown School District,30378,3575,298
RI,44,1050,Tiverton School District,15842,2015,161
RI,44,1110,Warwick School District,81502,10462,1094
RI,44,1140,West Warwick School District,29045,3543,626
RI,44,1170,Westerly School District,22618,2992,400
RI,44,1200,Woonsocket School District,41895,6419,1867
