AL,ALABAMA,100005,Albertville City,107 W Main St,Albertville,35950,No,5445,0,6,Yes,Yes.1,Yes.2,TIMOTHY,TIDMORE,256-891-1183,ttidmore@albertk12.org,TIMOTHY.1,TIDMORE.1,256-891-1183.1,ttidmore@albertk12.org.1,TIMOTHY.2,TIDMORE.2,256-891-1183.2,ttidmore@albertk12.org.2,No.1,Yes.3,Yes.4,www.albertk12.org/apps/pages/index.jsp?uREC_ID=368921&type=d&termREC_ID=&pREC_ID=689254,Yes.5,No.2,Yes.6,Yes.7,Yes.8,Yes.9,No.3,No.4,Yes.10,No.5,1,6.1,127,0.1,Yes.11,-9,-9.1,-9.2,Yes.12,Yes.13,No.6,No.7,No.8
MN,MINNESOTA,2700014,FRESHWATER ED. DIST.,1830 AIRPORT ROAD STE 2,STAPLES,56479,No,92,0,4,Yes,Yes,Yes,LORI,MURDOCK,218-631-3505 x1042,lmurdock@fed.k12.mn.us,SHARON,PARKER,218-631-3505 x1051,sparker@fed.k12.mn.us,LORI,MURDOCK,218-631-3505 x1042,lmurdock@fed.k12.mn.us,No,Yes,Yes,https://www.fed.k12.mn.us/site/handlers/filedownload.ashx?moduleinstanceid=68&dataid=462&FileName=413---Harassment-and-Violence.pdf,Yes,No,No,-9,-9,-9,-9,-9,-9,-9,-9,-9,-9,-9,-9,-9,-9,-9,No,-9,-9,-9,-9
MN,MINNESOTA,2700016,RUNESTONE AREA ED. DISTRICT,1204 34TH AVENUE WEST,ALEXANDRIA,56308,No,107,0,2,Yes,Yes,Yes,CARLA,PTACEK,(320)763-5559,cptacek@alexschools.org,CARLA,PTACEK,(320)763-5559,cptacek@alexschools.org,CARLA,PTACEK,(320)763-5559,cptacek@alexschools.org,No,Yes,Yes,https://runestoneareaeducationdistrict.weebly.com/uploads/1/2/8/9/12899361/rrlc_student_handbook_2018-19.pdf,No,-9,No,-9,-9,-9,-9,-9,-9,-9,-9,-9,-9,-9,-9,-9,-9,-9,No,-9,-9,-9,-9
MN,MINNESOTA,2700027,CEDAR RIVERSIDE COMMUNITY SCHOOL,1610 S 6TH STREET STE 100,MINNEAPOLIS,55454,No,177,0,1,Yes,Yes,Yes,VAL,PETERSON,612-889-2803,vpeterson@crcs-school.org,VAL,PETERSON,612-889-2803,vpeterson@crcs-school.org,VAL,PETERSON,612-889-2803,vpeterson@crcs-school.org,No,Yes,No,-9,No,-9,Yes,Yes,No,No,No,No,No,No,0,0,0,10,Yes,-9,-9,-9,Yes,Yes,No,No,No
MN,MINNESOTA,2700028,METRO DEAF SCHOOL,1471 BREWSTER ST,SAINT PAUL,55108,No,102,0,1,Yes,Yes,Yes,SUSAN,LANE-OUTLAW,651.259.1050,slaneoutlaw@mdsmn.org,TRACY,BELL,651.356.8805,tbell@mdsmn.org,KELLY,ANDERSON,651.224.3995,kanderson@mdsmn.org,No,Yes,Yes,http://mdsmn.org/Board-of-Directors/policies/,No,-9,Yes,Yes,No,Yes,No,No,No,No,1,4,5,5,Yes,-9,-9,-9,Yes,Yes,No,Yes,No
MN,MINNESOTA,2700036,WRIGHT TECHNICAL CENTER,1405 3RD AVE. NE,BUFFALO,55313,No,122,0,1,Yes,Yes,Yes,BRIAN,KOSLOFSKY,(763)684-2200,brian.koslofsky@wrighttech.org,SHAUN,KARSON,(763)684-2278,shaun.karson@wrighttech.org,BRIAN,KOSLOFSKY,(763)684-2200,brian.koslofsky@wrighttech.org,No,Yes,Yes,http://www.wtc.k12.mn.us/statement-of-non-discrimination/,No,-9,No,-9,-9,-9,-9,-9,-9,-9,-9,-9,-9,-9,-9,-9,-9,-9,No,-9,-9,-9,-9
MN,MINNESOTA,2700040,LAKE AGASSIZ SPECIAL ED. COOP.,BOX 628,HAWLEY,56549,No,76,30,2,Yes,Yes,Yes,ISABEL,RUTHERFORD,(888) 2675380,irutherford@lagassiz.com,ISABEL,RUTHERFORD,8882675380,irutherford@lagassiz.com,SCOTT,MASTEN,8882675380,smasten@lagassiz.com,No,Yes,No,-9,No,-9,Yes,Yes,No,Yes,No,No,No,No,17,5,10,8,No,Yes,No,No,No,-9,-9,-9,-9
MN,MINNESOTA,2700041,Mid-State Special Education District,14713 Clover Glen Lane,Little Falls,56345,No,47,0,1,Yes,Yes,Yes,SIMOINE,BOLIN,320-631-2515,sbolin@midstate.k12.mn.us,SIMOINE,BOLIN,320-631-2515,sbolin@midstate.k12.mn.us,SIMOINE,BOLIN,320-631-2515,sbolin@midstate.k12.mn.us,No,Yes,Yes,www.midstate.k12.mn.us,Yes,Yes,No,-9,-9,-9,-9,-9,-9,-9,-9,-9,-9,-9,-9,-9,-9,-9,Yes,Yes,No,No,No
MN,MINNESOTA,2700043,FERGUS FALLS AREA SP. ED. COOP.,518 FRIBERG AVE,FERGUS FALLS,56537,No,229,98,4,Yes,Yes,Yes,SHANNON,ERICKSON,(218)998-0935,serickson@fergusotters.org,SHANNON,ERICKSON,(218)998-0935,serickson@fergusotters.org,SHANNON,ERICKSON,(218)998-0935,serickson@fergusotters.org,No,Yes,No,-9,Yes,No,Yes,Yes,No,Yes,No,No,No,No,0,0,0,0,Yes,-9,-9,-9,No,-9,-9,-9,-9
MN,MINNESOTA,2700045,MEEKER AND WRIGHT SPECIAL EDUCATION,PO BOX 1010,HOWARD LAKE,55349,No,122,0,8,Yes,Yes,Yes,JANELL,BULLARD,320-543-1122 x2103,jbullard@mawseco.k12.mn.us,JANELL,BULLARD,320-543-1122 x2103,jbullard@mawseco.k12.mn.us,JANELL,BULLARD,320-543-1122 x213,jbullard@mawseco.k12.mn.us,No,Yes,Yes,www.mawseco.k12.mn.us,Yes,No,No,-9,-9,-9,-9,-9,-9,-9,-9,-9,-9,-9,-9,-9,-9,-9,No,-9,-9,-9,-9
MN,MINNESOTA,2700046,SOUTHERN PLAINS EDUCATION COOP.,201 E 3RD ST,FAIRMONT,56031,No,97,45,2,Yes,Yes,Yes,STEPHANIE,SCHMITZ,5073277997,stephanie.schmitz@southernplainsedcoop.org,STEPHANIE,SCHMITZ,5073277997,stephanie.schmitz@southernplainsedcoop.org,STEPHANIE,SCHMITZ,50733277997,stephanie.schmitz@southernplainsedcoop.org,No,Yes,Yes,http://www.southernplainsedcoop.org/policy-manual.html,Yes,No,Yes,No,No,Yes,No,No,No,No,5,15,11,2,No,Yes,Yes,Yes,Yes,Yes,No,No,No
MN,MINNESOTA,2700051,BEMIDJI REGIONAL INTERDIST. COUNCIL,PO BOX 974,BEMIDJI,56619,No,34,34,1,Yes,Yes,Yes,BRENDA,STORY,218-751-6622,bstory@bric.k12.mn.us,BRENDA,STORY,218-751-6622,bstory@bric.k12.mn.us,BRENDA,STORY,218-751-6622,bstory@bric.k12.mn.us,No,Yes,No,-9,Yes,No,Yes,Yes,No,No,No,No,No,No,0,16,16,2,No,Yes,No,No,No,-9,-9,-9,-9
MN,MINNESOTA,2700054,ZUMBRO EDUCATION DISTRICT,801 FRONTAGE RD NW,BYRON,55920,No,142,0,3,Yes,Yes,Yes,PATRICK,GORDON,5077752037,pgordon@zumbroed.org,PATRICK,GORDON,5077752037,pgordon@zumbroed.org,PATRICK,GORDON,5077752037,pgordon@zumbroed.org,No,Yes,Yes,https://www.zumbroed.org/domain/25,Yes,Yes,No,-9,-9,-9,-9,-9,-9,-9,-9,-9,-9,-9,-9,-9,-9,-9,Yes,Yes,No,Yes,No
MN,MINNESOTA,2700055,HIAWATHA VALLEY ED. DISTRICT,1410 BUNDY BLVD,WINONA,55987,No,42,0,4,Yes,Yes,Yes,SARAH,HUERTA,507-474-6881,shuerta@hved.org,SARAH,HUERTA,507-474-6881,shuerta@hved.org,AMY,YORK,507-767-1022,ayork@hved.org,No,Yes,Yes,https://www.hved6013.org/page/3129/categories/11694,Yes,No,No,-9,-9,-9,-9,-9,-9,-9,-9,-9,-9,-9,-9,-9,-9,-9,Yes,Yes,No,No,No
MN,MINNESOTA,2700058,MN RIVER VALLEY EDUCATION DISTRICT,PO BOX 487,MONTEVIDEO,56265,No,44,0,1,Yes,Yes,Yes,KAREN,JACOBSON,320-269-9297,kjacobson@mrved.net,KAREN,JACOBSON,320-269-9297,kjacobson@mrved.net,KAREN,JACOBSON,320-269-9297,kjacobson@mrved.net,No,Yes,Yes,https://sites.google.com/a/montevideoschools.org/mvalc,No,-9,No,-9,-9,-9,-9,-9,-9,-9,-9,-9,-9,-9,-9,-9,-9,-9,No,-9,-9,-9,-9
MN,MINNESOTA,2700063,MN VALLEY EDUCATION DISTRICT,801 Davis St,SAINT PETER,56082,No,91,0,3,Yes,Yes,Yes,ROBERT,VAADELAND,507-934-5420,bvaadeland@mnved.org,ROBERT,VAADELAND,507-934-5420,bvaadeland@mnved.org,ROBERT,VAADELAND,507-934-5420,bvaadeland@mnved.org,No,Yes,Yes,www.mnved.org,Yes,No,No,-9,-9,-9,-9,-9,-9,-9,-9,-9,-9,-9,-9,-9,-9,-9,No,-9,-9,-9,-9
MN,MINNESOTA,2700071,BENTON-STEARNS ED. DISTRICT,PO BOX 299,SARTELL,56377,No,51,0,1,Yes,Yes,Yes,CYNTHIA,PEDERSEN,(320)223-7432,cpedersen@bentonstearns.k12.mn.us,CYNTHIA,PEDERSEN,(320)223-7432,cpedersen@bentonstearns.k12.mn.us,CYNTHIA,PEDERSEN,(320)223-7432,cpedersen@bentonstearns.k12.mn.us,No,Yes,Yes,https://docs.wixstatic.com/ugd/4b3f5e_ad5e9f5482d347b9b88fd863a439e862.pdf,No,-9,No,-9,-9,-9,-9,-9,-9,-9,-9,-9,-9,-9,-9,-9,-9,-9,No,-9,-9,-9,-9
MN,MINNESOTA,2700073,MID STATE EDUCATION DISTRICT,15770 18th St. NE,LITTLE FALLS,56345,No,47,0,4,Yes,Yes,Yes,SIMOINE,BOLIN,320-631-2515,sbolin@midstate.k12.mn.us,SIMOINE,BOLIN,320-631-2515,sbolin@midstate.k12.mn.us,SIMOINE,BOLIN,320-631-2515,sbolin@midstate.k12.mn.us,No,Yes,Yes,www.midstate.k12.mn.us,Yes,Yes,No,-9,-9,-9,-9,-9,-9,-9,-9,-9,-9,-9,-9,-9,-9,-9,Yes,Yes,No,No,No
MN,MINNESOTA,2700083,REGION 4-LAKES COUNTRY SERVICE COOP,1001 E MOUNT FAITH,FERGUS FALLS,56537,No,45,0,1,Yes,Yes,Yes,JOSH,NELSON,2187393273,jnelson@lcsc.org,JOSH,NELSON,2187393273,jnelson@lcsc.org,JOSH,NELSON,2187393273,jnelson@lcsc.org,No,Yes,No,-9,No,-9,No,-9,-9,-9,-9,-9,-9,-9,-9,-9,-9,-9,-9,-9,-9,-9,No,-9,-9,-9,-9
MN,MINNESOTA,2700092,MINNESOTA NEW COUNTRY SCHOOL,PO BOX 488,HENDERSON,56044,No,214,0,2,Yes,Yes,Yes,PAUL,JAEGER,(507) 248-3353,PJAEGER@NEWCOUNTRYSCHOOL.COM,PAUL,JAEGER,(507) 248-3353,PJAEGER@NEWCOUNTRYSCHOOL.COM,KYLIE,KUHLMAN,(507) 248-3353,KKUHLMAN@NEWCOUNTRYSCHOOL.COM,No,Yes,Yes,http://newcountryschool.com/about/school-board/policies/,No,-9,No,-9,-9,-9,-9,-9,-9,-9,-9,-9,-9,-9,-9,-9,-9,-9,Yes,Yes,No,No,No
MN,MINNESOTA,2700116,WORLD LEARNER CHARTER SCHOOL,112050 HUNDERTMARK RD,CHASKA,55318,No,216,0,1,Yes,Yes,Yes,DEANA,SIEKMANN,9523687398,dsiekmann@wlschaska.org,DEANA,SIEKMANN,9523687398,dsiekmann@wlschaska.org,DEANA,SIEKMANN,9523687398,dsiekmann@wlschaska.org,No,Yes,Yes,http://www.wlschaska.org/,No,-9,No,-9,-9,-9,-9,-9,-9,-9,-9,-9,-9,-9,-9,-9,-9,-9,No,-9,-9,-9,-9
MN,MINNESOTA,2700129,MINNESOTA STATE ACADEMIES,615 OLOF HANSON DR,FARIBAULT,55021,No,164,0,2,Yes,Yes,Yes,MARTINA,HAGEN,(507)384-6603,martina.hagen@msa.state.mn.us,MARTINA,HAGEN,(507)384-6603,martina.hagen@msa.state.mn.us,MARTINA,HAGEN,(507)384-6603,martina.hagen@msa.state.mn.us,No,Yes,Yes,https://www.msa.state.mn.us/apps/pages/index.jsp?uREC_ID=448295&type=d&pREC_ID=966738,Yes,No,Yes,Yes,No,Yes,No,No,No,No,4,1,0,7,No,Yes,No,Yes,Yes,Yes,No,No,No
MN,MINNESOTA,2700139,E.C.H.O. CHARTER SCHOOL,PO BOX 158,ECHO,56237,No,102,0,1,Yes,Yes,Yes,HELEN,BLUE-REDNER,507-925-4143,HBlue.Redner@echo.charter.k12.mn.us,HELEN,BLUE-REDNER,507-925-4143,HBlue.Redner@echo.charter.k12.mn.us,HELEN,BLUE-REDNER,507-925-4143,HBlue.Redner@echo.charter.k12.mn.us,No,Yes,Yes,echo.charter.k12.mn.us,No,-9,Yes,Yes,No,No,No,No,Yes,No,0,0,4,0,Yes,-9,-9,-9,Yes,Yes,No,No,No
MN,MINNESOTA,2700148,GLENVILLE-EMMONS SCHOOL DISTRICT,BOX 38,GLENVILLE,56036,No,217,0,2,Yes,Yes,Yes,CRAIG,RAYMAN,507-448-2889,raymanc@geschools.com,JEFF,TIETJE,507-448-2889,tietjej@geschools.com,JEFF,TIETJE,507-448-2889,tietjej@geschools.com,No,Yes,Yes,www.geschools.com,No,-9,Yes,No,No,No,Yes,No,No,No,0,10,10,2,Yes,-9,-9,-9,Yes,Yes,No,No,No
MN,MINNESOTA,2700152,JENNINGS COMMUNITY SCHOOL,2455 UNIVERSITY AVE W,SAINT PAUL,55114,No,85,0,1,Yes,Yes,Yes,LIZ,SOMMERVILLE,651-255-8821,lsommerville@jenningsclc.org,SARA,BETRU,651-649-5403,sbetru@jenningsclc.org,KRISTYN,MARTIN,651-649-5403,kristyn@jenningsclc.org,No,Yes,Yes,www.jenningsclc.org,No,-9,No,-9,-9,-9,-9,-9,-9,-9,-9,-9,-9,-9,-9,-9,-9,-9,No,-9,-9,-9,-9
MN,MINNESOTA,2700157,FACE TO FACE ACADEMY,1165 ARCADE ST,SAINT PAUL,55106,No,79,0,1,Yes,Yes,Yes,DARIUS,HUSAIN,651-772-5554,husaind@f2facademy.org,DARIUS,HUSAIN,651-772-5554,husaind@f2facademy.org,JENNIFER,PLUM,651-772-5548,plumj@f2facademy.org,No,Yes,Yes,http://f2facademy.org/safety-wellness-policies/,No,-9,No,-9,-9,-9,-9,-9,-9,-9,-9,-9,-9,-9,-9,-9,-9,-9,No,-9,-9,-9,-9
MN,MINNESOTA,2700173,NORTHWEST PASSAGE HIGH SCHOOL,11345 ROBINSON DR NW,COON RAPIDS,55433,No,161,0,1,Yes,Yes,Yes,PETER,WIECZOREK,763-862-9223,pwieczorek@nwphs.org,PETER,WIECZOREK,763-862-9223,pwieczorek@nwphs.org,DEBORAH,HOWARD,763-862-9223,pwieczorek@nwphs.org,No,Yes,Yes,nwphs.org,No,-9,No,-9,-9,-9,-9,-9,-9,-9,-9,-9,-9,-9,-9,-9,-9,-9,No,-9,-9,-9,-9
MN,MINNESOTA,2700174,LAFAYETTE PUBLIC CHARTER SCHOOL,BOX 125,LAFAYETTE,56054,No,107,0,2,Yes,Yes,Yes,PETER,ROUFS,507-228-8943,roufs@lafayettecharter.k12.mn.us,PETER,ROUFS,507-228-8943,roufs@lafayettecharter.k12.mn.us,PETER,ROUFS,507-228-8943,roufs@lafayettecharter.k12.mn.us,No,Yes,Yes,http://www.lafayettecharter.k12.mn.us/UserFiles/Servers/Server_20324538/File/Policy%202018-19/Policy%205.4.1%20Prohibition%20against%20Discrimination%20in%20Education.pdf,No,-9,Yes,No,No,No,Yes,No,Yes,Yes,0,0,9,1,Yes,-9,-9,-9,Yes,Yes,No,No,No
MN,MINNESOTA,2700178,LA CRESCENT MONTESSORI & STEM SCHOO,1116 S OAK ST,LA CRESCENT,55947,No,64,0,2,Yes,Yes,Yes,STEPHANIE,WEHMAN,507-895-4054,swehman@lacrescentmontessori.com,STEPHANIE,WEHMAN,507-895-4054,swehman@lacrescentmontessori.com,STEPHANIE,WEHMAN,507-895-4054,swehman@lacrescentmontessori.com,No,Yes,Yes,http://lacrescentmontessori.com/board-of-directors/forms-and-policies/,No,-9,No,-9,-9,-9,-9,-9,-9,-9,-9,-9,-9,-9,-9,-9,-9,-9,Yes,Yes,No,No,No
MN,MINNESOTA,2700179,NERSTRAND CHARTER SCHOOL,PO BOX 156,NERSTRAND,55053,No,152,0,1,Yes,Yes,Yes,MARGARET,KILEY,507-333-6854,maggie@nerstrand.charter.k12.mn.us,MARGARET,KILEY,507-333-6854,maggie@nerstrand.charter.k12.mn.us,MICHELLE,FLANNERY,507-333-6850,m.crow.flannery@gmail.com,No,Yes,Yes,https://nerstrand.charter.k12.mn.us/sites/default/files/Policy%20413%20Harassment%2C%20Violence%20%26%20Hazing.pdf,No,-9,No,-9,-9,-9,-9,-9,-9,-9,-9,-9,-9,-9,-9,-9,-9,-9,Yes,Yes,No,No,No
MN,MINNESOTA,2700180,Rosa Parks Charter High School,2450 Marion Road SE,ROCHESTER,55904,No,74,0,1,Yes,Yes,Yes,TRACY,OLSON,(507)282-3325 x 102,tolson@rocchs.org,TRACY,OLSON,(507)282-3325 x 102,tolson@rocchs.org,TRACY,OLSON,(507)282-3325 x 102,tolson@rocchs.org,No,Yes,Yes,https://docs.google.com/document/d/1QjgLEujWJSLId7jzADd3aOI9Xvl6JqsQglKLSleprMI/edit,No,-9,No,-9,-9,-9,-9,-9,-9,-9,-9,-9,-9,-9,-9,-9,-9,-9,No,-9,-9,-9,-9
MN,MINNESOTA,2700181,EL COLEGIO CHARTER SCHOOL,4137 BLOOMINGTON AVE,MINNEAPOLIS,55407,No,84,0,1,Yes,Yes,Yes,NORMA,GARCES,6127285728,ngarces@el-colegio.org,NORMA,GARCES,6127285728,ngarces@el-colegio.org,NORMA,GARCES,6127285728,ngarces@el-colegio.org,No,Yes,Yes,http://www.el-colegio.org/harassment-and-bullying-policies/,No,-9,No,-9,-9,-9,-9,-9,-9,-9,-9,-9,-9,-9,-9,-9,-9,-9,No,-9,-9,-9,-9
MN,MINNESOTA,2700190,FRIENDSHIP ACDMY OF FINE ARTS CHTR.,2600 E 38TH ST,MINNEAPOLIS,55406,No,159,0,1,Yes,Yes,Yes,BILLY,RUSSELL,6128796703,brussell@friendshipacademy.org,BILLY,RUSSELL,6128796703,brussell@friendshipacademy.org,BILLY,RUSSELL,6128796703,brussell@friendshipacademy.org,No,Yes,Yes,http://friendshipacademy.org/families/anti-bully-policy/,No,-9,No,-9,-9,-9,-9,-9,-9,-9,-9,-9,-9,-9,-9,-9,-9,-9,Yes,Yes,No,No,No
MN,MINNESOTA,2700191,PILLAGER AREA CHARTER SCHOOL,BOX 130,PILLAGER,56473,No,34,0,1,Yes,Yes,Yes,MARK,WOLHART,2187463875,mwolhart@pillagercharter.org,MARK,WOLHART,2187463875,mwolhart@pillagercharter.org,MARK,WOLHART,2187463875,mwolhart@pillagercharter.org,No,Yes,No,-9,No,-9,No,-9,-9,-9,-9,-9,-9,-9,-9,-9,-9,-9,-9,-9,-9,-9,No,-9,-9,-9,-9
MN,MINNESOTA,2700192,DISCOVERY PUBLIC SCHOOL FARIBAULT,126 NW 8TH ST,FARIBAULT,55021,No,59,0,1,Yes,Yes,Yes,SHARON,HANSEN,507-331-5423 Ext. 203,shansen@isd4081.org,DAN,WEISSER,507-331-5423 Ext. 208,dweisser@isd4081.org,SHARON,HANSEN,507-331-5423 Ext. 203`,shansen@isd4081.org,No,Yes,Yes,http://www.isd4081.org/Resources.html,No,-9,No,-9,-9,-9,-9,-9,-9,-9,-9,-9,-9,-9,-9,-9,-9,-9,No,-9,-9,-9,-9
MN,MINNESOTA,2700194,RIDGEWAY COMMUNITY SCHOOL,35564 COUNTY RD 12,HOUSTON,55943,No,101,0,1,Yes,Yes,Yes,JODI,DANSINGBURG,507-454-9566,jdansingburg@ridgewayschool.org,JODI,DANSINGBURG,507-454-9566,jdansingburg@ridgewayschool.org,JODI,DANSINGBURG,507-454-9566,jdansingburg@ridgewayschool.org,No,Yes,Yes,www.ridgewayschool.org,No,-9,No,-9,-9,-9,-9,-9,-9,-9,-9,-9,-9,-9,-9,-9,-9,-9,Yes,Yes,No,No,No
MN,MINNESOTA,2700211,SAGE ACADEMY CHARTER SCHOOL,3900 85TH AVE N,BROOKLYN PARK,55443,No,72,0,1,Yes,Yes,Yes,KIM,TURRITO,7633154020,kturrito@sageacademy.org,KIM,TURRITO,7633154020,kturrito@sageacademy.org,KIM,TURRITO,763-315-4020,kturrito@sageacademy.org,No,Yes,Yes,www.sageacademy.org,No,-9,No,-9,-9,-9,-9,-9,-9,-9,-9,-9,-9,-9,-9,-9,-9,-9,No,-9,-9,-9,-9
MN,MINNESOTA,2700212,PRAIRIE CREEK COMMUNITY SCHOOL,27695 DENMARK AVE,NORTHFIELD,55057,No,180,0,1,Yes,Yes,Yes,SIMON,TYLER,5076459640,styler@prairiecreek.org,SIMON,TYLER,5076459640,styler@prairiecreek.org,MICHELLE,FLANNERY,5076459640,m.crow.flannery@gmail.com,No,Yes,Yes,http://www.prairiecreek.org/wp-content/uploads/2018/08/Feb_2012_PCCS_Discrimination_Harassment_and_Violence_Policy_and_Grievance_procedures__2_FINAL.pdf,No,-9,No,-9,-9,-9,-9,-9,-9,-9,-9,-9,-9,-9,-9,-9,-9,-9,Yes,Yes,No,No,No
MN,MINNESOTA,2700213,WATERSHED HIGH SCHOOL,6541 16TH AVE SO,RICHFIELD,55423,No,54,0,1,Yes,Yes,Yes,DESTINY,SPARKS,6128714363,dsparks@watershedhs.org,DESTINY,SPARKS,6128714363,dsparks@watershedhs.org,DESTINY,SPARKS,6128714363,dsparks@watershedhs.org,No,Yes,Yes,https://drive.google.com/file/d/0B3vUU9WJS8qxdHhnbHdWT0ZEWlU/view,No,-9,No,-9,-9,-9,-9,-9,-9,-9,-9,-9,-9,-9,-9,-9,-9,-9,No,-9,-9,-9,-9
MN,MINNESOTA,2700214,NEW CENTURY ACADEMY,950 SCHOOL ROAD SW,HUTCHINSON,55350,No,106,0,1,Yes,Yes,Yes,JASON,BECKER,320-234-3660 x2042,jason.becker@newcenturyacademy.com,CAITLIN,USSET,320-234-3660 x2048,caitlin.usset@newcenturyacademy.com,CAITLIN,USSET,320-234-3660 x 2048,caitlin.usset@newcenturyacademy.com,No,Yes,Yes,www.newcenturyacademy.com,No,-9,No,-9,-9,-9,-9,-9,-9,-9,-9,-9,-9,-9,-9,-9,-9,-9,No,-9,-9,-9,-9
MN,MINNESOTA,2700218,CROSSLAKE COMMUNITY CHARTER SCHOOL,35808 COUNTY RD 66,CROSSLAKE,56442,No,194,0,2,Yes,Yes,Yes,TODD,LYSCIO,218-692-5437,tlyscio@crosslakekids.org,TODD,LYSCIO,218-692-5437,tlyscio@crosslakekids.org,TODD,LYSCIO,218-692-5437,tlyscio@crosslakekids.org,No,Yes,Yes,crosslakekids.org,No,-9,No,-9,-9,-9,-9,-9,-9,-9,-9,-9,-9,-9,-9,-9,-9,-9,Yes,Yes,No,No,No
MN,MINNESOTA,2700221,RIVERWAY LEARNING COMMUNITY CHTR,1733 SERVICE DRIVE STE 18,WINONA,55987,No,113,0,2,Yes,Yes,Yes,KATEY,WADEWITZ,5074746120,kwadewitz@riverwaylearningcommunity.org,KATEY,WADEWITZ,5074746120,kwadewitz@riverwaylearningcommunity.org,KATEY,WADEWITZ,5074746120,kwadewitz@riverwaylearningcommunity.org,No,Yes,Yes,https://drive.google.com/file/d/1IVAVeCF29Gw4qM7Yx4yg8r8EujZNpVH-/view,No,-9,Yes,Yes,No,No,No,No,No,No,0,4,7,0,Yes,-9,-9,-9,Yes,Yes,No,No,No
MN,MINNESOTA,2700224,NORTHLAND LEARNING CENTER,1201 S 13TH AVE,VIRGINIA,55792,No,158,0,4,Yes,Yes,Yes,RACHAEL,LEHMAN,(218) 741-9201,RLEHMAN@NORTHLANDSPED.ORG,RACHAEL,LEHMAN,(218) 741-9201,RLEHMAN@NORTHLANDSPED.ORG,RACHAEL,LEHMAN,(218) 741-9201,RLEHMAN@NORTHLANDSPED.ORG,No,Yes,No,-9,No,-9,Yes,Yes,No,No,No,No,No,No,0,0,0,1,No,Yes,No,Yes,Yes,Yes,No,No,No
MN,MINNESOTA,2700225,SCHOOLCRAFT LEARNING COMMUNITY CHTR,8955 Deer School Rd,Bemidji,56601,No,200,0,1,Yes,Yes,Yes,ANNAMAE,SOVICK,(218)444-2102,annamae@schoolcraft.org,ANNAMAE,SOVICK,(218)444-2102,annamae@schoolcraft.org,ADRIENNE,EICKMAN,(218)444-2102,adrienne@schoolcraft.org,No,Yes,Yes,https://core-docs.s3.amazonaws.com/documents/asset/uploaded_file/100205/Bullying_Prevention___Response.pdf,No,-9,No,-9,-9,-9,-9,-9,-9,-9,-9,-9,-9,-9,-9,-9,-9,-9,Yes,Yes,No,No,No
MN,MINNESOTA,2700226,KATO PUBLIC CHARTER SCHOOL,110 N 6TH ST,MANKATO,56001,No,76,0,1,Yes,Yes,Yes,ALETHA,BALLARD,507-387-5524,aballard@katopcs.org,ALETHA,BALLARD,507-387-5524,aballard@katopcs.org,ALETHA,BALLARD,507-387-5524,aballard@katopcs.org,No,Yes,Yes,https://www.katopcs.org/,No,-9,No,-9,-9,-9,-9,-9,-9,-9,-9,-9,-9,-9,-9,-9,-9,-9,No,-9,-9,-9,-9
MN,MINNESOTA,2700235,TRIO WOLF CREEK DISTANCE LEARNING,13750 LAKE BLVD,LINDSTROM,55045,No,210,0,1,Yes,Yes,Yes,TRACY,QUARNSTROM,651-213-2017,tquarnstrom@wolfcreekhs.org,TRACY,QUARNSTROM,651-213-2017,tquarnstrom@wolfcreekhs.org,TRACY,QUARNSTROM,651-213-2017,tquarnstrom@wolfcreekhs.org,No,Yes,Yes,https://www.triowolfcreek.com/wp-content/uploads/2017/04/Pol-514-Bullying-Prohibition.pdf,No,-9,No,-9,-9,-9,-9,-9,-9,-9,-9,-9,-9,-9,-9,-9,-9,-9,No,-9,-9,-9,-9
MN,MINNESOTA,2700241,TEAM ACADEMY,220 17TH AVE NE,WASECA,56093,No,131,0,1,Yes,Yes,Yes,JILL,COURTNEY,5078338371,jcourtney@team.k12.mn.us,JILL,COURTNEY,5078338371,jcourtney@team.k12.mn.us,JILL,COURTNEY,5078338371,jcourtney@team.k12.mn.us,No,Yes,Yes,https://www.team.k12.mn.us/Page/72,No,-9,No,-9,-9,-9,-9,-9,-9,-9,-9,-9,-9,-9,-9,-9,-9,-9,Yes,Yes,No,No,No
MN,MINNESOTA,2700247,ROCHESTER MATH AND SCIENCE ACADEMY,415 16TH ST SW,ROCHESTER,55902,No,4,0,1,Yes,Yes,Yes,MOHAMED,JAMA,507-252-5995,mojama@rmsacademy.org,BLACK,BLACK,507-252-5595,mojama@rmsacademy.org,BL,BL,507-252-5995,mojama@rmsacademy.org,No,Yes,Yes,http://www.rmsacademy.org/Home/Documents,No,-9,No,-9,-9,-9,-9,-9,-9,-9,-9,-9,-9,-9,-9,-9,-9,-9,Yes,Yes,No,No,No
MN,MINNESOTA,2700249,SWAN RIVER MONTESSORI CHARTER SCH,500 MAPLE ST,MONTICELLO,55362,No,169,0,1,Yes,Yes,Yes,BETH,BROCKMAN,763-271-7926,bethb@swanrivermontessori.ort,BETH,BROCKMAN,763-271-7926,bethb@swanrivermontessori.org,BETH,BROCKMAN,763-271-7926,bethb@swanrivermontessori.org,No,Yes,Yes,swanrivermontessori.org,No,-9,Yes,No,Yes,No,No,Yes,Yes,Yes,0,4,9,1,No,No,No,Yes,Yes,Yes,No,No,No
MN,MINNESOTA,2700254,GREEN ISLE COMMUNITY SCHOOL,PO BOX 277,GREEN ISLE,55338,No,61,0,1,Yes,Yes,Yes,SERENITY,COX,507-326-7144,serenity.cox@greenislecommunityschool.org,SERENITY,COX,507-326-7144,serenity.cox@greenislecommunityschool.org,SERENITY,COX,507-326-7144,serenity.cox@greenislecommunityschool.org,No,Yes,Yes,http://greenislecommunityschool.org/Policy_413_0__2017_03_16-HarassmentViolenceHazingProhibition.pdf,No,-9,No,-9,-9,-9,-9,-9,-9,-9,-9,-9,-9,-9,-9,-9,-9,-9,Yes,Yes,No,No,No
MN,MINNESOTA,2700255,BIRCH GROVE COMMUNITY SCHOOL,PO BOX 2383,TOFTE,55615,No,27,0,1,Yes,Yes,Yes,DIANE,BLANCHETTE,218-663-0170,birchgrove@boreal.org,DIANE,BLANCHETTE,218-663-0170,birchgrove@boreal.org,DIANE,BLANCHETTE,218-663-0170,birchgrove@boreal.org,No,Yes,Yes,http://www.birchgroveschool.com/index.cfm?pID=7444,No,-9,No,-9,-9,-9,-9,-9,-9,-9,-9,-9,-9,-9,-9,-9,-9,-9,Yes,Yes,No,No,No
MN,MINNESOTA,2700256,NORTHERN LIGHTS COMMUNITY SCHOOL,P.O. BOX 2829,WARBA,55793,No,103,0,1,Yes,Yes,Yes,DONNA,HANSON-KAASA,218-492-4400 x22,lkhanson@paulbunyan.net,KAREN,FLEMING,218-492-4400 x19,fleminka@gmail.com,MIKE,HAMERNICK,218-492-4400 x11,mike.hamernick@nlcschool.org,No,Yes,Yes,www.nlcschool.org,No,-9,No,-9,-9,-9,-9,-9,-9,-9,-9,-9,-9,-9,-9,-9,-9,-9,No,-9,-9,-9,-9
MN,MINNESOTA,2700260,MINNESOTA ONLINE HIGH SCHOOL,2314 UNIVERSITY AVE W STE 10,SAINT PAUL,55114,No,160,0,1,Yes,Yes,Yes,ELISSA,RAFFA,8007648166 x103,e.raffa@mail.mnohs.org,ELISSA,RAFFA,8007648166 x103,e.raffa@mail.mnohs.org,ELISSA,RAFFA,8007648166 x103,e.raffa@mail.mnohs.org,No,Yes,Yes,https://www.mnohs.org/images/Files/514BullyingProhibitionPolicy.pdf,No,-9,No,-9,-9,-9,-9,-9,-9,-9,-9,-9,-9,-9,-9,-9,-9,-9,No,-9,-9,-9,-9
MN,MINNESOTA,2700261,EDVISIONS OFF CAMPUS SCHOOL,P.O. BOX 307,HENDERSON,56044,No,112,0,1,Yes,Yes,Yes,GIGI,DOBOSENSKI,(507)248-3101,gigi@edvisionsoffcampus.org,GIGI,DOBOSENSKI,(507)248-3101,gigi@edvisionsoffcampus.org,JESSICA,MOCKROS,(507)248-3101,jessica@edvisionsoffcampus.org,No,Yes,Yes,https://www.edvisionshighschool.com/school-board-policies/,No,-9,No,-9,-9,-9,-9,-9,-9,-9,-9,-9,-9,-9,-9,-9,-9,-9,No,-9,-9,-9,-9
MN,MINNESOTA,2700272,MINNESOTA DEPARTMENT OF CORRECTIONS,1450 ENERGY PARK DRIVE STE 200,SAINT PAUL,55108,Yes,135,0,1,Yes,Yes,Yes,PATTY,POPP,320-248-2630,patty.popp@state.mn.us,PATTY,POPP,320-248-2630,patty.popp@state.mn.us,PATTY,POPP,320-248-2630,patty.popp@state.mn.us,No,No,-9,-9,No,-9,No,-9,-9,-9,-9,-9,-9,-9,-9,-9,-9,-9,-9,-9,-9,-9,No,-9,-9,-9,-9
MN,MINNESOTA,2700273,LOVEWORKS ACADEMY FOR ARTS,2225 ZENITH AVE N,MINNEAPOLIS,55422,No,183,0,1,Yes,Yes,Yes,MARY,STAFFORD,218-565-1456,mstafford@lwa-arts.org,MARY,STAFFORD,218-565-1456,mstafford@lwa-arts.org,MARY,STAFFORD,218-565-1456,mstafford@lwa-arts.org,No,Yes,Yes,lwa-arts.org,No,-9,No,-9,-9,-9,-9,-9,-9,-9,-9,-9,-9,-9,-9,-9,-9,-9,Yes,Yes,No,No,No
MN,MINNESOTA,2700275,NAYTAHWAUSH COMMUNITY SCHOOL,242 CHURCH ST,NAYTAHWAUSH,56566,No,114,0,1,Yes,Yes,Yes,TERRI,ANDERSON,218-936-2112,terri@naytahwaush.org,TERRI,ANDERSON,218-936-2112,terri@naytahwaush.org,TERRI,ANDERSON,218-936-2112,terri@naytahwaush.org,No,Yes,Yes,www.naytahwaush.org/informational-items/community/,No,-9,No,-9,-9,-9,-9,-9,-9,-9,-9,-9,-9,-9,-9,-9,-9,-9,Yes,Yes,No,No,No
MN,MINNESOTA,2700277,NEW DISCOVERIES MONTESSORI ACADEMY,1000 FIFTH AVENUE SE,HUTCHINSON,55350,No,196,0,1,Yes,Yes,Yes,DAVE,CONRAD,3202346362,dave.conrad@newdiscoveries.org,DAVE,CONRAD,3202346362,dave.conrad@newdiscoveries.org,DAVE,CONRAD,3202346362,dave.conrad@newdiscoveries.org,No,Yes,Yes,http://newdiscoveries.org/wp-content/uploads/2013/09/413-Harassment-Violence-12-12.pdf,No,-9,Yes,Yes,No,No,Yes,Yes,Yes,No,0,12,24,0,Yes,-9,-9,-9,Yes,Yes,No,No,No
MN,MINNESOTA,2700278,SOUTHSIDE FAMILY CHARTER SCHOOL,4500 CLINTON AVE S,MINNEAPOLIS,55419,No,117,0,1,Yes,Yes,Yes,DAVID,NUNEZ,612-767-7452,david@southsidefamilyschool.org,DAVID,NUNE,612-767-7452,david@southsidefamilyschool.org,YOLANDA,HARE,612-767-7467,yolanda@southsidefamilyschool.org,No,Yes,Yes,http://www.southsidefamilyschool.org/files/user/17/file/413%20Harassment%20and%20Violence%20Prohibition_%20Protected%20Classes%2011-11-17.pdf,No,-9,No,-9,-9,-9,-9,-9,-9,-9,-9,-9,-9,-9,-9,-9,-9,-9,Yes,Yes,No,No,No
MN,MINNESOTA,2700285,LEARNING FOR LEADERSHIP CHARTER,3300 5TH ST NE,MINNEAPOLIS,55418,No,227,0,1,Yes,Yes,Yes,NICK,BEECHER,6127899598,nbeecher@learningforleadership.org,NICK,BEECHER,6127899598,nbeecher@learningforleadership.org,QUINTON,ALEXANDER,6127899598,qalexander@learningforleadership.org,No,Yes,Yes,https://learningforleadership.org/,No,-9,No,-9,-9,-9,-9,-9,-9,-9,-9,-9,-9,-9,-9,-9,-9,-9,Yes,Yes,No,No,No
MN,MINNESOTA,2700290,CLARKFIELD CHARTER SCHOOL,301 13TH ST,CLARKFIELD,56223,No,63,0,1,Yes,Yes,Yes,KATHY,KOETTER,320-669-1995,kkoetter@clarkfieldareacharter.org,KATHY,KOETTER,320-669-1995,kkoetter@clarkfieldareacharter.org,KATHY,KOETTER,320-669-1995,kkoetter@clarkfiledareacharter.org,No,Yes,Yes,www.clarkfieldareacharter.org,No,-9,Yes,Yes,Yes,No,No,Yes,Yes,Yes,0,10,10,0,Yes,-9,-9,-9,Yes,Yes,No,No,No
MN,MINNESOTA,2700291,EAST RANGE ACADEMY OF TECH-SCIENCE,2000 SIEGEL BLVD,EVELETH,55734,No,143,0,1,Yes,Yes,Yes,AMY,HENDRICKSON,218-744-7965,ahendrickson@mnerats.org,AMY,HENDRICKSON,218-744-7965,ahendrickson@mnerats.org,JODY,YOUSO,218-744-7965,jyouso@mnerats.org,No,Yes,Yes,www.mnerats.org,No,-9,No,-9,-9,-9,-9,-9,-9,-9,-9,-9,-9,-9,-9,-9,-9,-9,No,-9,-9,-9,-9
MN,MINNESOTA,2700292,LAURA JEFFREY ACADEMY CHARTER,1550 SUMMIT AVE,SAINT PAUL,55105,No,106,0,1,Yes,Yes,Yes,ANNA,ROBINSON,651-414-6000,annar@laurajeffreyacademy.org,ANNA,ROBINSON,651-414-6000,annar@laurajeffreyacademy.org,ANNA,ROBINSON,651-414-6000,annar@laurajeffreyacademy.org,No,Yes,Yes,http://www.laurajeffreyacademy.org/policies,No,-9,No,-9,-9,-9,-9,-9,-9,-9,-9,-9,-9,-9,-9,-9,-9,-9,No,-9,-9,-9,-9
MN,MINNESOTA,2700293,GLACIAL HILLS ELEMENTARY,P.O. BOX 189,STARBUCK,56381,No,102,0,1,Yes,Yes,Yes,DEB,MATHIAS,(320)239-7233,dmathias@glacialhills.org,DEB,MATHIAS,(320)239-7233,dmathias@glacialhills.org,DEB,MATHIAS,(320)239-7233,dmathias@glacialhills.org,No,Yes,Yes,www.glacialhills.org,No,-9,No,-9,-9,-9,-9,-9,-9,-9,-9,-9,-9,-9,-9,-9,-9,-9,Yes,Yes,No,No,No
MN,MINNESOTA,2700299,LINCOLN INTERNATIONAL SCHOOL,2520 MINNEHAHA AVE,MINNEAPOLIS,55404,No,136,0,1,Yes,Yes,Yes,MANYI,TAMBE,612-772-8690,manyit@lincolnihs.org,MANYI,TAMBE,612-872-8690,manyit@lincolnihs.org,MANYI,TAMBE,612-872-8690,manyit@lincolnihs.org,Yes,Yes,Yes,www.lincolnihs.org,No,-9,No,-9,-9,-9,-9,-9,-9,-9,-9,-9,-9,-9,-9,-9,-9,-9,No,-9,-9,-9,-9
MN,MINNESOTA,2700300,MINISINAAKWAANG LEADERSHIP ACADEMY,20930 367TH LN,MCGREGOR,55760,No,25,0,1,Yes,Yes,Yes,MARY,ANDERSON,(218)768-5303,marysue.anderson@macademy.org,MARY,ANDERSON,(218)768-5303,marysue.anderson@mlacedemu.org,MARY,ANDERSON,(218)768-5303,marysue.anderson@mlacademy.org,No,Yes,Yes,www.mlacademy.org,No,-9,No,-9,-9,-9,-9,-9,-9,-9,-9,-9,-9,-9,-9,-9,-9,-9,Yes,Yes,No,No,No
MN,MINNESOTA,2700310,NATURAL SCIENCE ACADEMY,920 HOLLEY AVE STE 3,SAINT PAUL PARK,55071,No,85,0,1,Yes,Yes,Yes,KENDRA,HUNDING,6519255050,kendra.hunding@naturalscienceacademy.org,KENDRA,HUNDING,6519255050,kendra.hunding@naturalscienceacademy.org,KENDRA,HUNDING,6519255050,kendra.hunding@naturalscienceacademy.org,No,Yes,Yes,http://www.naturalscienceacademy.org/docs/district/bullying%20prohibition%20policy%2010%2021%2014.pdf,No,-9,No,-9,-9,-9,-9,-9,-9,-9,-9,-9,-9,-9,-9,-9,-9,-9,Yes,Yes,No,No,No
MN,MINNESOTA,2700314,RIVERS EDGE ACADEMY,188 WEST PLATO BLVD,SAINT PAUL,55107,No,67,0,1,Yes,Yes,Yes,MEGHAN,CAVALIER,6512340150,mcavalier@reamn.org,MEGHAN,CAVALIER,6512340150,mcavalier@reamn.org,LESLIE,ALLRED,6512340150,allred@reamn.org,No,Yes,Yes,https://sites.google.com/reamn.org/academic-resources/forms,No,-9,No,-9,-9,-9,-9,-9,-9,-9,-9,-9,-9,-9,-9,-9,-9,-9,No,-9,-9,-9,-9
MN,MINNESOTA,2700315,LIONSGATE ACADEMY,5605 GREEN CIRCLE DRIVE,MINNETONKA,55343,No,193,0,3,Yes,Yes,Yes,DIANE,RESTORFF,612-351-4453,drestorff@lgamn.org,DIANE,RESTORFF,612-351-4453,drestorff@lgamn.org,JEFFREY,OSTERHOUT,612-351-4567,josterhout@lgamn.org,No,Yes,Yes,https://docs.google.com/document/d/1bJ8QxwGKepCBbSqAPQALPpHxHqFUNbIw_P2bQ57XPhY/edit,No,-9,No,-9,-9,-9,-9,-9,-9,-9,-9,-9,-9,-9,-9,-9,-9,-9,No,-9,-9,-9,-9
MN,MINNESOTA,2700316,BRIGHT WATER ELEMENTARY,5140 FREMONT AVE N,MINNEAPOLIS,55430,No,175,0,1,Yes,Yes,Yes,TIFFANY,DUNN,612-302-3410,tiffany@brightwatermontessori.org,TIFFANY,DUNN,612-302-3410,tiffany@brightwatermontessori.org,TIFFANY,DUNN,612-302-3410,tiffany@brightwatermontessori.org,No,Yes,Yes,https://www.brightwatermontessori.org/,No,-9,Yes,No,Yes,No,Yes,Yes,Yes,Yes,12,24,24,24,Yes,-9,-9,-9,Yes,Yes,No,No,No
MN,MINNESOTA,2700318,RUM RIVER SPECIAL EDUCATION COOP,140 N BUCHANAN ST. STE 150,CAMBRIDGE,55008,No,96,0,3,Yes,Yes,Yes,TANYA,TACKER,763-552-7701,ttacker@rrsec.org,TANYA,TACKER,7635527701,ttacker@rrsec.org,TANYA,TACKER,7625527701,ttacker@rrsec.org,No,Yes,Yes,https://www.rrsec.org/about_us/governance/policies_and_procedures,No,-9,No,-9,-9,-9,-9,-9,-9,-9,-9,-9,-9,-9,-9,-9,-9,-9,Yes,Yes,No,No,No
MN,MINNESOTA,2700321,OSHKI OGIMAAG CHARTER SCHOOL,P.O. BOX 320,GRAND PORTAGE,55605,No,21,0,1,Yes,Yes,Yes,JOHN,MORRIN,218-475-2805,jmorrin@grandportage.com,SUE,SMITH,218-475-2112,suesmith@oshkiogimaag.org,BILLIE,WARD,507-330-4530,bward@indigoed.org,No,Yes,Yes,oshkiogimaag.org,No,-9,No,-9,-9,-9,-9,-9,-9,-9,-9,-9,-9,-9,-9,-9,-9,-9,Yes,Yes,No,No,No
MN,MINNESOTA,2700327,SOUTHERN MN EDUCATION CONSORTIUM,P.O. BOX 68,GRAND MEADOW,55936,No,114,0,7,Yes,Yes,Yes,DAN,ARMAGOST,(507)438-5397,darmagost@smec.k12.mn.us,DAN,ARMAGOST,(507)438-53967,darmagost@smec.k12.mn.us,DAN,ARMAGOST,(507)438-53976,darmagost@smec.k12.mn.us,No,Yes,Yes,http://www.smec-isd6083.com/,Yes,Yes,Yes,Yes,Yes,Yes,Yes,Yes,Yes,Yes,0,8,10,10,No,Yes,No,No,No,-9,-9,-9,-9
MN,MINNESOTA,2700339,GREAT EXPECTATIONS,BOX 310,GRAND MARAIS,55604,No,106,0,1,Yes,Yes,Yes,PETER,JAMES,218-387-9322,peter.james@greatexpectationsschool.com,PETER,JAMES,218-387-9322,peter.james@greatexpectationsschool.com,PETER,JAMES,218-387-9322,peter.james@greatexpectationsschool.com,No,Yes,Yes,greatexpectationsschool.com,No,-9,No,-9,-9,-9,-9,-9,-9,-9,-9,-9,-9,-9,-9,-9,-9,-9,Yes,Yes,No,No,No
MN,MINNESOTA,2700343,PALADIN CAREER AND TECH HIGH SCHOOL,308 NORTHTOWN DR,BLAINE,55434,No,219,0,1,Yes,Yes,Yes,BRANDON,WAIT,(763)786-4799 x544,brandon.wait@paladincareertech.com,ERIC,GIESEKE,(763)786-4799 x558,eric.gieseke@paladincareertech.com,JOHN,COLEMAN,(763)786-4799 x552,john.coleman@paladincareertech.com,No,Yes,Yes,http://www.paladincareertech.com/?page_id=789,No,-9,No,-9,-9,-9,-9,-9,-9,-9,-9,-9,-9,-9,-9,-9,-9,-9,No,-9,-9,-9,-9
MN,MINNESOTA,2700346,VOYAGEURS EXPEDITIONARY,3724 BEMIDJI AVE N,BEMIDJI,56601,No,158,0,2,Yes,Yes,Yes,SCOTT,ANDERSON,(218)444-3130,scott@voyageursschool.org,SCOTT,ANDERSON,(218)444-3130,scott@voyageursschool.org,SCOTT,ANDERSON,(218)444-3130,scott@voyageursschool.org,No,Yes,Yes,www.voyageursschool.org,No,-9,No,-9,-9,-9,-9,-9,-9,-9,-9,-9,-9,-9,-9,-9,-9,-9,No,-9,-9,-9,-9
MN,MINNESOTA,2700350,AUGSBURG FAIRVIEW ACADEMY,2504 COLUMBUS AVE,MINNEAPOLIS,55404,No,100,0,1,Yes,Yes,Yes,SARAH,JERGENSON,612-333-1614,sarah.jergenson@afa.tc,DAVID,COFER,612-333-1614,dawi.cofer@afa.tc,NOREEN,FOSTER,612-333-1614,nfoster@indigo.edu,No,Yes,Yes,https://docs.google.com/document/d/1sr9PDDSHn43RgsZ0ZTfyuta-N1u5QUK_7COFNtWNKIw/edit,No,-9,No,-9,-9,-9,-9,-9,-9,-9,-9,-9,-9,-9,-9,-9,-9,-9,No,-9,-9,-9,-9
MN,MINNESOTA,2700352,Spero Academy,2701 California Street NE,MINNEAPOLIS,55418,No,112,0,1,Yes,Yes,Yes,CURTIS,WINDHAM,612-465-8601,cwindham@spero.academy,CURTIS,WINDHAM,612-465-8601,cwindham@spero.academy,CURTIS,WINDHAM,612-465-8601,cwindham@spero.academy,No,Yes,Yes,https://campussuite-storage.s3.amazonaws.com/prod/1073180/9fdbe683-34cf-11e7-9e05-124f7febbf4a/1695219/dcaf52ba-0abd-11e8-b67b-12ea2a32a8ca/file/910%20School%20Bullying%20Prohibition.pdf,No,-9,No,-9,-9,-9,-9,-9,-9,-9,-9,-9,-9,-9,-9,-9,-9,-9,Yes,Yes,No,No,No
MN,MINNESOTA,2700355,ARCADIA CHARTER SCHOOL,1719 CANNON RD,NORTHFIELD,55057,No,120,0,1,Yes,Yes,Yes,BARBARA,WORNSON,(507)663-8806,bwornson@arcadiacharterschool.org,LISA,MALECHA,(507)663-8806,lmalecha@arcadiacharterschool.org,LISA,MALECHA,(507)663-8806,lmalecha@arcadiacharterschool.org,No,Yes,Yes,https://drive.google.com/drive/folders/0B35mQXMi52XfOTdGQXhGbWhkYVU,No,-9,No,-9,-9,-9,-9,-9,-9,-9,-9,-9,-9,-9,-9,-9,-9,-9,No,-9,-9,-9,-9
MN,MINNESOTA,2700361,ACADEMIC ARTS HIGH SCHOOL,60 E MARIE AVE STE #220,WEST SAINT PAUL,55118,No,104,0,1,Yes,Yes,Yes,MALLERY,HAMMERS,651-457-7427,mallery.hammers@academicarts.org,TY,CODY,651-457-7427,ty.cody@academicarts.org,HEATHER,FJELSTAD,651-457-7427,heather.fjelstad@academicarts.org,No,Yes,No,-9,No,-9,No,-9,-9,-9,-9,-9,-9,-9,-9,-9,-9,-9,-9,-9,-9,-9,No,-9,-9,-9,-9
MN,MINNESOTA,2700368,CORNERSTONE MONTESSORI ELEMENTARY,1611 AMES AVE,SAINT PAUL,55106,No,137,0,1,Yes,Yes,Yes,LIESL,TAYLOR,651-774-5000,lheidetaylor@cornerstone-elementary.org,CHRIS,BEWELL,651-774-5000,chrisbewell@cornerstone-elementary.org,LIESL,TAYLOR,651-774-5000,lheidetaylor@cornerstone-elementary.org,No,Yes,Yes,http://images.pcmac.org/Uploads/CornerstoneMontessoriES/CornerstoneMontessoriES/Departments/DocumentsCategories/Documents/514_CMES%20Bullying%20Prohibition%20Policy%20-%20Revised%2011-20-18_%7BSIS8AEA001767FC%7D.pdf,No,-9,No,-9,-9,-9,-9,-9,-9,-9,-9,-9,-9,-9,-9,-9,-9,-9,Yes,Yes,No,No,No
MN,MINNESOTA,2700369,Discovery Woods,604 N 7TH ST,BRAINERD,56401,No,97,0,1,Yes,Yes,Yes,KRISTI,CROCKER,2188288200,OFFICE@DISCOVERYWOODS.COM,KRISTI,CROCKER,2188288200,OFFICE@DISCOVERYWOODS.COM,KRISTI,CROCKER,2188288200,OFFICE@DISCOVERYWOODS.COM,No,Yes,Yes,https://drive.google.com/file/d/0B-HuxEBUuZD1RUlGSHdCMVYzUWs/view?usp=sharing,No,-9,Yes,No,Yes,No,Yes,Yes,Yes,Yes,0,4,12,7,Yes,-9,-9,-9,Yes,Yes,No,No,No
MN,MINNESOTA,2700370,ROCHESTER STEM ACADEMY,415 16th Street SW,Rochester,55902,No,104,104,1,Yes,Yes,Yes,BRYAN,ROSSI,612-310-6925,brossi@rochesterstemacademy.org,BBRYAN,ROSSI,612-310-6925,brossi@rochesterstemacademy.org,BRYAN,ROSSI,612-310-6925,brossi@rochesterstemacademy.org,No,Yes,Yes,https://rochesterstemacademy.org/wp-content/uploads/2018/06/8_514-Bullying-prohibition-r3.10.14.pdf,No,-9,No,-9,-9,-9,-9,-9,-9,-9,-9,-9,-9,-9,-9,-9,-9,-9,No,-9,-9,-9,-9
MN,MINNESOTA,2700372,VERMILION COUNTRY SCHOOL,PO BOX 629,TOWER,55790,No,37,0,1,Yes,Yes,Yes,KEVIN,FITTON,(218)753-1246,kfitton@vermilioncountry.org,KEVIN,FITTON,(218)753-1246,kfitton@vermilioncountry.org,KEVIN,FITTON,(218)753-1246,kfitton@vermilioncountry.org,No,Yes,Yes,http://www.vermilioncountry.org/policies-procedures,No,-9,No,-9,-9,-9,-9,-9,-9,-9,-9,-9,-9,-9,-9,-9,-9,-9,No,-9,-9,-9,-9
MN,MINNESOTA,2700373,MASTERY SCHOOL,1301 7TH AVE N,MINNEAPOLIS,55411,No,203,0,1,Yes,Yes,Yes,EMILY,PETERSON,6513359411,PETERSON.EMILYMATTER@GMAIL.COM,EMILY,PETERSON,6513359411,PETERSON.EMILYMATTER@GMAIL.COM,EMILY,PETERSON,6513359411,PETERSON.EMILYMATTER@GMAIL.COM,No,Yes,Yes,WWW.THEMASTERYSCHOOL.ORG,No,-9,No,-9,-9,-9,-9,-9,-9,-9,-9,-9,-9,-9,-9,-9,-9,-9,Yes,Yes,No,No,No
MN,MINNESOTA,2700374,WEST SIDE SUMMIT CHARTER SCHOOL,497 HUMBOLDT AVE,SAINT PAUL,55107,No,189,1,1,Yes,Yes,Yes,SARAH,HANSON,6512004543,shanson@westsidesummit.org,SARAH,HANSON,6512004543,shanson@westsidesummit.org,SARAH,HANSON,6512004543,shanson@westsidesummit.org,No,Yes,Yes,http://westsidesummit.org/board-of-directors/,No,-9,No,-9,-9,-9,-9,-9,-9,-9,-9,-9,-9,-9,-9,-9,-9,-9,Yes,Yes,No,No,No
MN,MINNESOTA,2700378,NASHA SHKOLA CHARTER SCHOOL,6717 85TH AVENUE N.,BROOKLYN PARK,55443,No,120,0,1,Yes,Yes,Yes,PAUL,KINSLEY,(763)496-5550,paul.kinsley@nashashkolamn.org,PAUL,KINSLEY,(763)496-5550,paul.kinsley@nashashkolamn.org,PAUL,KINSLEY,(763)496-5550,paul.kinsley@nashashkolamn.org,No,Yes,Yes,https://nashashkolamn.org/wp-content/uploads/2017/03/Nasha_Shkola_Civil_Rights_Statement.pdf,No,-9,No,-9,-9,-9,-9,-9,-9,-9,-9,-9,-9,-9,-9,-9,-9,-9,Yes,Yes,No,No,No
MN,MINNESOTA,2700386,SEJONG ACADEMY OF MINNESOTA,1330 BLAIR AVE N,SAINT PAUL,55104,No,195,0,1,Yes,Yes,Yes,SAWLWIN,SI,651-330-6944,ssi@sejongacademy.org,SAWLWIN,SI,651-330-6944,ssi@sejongacademy.org,SAWLWIN,SI,651-330-6944,ssi@sejongacademy.org,No,Yes,Yes,www.sejongacademy.org,Yes,No,Yes,No,Yes,No,No,No,Yes,Yes,0,0,18,2,Yes,-9,-9,-9,Yes,Yes,No,No,No
MN,MINNESOTA,2700389,TECHNICAL ACADEMIES OF MINNESOTA,1705 16TH STREET NE,WILLMAR,56201,No,113,0,2,No,No,No,-9,-9,-9,-9,-9,-9,-9,-9,-9,-9,-9,-9,No,Yes,Yes,https://docs.google.com/document/d/1Gq2D-pm6KG-w-OgVjvCB2h35DiWXM_qR3D3DXj66l7k/edit,No,-9,No,-9,-9,-9,-9,-9,-9,-9,-9,-9,-9,-9,-9,-9,-9,-9,No,-9,-9,-9,-9
MN,MINNESOTA,2700390,STAR OF THE NORTH ACADEMY CHARTER S,1562 VIKING BLVD,EAST BETHEL,55011,No,136,0,1,Yes,Yes,Yes,DAWN,MADLAND,7634507760,dmadland@snacharterschool.org,DAWN,MADLAND,7634507760,dmadland@snacharterschool.org,DAWN,MADLAND,7634507760,dmadland@snacharterschool.org,No,Yes,Yes,snccharterschool.org,No,-9,No,-9,-9,-9,-9,-9,-9,-9,-9,-9,-9,-9,-9,-9,-9,-9,Yes,Yes,No,No,No
MN,MINNESOTA,2700391,DISCOVERY CHARTER SCHOOL,4100 EAST 66TH STREET STE 2,INVER GROVE HEIGHTS,55076,No,179,0,1,Yes,Yes,Yes,SHANNON,BENALSHAIKH,(651)444-8464,sbenalshaikh@discoverymn.org,SHANNON,BENALSHAIKG,(651)444-8464,sbenalshaikh@discoverymn.org,HEATHER,LINES,(651)444-8464,hlines@discoverymn.org,No,Yes,Yes,http://discoverymn.org/discovery-charter-school-policy-index/,No,-9,No,-9,-9,-9,-9,-9,-9,-9,-9,-9,-9,-9,-9,-9,-9,-9,Yes,Yes,No,No,No
MN,MINNESOTA,2700395,SAINT CLOUD MATH AND SCIENCE ACADEM,1025 18TH ST. N,ST. CLOUD,56303,No,154,0,1,Yes,Yes,Yes,TAMMY,BENGTSON,(320) 774-2201 x108,tammy.bengtson@scmsastem.com,TAMMY,BENGTSON,(320) 774-2201 x108,tammy.bengtson@scmsastem.com,TAMMY,BENGTSON,(320) 774-2201 x108,tammy.bengtson@scmsastem.com,No,Yes,Yes,www.scmsastem.com,No,-9,No,-9,-9,-9,-9,-9,-9,-9,-9,-9,-9,-9,-9,-9,-9,-9,Yes,Yes,No,No,No
MN,MINNESOTA,2700396,BDOTE LEARNING CENTER,3216 E 29TH STREET,MINNEAPOLIS,55406,No,80,0,1,Yes,Yes,Yes,EMILY,SCHWARTING,(612)729-9266,emilys@bdote.org,IVA,BUNKER,(612)729-9266,ivab@bdote.org,EMILY,SCHWARTING,(612)729-9266,emilys@bdote.org,No,Yes,Yes,https://img1.wsimg.com/blobby/go/e090f72d-2f6f-44c8-bb34-2e8c3581bcbe/downloads/1cjoev5v3_364329.pdf?ver=1557771651022,No,-9,No,-9,-9,-9,-9,-9,-9,-9,-9,-9,-9,-9,-9,-9,-9,-9,Yes,Yes,No,No,No
MN,MINNESOTA,2700402,Career Pathways,1355 PIERCE BUTLER RT,SAINT PAUL,55104,No,75,0,1,Yes,Yes,Yes,JOAN,LITTLE,6514001781,joan@cpathmn.org,JOAN,LITTLE,6514001781,joan@cpathmn.org,JOAN,LITTLE,6514001781,joan@cpathmn.org,No,Yes,Yes,https://drive.google.com/drive/folders/0BzWtso9wVMwtM3k1aGp3VEtwNzQ,No,-9,No,-9,-9,-9,-9,-9,-9,-9,-9,-9,-9,-9,-9,-9,-9,-9,No,-9,-9,-9,-9
MN,MINNESOTA,2700403,JANE GOODALL ENVIRONMENTAL SCIENCE,8046 83RD STREET NW,MAPLE LAKE,55358,No,94,0,1,Yes,Yes,Yes,KATIE,ZEHOWSKI,9528520129,kzehowski@jgesa.org,KATIE,ZEHOWSKI,9528520129,kzehowski@jgesa.org,KATIE,ZEHOWSKI,9528520129,kzehowski@jgesa.org,No,Yes,Yes,https://www.jgesa.org/domain/18,No,-9,No,-9,-9,-9,-9,-9,-9,-9,-9,-9,-9,-9,-9,-9,-9,-9,No,-9,-9,-9,-9
MN,MINNESOTA,2700404,Success Academy,8201 PARK AVE. S.,BLOOMINGTON,55420,No,80,0,1,Yes,Yes,Yes,MAGDY,RABEAA,612-267-5562,mrabeaa@successacademymn.org,MAGDY,RABEAA,612-267-5562,mrabeaa@successacademymn.org,MAGDY,RABEAA,612-267-5562,mrabeaa@successacademymn.org,No,Yes,Yes,https://www.successacademymn.org/school-policies,No,-9,No,-9,-9,-9,-9,-9,-9,-9,-9,-9,-9,-9,-9,-9,-9,-9,Yes,Yes,No,No,No
MN,MINNESOTA,2700406,Minnesota Excellence in Learning Academy,9060 ZANZIBAR LANE N,MAPLE GROVE,55311,No,226,0,1,Yes,Yes,Yes,DAVID,SUNDSTROM,(312)332-4998,dms@distinctiveschools.org,DAVID,SUNDSTROM,(312)332-4998,dms@distinctiveschools.org,DAVID,SUNDSTROM,(312)332-4998,dms@distinctiveschools.org,No,Yes,Yes,http://mnearlylearningacademy.org/wp-content/uploads/2015/08/parent-student-handbook-minnesota-early-learning-academy.pdf,No,-9,No,-9,-9,-9,-9,-9,-9,-9,-9,-9,-9,-9,-9,-9,-9,-9,Yes,Yes,No,No,No
MN,MINNESOTA,2700408,LEVEL UP ACADEMY,2600 CO RD E EAST,WHITE BEAR LAKE,55110,No,104,0,1,Yes,Yes,Yes,MOLLY,DANDELET,651-408-5559,dandelet@levelupacademy.org,MOLLY,DANDELET,651-408-5559,dandelet@levelupacademy.org,LYNN,HOPWOOD,651-408-5559,hopwood@levelupacademy.org,No,Yes,Yes,www.levelupacademy.org,No,-9,No,-9,-9,-9,-9,-9,-9,-9,-9,-9,-9,-9,-9,-9,-9,-9,Yes,Yes,No,No,No
MN,MINNESOTA,2700410,New Century School,1380 ENERGY LANE,SAINT PAUL,55108,No,230,0,1,Yes,Yes,Yes,AMAL,SHARIF,6514784535,AMAL.SHARIF@NEWCENTURYSCHOOL.NET,AMAL,SHARIF,6514784535,AMAL.SHARIF@NEWCENTURYSCHOOL.NET,AMAL,SHARIF,6514784535,AMAL.SHARIF@NEWCENTURYSCHOOL.NET,No,Yes,Yes,file:///C:/Users/GhaniS/Downloads/521-Nondiscrimination-of-Student-Disabilities.pdf,No,-9,No,-9,-9,-9,-9,-9,-9,-9,-9,-9,-9,-9,-9,-9,-9,-9,Yes,Yes,No,No,No
MN,MINNESOTA,2700412,ROCHESTER BEACON ACADEMY,2521 PENNINGTON DR. NW,ROCHESTER,55901,No,172,0,1,Yes,Yes,Yes,NICOLE,MUSOLF,(507)258-5351 x105,nicole.musolf@rochesterbeaconacademy.org,NICOLE,MUSOLF,(507)258-5351 x105,nicole.musolf@rochesterbeaconacademy.org,NICOLE,MUSOLF,(507)258-5351 x105,nicole.musolf@rochesterbeaconacademy.org,No,Yes,Yes,https://www.rochesterbeaconacademy.org/page/2966,No,-9,No,-9,-9,-9,-9,-9,-9,-9,-9,-9,-9,-9,-9,-9,-9,-9,No,-9,-9,-9,-9
MN,MINNESOTA,2700415,TESFA INTERNATIONAL SCHOOL,1745 UNIVERSITY AVENUE WEST,SAINT PAUL,55104,No,159,0,1,Yes,Yes,Yes,JONAS,BEUGEN,651-717-4844,jonas.beugen@tesfainternationalschool.org,JONAS,BEUGEN,651-717-4844,jonas.beugen@tesfainternationalschool.org,JONAS,BEUGEN,651-717-4844,jonas.beugen@tesfainternationalschool.org,No,Yes,Yes,https://tesfainternationalschool.org/school-board/policies/,No,-9,No,-9,-9,-9,-9,-9,-9,-9,-9,-9,-9,-9,-9,-9,-9,-9,Yes,Yes,No,No,No
MN,MINNESOTA,2700423,North Metro Flex Academy,2350 HELEN STREET,NORTH SAINT PAUL,55109,No,197,0,1,Yes,Yes,Yes,THERESE,PRIVETTE,(612)900-4435,tprivette@northmetroflex.com,THERESE,PRIVETTE,(612)900-4435,tprivette@northmetroflex.com,THERESE,PRIVETTE,(612)900-4435,tprivette@northmetroflex.com,No,Yes,Yes,https://nmf.accelschoolsnetwork2.com/wp-content/uploads/sites/26/2016/05/Policy-5.4.2-Updated-Bullying-Prevention-Adopted-6.2.15.pdf,No,-9,No,-9,-9,-9,-9,-9,-9,-9,-9,-9,-9,-9,-9,-9,-9,-9,Yes,Yes,No,No,No
MN,MINNESOTA,2700424,Cannon Valley Special Education Coo,2800 1ST AVENUE NW,FARIBAULT,55021,No,82,0,3,Yes,Yes,Yes,LYNN,KROMINGA,507-209-2030,lkrominga@cannonvalleyspecialed.org,LYNN,KROMINGA,507-209-2030,lkrominga@cannonvalleyspecialed.org,LYNN,KROMINGA,507-209-2030,lkrominga@cannonvalleyspecialed.org,No,Yes,Yes,www.cannonvalleyspecialed.org,No,-9,No,-9,-9,-9,-9,-9,-9,-9,-9,-9,-9,-9,-9,-9,-9,-9,No,-9,-9,-9,-9
MN,MINNESOTA,2700425,FIT Academy,7200 147TH STREET W,APPLE VALLEY,55124,No,170,0,1,Yes,Yes,Yes,TAMRA,PASCHALL,952-847-3798,tpaschall@fitacademymn.org,CLAUD,ALLAIRE,952-847-3798,callaire@fitacademymn.org,CORINNE,ALTRICHTER,952-847-3798,caltrichter@fitacademymn.org,No,Yes,Yes,https://fitacademymn.org/wp-content/uploads/delightful-downloads/2016/12/514-Bullying-Prohibition.pdf,No,-9,No,-9,-9,-9,-9,-9,-9,-9,-9,-9,-9,-9,-9,-9,-9,-9,Yes,Yes,No,No,No
MN,MINNESOTA,2700426,Austin Albert Lea Area Special Educ,211 WEST RICHWAY DRIVE,ALBERT LEA,56007,No,51,0,1,Yes,Yes,Yes,AMY,SCHULZ,(507) 305-2602,amy.schulz@austin.k12.mn.us,AMY,SCHULZ,(507) 305-2602,amy.schulz@austin.k12.mn.us,AMY,SCHULZ,(507) 305-2602,amy.schulz@austin.k12.mn.us,No,Yes,Yes,https://www.austin.k12.mn.us/Documents/Elementary%20Handbook.pdf,No,-9,No,-9,-9,-9,-9,-9,-9,-9,-9,-9,-9,-9,-9,-9,-9,-9,No,-9,-9,-9,-9
MN,MINNESOTA,2700437,Marine Area Community School,14189 Ostlund Trail N,Marine on st.criox,55074,No,166,0,1,Yes,Yes,Yes,DREW,GOODSON,6514093122,dgoodson@marineareaschool.org,DREW,GOODSON,6514093122,dgoodson@marineareaschool.org,DREW,GOODSON,6514093122,dgoodson@marineareaschool.org,No,Yes,Yes,http://www.marineareaschool.org/wp-content/uploads/MACSNondiscriminationPolicy.pdf,No,-9,No,-9,-9,-9,-9,-9,-9,-9,-9,-9,-9,-9,-9,-9,-9,-9,Yes,Yes,No,No,No
MN,MINNESOTA,2700442,Northern Lights Academy Cooperative,302 14TH STREET,CLOQUET,55720,No,33,0,2,Yes,Yes,Yes,TISHA,WARBALOW,218-878-3060,twarbalow@nlacoop.org,TISHA,WARBALOW,218-878-3060,twarbalow@nlacoop.org,TISHA,WARBALOW,218-878-3060,twarbalow@nlacoop.org,No,Yes,No,-9,No,-9,No,-9,-9,-9,-9,-9,-9,-9,-9,-9,-9,-9,-9,-9,-9,-9,No,-9,-9,-9,-9
MN,MINNESOTA,2705850,BLUFFVIEW MONTESSORI,1321 GILMORE AVE,WINONA,55987,No,210,0,1,Yes,Yes,Yes,HENRY,SCHANTZEN,507-452-2807,hschantzen@bluffviewmontessori.org,HENRY,SCHANTZEN,507-452-2807,hschantzen@bluffviewmontessori.org,HENRY,SCHANTZEN,507-452-2807,hschantzen@bluffviewmontessori.org,No,Yes,Yes,http://bluffviewmontessori.org/school_board/Policies,No,-9,Yes,No,Yes,No,Yes,Yes,Yes,No,0,0,0,0,Yes,-9,-9,-9,Yes,Yes,No,No,No
MN,MINNESOTA,2707110,BROWNS VALLEY PUBLIC SCHOOL DIST.,BOX N,BROWNS VALLEY,56219,No,164,0,2,Yes,Yes,Yes,BRENDA,REED,(320) 695-2103,breed@brownsvalley.k12.mn.us,BRENDA,REED,(320) 695-2103,breed@brownsvalley.k12.mn.us,BECKY,NODSLE,(320) 695-2103,bnodsle@brownsvalley.k12.mn.us,No,Yes,Yes,www.brownsvalley.k12.mn.us,No,-9,Yes,Yes,No,No,No,No,Yes,No,0,0,18,0,Yes,-9,-9,-9,No,-9,-9,-9,-9
MN,MINNESOTA,2707450,CAMPBELL-TINTAH PUBLIC SCHOOL DIST.,PO BOX 8,CAMPBELL,56522,No,165,0,2,Yes,Yes,Yes,KYLE,EDGERTON,(218)630-5311,edgertonk@campbell.k12.mn.us,KYLE,EDGERTON,(218)630-5311,edgertonk@campbell.k12.mn.us,ASHLEY,MICHAEL,(218)630-5311,ashley.michael@k12.nd.us,No,Yes,Yes,https://www.campbell.k12.mn.us/domain/4,No,-9,Yes,Yes,No,No,No,Yes,Yes,No,0,6,18,0,Yes,-9,-9,-9,Yes,Yes,No,No,No
MN,MINNESOTA,2708940,CHOKIO-ALBERTA PUBLIC SCHOOL DIST.,P.O. BOX 68,CHOKIO,56221,No,171,0,2,Yes,Yes,Yes,DAVID,BAUKOL,(320)324-7131 x223,dbaukol@chokioalberta.k12.mn.us,DAVID,BAUKOL,(320)324-7131 x223,dbaukol@chokioalberta.k12.mn.us,DAVID,BAUKOL,(320)324-7131 x223,dbaukol@chokioalberta.k12.mn.us,No,Yes,Yes,www.chokioalberta.k12.mn.us,Yes,Yes,Yes,No,Yes,No,Yes,Yes,Yes,Yes,4,5,7,6,Yes,-9,-9,-9,Yes,Yes,No,No,No
MN,MINNESOTA,2708955,CITY ACADEMY,958 JESSIE ST,SAINT PAUL,55130,No,118,0,1,Yes,Yes,Yes,SUSIE,ORR,6512984624,susieo@cityacademy.org,SEE,VANG,6512984624,seev@cityacademy.org,SUSIE,ORR,6512984624,susieo@cityacademy.org,No,Yes,Yes,https://cityacademy.org/content/CAPolicyManual.pdf,No,-9,No,-9,-9,-9,-9,-9,-9,-9,-9,-9,-9,-9,-9,-9,-9,-9,No,-9,-9,-9,-9
MN,MINNESOTA,2709360,CLIMAX-SHELLY PUBLIC SCHOOLS,PO BOX 67,CLIMAX,56523,No,223,0,2,Yes,Yes,Yes,ART,MEYER,218-857-2385,artmeyer@climax.k12.mn.us,ART,MEYER,218-857-2385,artmeyer@climax.k12.mn.us,ART,MEYER,218-857-2385,artmeyer@climax.k12.mn.us,No,Yes,Yes,www.climax.k12.mn.us,No,-9,Yes,Yes,No,No,No,No,Yes,Yes,0,0,9,4,Yes,-9,-9,-9,Yes,Yes,No,No,No
MN,MINNESOTA,2709540,COMFREY PUBLIC SCHOOL DISTRICT,305 OCHRE ST W,COMFREY,56019,No,158,0,2,Yes,Yes,Yes,KIRSTEN,HUTCHISON,(507)877-3491,khutchison@comfrey.mntm.org,KIRSTEN,HUTCHISON,(507)877-3491,khutchison@comfrey.mntm.org,KIRSTEN,HUTCHISON,(507)877-3491,khutchison@comfrey.mntm.org,No,Yes,Yes,https://comfrey.mntm.org/page/2501,Yes,No,Yes,No,No,Yes,Yes,Yes,Yes,Yes,0,3,4,4,Yes,-9,-9,-9,Yes,Yes,No,No,No
MN,MINNESOTA,2711460,ELLSWORTH PUBLIC SCHOOL DISTRICT,BOX 8,ELLSWORTH,56129,No,162,0,2,Yes,Yes,Yes,JOHN,WILLEY,507-967-2242,john.willey@ellsworth.mntm.org,JUDY,HUISMAN,507-967-2242,judy.huisman@ellsworth.mntm.org,JOHN,WILLEY,507-967-2242,john.willey@ellsworth.mntm.org,Yes,Yes,Yes,www.ellsworth.mntm.org,No,-9,Yes,No,No,No,Yes,Yes,Yes,Yes,0,6,12,9,Yes,-9,-9,-9,Yes,Yes,No,No,No
MN,MINNESOTA,2713020,GOODRIDGE PUBLIC SCHOOL DISTRICT,P.O. BOX 195,GOODRIDGE,56725,No,211,0,2,Yes,Yes,Yes,BECKY,CARLSON,218-378-4134,becky.carlson@goodridgeisd561.org,BECKY,CARLSON,218-378-4134,becky.carlson@goodridgeisd561.org,BECKY,CARLSON,218-378-4134,becky.carlson@goodridgeisd561.org,No,Yes,Yes,www.goodridge.k12.mn.us,Yes,Yes,Yes,Yes,No,No,No,Yes,Yes,No,0,12,24,0,Yes,-9,-9,-9,Yes,Yes,No,No,No
MN,MINNESOTA,2713680,HENDRICKS PUBLIC SCHOOL DISTRICT,200 E LINCOLN,HENDRICKS,56136,No,146,0,7,Yes,Yes,Yes,BRUCE,HOUCK,507-275-3115,bruce.houck@isd402.org,BRUCE,HOUCK,507-275-3115,bruce.houck@isd402.org,PAUL,CHICK,507-275-3115,paul.chick@isd402.org,No,Yes,Yes,https://docs.google.com/document/d/1q_gtMmjxm6V94_lp2VMyICl-x3c2yZ7thmfYDLQat5Q/edit,Yes,No,Yes,No,Yes,No,No,Yes,Yes,Yes,0,11,8,3,Yes,-9,-9,-9,Yes,Yes,No,No,No
MN,MINNESOTA,2713890,HERMAN-NORCROSS SCHOOL DISTRICT,BOX 288,HERMAN,56248,No,117,0,2,Yes,Yes,Yes,RICK,BLEICHNER,(320)677-2291,rbleichner@hncs.k12.mn.us,RICK,BLEICHNER,(320)677-2291,rbleichner@hncs.k12.mn.us,RICK,BLEICHNER,(320)677-2291,rbleichner@hncs.k12.mn.us,No,Yes,Yes,https://www.hncs.k12.mn.us/,Yes,No,Yes,No,No,No,Yes,Yes,No,Yes,0,4,2,1,Yes,-9,-9,-9,Yes,Yes,No,No,No
MN,MINNESOTA,2715540,IVANHOE PUBLIC SCHOOL DISTRICT,BOX 9,IVANHOE,56142,No,102,0,1,Yes,Yes,Yes,DANIEL,DEITTE,507-872-6532,daniel.deitte@minneotaschools.org,DANIEL,DEITTE,507-872-6532,daniel.deitte@minneotaschools.org,DANIEL,DEITTE,507-872-6532,daniel.deitte@minneotaschools.org,No,Yes,Yes,www.lincolnhi.org,Yes,Yes,Yes,No,Yes,No,Yes,Yes,Yes,Yes,0,13,13,2,Yes,-9,-9,-9,Yes,Yes,No,No,No
MN,MINNESOTA,2717460,LAKE BENTON PUBLIC SCHOOL DISTRICT,PO BOX 158,LAKE BENTON,56149,No,168,0,1,Yes,Yes,Yes,ANN,WENDORFF,5073684241,ANN.WENDORFF@LB.K12.MN.US,ANN,WENDORFF,5073684241,ANN.WENDORFF@LB.K12.MN.U,ANN,WENDORFF,5073684241,ANN.WENDORFF@LB.K12.MN.US,No,Yes,Yes,http://www.lakebentonschool.org/District/1110-School-Handbook.html,No,-9,Yes,Yes,No,No,No,Yes,Yes,Yes,0,13,14,2,Yes,-9,-9,-9,Yes,Yes,No,No,No
MN,MINNESOTA,2717880,LANCASTER PUBLIC SCHOOL DISTRICT,401 CENTRAL AVE S,LANCASTER,56735,No,179,0,2,Yes,Yes,Yes,SHANNON,HUNSTAD,2187625400,shunstad@lancaster.k12.mn.us,SHANNON,HUNSTAD,2187625400,shunstad@lancaster.k12.mn.us,SHANNON,HUNSTAD,2187625400,shunstad@lancaster.k12.mn.us,No,Yes,No,-9,Yes,No,Yes,No,No,Yes,No,Yes,Yes,Yes,0,17,13,0,Yes,-9,-9,-9,Yes,Yes,No,No,No
MN,MINNESOTA,2718920,GRYGLA PUBLIC SCHOOL DISTRICT,PO BOX 18,GRYGLA,56727,No,150,0,2,Yes,Yes,Yes,JAMIE,LUNSETTER,218-294-6155,jlunsetter@grygla.k12.mn.us,JAMIE,LUNSETTER,218-294-6155,jlunsetter@grygla.k12.mn.us,JAMIE,LUNSETTER,218-294-6155,jlunsetter@grygla.k12.mn.us,No,Yes,Yes,www.grygla.k12.mn.us,Yes,Yes,Yes,Yes,No,No,No,No,No,No,0,0,0,0,Yes,-9,-9,-9,Yes,Yes,No,No,No
MN,MINNESOTA,2721210,MILROY PUBLIC SCHOOL DISTRICT,BOX 10,MILROY,56263,No,33,5,2,Yes,Yes,Yes,WADE,MCKITTRICK,(507)336-2563,wade.mckittrick@milroy.k12.mn.us,WADE,MCKITTRICK,(507)336-2563,wade.mckittrick@milroy.k12.mn.us,WADE,MCKITTRICK,(507)336-2563,wade.mckittrick@milroy.k12.mn.us,No,Yes,Yes,https://www.milroy.k12.mn.us/domain/24,No,-9,Yes,No,Yes,No,Yes,Yes,Yes,Yes,0,7,7,0,Yes,-9,-9,-9,No,-9,-9,-9,-9
MN,MINNESOTA,2723380,NEW HEIGHTS SCHOOL INC.,614 W MULBERRY ST,STILLWATER,55082,No,132,0,1,Yes,Yes,Yes,THOMAS,KEARNEY,651-439-1962,tkearney@newheightsschoo.org,THOMAS,KEARNEY,651-439-1962,tkearney@newheightsschool.org,THOMAS,KEARNEY,651-439-1962,tkearney@newheightsschool.org,No,Yes,Yes,www.newheightsschool.com,No,-9,No,-9,-9,-9,-9,-9,-9,-9,-9,-9,-9,-9,-9,-9,-9,-9,No,-9,-9,-9,-9
MN,MINNESOTA,2728960,PINE POINT PUBLIC SCHOOL DISTRICT,P.O. BOX 8,PONSFORD,56575,No,59,0,1,Yes,Yes,Yes,CHRISTOPHER,SCHULZ,218-573-4102,cschulz@pinepointk8.org,CHRISTOPHER,SCHULZ,218-573-4102,cschulz@pinepointk8.org,CHRISTOPHER,SCHULZ,218-573-4102,cschulz@pinepointk8.org,No,Yes,Yes,www.pinepoint.k12.mn.us,No,-9,No,-9,-9,-9,-9,-9,-9,-9,-9,-9,-9,-9,-9,-9,-9,-9,Yes,Yes,No,No,No
MN,MINNESOTA,2733720,NETT LAKE PUBLIC SCHOOL DISTRICT,13090 WESTLEY DR,NETT LAKE,55772,No,57,0,1,Yes,Yes,Yes,JAMES,VARICHAK,218-757-3102,jvarichak@isd707.org,JAMES,VARICHAK,218-757-3102,jvarichak@isd707.org,JAMES,VARICHAK,218-757-3102,jvarichak@isd707.org,No,Yes,Yes,nettlakeschool.org,Yes,No,Yes,Yes,No,No,No,No,No,No,0,2,1,0,No,Yes,Yes,Yes,Yes,Yes,No,No,No
MN,MINNESOTA,2740680,TRUMAN PUBLIC SCHOOL DISTRICT,PO BOX 276,TRUMAN,56088,No,217,0,2,Yes,Yes,Yes,LISA,SHELLUM,5077762111,shelluml@truman.k12.mn.us,LISA,SHELLUM,5077762111,shelluml@truman.k12.mn.us,LISA,SHELLUM,5077762111,shelluml@truman.k12.mn.us,No,Yes,Yes,www.truman.k12.mn.us/linksresources,No,-9,Yes,No,No,Yes,Yes,Yes,Yes,Yes,2,16,17,20,Yes,-9,-9,-9,Yes,Yes,No,No,No
MN,MINNESOTA,2791443,GOODHUE COUNTY EDUCATION DISTRICT,395 GUERNSEY LANE,RED WING,55066,No,153,0,4,Yes,Yes,Yes,CHERYL,JOHNSON,651-398-6355,cjohnson@gced.k12.mn.us,CHERYL,JOHNSON,651-398-6355,cjohnson@gced.k12.mn.us,CHERYL,JOHNSON,651-398-6355,cjohnson@gced.k12.mn.us,No,Yes,Yes,gced.k12.mn.us,Yes,Yes,Yes,Yes,No,Yes,Yes,Yes,Yes,Yes,0,0,0,0,Yes,-9,-9,-9,Yes,Yes,No,No,No
MN,MINNESOTA,2791446,TRI-COUNTY SCHOOL DISTRICT,PO BOX 178,KARLSTAD,56732,No,201,0,2,Yes,Yes,Yes,RYAN,BARON,(218)436-2261,barrya@tricounty.k12.mn.us,RYAN,BARON,(218)436-2261,barrya@tricounty.k12.mn.us,RYAN,BARON,(218)436-2261,barrya@tricounty.k12.mn.us,No,Yes,Yes,www.tricounty.k12.mn.us/district-policies.html,Yes,Yes,Yes,No,No,Yes,No,Yes,Yes,Yes,2,1,3,0,Yes,-9,-9,-9,Yes,Yes,No,No,No
MN,MINNESOTA,2791448,NORMAN COUNTY WEST SCHOOL DISTRICT,320 Main Ave,Hendrum,56550,No,184,0,2,Yes,Yes,Yes,SHAWN,YATES,218-456-2151,syates@ncw.k12.mn.us,SHAWN,YATES,218-456-2151,syates@ncw.k12.mn.us,TAMMIE,RUEBKE,218-861-5800,truebke@ncw.k12.mn.us,No,Yes,Yes,http://ncw.ncw.k12.mn.us/west-elementary/elementary-parent-student-handbook,No,-9,Yes,Yes,No,No,No,No,Yes,Yes,0,0,11,2,Yes,-9,-9,-9,Yes,Yes,No,No,No
MN,MINNESOTA,2791455,WEST CENTRAL EDUCATION DISTRICT,903 STATE RD S,SAUK CENTRE,56378,No,46,0,3,Yes,Yes,Yes,LAURIE,FEVIG,320-352-2284,lfevig@wced6026.com,LAURIE,FEVIG,320-352-2284,lfevig@wced6026.com,LAURIE,FEVIG,320-352-2284,lfevig@wced6026.com,No,Yes,Yes,http://www.wced6026.org/vnews/display.v/SEC/WCED%20Staff%20Resources%7CFull%20Policy%20Language,No,-9,No,-9,-9,-9,-9,-9,-9,-9,-9,-9,-9,-9,-9,-9,-9,-9,Yes,Yes,No,No,No
MN,MINNESOTA,2791456,PERPICH CENTER FOR ARTS EDUCATION,6125 OLSON MEMORIAL HWY,GOLDEN VALLEY,55422,No,162,0,1,Yes,Yes,Yes,EKPE,AKPAN,763-279-4287,ekpe.akpan@pcae.k12.mn.us,EKPE,AKPAN,763-279-4287,ekpe.akpan@pcae.k12.mn.us,EKPE,AKPAN,763-279-4287,ekpe.akpan@pcae.k12.mn.us,No,Yes,Yes,http://perpich.mn.gov/index.php?section=about_policies,No,-9,No,-9,-9,-9,-9,-9,-9,-9,-9,-9,-9,-9,-9,-9,-9,-9,No,-9,-9,-9,-9
