State Postal Code,State FIPS Code,District ID,Name,Estimated Total Population,Estimated Population 5-17,Estimated number of relevant children 5 to 17 years old in poverty who are related to the householder
MN,27,3030,Alden-Conger Public School District,1524,275,26
MN,27,3300,Ashby Public School District,1416,244,32
MN,27,3540,Badger Public School District,1080,183,19
MN,27,3750,Battle Lake Public School District,3981,606,50
MN,27,382,Brandon-Evansville Public Schools,3573,544,50
MN,27,7110,Browns Valley Public School District,745,76,20
MN,27,7320,Butterfield Public School District,1130,176,21
MN,27,7450,Campbell-Tintah Public School District,723,116,19
MN,27,8940,Chokio-Alberta Public School District,1223,202,18
MN,27,9330,Cleveland Public School District,2470,433,16
MN,27,9360,Climax-Shelly Public Schools,840,163,22
MN,27,150,Clinton-Graceville-Beardsley,2452,402,52
MN,27,27002,Clinton-Graceville-Beardsley-Wheaton-Sisseton/Wilmot (SD) in Browns Valley (9-12),745,39,3
MN,27,9540,Comfrey Public School District,1090,195,26
MN,27,9690,Cromwell-Wright Public Schools,1804,302,30
MN,27,10090,Dawson-Boyd Public School District,2784,447,49
MN,27,11010,Dover-Eyota Public School District,4463,911,47
MN,27,11220,Edgerton Public School District,2210,398,43
MN,27,99001,Elkton School District 05-3 in Lake Benton (7-12),1347,105,13
MN,27,11460,Ellsworth Public School District,966,169,29
MN,27,38880,Esko Public School District,5045,1015,31
MN,27,12180,Fisher Public School District,996,172,13
MN,27,12210,Floodwood Public School District,1598,243,24
MN,27,8880,Franconia Public School District,266,45,1
MN,27,148,Glenville-Emmons School District,2527,445,32
MN,27,12900,Goodhue Public School District,3036,607,33
MN,27,13020,Goodridge Public School District,852,176,22
MN,27,13040,Granada-Huntley-East Chain,1764,294,36
MN,27,13140,Grand Meadow Public School District,1901,383,29
MN,27,107,Greenbush-Middle River School District,2700,444,47
MN,27,18920,Grygla Public School District,1029,164,19
MN,27,13380,Hancock Public School District,1294,233,22
MN,27,13560,Hawley Public School District,4394,946,27
MN,27,13680,Hendricks Public School District,1048,152,19
MN,27,13890,Herman-Norcross School District,978,166,20
MN,27,13930,Heron Lake-Okabena School District,1606,279,28
MN,27,27006,Heron Lake-Okabena-Fulda-Worthington in Round Lake-Brewster (9-12),1709,101,11
MN,27,14010,Hill City Public School District,1605,279,37
MN,27,14040,Hills-Beaver Creek School District,2008,392,36
MN,27,14280,Houston Public School District,2768,444,43
MN,27,15540,Ivanhoe Public School District,1237,105,11
MN,27,17010,Kelliher Public School District,1068,179,45
MN,27,17120,Kerkhoven-Murdock-Sunburg,2662,484,49
MN,27,17220,Kimball Public School District,4687,895,51
MN,27,91447,Kittson Central School District,1914,278,29
MN,27,17460,Lake Benton Public School District,1347,143,23
MN,27,88,Lakeview School District,2689,529,43
MN,27,17880,Lancaster Public School District,816,135,20
MN,27,17910,Lanesboro Public School District,1711,283,36
MN,27,17940,Laporte Public School District,1716,256,40
MN,27,18060,LeRoy-Ostrander Public Schools,2074,362,35
MN,27,2640,Lester Prairie Public School District,2933,518,46
MN,27,18270,Littlefork-Big Falls School District,1562,230,18
MN,27,18360,Lyle Public School District,1153,216,37
MN,27,18390,Lynd Public School District,1054,154,13
MN,27,23550,Marshall County Central Schools,1899,341,26
MN,27,27004,Marshall-Minneota-RTR Public Schools in Lynd (9-12),1054,70,9
MN,27,27005,Marshall-Tracy Public Schools in Milroy (9-12),688,38,3
MN,27,19320,Medford Public School District,3176,727,51
MN,27,21210,Milroy Public School District,688,91,9
MN,27,21270,Minneota Public School District,2630,536,45
MN,27,27003,Minneota-Ivanhoe Public School Districts in Ivanhoe (7-12),1237,108,7
MN,27,33720,Nett Lake Public School District,386,51,10
MN,27,23370,Nevis Public School District,2543,328,44
MN,27,23580,Nicollet Public School District,2617,483,22
MN,27,91448,Norman County West School District,1420,236,48
MN,27,28960,Pine Point Public School District,348,80,31
MN,27,16830,Prinsburg Public School District,771,146,13
MN,27,30150,Randolph Public School District,2521,442,11
MN,27,385,Red Lake County Central Public Schools,1978,367,35
MN,27,30450,Red Lake Falls Public School District,2299,411,51
MN,27,32460,Rothsay Public School District,1044,166,21
MN,27,388,Round Lake-Brewster Public Schools,1709,226,36
MN,27,32700,South Koochiching School District,1239,169,35
MN,27,33300,Spring Grove School District,2181,314,31
MN,27,33480,St. Clair Public School District,2787,577,39
MN,27,27007,St. Louis-Northland in Nett Lake (7-12),386,48,13
MN,27,127,Stephen-Argyle Central Schools,1944,324,19
MN,27,38280,Swanville Public School District,1848,338,32
MN,27,91446,Tri-County School District,2002,332,30
MN,27,40810,Ulen-Hitterdal Public School District,1817,349,22
MN,27,40860,Upsala Public School District,2034,421,50
MN,27,41430,Wabasso Public School District,2414,434,24
MN,27,42750,Willow River Public School District,3367,495,53
MN,27,44190,Wrenshall Public School District,1757,303,25
