State Postal Code,State FIPS Code,District ID,Name,Estimated Total Population,Estimated Population 5-17,Estimated number of relevant children 5 to 17 years old in poverty who are related to the householder
MN,27,106,A.C.G.C. Public School District,5896,996,133
MN,27,126,Ada-Borup Public School District,2571,467,65
MN,27,2730,Adrian Public School District,2454,499,61
MN,27,2760,Aitkin Public School District,9395,1257,181
MN,27,2930,Albany Public School District,9297,1849,114
MN,27,2970,Albert Lea Public School District,22892,3587,629
MN,27,3030,Alden-Conger Public School District,1524,275,26
MN,27,3060,Alexandria Public School District,30143,4675,328
MN,27,3150,Annandale Public School District,11140,1913,93
MN,27,3180,Anoka-Hennepin Public School District,240046,44096,2690
MN,27,3300,Ashby Public School District,1416,244,32
MN,27,3450,Austin Public School District,28419,5129,714
MN,27,3540,Badger Public School District,1080,183,19
MN,27,3570,Bagley Public School District,6071,1140,192
MN,27,3660,Barnesville Public School District,4749,991,68
MN,27,3690,Barnum Public School District,3902,746,60
MN,27,3750,Battle Lake Public School District,3981,606,50
MN,27,3870,Becker Public School District,12177,2794,96
MN,27,105,Belgrade-Brooten-Elrosa Public School District,4445,830,77
MN,27,4050,Belle Plaine Public School District,10010,1939,79
MN,27,4440,Bemidji Public School District,38215,6381,1130
MN,27,4470,Benson Public School District,5473,943,118
MN,27,5430,Bertha-Hewitt Public School District,3670,676,108
MN,27,5460,Big Lake Public School District,18538,4028,196
MN,27,5660,Bird Island-Olivia-Lake Lillian Public School District,4822,777,120
MN,27,5730,Blackduck Public School District,4170,745,152
MN,27,5760,Blooming Prairie Public School District,4251,798,116
MN,27,5790,Bloomington Public School District,89952,12424,1311
MN,27,130,Blue Earth Area Public Schools,7708,1255,168
MN,27,6060,Braham Public School District,6343,1134,140
MN,27,6090,Brainerd Public School District,43899,7265,778
MN,27,382,Brandon-Evansville Public Schools,3573,544,50
MN,27,6150,Breckenridge Public School District,4840,813,75
MN,27,6240,Brooklyn Center School District,9678,1652,368
MN,27,6300,Browerville Public School District,3748,654,149
MN,27,7110,Browns Valley Public School District,745,76,20
MN,27,23,Buffalo Lake-Hector-Stewart Public Schools,4099,655,93
MN,27,7200,Buffalo-Hanover-Montrose Public Schools,34283,7170,395
MN,27,7290,Burnsville Public School District,71294,11919,1252
MN,27,7320,Butterfield Public School District,1130,176,21
MN,27,7350,Byron Public School District,7779,1661,54
MN,27,7380,Caledonia Public School District,5970,950,86
MN,27,7410,Cambridge-Isanti Public School District,29624,5336,435
MN,27,7450,Campbell-Tintah Public School District,723,116,19
MN,27,7470,Canby Public School District,3463,533,75
MN,27,7500,Cannon Falls Public School District,7890,1352,89
MN,27,7590,Carlton Public School District,4566,772,76
MN,27,8070,Cass Lake-Bena Public Schools,4476,957,303
MN,27,110,Cedar Mountain School District,2362,436,63
MN,27,8100,Centennial Public School District,34019,6679,224
MN,27,23910,Central Public School District,8867,1563,63
MN,27,8220,Chatfield Public Schools,5160,1039,68
MN,27,17,Chisago Lakes School District,21699,3678,183
MN,27,8910,Chisholm Public School District,5796,883,148
MN,27,8940,Chokio-Alberta Public School District,1223,202,18
MN,27,103,Clearbrook-Gonvick School District,2920,513,78
MN,27,9330,Cleveland Public School District,2470,433,16
MN,27,9360,Climax-Shelly Public Schools,840,163,22
MN,27,150,Clinton-Graceville-Beardsley,2452,402,52
MN,27,27002,Clinton-Graceville-Beardsley-Wheaton-Sisseton/Wilmot (SD) in Browns Valley (9-12),745,39,3
MN,27,9420,Cloquet Public School District,14437,2565,254
MN,27,9510,Columbia Heights Public School District,26755,3723,558
MN,27,9540,Comfrey Public School District,1090,195,26
MN,27,13110,Cook County Public Schools,5398,596,85
MN,27,9690,Cromwell-Wright Public Schools,1804,302,30
MN,27,9720,Crookston Public School District,9716,1581,240
MN,27,9750,Crosby-Ironton Public School District,10900,1639,232
MN,27,10060,Dassel-Cokato Public School District,10464,2351,134
MN,27,10090,Dawson-Boyd Public School District,2784,447,49
MN,27,10140,Deer River Public School District,5556,948,151
MN,27,10170,Delano Public School District,11718,2578,80
MN,27,10230,Detroit Lakes Public School District,17417,3001,392
MN,27,10260,Dilworth-Glyndon-Felton,6553,1367,118
MN,27,11010,Dover-Eyota Public School District,4463,911,47
MN,27,11040,Duluth Public School District,93296,12217,1551
MN,27,11085,East Central School District,6969,888,151
MN,27,11130,East Grand Forks Public School District,10095,1796,190
MN,27,8190,Eastern Carver County Public Schools,57693,11911,442
MN,27,14220,Eden Prairie Public School District,62581,11977,858
MN,27,11190,Eden Valley-Watkins School District,4979,910,64
MN,27,11220,Edgerton Public School District,2210,398,43
MN,27,11250,Edina Public School District,42964,8671,284
MN,27,11370,Elk River Public School District,71335,14759,576
MN,27,99001,Elkton School District 05-3 in Lake Benton (7-12),1347,105,13
MN,27,11460,Ellsworth Public School District,966,169,29
MN,27,11520,Ely Public School District,5049,562,89
MN,27,38880,Esko Public School District,5045,1015,31
MN,27,21,Eveleth-Gilbert School District,8537,1299,140
MN,27,124,Fairmont Area School District,12276,1888,313
MN,27,11760,Faribault Public School District,31389,5327,828
MN,27,11820,Farmington Public School District,34759,7344,304
MN,27,11880,Fergus Falls Public School District,19479,3056,355
MN,27,11910,Fertile-Beltrami School District,2821,506,69
MN,27,100,Fillmore Central,4918,850,201
MN,27,12180,Fisher Public School District,996,172,13
MN,27,12210,Floodwood Public School District,1598,243,24
MN,27,12240,Foley Public School District,9437,2012,124
MN,27,12270,Forest Lake Public School District,48610,8495,388
MN,27,12300,Fosston Public School District,3711,701,114
MN,27,8880,Franconia Public School District,266,45,1
MN,27,12360,Frazee-Vergas Public School District,6915,1300,244
MN,27,12420,Fridley Public School District,16489,2519,334
MN,27,12480,Fulda Public School District,2459,423,60
MN,27,12580,G.F.W.,5938,971,113
MN,27,128,Glencoe-Silver Lake School District,12760,2190,199
MN,27,148,Glenville-Emmons School District,2527,445,32
MN,27,12900,Goodhue Public School District,3036,607,33
MN,27,13020,Goodridge Public School District,852,176,22
MN,27,13040,Granada-Huntley-East Chain,1764,294,36
MN,27,13140,Grand Meadow Public School District,1901,383,29
MN,27,13170,Grand Rapids Public School District,27418,4147,430
MN,27,107,Greenbush-Middle River School District,2700,444,47
MN,27,9480,Greenway Public School District,8597,1470,188
MN,27,18920,Grygla Public School District,1029,164,19
MN,27,13380,Hancock Public School District,1294,233,22
MN,27,13530,Hastings Public School District,33516,5689,321
MN,27,13560,Hawley Public School District,4394,946,27
MN,27,13590,Hayfield Public School District,4877,879,60
MN,27,13680,Hendricks Public School District,1048,152,19
MN,27,13860,Henning Public School District,3010,474,73
MN,27,13890,Herman-Norcross School District,978,166,20
MN,27,13920,Hermantown Public School District,11329,1841,87
MN,27,13930,Heron Lake-Okabena School District,1606,279,28
MN,27,27006,Heron Lake-Okabena-Fulda-Worthington in Round Lake-Brewster (9-12),1709,101,11
MN,27,13980,Hibbing Public School District,17570,2581,459
MN,27,14010,Hill City Public School District,1605,279,37
MN,27,14040,Hills-Beaver Creek School District,2008,392,36
MN,27,14070,Hinckley-Finlayson School District,6947,1099,188
MN,27,14190,Holdingford Public School District,5014,990,56
MN,27,14260,Hopkins Public School District,67227,9168,824
MN,27,14280,Houston Public School District,2768,444,43
MN,27,123,Howard Lake-Waverly-Winsted,9182,1603,103
MN,27,14970,Hutchinson Public School District,17829,3124,230
MN,27,15000,International Falls School District,9560,1351,262
MN,27,15030,Inver Grove Heights Schools,30668,4744,420
MN,27,15510,Isle Public School District,3227,456,86
MN,27,15540,Ivanhoe Public School District,1237,105,11
MN,27,231,Jackson County Central School District,7554,1214,131
MN,27,91451,Janesville-Waldorf-Pemberton,4829,883,92
MN,27,15750,Jordan Public School District,10092,2208,88
MN,27,16980,Kasson-Mantorville School District,10421,2235,83
MN,27,17010,Kelliher Public School District,1068,179,45
MN,27,17100,Kenyon-Wanamingo School District,5558,959,99
MN,27,17120,Kerkhoven-Murdock-Sunburg,2662,484,49
MN,27,17220,Kimball Public School District,4687,895,51
MN,27,7,Kingsland Public School District,5226,939,75
MN,27,91447,Kittson Central School District,1914,278,29
MN,27,17250,La Crescent-Hokah School District,8264,1390,84
MN,27,125,Lac Qui Parle Valley School District,6163,883,129
MN,27,17460,Lake Benton Public School District,1347,143,23
MN,27,17520,Lake City Public School District,8822,1338,105
MN,27,91445,Lake Crystal-Wellcome Memorial,6416,1183,74
MN,27,162,Lake Park Audubon School District,5151,884,74
MN,27,40740,Lake Superior Public School District,13014,1890,186
MN,27,17570,Lake of the Woods School District,3397,459,61
MN,27,88,Lakeview School District,2689,529,43
MN,27,17780,Lakeville Public School District,55190,12537,392
MN,27,17880,Lancaster Public School District,816,135,20
MN,27,17910,Lanesboro Public School District,1711,283,36
MN,27,17940,Laporte Public School District,1716,256,40
MN,27,18070,Le Sueur-Henderson School District,7590,1328,92
MN,27,18060,LeRoy-Ostrander Public Schools,2074,362,35
MN,27,2640,Lester Prairie Public School District,2933,518,46
MN,27,18090,Lewiston-Altura Public School District,4253,828,91
MN,27,18210,Litchfield Public School District,11512,2033,202
MN,27,18240,Little Falls Public School District,17389,2915,383
MN,27,18270,Littlefork-Big Falls School District,1562,230,18
MN,27,109,Long Prairie-Grey Eagle School District,8426,1425,252
MN,27,18330,Luverne Public School District,6952,1362,134
MN,27,18360,Lyle Public School District,1153,216,37
MN,27,18390,Lynd Public School District,1054,154,13
MN,27,91,MACCRAY School District,4429,760,92
MN,27,18540,Mabel-Canton Public School District,2477,517,64
MN,27,18570,Madelia Public School District,3306,556,87
MN,27,18660,Mahnomen Public School District,3969,887,274
MN,27,18750,Mahtomedi Public School District,14779,2989,155
MN,27,18780,Mankato Public School District,66122,9085,1076
MN,27,18810,Maple Lake Public School District,5322,1072,61
MN,27,6,Maple River School District,6246,1195,125
MN,27,23550,Marshall County Central Schools,1899,341,26
MN,27,18940,Marshall Public School District,15654,2572,361
MN,27,27004,Marshall-Minneota-RTR Public Schools in Lynd (9-12),1054,70,9
MN,27,27005,Marshall-Tracy Public Schools in Milroy (9-12),688,38,3
MN,27,18960,Martin County West School District,4305,714,97
MN,27,19170,McGregor Public School District,4151,481,88
MN,27,19320,Medford Public School District,3176,727,51
MN,27,20550,Melrose Public School District,9227,1809,169
MN,27,20580,Menahga Public School District,3676,747,123
MN,27,91450,Mesabi East School District,7504,1065,131
MN,27,20670,Milaca Public School District,11598,2173,242
MN,27,21210,Milroy Public School District,688,91,9
MN,27,21240,Minneapolis Public School District,415671,53203,12847
MN,27,21270,Minneota Public School District,2630,536,45
MN,27,27003,Minneota-Ivanhoe Public School Districts in Ivanhoe (7-12),1237,108,7
MN,27,11670,Minnetonka Public School District,43905,8986,219
MN,27,19,Minnewaska School District,9384,1426,136
MN,27,21320,Montevideo Public School District,7298,1179,160
MN,27,21390,Monticello Public School District,22094,4553,229
MN,27,21420,Moorhead Public School District,46294,7267,1130
MN,27,21450,Moose Lake Public School District,5952,778,59
MN,27,21480,Mora Public School District,10760,1695,252
MN,27,383,Morris Area Public Schools,7746,1115,90
MN,27,22950,Mounds View Public School District,79780,12260,998
MN,27,1,Mountain Iron-Buhl School District,4526,694,79
MN,27,23010,Mountain Lake Public Schools,3012,598,79
MN,27,90,Murray County Central School District,4729,766,81
MN,27,89,NRHEG School District,5213,955,92
MN,27,23310,Nashwauk-Keewatin School District,3776,538,78
MN,27,33720,Nett Lake Public School District,386,51,10
MN,27,23370,Nevis Public School District,2543,328,44
MN,27,23400,New London-Spicer School District,9275,1561,94
MN,27,23430,New Prague Area Schools,20050,4360,144
MN,27,23490,New Ulm Public School District,18910,2962,226
MN,27,23520,New York Mills Public School District,3615,626,93
MN,27,23580,Nicollet Public School District,2617,483,22
MN,27,101,Norman County East School District,2141,382,56
MN,27,91448,Norman County West School District,1420,236,48
MN,27,23820,North Branch Public Schools,20529,3784,217
MN,27,23850,North St. Paul-Maplewood-Oakdale School District,82672,13579,1424
MN,27,23880,Northfield Public School District,28670,4277,343
MN,27,30870,Northland Community Schools,4559,561,164
MN,27,23970,Ogilvie Public School District,3541,618,81
MN,27,25050,Onamia Public School District,5639,990,170
MN,27,25080,Orono Public School District,12889,2780,88
MN,27,328,Ortonville Public Schools,3368,530,82
MN,27,25140,Osakis Public School District,4052,696,95
MN,27,25200,Osseo Public School District,146790,27196,2654
MN,27,28050,Owatonna Public School District,29540,5416,620
MN,27,28080,Park Rapids Public School District,12789,1952,330
MN,27,28110,Parkers Prairie Public School District,3041,481,65
MN,27,28140,Paynesville Public School District,6409,1099,114
MN,27,28170,Pelican Rapids Public School District,7571,1203,177
MN,27,28200,Pequot Lakes Public Schools,10179,1630,129
MN,27,28230,Perham-Dent Public School District,10857,1591,165
MN,27,28320,Pierz Public School District,5217,995,88
MN,27,28350,Pillager Public School District,5344,895,110
MN,27,28380,Pine City Public School District,10541,1676,226
MN,27,28950,Pine Island Public School District,6427,1287,92
MN,27,28960,Pine Point Public School District,348,80,31
MN,27,28970,Pine River-Backus Public School District,7588,1145,200
MN,27,108,Pipestone Area School District,7325,1371,174
MN,27,287,Plainview-Elgin-Millville,7993,1488,117
MN,27,30030,Princeton Public School District,21011,3873,278
MN,27,16830,Prinsburg Public School District,771,146,13
MN,27,30060,Prior Lake-Savage Area Schools,42378,8888,321
MN,27,30090,Proctor Public School District,12604,1985,139
MN,27,294,RTR Public Schools,3410,635,70
MN,27,30150,Randolph Public School District,2521,442,11
MN,27,385,Red Lake County Central Public Schools,1978,367,35
MN,27,30450,Red Lake Falls Public School District,2299,411,51
MN,27,30510,Red Lake Public School District,6158,1604,462
MN,27,132,Red Rock Central School District,3292,552,75
MN,27,30480,Red Wing Public School District,19637,3144,290
MN,27,182,Redwood Area School District,7894,1390,165
MN,27,163,Renville County West School District,3961,682,59
MN,27,31750,Richfield Public School District,43249,5291,726
MN,27,31780,Robbinsdale Public School District,107642,15980,2112
MN,27,31800,Rochester Public School District,128530,21700,1988
MN,27,32070,Rockford Public School District,10306,2059,123
MN,27,9440,Rocori Public School District,13269,2629,166
MN,27,32250,Roseau Public School District,6599,1217,89
MN,27,32390,Rosemount-Apple Valley-Eagan,151962,29004,1528
MN,27,32430,Roseville Public School District,58955,8356,1153
MN,27,32460,Rothsay Public School District,1044,166,21
MN,27,388,Round Lake-Brewster Public Schools,1709,226,36
MN,27,32520,Royalton Public School District,3804,719,83
MN,27,32550,Rush City Public School District,6738,874,70
MN,27,28290,Rushford-Peterson Public Schools,4070,694,75
MN,27,32820,Sartell-St. Stephen School District,17941,4113,156
MN,27,32850,Sauk Centre Public School District,7888,1336,158
MN,27,32880,Sauk Rapids-Rice Public Schools,24181,4408,306
MN,27,32970,Sebeka Public School District,2938,591,113
MN,27,33000,Shakopee Public School District,47750,9369,477
MN,27,102,Sibley East School District,7498,1390,126
MN,27,33210,Sleepy Eye Public School District,5348,1014,100
MN,27,32700,South Koochiching School District,1239,169,35
MN,27,33270,South St. Paul Public School District,20954,3216,329
MN,27,33810,South Washington County School District,99831,20057,663
MN,27,2720,Southland Public School District,3599,721,58
MN,27,33300,Spring Grove School District,2181,314,31
MN,27,33330,Spring Lake Park Public Schools,32193,5197,395
MN,27,33390,Springfield Public School District,3276,586,65
MN,27,33420,St. Anthony-New Brighton Schools,10654,1280,90
MN,27,33450,St. Charles Public School District,5873,1165,129
MN,27,33480,St. Clair Public School District,2787,577,39
MN,27,33510,St. Cloud Public School District,101654,13535,2312
MN,27,33540,St. Francis Public School District,33521,6417,339
MN,27,33600,St. James Public School District,6397,1161,145
MN,27,8,St. Louis County School District,17830,2519,270
MN,27,33780,St. Louis Park Public School District,47382,5581,526
MN,27,27007,St. Louis-Northland in Nett Lake (7-12),386,48,13
MN,27,33790,St. Michael-Albertville School District,24441,6033,167
MN,27,33840,St. Paul Public School District,307112,52864,12647
MN,27,33870,St. Peter Public School District,14983,2140,218
MN,27,33900,Staples-Motley School District,9977,1712,253
MN,27,127,Stephen-Argyle Central Schools,1944,324,19
MN,27,38160,Stewartville Public School District,9273,1800,192
MN,27,38190,Stillwater Area Public School District,64269,11497,427
MN,27,38280,Swanville Public School District,1848,338,32
MN,27,38850,Thief River Falls School District,13742,2278,235
MN,27,326,Tracy Area Public School District,5256,983,135
MN,27,379,Tri-City United School District,12488,2290,203
MN,27,91446,Tri-County School District,2002,332,30
MN,27,40665,Triton School District,7013,1260,122
MN,27,40680,Truman Public School District,2290,426,70
MN,27,40810,Ulen-Hitterdal Public School District,1817,349,22
MN,27,40830,Underwood Public School District,2421,383,54
MN,27,5,United South Central School District,5885,1006,189
MN,27,40860,Upsala Public School District,2034,421,50
MN,27,40920,Verndale Public School District,1750,345,56
MN,27,41040,Virginia Public School District,10938,1412,319
MN,27,41060,Wabasha-Kellogg Public School District,5256,747,75
MN,27,41430,Wabasso Public School District,2414,434,24
MN,27,41460,Waconia Public School District,21432,4335,114
MN,27,22,Wadena-Deer Creek School District,7722,1367,261
MN,27,2910,Walker-Hackensack-Akeley School District,7331,1035,235
MN,27,24,Warren-Alvarado-Oslo School District,3625,570,71
MN,27,41850,Warroad Public School District,6042,1097,132
MN,27,41880,Waseca Public School District,12278,2116,236
MN,27,41910,Watertown-Mayer Public School District,10585,1966,107
MN,27,13,Waterville-Elysian-Morristown Public School District,6838,1060,95
MN,27,42120,Waubun-Ogema-White Earth Public Schools,3331,745,195
MN,27,42160,Wayzata Public School District,64021,12456,699
MN,27,104,West Central Area,5114,821,96
MN,27,42270,West St. Paul-Mendota Heights-Eagan,44401,6453,439
MN,27,183,Westbrook-Walnut Grove Schools,2866,535,108
MN,27,22920,Westonka Public School District,19407,3193,162
MN,27,42330,Wheaton Area Public School District,2039,313,58
MN,27,42360,White Bear Lake School District,65863,10739,646
MN,27,42720,Willmar Public School District,25875,4688,774
MN,27,42750,Willow River Public School District,3367,495,53
MN,27,91449,Win-E-Mac School District,3468,576,68
MN,27,42780,Windom Public School District,5813,907,142
MN,27,44070,Winona Area Public School District,39667,4549,477
MN,27,44160,Worthington Public School District,16159,2987,482
MN,27,44190,Wrenshall Public School District,1757,303,25
MN,27,99,Yellow Medicine East,6642,1183,137
MN,27,45735,Zumbrota-Mazeppa School District,6768,1166,70
