AL,ALABAMA,100005,Albertville City,107 W Main St,Albertville,35950,No,5445,0,6,Yes,Yes.1,Yes.2,TIMOTHY,TIDMORE,256-891-1183,ttidmore@albertk12.org,TIMOTHY.1,TIDMORE.1,256-891-1183.1,ttidmore@albertk12.org.1,TIMOTHY.2,TIDMORE.2,256-891-1183.2,ttidmore@albertk12.org.2,No.1,Yes.3,Yes.4,www.albertk12.org/apps/pages/index.jsp?uREC_ID=368921&type=d&termREC_ID=&pREC_ID=689254,Yes.5,No.2,Yes.6,Yes.7,Yes.8,Yes.9,No.3,No.4,Yes.10,No.5,1,6.1,127,0.1,Yes.11,-9,-9.1,-9.2,Yes.12,Yes.13,No.6,No.7,No.8
OK,OKLAHOMA,4000063,LAKESIDE SCHOOL,P  O  Box 514,Granite,73547,No,86,0,1,Yes,Yes,Yes,JEANA,ELY,(405)962-6109,jeana.ely@doc.ok.gov,JEANA,ELY,(405)962-6109,jeana.ely@doc.ok.gov,JEANA,ELY,(405)962-6109,jeana.ely@doc.ok.gov,No,Yes,Yes,http://doc.ok.gov,No,-9,No,-9,-9,-9,-9,-9,-9,-9,-9,-9,-9,-9,-9,-9,-9,-9,No,-9,-9,-9,-9
OK,OKLAHOMA,4000067,PIONEER TECHNOLOGY CENTER,2101 N ASH ST,PONCA CITY,74601,No,86,0,1,Yes,Yes,Yes,KARL,LYNES,580-718-4281,karll@pioneertech.edu,KARL,LYNES,580-718-4281,karll@pioneertech.edu,KARL,LYNES,580-718-4281,karll@pioneertech.edu,No,Yes,Yes,www.pioneertech.edu,No,-9,No,-9,-9,-9,-9,-9,-9,-9,-9,-9,-9,-9,-9,-9,-9,-9,No,-9,-9,-9,-9
OK,OKLAHOMA,4000075,OKLAHOMA SCHOOL FOR THE DEAF,1100 E Oklahoma Ave,Sulphur,73086,No,115,0,2,Yes,Yes,Yes,CAITLIN,POTTER,580-622-4933,cpotter@osd.k12.ok.us,CAITLIN,POTTER,580-622-4933,cpotter@osd.k12.ok.us,GAYLA,JACKSON,580-622-4934,gjackson@osd.k12.ok.us,No,Yes,No,-9,Yes,Yes,Yes,Yes,No,Yes,No,No,No,No,2,3,3,1,Yes,-9,-9,-9,Yes,Yes,No,No,No
OK,OKLAHOMA,4000076,OKLAHOMA SCHOOL FOR THE BLIND,3300 GIBSON ST,MUSKOGEE,74403,No,84,0,2,Yes,Yes,No,LYNN,CRAGG,(918) 781-8227,lcragg@osb.k12.ok.us,LYNN,CRAGG,(918) 781-8227,lcragg@osb.k12.ok.us,-9,-9,-9,-9,No,Yes,No,-9,No,-9,Yes,Yes,No,Yes,No,No,No,No,0,1,0,2,No,Yes,No,Yes,No,-9,-9,-9,-9
OK,OKLAHOMA,4000755,CHEROKEE IMMERSION CHARTER SCH,PO Box 948,Tahlequah,74465,No,114,0,1,Yes,Yes,Yes,JEROMIE,HAMMER,918-207-4900,jeromie-hammer@cherokee.org,SHERMAN,NOFIRE,918-207-4900,sherman-nofire@cherokee.org,DONETTA,HENSON,918-207-4900,donetta-henson@cherokee.org,No,Yes,No,-9,Yes,No,Yes,Yes,No,No,No,No,Yes,Yes,0,17,15,3,Yes,-9,-9,-9,Yes,Yes,No,No,No
OK,OKLAHOMA,4000772,SANKOFA MIDDLE SCHL (CHARTER),111 East First Street,Tulsa,74103,No,120,0,1,Yes,Yes,Yes,DEBORAH,BROWN,9183405120,dbrown@dbcschool.org,DEBORAH,BROWN,9183405120,dbrown@dbcschool.org,LYNETTE,ACEBO,9183405120,aceboslp@yahoo.com,Yes,Yes,Yes,sankofaschooltulsa.org,No,-9,No,-9,-9,-9,-9,-9,-9,-9,-9,-9,-9,-9,-9,-9,-9,-9,No,-9,-9,-9,-9
OK,OKLAHOMA,4000782,GRAHAM-DUSTIN,116118 Highway 84,Weleetka,74880,No,188,0,3,Yes,Yes,Yes,WANDA,MANKIN,918-652-8935,graham1@graham-dustin.k12.ok.us,WANDA,MANKIN,918-652-8935,graham1@graham-dustin.k12.ok.us,WANDA,MANKIN,918-652-8935,graham1@graham-dustin.k12.ok.us,No,Yes,No,-9,Yes,No,Yes,Yes,No,Yes,No,No,Yes,No,0,0,7,1,Yes,-9,-9,-9,Yes,Yes,No,Yes,No
OK,OKLAHOMA,4000789,OKLAHOMA YOUTH ACADEMY,3812 N Santa Fe,Oklahoma City,73118,No,223,0,2,Yes,Yes,Yes,TRAVIS,KIRKPATRICK,(405)530-2800,Travis.Kirkpatrick@oja.ok.gov,TRAVIS,KIRKPATRICK,(405)530-2800,Travis.Kirkpatrick@oja.ok.gov,SONYA,PARSONS,(580)357-2642,Sonya.Parsons@oja.ok.gov,Yes,Yes,No,-9,No,-9,No,-9,-9,-9,-9,-9,-9,-9,-9,-9,-9,-9,-9,-9,-9,-9,No,-9,-9,-9,-9
OK,OKLAHOMA,4000793,COLLEGIATE HALL(CHARTER),1142 East 56th Street,Tulsa,74105,No,202,0,1,Yes,Yes,Yes,NIKHIL,KAWLRA,9182028526,nkawlra@collegiatehall.org,NIKHIL,KAWLRA,9182028526,nkawlra@collegiatehall.org,NIKHIL,KAWLRA,9182028526,nkawlra@collegiatehall.org,No,Yes,Yes,https://www.collegiatehall.org/ourpolicies,No,-9,No,-9,-9,-9,-9,-9,-9,-9,-9,-9,-9,-9,-9,-9,-9,-9,No,-9,-9,-9,-9
OK,OKLAHOMA,4000795,CARLTON LANDING ACADEMY,10 Boulevard  Unit A,Carlton Landing,74432,No,84,0,2,Yes,Yes,Yes,JENIFER,HUMPHREYS,918-710-7977,jeniferhumphreys@gmail.com,JENIFER,HUMPHREYS,918-710-7977,jeniferhumphreys@gmail.com,JENIFER,HUMPHREYS,918-710-7977,jeniferhumphreys@gmail.com,No,Yes,Yes,http://www.carltonlanding.org,No,-9,No,-9,-9,-9,-9,-9,-9,-9,-9,-9,-9,-9,-9,-9,-9,-9,Yes,Yes,No,Yes,No
OK,OKLAHOMA,4000797,OLUSTEE-ELDORADO,PO Box 70,Olustee,73560,No,197,0,2,Yes,Yes,Yes,MELVIN,HAZEL,(580)648-2243,rmhazel@olustee.k12.ok.us,MELVIN,HAZEL,(580)648-2243,rmhazel@olustee.k12.ok.us,MELVIN,HAZEL,(580)648-2243,rmhazel@olustee.k12.ok.us,No,Yes,Yes,http://www.olustee.k12.ok.us/Harrassment%20Policy.pdf,No,-9,Yes,Yes,No,No,No,No,Yes,Yes,0,2,22,2,Yes,-9,-9,-9,Yes,Yes,No,No,No
OK,OKLAHOMA,4000798,DAVIDSON,P O  Box 338,Davidson,73530,No,45,0,1,Yes,Yes,Yes,PHILLIP,RATCLIFF,580-568-2423,pgr@davidson.k12.ok.us,PHILLIP,RATCLIFF,580-568-2423,pgr@davidson.k12.ok.us,BRIDGET,HEAP,580-568-2511,bheap@davidson.k12.ok.us,No,Yes,No,-9,No,-9,Yes,No,No,Yes,No,No,Yes,No,0,0,5,0,Yes,-9,-9,-9,Yes,Yes,No,No,No
OK,OKLAHOMA,4002580,ALBION,Post Office Box 100,Albion,74521,No,63,0,1,Yes,Yes,Yes,C. LYNN,BULLARD,(918)563-4331,CLYNNBULLARDSUPT@HOTMAIL.COM,C. LYNN,BULLLARD,(918)563-4331,CLYNNBULLARDSUPT@HOTMAIL.COM,C. LYNN,BULLARD,(918)563-4331,CLYNNBULLARDSUPT@HOTMAIL.COM,No,Yes,Yes,WWW.,No,-9,Yes,Yes,No,Yes,No,Yes,Yes,Yes,0,3,4,2,Yes,-9,-9,-9,Yes,Yes,No,No,No
OK,OKLAHOMA,4002720,ALINE-CLEO,Post Office Box 49,Aline,73716,No,143,0,2,Yes,Yes,Yes,BARRY,NAULT,580-463-2255,bnault@alinecleo.k12.ok.us,BARRY,NAULT,580-463-2255,bnault@alinecleo.k12.ok.us,BARRY,NAULT,580-463-2255,bnault@alinecleo.k12.ok.us,No,Yes,Yes,https://alinecleo.powerschool.com/admin/home.html,No,-9,Yes,Yes,No,No,No,No,Yes,Yes,0,1,8,1,Yes,-9,-9,-9,Yes,Yes,No,No,No
OK,OKLAHOMA,4003240,ARNETT,Post Office Box 317,Arnett,73832,No,177,0,2,Yes,Yes,Yes,TRACY,KINCANNON,(580)885-7811,tkincannon@arnett.k12.ok.us,TRACY,KINCANNON,(580)885-7811,tkincannon@arnett.k12.ok.us,TRACY,KINCANNON,(580)885-7811,tkincannon@arnett.k12.ok.us,No,Yes,Yes,https://arnett.k12.ok.us,No,-9,Yes,Yes,No,Yes,No,No,Yes,Yes,0,0,9,3,Yes,-9,-9,-9,Yes,Yes,No,Yes,No
OK,OKLAHOMA,4003450,AVANT,Post Office Box 9,Avant,74001,No,90,0,1,Yes,Yes,Yes,CINDI,HEMM,(918)263-2135,chemm@avant.k12.ok.us,CINDI,HEMM,(918)263-2135,chemm@avant.k12.ok.us,TRACI,ARNOLD,(918)263-2135,tarnold@avant.k12.ok.us,No,Yes,Yes,www.avant.k12.ok.us,No,-9,Yes,Yes,No,Yes,No,No,Yes,Yes,0,0,9,5,Yes,-9,-9,-9,Yes,Yes,No,Yes,No
OK,OKLAHOMA,4003510,BALKO,RR 1 Box 37,Balko,73931,No,163,0,2,Yes,Yes,Yes,DOUG,DAVIS,580-646-3385,ddavis@balko.k12.ok.us,DOUG,DAVIS,580-646-3385,ddavis@balko.k12.ok.us,AMY,CASPER,580-646-3385,acasper@balko.k12.ok.us,No,Yes,No,-9,No,-9,Yes,Yes,No,Yes,No,No,Yes,Yes,0,0,9,2,Yes,-9,-9,-9,Yes,Yes,No,Yes,No
OK,OKLAHOMA,4003540,BANNER,2455 North Banner Road,El Reno,73036,No,228,0,1,Yes,Yes,Yes,LARRY,YORK,(405) 262-0598,ljyork68@banner.k12.ok.us,LORI,MERHIB,(405) 262-0598,lkmerhib@banner.k12.ok.us,LARRY,YORK,(405) 262-0598,ljyork68@banner.k12.ok.us,No,Yes,Yes,www.bannerschool.net,No,-9,Yes,Yes,No,No,No,No,Yes,Yes,0,0,15,0,Yes,-9,-9,-9,Yes,Yes,No,No,No
OK,OKLAHOMA,4003690,BEARDEN,372006 Hwy 48,Okemah,74859,No,150,0,1,Yes,Yes,Yes,DANIELLE,DEERE,918-623-0156,ddeere@bearden.k12.ok.us,DANIELLE,DEERE,918-623-0156,ddeere@bearden.k12.ok.us,DANIELLE,DEERE,918-623-0156,ddeere@bearden.k12.ok.us,No,Yes,Yes,www.bearden.k12.ok.us,No,-9,Yes,Yes,No,No,No,No,Yes,Yes,0,0,17,18,Yes,-9,-9,-9,Yes,Yes,No,No,No
OK,OKLAHOMA,4003840,BELFONTE,475751 State Highway 101,Muldrow,74948,No,194,0,2,Yes,Yes,Yes,RUBY,PHELPS,918-427-3522,ruby.phelps@belfonte.k12.ok.us,RUBY,PHELPS,918-427-3522,ruby.phelps@belfonte.k12.ok.us,BRENDA,STEPHENSON,918-696-7181,bstephenson@belfonte.k12.ok.us,No,Yes,Yes,belfonte.k12.ok.us,Yes,No,Yes,Yes,No,No,No,No,Yes,Yes,0,5,18,1,Yes,-9,-9,-9,Yes,Yes,No,No,No
OK,OKLAHOMA,4004350,BIG PASTURE,P O  Box 167,Randlett,73562,No,174,0,2,Yes,Yes,Yes,NORA,CURRY,580-281-3276,ncurry@bigpasture.org,NORA,CURRY,580-281-3276,ncurry@bigpasture.org,NORA,CURRY,580-281-3276,ncurry@bigpasture.org,No,Yes,Yes,bigpasture.org,No,-9,Yes,Yes,No,No,No,Yes,Yes,Yes,0,2,17,2,Yes,-9,-9,-9,Yes,Yes,No,No,No
OK,OKLAHOMA,4004360,BILLINGS,Post Office Box 39,Billings,74630,No,74,0,2,Yes,Yes,Yes,RUSTIN,CLARK,580-725-3271,rclark@billings.k12.ok.us,RUSTIN,CLARK,580-725-3271,rclark@billings.k12.ok.us,RUSTIN,CLARK,580-725-3271,rclark@billings.k12.ok.us,No,Yes,No,-9,No,-9,Yes,Yes,No,Yes,No,No,Yes,No,0,0,3,0,Yes,-9,-9,-9,Yes,Yes,No,Yes,No
OK,OKLAHOMA,4004830,BLUEJACKET,Post Office Box 29,Bluejacket,74333,No,219,0,3,Yes,Yes,Yes,SHELLIE,BAKER,918-784-2365,sbaker@bluejacket.k12.ok.us,DIANA,BEEHLER,918-784-2365,dbeehler@bluejacket.k12.ok.us,GRETA,HOWARD,918-784-2266,ghoward@bluejacket.k12.ok.us,No,Yes,Yes,http://www.bluejacket.k12.ok.us/board-of-education/policies,No,-9,Yes,Yes,No,Yes,No,No,Yes,Yes,0,0,12,3,Yes,-9,-9,-9,Yes,Yes,No,Yes,No
OK,OKLAHOMA,4004950,BOKOSHE,Post Office Box 158,Bokoshe,74930,No,201,0,3,Yes,Yes,Yes,DUSTIN,LONG,(918)969-2491,DLONG@BOKOSHE.K12.OK.US,DUSTIN,LONG,(918)969-2491,DLONG@BOKOSHE.K12.OK.US,DUSTIN,LONG,(918)969-2491,DLONG@BOKOSHE.K12.OK.US,No,Yes,Yes,BOKOSHESCHOOLS.ORG,No,-9,Yes,Yes,No,No,No,Yes,Yes,Yes,0,1,11,2,Yes,-9,-9,-9,Yes,Yes,No,No,No
OK,OKLAHOMA,4005280,BRAGGS,Post Office Box 59,Braggs,74423,No,152,0,2,Yes,Yes,Yes,BRAD,WADE,918-487-5265,bwade@braggsschool.com,BRAD,WADE,918-487-5265,bwade@braggsschool.com,BRAD,WADE,918-487-5265,bwade@braggsschool.com,No,Yes,Yes,https://www.braggsschool.com/,No,-9,Yes,Yes,No,Yes,No,No,Yes,No,0,1,6,1,Yes,-9,-9,-9,Yes,Yes,No,Yes,No
OK,OKLAHOMA,4005820,BUFFALO VALLEY,4384 Southeast Highway 63,Talihina,74571,No,145,0,2,Yes,Yes,Yes,JUSTIN,KENNEDY,(918)839-4585,justinkennedybv@gmail.com,JUSTIN,KENNEDY,(918)839-4585,justinkennedybv@gmail.com,DELORES,COX,(918)522-4426,dcox@bvpsd.org,No,Yes,Yes,www.bvpsd.org,No,-9,Yes,Yes,No,No,No,No,Yes,Yes,0,0,3,13,Yes,-9,-9,-9,Yes,Yes,No,No,No
OK,OKLAHOMA,4005910,BURLINGTON,401 Main Avenue  P O  box 17,Burlington,73722,No,158,0,2,Yes,Yes,Yes,LANE,PRUETT,(580)431-2222,lpruett@burlingtonschool.com,LANE,PRUETT,(580)431-2222,lpruett@burlingtonschool.com,STACEY,CROFT,(580)431-2222,scroft@burlingtonschool.com,No,Yes,No,-9,No,-9,Yes,Yes,No,Yes,No,No,No,No,0,0,10,4,Yes,-9,-9,-9,Yes,Yes,No,No,No
OK,OKLAHOMA,4006000,BUTNER,Post Office Box 157,Cromwell,74837,No,227,0,2,Yes,Yes,Yes,DIANE,PARRIS,405-944-5530 ext. 19,dparris@butner.k12.ok.us,DIANE,PARRIS,405-944-5530 ext. 19,dparris@butner.k12.ok.us,DIANE,PARRIS,405-944-5530 ext. 19,dparris@butner.k12.ok.us,No,Yes,No,-9,No,-9,Yes,Yes,No,Yes,No,No,Yes,Yes,0,1,8,2,Yes,-9,-9,-9,Yes,Yes,No,Yes,No
OK,OKLAHOMA,4006270,CALVIN,Post Office Box 127,Calvin,74531,No,163,0,2,Yes,Yes,Yes,MCGEE,WINDSOR,405-645-5411,jwindsor@calvin.k12.ok.us,JERAD,WINNINGHAM,405-645-2411,jwinningham@calvin.k12.ok.us,ANGEL,YONKER,405-645-2411,ayonker@calvin.k12.ok.us,No,Yes,Yes,calvin.k12.ok.us,No,-9,Yes,Yes,No,Yes,No,Yes,Yes,Yes,0,1,10,2,Yes,-9,-9,-9,Yes,Yes,No,Yes,No
OK,OKLAHOMA,4006420,CANEY,Post Office Box 60,Caney,74533,No,237,0,2,Yes,Yes,Yes,LORI,DELAY,(580) 889-1996,l.delay@caneyisd.org,LORI,DELAY,(580) 889-1996,l.delay@caneyisd.org,LORI,DELAY,(580) 889-1996,l.delay@caneyisd.org,No,Yes,No,-9,No,-9,Yes,Yes,No,No,No,No,Yes,No,0,1,13,1,Yes,-9,-9,-9,Yes,Yes,No,Yes,No
OK,OKLAHOMA,4006930,CAVE SPRINGS,Post Office Box 200,Bunch,74931,No,211,0,3,Yes,Yes,Yes,GEARY,BROWN,918-775-2364 ex102,gbrown@cavesprings.k12.ok.us,GEARY,BROWN,918-775-2364 ex102,gbrown@cavesprings.k12.ok.us,BONNY,HUDSON,018-775-2364-ex121,bhudson@cavesprings.k12.ok.us,No,Yes,Yes,www.cavesprings.k12.ok.us,No,-9,Yes,Yes,No,Yes,No,No,Yes,No,0,0,6,1,Yes,-9,-9,-9,Yes,Yes,No,Yes,No
OK,OKLAHOMA,4006960,CEMENT,Post Office Box 60,Cement,73017,No,240,0,2,Yes,Yes,Yes,BOBBI,FUCHS,(405)489-3216,bfuchs@cement.k12.ok.us`,BOBBI,FUCHS,(405)489-3216,bfuch@cement.k12.ok.us,DIANNE,COIN,(405)489-3216,dcoin@cement.k12.ok.us,No,Yes,Yes,www.cement.k12.ok.us,No,-9,Yes,Yes,No,Yes,No,No,Yes,Yes,0,0,12,2,Yes,-9,-9,-9,Yes,Yes,No,Yes,No
OK,OKLAHOMA,4007320,CHATTANOOGA,Post Office Box 129,Chattanooga,73528,No,229,0,2,Yes,Yes,Yes,JERRY,BROWN,580-597-3347,jbrown@chatty.k12.ok.us,JERRY,BROWN,580-597-3347,jbrown@chatty.k12.ok.us,JERRY,BROWN,580-597-3347,jbrown@chatty.k12.ok.us,No,Yes,Yes,www.chatty.k12.ok.us,No,-9,Yes,Yes,No,No,No,No,Yes,Yes,0,1,8,4,Yes,-9,-9,-9,Yes,Yes,No,No,No
OK,OKLAHOMA,4008010,CLEORA,451358 East 295 Road,Afton,74331,No,130,0,1,Yes,Yes,Yes,KENNY,GUTHRIE,918-256-6401,kguthrie@cleora.net,KENNY,GUTHRIE,918-256-6401,kguthrie@cleora.net,KENNY,GUTHRIE,918-256-6401,kguthrie@cleora.net,No,Yes,Yes,www.cleora.net,No,-9,Yes,Yes,No,Yes,No,No,Yes,Yes,0,0,9,3,Yes,-9,-9,-9,Yes,Yes,No,Yes,No
OK,OKLAHOMA,4008310,COLEMAN,P O  Box 188,Coleman,73432,No,177,0,2,Yes,Yes,Yes,JOHN,SHERIDAN,5809374418,john.sheridan@coleman.k12.ok.us,JOHN,SHERIDAN,5809374418,john.sheridan@coleman.k12.ok.us,JOHN,SHERIDAN,5809374418,john.sheridan@coleman.k12.ok.us,No,Yes,Yes,www.coleman.k12.ok.us,Yes,No,Yes,Yes,No,Yes,No,Yes,Yes,No,0,12,11,1,Yes,-9,-9,-9,Yes,Yes,No,Yes,No
OK,OKLAHOMA,4008610,COPAN,Post Office Box 429,Copan,74022,No,217,0,2,Yes,Yes,Yes,BLAYNE,SHUPING,918-532-4344,bshuping@copan.k12.ok.us,BLAYNE,SHUPING,918-532-4344,bshuping@copan.k12.ok.us,JUDY,BENCKE,918-532-4344,jbencke@copan.k12.ok.us,No,Yes,Yes,www.copan.k12.ok.us/handbbooks,No,-9,Yes,Yes,No,Yes,No,No,Yes,Yes,0,0,9,1,Yes,-9,-9,-9,Yes,Yes,No,Yes,No
OK,OKLAHOMA,4008730,COTTONWOOD,Post Office Box 347,Coalgate,74538,No,180,0,1,Yes,Yes,Yes,JOHN,DANIEL,580-927-2937,jdaniel@cottonwoodps.org,JOHN,DANIEL,580-927-2937,jdaniel@cottonwoodps.org,JOHN,DANIEL,580-927-2937,jdaniel@cottonwoodps.org,No,Yes,Yes,cottonwoodschool.net,No,-9,Yes,Yes,No,Yes,No,Yes,Yes,Yes,0,3,17,22,Yes,-9,-9,-9,Yes,Yes,No,No,No
OK,OKLAHOMA,4009360,DAHLONEGAH,Rural Route 1  Box 1795,Stilwell,74960,No,152,152,1,Yes,Yes,Yes,JEFF,LIMORE,918-696-7807,jtlimore@dahlonegah.k12.ok.us,JEFF,LIMORE,918-696-7807,jtlimore@dahlonegah.k12.ok.us,JEFF,LIMORE,918-696-7807,jtlimore@dahlonegah.k12.ok.us,No,Yes,No,-9,No,-9,Yes,Yes,No,Yes,No,No,Yes,Yes,0,10,8,2,Yes,-9,-9,-9,Yes,Yes,No,Yes,No
OK,OKLAHOMA,4010050,DOVER,Post Office Box 195,Dover,73734,No,152,0,2,Yes,Yes,Yes,SHANNON,GRIMES,405-828-4206,sgrimes@dover.k12.ok.us,SHANNON,GRIMES,405-828-4206,sgrimes@dover.k12.ok.us,SHANNON,GRIMES,405-828-4206,sgrimes@dover.k12.ok.us,No,Yes,Yes,https://s3.amazonaws.com/scschoolfiles/593/harrasment_and_bullying_policy.pdf,No,-9,Yes,Yes,No,Yes,No,Yes,Yes,Yes,0,1,6,2,Yes,-9,-9,-9,Yes,Yes,No,Yes,No
OK,OKLAHOMA,4010260,DUKE,PO Box 160,Duke,73532,No,179,0,2,Yes,Yes,Yes,TODD,WARE,(580) 379-3014,tware@dukeschools.com,MONICA,CLAUSSEN,(580)379-3015,mclaussen@dukeschools.com,MONICA,CLAUSSEN,(580)379-3015,mclaussen@dukeschools.com,No,Yes,No,-9,No,-9,Yes,Yes,No,Yes,No,No,Yes,Yes,0,0,6,5,Yes,-9,-9,-9,Yes,Yes,No,Yes,No
OK,OKLAHOMA,4010440,EAGLETOWN,Post Office Box 38,Eagletown,74734,No,152,0,2,Yes,Yes,Yes,CHRIS,MAXWELL,5808352242,cmaxwell@eagletownisd.org,CHRIS,MAXWELL,5808352242,cmaxwell@eagletownisd.org,CHRIS,MAXWELL,5808352242,cmaxwell@eagletownisd.org,No,Yes,Yes,eagletownisd.org,Yes,No,Yes,Yes,No,Yes,No,Yes,Yes,Yes,0,3,11,3,Yes,-9,-9,-9,Yes,Yes,No,Yes,No
OK,OKLAHOMA,4010560,PEAVINE,Post Office Box 389,Stilwell,74960,No,122,0,1,Yes,Yes,Yes,MICHAEL,HARGIS,9186967818,mhargis@peavinepanthers.net,MICHAEL,HARGIS,9186967818,mhargis@peavinepanthers.net,MICHAEL,HARGIS,9186967818,mhargis@peavinepanthers.net,No,Yes,Yes,peavinepanthers.net,No,-9,Yes,Yes,No,Yes,No,Yes,Yes,Yes,0,3,8,2,Yes,-9,-9,-9,Yes,Yes,No,Yes,No
OK,OKLAHOMA,4011400,FANSHAWE,Post Office Box 100,Fanshawe,74935,No,89,0,1,Yes,Yes,Yes,WES,MCGOWEN,(918)659-2345 X11,WMCGOWEN@FANSHAWE.K12.OK.US,WES,MCGOWEN,(918)659-2345 X11,WMCGOWEN@FANSHAWE.K12.OK.US,WES,MCGOWEN,(918)659-2345,wmcgowen@fanshawe.k12.ok.us,No,Yes,No,-9,No,-9,Yes,Yes,No,Yes,No,No,Yes,No,0,1,8,10,Yes,-9,-9,-9,Yes,Yes,No,Yes,No
OK,OKLAHOMA,4011430,FARGO,Post Office Box 200,Fargo,73840,No,235,0,2,Yes,Yes,Yes,MIKE,JONES,(580)698-2298,mjones@fargo.k12.ok.us,MKE,JONES,(580)698-2298,mjones@fargo.k12.ok.us,MIKE,JONES,(580)698-2298,mjones@fargo.k12.ok.us,No,Yes,Yes,www.fargo.k12.ok.us,No,-9,Yes,Yes,No,No,No,No,Yes,Yes,0,1,13,6,Yes,-9,-9,-9,Yes,Yes,No,No,No
OK,OKLAHOMA,4011580,FELT,101 SOUTH LINCOLN,Felt,73937,No,86,0,2,Yes,Yes,Yes,LEWETTA,HEFLEY,580-426-2220,lewetta.hefley@feltps.org,LEWETTA,HEFLEY,580-426-2220,lewetta.hefley@feltps.org,LEWETTA,HEFLEY,580-426-2220,lewetta.hefley@feltps.org,No,Yes,Yes,www.felt.k12.ok.us,Yes,Yes,Yes,No,No,Yes,No,No,Yes,Yes,0,1,3,2,Yes,-9,-9,-9,Yes,Yes,No,No,No
OK,OKLAHOMA,4011850,FOREST GROVE,P O  Box 60,Garvin,74736,No,168,0,1,Yes,Yes,Yes,JOHN,SMITH,5802863961,john.smith@forestgrove.k12.ok.us,JOHN,SMITH,5802863961,john.smith@forestgrove.k12.ok.us,JOHN,SMITH,5802863961,john.smith@forestgrove.k12.ok.us,No,Yes,Yes,www.forestgrove.k12.ok.us,No,-9,Yes,Yes,No,Yes,No,No,Yes,Yes,0,7,14,2,Yes,-9,-9,-9,Yes,Yes,No,Yes,No
OK,OKLAHOMA,4011880,FORGAN,Post Office Box 406,Forgan,73938,No,150,0,2,Yes,Yes,Yes,ROB,LANCASTER,(580)487-3368,rlancaster@forgan.k12.ok.us,ROB,LANCASTER,(580)487-3368,rlancaster@forgan.k12.ok.us,ROB,LANCASTER,(580)487-3368,rlancaster@forgan.k12.ok.us,No,Yes,Yes,https://s3.amazonaws.com/scschoolfiles/932/bullying_prevention_policy.pdf,No,-9,Yes,Yes,No,Yes,No,No,Yes,Yes,0,2,8,2,Yes,-9,-9,-9,Yes,Yes,No,No,No
OK,OKLAHOMA,4012000,FORT SUPPLY,Post Office Box 160,Fort Supply,73841,No,130,0,2,Yes,Yes,Yes,MELVA,LITTLE,580-766-2611,melva@fortsupply.k12.ok.us,MELVA,LITTLE,580-766-2611,melva@fortsupply.k12.ok.us,MELVA,LITTLE,580-766-2611,melva@fortsupply.k12.ok.us,No,Yes,Yes,fortsupply.k12.ok.us,Yes,No,Yes,Yes,No,Yes,No,No,No,Yes,0,0,3,6,Yes,-9,-9,-9,Yes,Yes,No,Yes,No
OK,OKLAHOMA,4012180,FREEDOM,Post Office Box 5,Freedom,73842,No,67,0,2,Yes,Yes,Yes,JAMES,MILLER,(580) 621-3271,jmiller@freedom.k12.ok.us,JAMES,MILLER,(580) 621-3271,jmiller@freedom.k12.ok.us,JAMES,MILLER,(580) 621-3271,jmiller@freedom.k12.ok.us,No,Yes,Yes,www.freedom.k12.ok.us,No,-9,Yes,Yes,No,No,No,No,No,Yes,0,0,0,2,Yes,-9,-9,-9,Yes,Yes,No,Yes,No
OK,OKLAHOMA,4012750,GLOVER,701 Lavender Rd,Broken Bow,74728,No,74,0,1,Yes,Yes,Yes,TANYA,STUART,5804203232,tstuart@glover.k12.ok.us,TANYA,STUART,5804203232,tstuart@glover.k12.ok.us,TANYA,STUART,5804203232,tstuart@glover.k12.ok.us,No,Yes,Yes,www.glover.k12.ok.us,No,-9,Yes,Yes,No,No,No,No,Yes,Yes,0,3,9,9,No,Yes,Yes,Yes,Yes,Yes,No,No,No
OK,OKLAHOMA,4013080,GRACEMONT,Post Office Box 5,Gracemont,73042,No,175,0,2,Yes,Yes,Yes,JAMIE,MITCHELL,405-966-2233,jmitchell@gracemonbt.k12.ok.us,SHARON,EDELEN,405-966-2233,sedelen@gracemont.k12.ok.us,CHRISTINA,WILKERSON,(405)966-2233,cwilkerson@gracemont.k12.ok.us,No,Yes,No,-9,No,-9,Yes,Yes,No,Yes,No,No,Yes,Yes,0,0,9,3,Yes,-9,-9,-9,Yes,Yes,No,No,No
OK,OKLAHOMA,4013200,GRANDFIELD,Post Office Box 639,Grandfield,73546,No,195,0,2,Yes,Yes,Yes,JAMES,HIGDON,580-479-5237,jhigdon@grandfield.k12.ok.us,JAMES,HIGDON,580-479-5237,jhigdon@grandfield.k12.ok.us,JAMES,HIGDON,580-479-5237,"jhigdon@grandfield,k12.ok.us",No,Yes,Yes,www.grandfield.k12.ok.us,No,-9,Yes,Yes,No,Yes,No,No,Yes,Yes,0,1,10,2,Yes,-9,-9,-9,Yes,Yes,No,Yes,No
OK,OKLAHOMA,4013260,GRANDVIEW,Box 277062 E  1840 Rd,Comanche,73529,No,146,0,1,Yes,Yes,Yes,GARY,WADE,(580)439-2467,garywade@grandviewschool.k12.ok.us,GARY,WADE,(580)439-2467,garywade@grandviewschool.k12.ok.us,GARY,WADE,(580)439-2467,garywade@grandviewschool.k12.ok.us,No,Yes,Yes,grandviewschool.k12.ok.us,No,-9,Yes,Yes,No,No,No,No,Yes,Yes,0,21,15,1,Yes,-9,-9,-9,Yes,Yes,No,No,No
OK,OKLAHOMA,4013290,GRANITE,Post Office Box 98,Granite,73547,No,236,0,2,Yes,Yes,Yes,BRIAN,KEITH,580-535-2104,bkeith@granite.k12.ok.us,KATHY,HALEY,580-535-2104,khaley@granite.k12.ok.us,KIM,JOSE,580-535-2104,kjose@granite.k12.ok.us,No,Yes,Yes,granite.k12.ok.us,No,-9,Yes,Yes,No,Yes,No,No,Yes,Yes,0,0,7,3,Yes,-9,-9,-9,Yes,Yes,No,No,No
OK,OKLAHOMA,4013380,GREENVILLE,4671 Wolfpac Road,Marietta,73448,No,125,0,1,Yes,Yes,Yes,GREG,RAPER,580-276-2968,graper@gpsmail.org,GREG,RAPER,580-276-2968,graper@gpsmail.org,GREG,RAPER,580-276-2968,graper@gpsmail.org,No,Yes,Yes,www.greenville.k12.ok.us,No,-9,Yes,Yes,No,Yes,No,No,Yes,Yes,0,1,12,1,No,Yes,Yes,Yes,Yes,Yes,No,Yes,No
OK,OKLAHOMA,4013600,GYPSY,30899 South 417th West Avenue,Depew,74028,No,87,0,1,Yes,Yes,Yes,RACHEL,COLLINS,(918)324-5365,rcollins@gypsy.k12.ok.us,RACHEL,COLLINS,(918)324-5365,rcollins@gypsy.k12.ok.us,RACHEL,COLLINS,(918)324-5365,rcollins@gypsy.k12.ok.us,No,Yes,Yes,www.gypsy.k12.ok.us,No,-9,Yes,Yes,No,Yes,No,No,Yes,Yes,0,0,9,2,Yes,-9,-9,-9,Yes,Yes,No,Yes,No
OK,OKLAHOMA,4013650,HAMMON,Post Office Box 279,Hammon,73650,No,243,0,2,Yes,Yes,Yes,MIKE,HIGGINS,580-473-2737,mhiggins@hammon.k12.ok.us,MIKE,HIGGINS,5804732737,mhiggins@hammon.k12.ok.us,LAURA,MILLER,580-473-2221,lmiller@hammon.k12.ok.us,No,Yes,Yes,www.hammon.k12.ok.us,No,-9,Yes,Yes,No,Yes,No,Yes,Yes,No,0,4,4,0,Yes,-9,-9,-9,Yes,Yes,No,Yes,No
OK,OKLAHOMA,4013680,HANNA,Post Office Box 10,Hanna,74845,No,89,0,2,Yes,Yes,Yes,DAVID,DEWALT,(918) 657-2527`,ddewalt@hanna.k12.ok.us,DAVID,DEWALT,(918) 657-2527,ddewalt@hanna.k12.ok.us,DAVOD,DEWA;T,(918) 657-2527,ddewalt@hanna.k12.ok.us,No,Yes,No,-9,Yes,Yes,Yes,Yes,No,No,No,No,Yes,No,0,0,6,0,Yes,-9,-9,-9,Yes,Yes,No,No,No
OK,OKLAHOMA,4013740,HARDESTY,5th and Crawford,Hardesty,73944,No,98,0,2,Yes,Yes,Yes,GREG,FARIS,580-888-4258,gfaris@hardesty.k12.ok.us,GREG,FARIS,580-888-4258,gfaris@hardesty.k12.ok.us,GREG,FARIS,580-888-4258,gfaris@hardesty.k12.ok.us,No,Yes,No,-9,No,-9,Yes,Yes,No,Yes,No,No,Yes,Yes,0,0,1,5,Yes,-9,-9,-9,Yes,Yes,No,Yes,No
OK,OKLAHOMA,4013830,HARMONY,4926 S Bentley Rd,Atoka,74525,No,234,0,1,Yes,Yes,Yes,BRIAN,WALKER,(580)889-3687,bwalker@harmonyps.org,BRIAN,WALKER,(580)889-3687,bwalker@harmonyps.org,BRIAN,WALKER,(580)889-3687,bwalker@harmonyps.org,No,Yes,Yes,www.harmony.k12.ok.us/95653_2,No,-9,Yes,Yes,No,No,No,Yes,Yes,Yes,0,16,22,5,Yes,-9,-9,-9,Yes,Yes,No,No,No
OK,OKLAHOMA,4014100,HAYWOOD,11461 West State Hwy 31,MCAlester,74501,No,114,0,1,Yes,Yes,Yes,BUD,RATTAN,(918)423-6265,PRATTAN@HAYWOOD.K12.OK.US,BUD,RATTAN,(918)423-6265,PRATTAN@HAYWOOD.K12.OK.US,BUD,RATTAN,(918)423-6265,PRATTAN@HAYWOOD.K12.OK.US,No,Yes,Yes,HAYWOOD.K12.OK.US,Yes,No,Yes,Yes,No,No,No,No,Yes,Yes,0,0,7,2,Yes,-9,-9,-9,Yes,Yes,No,No,No
OK,OKLAHOMA,4014670,MIDWAY,Post Office Box 127,Council Hill,74428,No,223,0,2,Yes,Yes,Yes,BRUCE,DOUGLAS,(918)474-3434,bdouglas@midway.k12.ok.us,BRUCE,DOUGLAS,(918)474-3434,bdouglas@midway.k12.ok.us,BRUCE,DOUGLAS,(918)474-3434,bdouglas@midway.k12.ok.us,No,Yes,No,-9,No,-9,Yes,Yes,No,Yes,No,No,Yes,Yes,0,0,6,2,Yes,-9,-9,-9,Yes,Yes,No,Yes,No
OK,OKLAHOMA,4015420,INDIAHOMA,307 Chebahtah,Indiahoma,73552,No,195,0,2,Yes,Yes,Yes,CARRIE,THOMASON,580 246-3333,carrie.thomason@indiahomaps.org,DEANNA,VOEGELI,580-246-3448,deanna.voegeli@indiahomaps.org,NICOLE,HANNABASS,580 246-3333,nicole.hannabass@indiahomaps.org,No,Yes,Yes,https://www.indiahoma.k12.ok.us,No,-9,Yes,Yes,No,No,No,Yes,Yes,Yes,0,8,7,12,Yes,-9,-9,-9,Yes,Yes,No,No,No
OK,OKLAHOMA,4015750,JENNINGS,475 North Oak Street,Jennings,74038,No,215,0,1,Yes,Yes,Yes,DERRICK,MEADOR,(918)757-2536,dmeador@jennings.k12.ok.us,DERRICK,MEADOR,(918)757-2536,dmeador@jennings.k12.ok.us,KIMBERLY,EASON,(918)757-2536,keason@jennings.k12.ok.us,No,Yes,Yes,https://www.jennings.k12.ok.us/8531_2,No,-9,Yes,Yes,No,No,No,No,Yes,Yes,0,0,15,4,Yes,-9,-9,-9,Yes,Yes,No,No,No
OK,OKLAHOMA,4015900,JUSTICE,36507 EW 1310,Wewoka,74884,No,171,0,1,Yes,Yes,Yes,CHRIS,JONES,(405)257-2962,cjones@justice.k12.ok.us,CHRIS,JONES,(405)257-2962,cjones@justice.k12.ok.us,CHRIS,JONES,(405)257-2962,cjones@justice.k12.ok.us,No,Yes,Yes,https://s3.amazonaws.com/scschoolfiles/211/fy19_justice_parent-student_handbook.pdf,No,-9,Yes,Yes,No,No,No,Yes,Yes,Yes,0,10,18,1,Yes,-9,-9,-9,Yes,Yes,No,No,No
OK,OKLAHOMA,4016320,KENWOOD,48625 South 502 Road,Salina,74365,No,80,0,1,Yes,Yes,Yes,BILLY,TAYLOR,9184345799,billyt@sstelco.com,BILLY,TAYLOR,9184345799,billyt@sstelco.com,BILLY,TAYLOR,9184345799,billyt@sstelco.com,No,Yes,No,-9,No,-9,Yes,Yes,No,No,No,No,No,No,0,0,0,0,Yes,-9,-9,-9,Yes,Yes,No,No,No
OK,OKLAHOMA,4016530,KILDARE,1265 Church St,Ponca City,74604,No,87,0,1,Yes,Yes,Yes,BRUCE,SHELLEY,580-362-2811,bshelley@kildare.k12.ok.us,BRUCE,SHELLEY,580-362-2811,bshelley@kildare.k12.ok.us,BRUCE,SHELLEY,580-362-2811,bshelley@kildare.k12.ok.us,No,Yes,No,-9,Yes,No,Yes,Yes,No,Yes,No,No,Yes,Yes,0,1,5,1,Yes,-9,-9,-9,Yes,Yes,No,Yes,No
OK,OKLAHOMA,4016620,KINTA,Post Office Box 219,Kinta,74552,No,203,0,2,Yes,Yes,Yes,PATRICIA,DEVILLE,918-768-3338,PDEVILLE@KINTA.K12.OK.US,PATRICIA,DEVILLE,918-768-3338,PDEVILLE@KINTA.K12.OK.US,PATRICIA,DEVILLE,918-768-3338,PDEVILLE@KINTA.K12.OK.US,No,Yes,Yes,WWW.KINTA.K12.OK.US,No,-9,Yes,Yes,No,Yes,No,No,Yes,Yes,0,14,11,3,Yes,-9,-9,-9,Yes,Yes,No,Yes,No
OK,OKLAHOMA,4017020,DEER CREEK-LAMONT,PO Box 10,Lamont,74643,No,183,0,2,Yes,Yes,Yes,PRESTON,KYSAR,580-388-4333,pkysar@dclak12.org,PRESTON,KYSAR,580-388-4333,pkysar@dclak12.org,PRESTON,KYSAR,580-388-4333,pkysar@dclak12.org,No,Yes,Yes,www.dcla.k12.ok.us,No,-9,Yes,Yes,No,No,No,No,Yes,Yes,0,0,13,4,Yes,-9,-9,-9,Yes,Yes,No,No,No
OK,OKLAHOMA,4017280,LE FLORE,PO Box 147,LeFlore,74942,No,227,0,2,Yes,Yes,Yes,DUSTIN,BECK,(918)753-2345x131,dbeck@leflore.k12.ok.us,BECKY,DEATHERAGE,(918)753-2345x104,bdeatherage@leflore.k12.ok.us,PAMELA,YOUNG,(918)753-2345x120,pyoung@leflore.k12.ok.us,No,Yes,Yes,www.leflore.com,No,-9,Yes,Yes,No,Yes,No,No,Yes,Yes,0,4,11,4,Yes,-9,-9,-9,Yes,Yes,No,Yes,No
OK,OKLAHOMA,4017310,LEACH,55979 S  530 Road,Rose,74364,No,129,0,1,Yes,Yes,Yes,REGIENA,HENDERSON,918-868-2277,rhenderson@leachschool.net,REGIENA,HENDEERSON,918-868-2277,rhenderson@leachschool.net,REGIENA,HENDERSON,918-868-2277,rhenderson@leachschool.net,No,Yes,No,-9,Yes,No,Yes,Yes,No,Yes,No,No,Yes,Yes,0,0,5,5,Yes,-9,-9,-9,Yes,Yes,No,Yes,No
OK,OKLAHOMA,4017370,LEEDEY,Post Office Box 67,Leedey,73654,No,231,0,2,Yes,Yes,Yes,DARREN,DANIELSON,(580)488-3377x107,ddanielson@leedey.k12.ok.us,DARREN,DANIELSON,(580)488-3377x107,ddanielson@leedey.k12.ok.us,JANA,HAMMACK,(580)488-3377x111,jhammack@leedey.k12.ok.us,No,Yes,Yes,www.leedey.k12.ok.us,No,-9,Yes,Yes,No,Yes,No,No,Yes,Yes,0,0,11,9,Yes,-9,-9,-9,Yes,Yes,No,Yes,No
OK,OKLAHOMA,4018270,LONE WOLF,P O  Box  158,Lone Wolf,73655,No,114,0,2,Yes,Yes,Yes,CONNIE,CARNES,580-846-9091,lonewolfschool@yahoo.com,CONNIE,CARNES,580-846-9091,lonewolfschool@yahoo.com,CONNIE,CARNES,580-846-9091,lonewolfschool@yahoo.com,No,Yes,Yes,lonewolfschool.com,No,-9,Yes,Yes,No,Yes,No,Yes,Yes,No,0,6,8,0,Yes,-9,-9,-9,Yes,Yes,No,Yes,No
OK,OKLAHOMA,4018480,LOWREY,21132 East 640 Road,Tahlequah,74464,No,148,0,1,Yes,Yes,Yes,CRIS,WYSE,(918)456-4053,cwyse@lowrey.k12.ok.us,CRIS,WYSE,(918)456-4053,cwyse@lowrey.k12.ok.us,CRIS,WYSE,(918)456-4053,cwyse@lowrey.k12.ok.us,No,Yes,No,-9,No,-9,Yes,Yes,No,No,No,No,Yes,Yes,0,1,5,3,Yes,-9,-9,-9,Yes,Yes,No,No,No
OK,OKLAHOMA,4018870,MANNSVILLE,Post Office Box 68,Mannsville,73447,No,103,0,1,Yes,Yes,Yes,BRANDI,PRICE,580-371-2892,bprice@mannsville.k12.ok.us,BRANDI,PRICE,580-371-2892,bprice@mannsville.k12.ok.us,BRANDI,PRICE,580-371-2892,bprice@mannsville.k12.ok.us,No,Yes,Yes,www.mannsvilleschools.com,Yes,No,Yes,Yes,No,No,No,Yes,Yes,Yes,0,1,13,1,Yes,-9,-9,-9,Yes,Yes,No,No,No
OK,OKLAHOMA,4018900,MAPLE,904 South Maple Road,Calumet,73014,No,167,0,1,Yes,Yes,Yes,AMELIA,HOOD,405-262-5647,ahood@mapleschool.us,BILL,DERRYBERRY,405-262-5647,bderryberry@mapleschool.us,ANNETTE,HURLEY,405-262-5647,awagner@mapleschool.us,No,Yes,Yes,mapleschool.us/accountability,No,-9,Yes,Yes,No,No,No,No,Yes,Yes,0,0,13,3,Yes,-9,-9,-9,Yes,Yes,No,No,No
OK,OKLAHOMA,4018960,MARBLE CITY,P  O  Box 10,Marble City,74945,No,93,0,1,Yes,Yes,Yes,JEANA,UNDERWOOD,918-775-2135,junderwood@mcps.k12.ok.us,JEANA,UNDERWOOD,918-775-2135,junderwood@mcps.k12.ok.us,JEANA,UNDERWOOD,918-775-2135,junderwood@mcps.k12.ok.us,No,Yes,No,-9,No,-9,Yes,Yes,No,Yes,No,Yes,Yes,No,0,8,7,0,Yes,-9,-9,-9,Yes,Yes,No,Yes,No
OK,OKLAHOMA,4019410,MCCURTAIN,Post Office Box 189,McCurtain,74944,No,239,0,2,Yes,Yes,Yes,LAURALEA,WILSON,(918)945-7237,lauralea.wilson@mccurtainschools.org,LAURALEA,WILSON,(918)945-7237,lauralea.wilson@mccurtainschools.org,LAURALEA,WILSON,(918)945-7237,lauralea.wilson@mccurtainschools.org,No,Yes,Yes,https://drive.google.com/file/d/0BzAl3V5hE2A0ZXJfcXA0T1dZX00/view,No,-9,Yes,Yes,No,No,No,No,Yes,Yes,0,0,17,2,Yes,-9,-9,-9,Yes,Yes,No,No,No
OK,OKLAHOMA,4019890,MIDDLEBERG,2130 County Road 1317,Blanchard,73010,No,208,0,1,Yes,Yes,Yes,JOEL,READ,4054853612,jread@middleberg.k12.ok.us,JOEL,READ,4054853612,jread@middleberg.k12.ok.us,DONNA,LOVEJOY,4054853612,dlovejoy@middleberg.k12.ok.us,No,Yes,Yes,http://middleberg.gabbartllc.com/95957_2,No,-9,Yes,Yes,No,No,No,No,Yes,Yes,0,0,18,1,Yes,-9,-9,-9,Yes,Yes,No,No,No
OK,OKLAHOMA,4019980,MILBURN,Post Office Box 429,Milburn,73450,No,222,0,2,Yes,Yes,Yes,DAVID,THORNBURG,5804435522,dthornburg@milburnps.org,JOEY,MCBRIDE,5804435522,jmcbride@milburnps.org,JUDY,GORDON,5804435522,jgordon@milburnps.org,No,Yes,Yes,www.milburnps.org,No,-9,Yes,Yes,No,Yes,No,Yes,Yes,Yes,0,17,18,2,Yes,-9,-9,-9,Yes,Yes,No,Yes,No
OK,OKLAHOMA,4020040,MILL CREEK,Post Office Box 118,Mill Creek,74856,No,171,0,2,Yes,Yes,Yes,LORINDA,CHANCELLOR,580-384-5514  EXT. 113,lorindac@millcreek.k12.ok.us,LORINDA,CHANCELLOR,580-384-5514   ext.  113,lorindac@millcreek.k12.ok.us,CINDY,CANNON,580-384-5514,cindycannon@millcreek.k12.ok.us,No,Yes,Yes,www.millcreek.k12.ok.us,No,-9,Yes,Yes,No,Yes,No,No,Yes,Yes,0,0,8,2,No,Yes,Yes,Yes,Yes,Yes,No,Yes,No
OK,OKLAHOMA,4020190,MONROE,Post Office Box 10,Monroe,74947,No,106,0,1,Yes,Yes,Yes,KAREN,LAROSA,918-658-3516,klarosa@monroe-school.org,KAREN,LAROSA,918-658-3516,klarosa@monroe-school.org,KAREN,LAROSA,918-658-3516,klarosa@monroe-school.org,No,Yes,Yes,www.monroe.k12.ok.us,No,-9,Yes,Yes,No,Yes,No,No,Yes,Yes,0,1,6,1,Yes,-9,-9,-9,Yes,Yes,No,Yes,No
OK,OKLAHOMA,4020430,MOSELEY,7904 North Moseley Road,Colcord,74338,No,238,0,1,Yes,Yes,Yes,BOBBY,WILLIAMS,918-505-1000,bobby@moseleyschool.com,MACHELE,POTTER,918-505-1000,machele@moseleyschool.com,DEBBIE,MCCORMICK,918-505-1000,debbie@moseleyschool.com,Yes,Yes,No,-9,No,-9,Yes,Yes,No,No,No,No,Yes,Yes,0,0,29,6,Yes,-9,-9,-9,Yes,Yes,No,No,No
OK,OKLAHOMA,4020640,MOYERS,Post Office Box 88,Moyers,74557,No,195,0,2,Yes,Yes,Yes,DONNA,DUDLEY,580-298-5549,dadudley@moyers.k12.ok.us,DONNA,DUDLEY,580-298-5549,dadudley@moyers.k12.ok.us,LAWANDA,VAUGHAN,5802985547,lavaughan@moyers.k12.ok.us,No,Yes,No,-9,Yes,No,Yes,Yes,No,Yes,No,No,Yes,Yes,0,1,10,3,Yes,-9,-9,-9,Yes,Yes,No,Yes,No
OK,OKLAHOMA,4020910,MULHALL-ORLANDO,Post Office Box 127,Mulhall,73063,No,240,0,2,Yes,Yes,Yes,RODNEY,VOLLMER,(405)649-2000,rvollmer@m-ops.org,MEGAN,KNIGHT,(405)649-2000,mknight@m-ops.org,MEGAN,KNIGHT,(405)649-2000,mknight@m-ops.org,No,Yes,Yes,www.m-opanthers.org,No,-9,Yes,Yes,No,Yes,No,No,Yes,Yes,0,0,11,2,Yes,-9,-9,-9,Yes,Yes,No,Yes,No
OK,OKLAHOMA,4021120,NASHOBA,Post Office Box 17,Nashoba,74558,No,41,0,1,Yes,Yes,Yes,CHARLES,CAUGHERN,(918)755-4343,ccaughern@nashoba.k12.ok.us,CHARLES,CAUGHERN,(918)755-4343,ccaughern@nashoba.k12.ok.us,CHARLES,CAUGHERN,(918)755-4343,ccaughern@nashoba.k12.ok.us,No,Yes,Yes,www.nashoba.k12.ok.us,No,-9,Yes,Yes,No,Yes,No,No,Yes,Yes,0,4,3,1,Yes,-9,-9,-9,Yes,Yes,No,No,No
OK,OKLAHOMA,4021870,GREASY,92009 South 4676 Road,Bunch,74931,No,73,0,1,Yes,Yes,Yes,MICHAEL,WOLFE,(918) 696-7768,michael.wolfe@greasy.k12.ok.us,MICHAEL,WOLFE,(918) 696-7768,michael.wolfe@greasy.k12.ok.us,MICHAEL,WOLFE,(918) 696-7768,michael.wolfe@greasy.k12.ok.us,No,Yes,No,-9,Yes,No,Yes,Yes,No,Yes,No,Yes,Yes,No,0,4,4,0,Yes,-9,-9,-9,Yes,Yes,No,No,No
OK,OKLAHOMA,4021900,NORWOOD,7966 West 790 Road,Hulbert,74441,No,146,0,1,Yes,Yes,Yes,KEITH,FISHER,(918)478-3092,fisherk@norwood.k12.ok.us,KEITH,FISHER,(918)478-3092,fisherk@norwood.k12.ok.us,KEITH,FISHER,(918)478-3092,fisherk@norwood.k12.ok.us,No,Yes,No,-9,No,-9,Yes,Yes,No,No,No,Yes,Yes,Yes,0,1,14,8,Yes,-9,-9,-9,Yes,Yes,No,No,No
OK,OKLAHOMA,4022160,OAK GROVE,8409 East Ninth Street,Cushing,74023,No,172,2,1,Yes,Yes,Yes,JAMIE,CARGILL,(918)352-2889,jcargill@oakgrove.k12.ok.us,JAMIE,CARGILL,(918)352-2889,jcargill@oakgrove.k12.ok.us,MISTY,CHESTNUT,(918)352-2889,mchestnut@oakgrove.k12.ok.us,No,Yes,Yes,www.oakgrove.k12.ok.us,No,-9,Yes,Yes,No,No,No,No,Yes,Yes,0,0,13,7,Yes,-9,-9,-9,Yes,Yes,No,No,No
OK,OKLAHOMA,4022410,OAKS-MISSION,Post Office Box 160,Oaks,74359,Yes,222,0,2,Yes,Yes,Yes,WYMAN,THOMPSON,9188682249,chandra@oaksschools.com,WYMAN,THOMPSON,9188682249,chandra@oaksschools.com,WYMAN,THOMPSON,9188682249,chandra@oaksschools.com,No,Yes,No,-9,No,-9,Yes,Yes,No,No,No,No,Yes,Yes,0,0,10,11,Yes,-9,-9,-9,Yes,Yes,No,Yes,No
OK,OKLAHOMA,4022950,LOMEGA,18319 N 2700 Rd,Omega,73764,No,238,0,2,Yes,Yes,Yes,KEVIN,LEWALLEN,(405)729-4281,kevin@lomega.k12.ok.us,KEVIN,LEWALLEN,(405)729-4281,kevin@lomega.k12.ok.us,CHAD,FOX,(405)729-4281,chad@lomega.k12.ok.us,Yes,Yes,Yes,www.lomega.k12.ok.us,No,-9,Yes,Yes,No,Yes,No,No,Yes,Yes,0,0,15,4,Yes,-9,-9,-9,Yes,Yes,No,Yes,No
OK,OKLAHOMA,4023070,OPTIMA,RR1  Box 188,Optima,73945,No,59,0,1,Yes,Yes,Yes,FREIDA,BURGESS,580-338-6712,burgess6803@gmail.com,FREIDA,BURGESS,580-338-6712,burgess6803@gmail.com,FREIDA,BURGESS,580-338-6712,burgess6803@gmail.com,No,Yes,No,-9,No,-9,Yes,Yes,No,Yes,No,No,Yes,Yes,0,0,5,1,Yes,-9,-9,-9,Yes,Yes,No,Yes,No
OK,OKLAHOMA,4023190,OSAGE,7960 West 490,Pryor,74361,No,126,0,1,Yes,Yes,Yes,DONALD,PULLEN,918-825-2550,dpullen@osageelementary.com,DONALD,PULLEN,918-825-2550,dpullen@osageelementary.com,DONALD,PULLEN,918-825-2550,dpullen@osageelementary.com,No,Yes,No,-9,No,-9,Yes,Yes,No,Yes,No,Yes,Yes,Yes,0,0,22,15,Yes,-9,-9,-9,Yes,Yes,No,Yes,No
OK,OKLAHOMA,4023220,OSAGE HILLS,225 Country Road 2706,Bartlesville,74003,No,170,0,1,Yes,Yes,Yes,JEANNIE,O'DANIEL,(918)336-6804,principal@osagehills.k12.ok.us,JEANNIE,O'DANIEL,(918)336-6804,principal@osagehills.k12.ok.us,JEANNIE,O'DANIEL,(918)336-6804,principal@osagehills.k12.ok.us,No,Yes,No,-9,No,-9,Yes,Yes,No,Yes,No,Yes,Yes,Yes,0,0,21,1,Yes,-9,-9,-9,Yes,Yes,No,No,No
OK,OKLAHOMA,4023400,PANOLA,Post Office Box 6,Panola,74559,No,113,0,2,Yes,Yes,Yes,SHAWNA,SALKIL,405-749-4550,shawna.salkil@epiccharterschools.org,SHAWNA,SALKIL,405-749-4550,shawna.salkil@epiccharterschools.org,LINDSEY,PAGE,405-749-4550,Lindsey.page@epiccharterschools.org,No,Yes,Yes,http://www.panolabearcats.org/uploads/1/1/7/5/117506905/bullyingpolicy.pdf,No,-9,Yes,Yes,No,Yes,No,No,Yes,Yes,0,0,2,1,No,Yes,Yes,Yes,Yes,Yes,No,Yes,No
OK,OKLAHOMA,4023430,PAOLI,Post Office Box 278,Paoli,73074,No,243,0,2,Yes,Yes,Yes,DAVID,MORRIS,405-484-7336,DMORRIS@PAOLI.K12.OK.US,DAVID,MORRIS,405-484-7336,DMORRIS@PAOLI.K12.OK.US,DAVID,MORRIS,405-484-7336,DMORRIS@PAOLI.K12.OK.US,Yes,Yes,Yes,WWW.PAOLI.K12.OK.US,No,-9,Yes,Yes,No,Yes,No,Yes,Yes,Yes,0,1,8,1,Yes,-9,-9,-9,Yes,Yes,No,Yes,No
OK,OKLAHOMA,4023700,PECKHAM,7175 West School Street,Newkirk,74647,No,90,0,1,Yes,Yes,Yes,GARY,YOUNG,(580) 362-2633,gyoung@peckham.k12.ok.us,GARY,YOUNG,(580) 362-2633,gyoung@peckham.k12.ok.us,GARY,YOUNG,(580) 362-2633,gyoung@peckham.k12.ok.us,No,Yes,No,-9,No,-9,Yes,Yes,No,No,No,No,Yes,Yes,0,0,10,2,Yes,-9,-9,-9,Yes,Yes,No,No,No
OK,OKLAHOMA,4023730,PEGGS,Post Office Box 119,Peggs,74452,No,232,0,1,Yes,Yes,Yes,JOHN,LEWIS,918-598-3412,jlewis@peggs.k12.ok.us,JOHN,LEWIS,918-598-3412,jlewis@peggs.k12.ok.us,JOHN,LEWIS,918-598-3412,jlewis@peggs.k12.ok.us,No,Yes,No,-9,Yes,No,Yes,Yes,No,No,No,No,Yes,Yes,0,0,14,6,Yes,-9,-9,-9,Yes,Yes,No,No,No
OK,OKLAHOMA,4024180,PITTSBURG,Post Office Box 200,Pittsburg,74560,No,125,0,2,Yes,Yes,Yes,CHAD,GRAHAM,918-432-5062,cgraham@pittsburg.k12.ok.us,CHAD,GRAHAM,918-432-5062,cgraham@pittsburg.k12.ok.us,CHAD,GRAHAM,918-432-5062,cgraham@pittsburg.k12.ok.us,No,Yes,Yes,www.pittsburg.k12.ok.us,No,-9,Yes,Yes,No,Yes,No,No,Yes,No,0,0,6,8,Yes,-9,-9,-9,Yes,Yes,No,Yes,No
OK,OKLAHOMA,4024330,PLEASANT GROVE,1927 East Walnut Street,Shawnee,74801,No,233,1,1,Yes,Yes,Yes,SCOTT,ROPER,405-275-6092,sroper@pgs.k12.ok.us,SCOTT,ROPER,405-275-6092,sroper@pgs.k12.ok.us,SCOTT,ROPER,405-275-6092,sroper@pgs.k12.ok.us,No,Yes,Yes,www.pleasantgroveschools.com,No,-9,Yes,Yes,No,Yes,No,Yes,Yes,Yes,0,1,26,9,Yes,-9,-9,-9,Yes,Yes,No,Yes,No
OK,OKLAHOMA,4025530,RAVIA,Post Office Box 299,Ravia,73455,No,79,0,1,Yes,Yes,Yes,DAVID,DUNCAN,(580)371-9163,dduncan@ravia.k12.ok.us,DAVID,DUNCAN,(580)371-9163,dduncan@ravia.k12.ok.us,DAVID,DUNCAN,(580)371-9163,dduncan@ravia.k12.ok.us,No,Yes,Yes,www.ravia.k12.ok.us,No,-9,No,-9,-9,-9,-9,-9,-9,-9,-9,-9,-9,-9,-9,-9,-9,-9,Yes,Yes,No,No,No
OK,OKLAHOMA,4025800,REYDON,Post Office Box 10,Reydon,73660,No,130,0,2,Yes,Yes,Yes,RYAN,BAKER,(580)6554375,RBAKER@REYDON.K12.OK.US,RYAN,BAKER,(580)6554375,RBAKER@REYDON.K12.OK.US,RYAN,BAKER,(580)6554375,RBAKER@REYDON.K12.OK.US,No,Yes,Yes,www.reydonps.k12.ok.us,No,-9,Yes,Yes,No,Yes,No,No,Yes,Yes,0,0,11,2,Yes,-9,-9,-9,Yes,Yes,No,Yes,No
OK,OKLAHOMA,4026010,RIVERSIDE,4800 East Foreman Street,El Reno,73036,No,177,177,1,Yes,Yes,Yes,DAVID,GARNER,(405)262-2907,dgarner@riverside.k12.ok.us,DAVID,GARNER,(405)262-2907,dgarner@riverside.k12.ok.us,DAVID,GARNER,(405)262-2907,dgarner@riverside.k12.ok.us,No,Yes,Yes,www.riverside.k12.ok.us,No,-9,Yes,Yes,No,Yes,No,No,Yes,Yes,0,0,17,19,Yes,-9,-9,-9,Yes,Yes,No,Yes,No
OK,OKLAHOMA,4026250,ROCKY MOUNTAIN,463355 E 835 Rd,Stilwell,74960,No,187,0,1,Yes,Yes,Yes,CHASTITY,LATTA,(918) 696-7509,clatta@rockymtn.k12.ok.us,JACKLIN,SPARKS,(918) 696-7509,jsparks@rockymtn.k12.ok.us,KENDRA,MAYS,(918) 696-7509,kmays@rockymtn.k12.ok.us,No,Yes,Yes,http://www.rockymtn.k12.ok.us/o/district/browse/46069,No,-9,Yes,Yes,No,No,No,Yes,Yes,Yes,0,6,17,3,Yes,-9,-9,-9,Yes,Yes,No,No,No
OK,OKLAHOMA,4026580,RYAL,115035 S 3960 RD,Henryetta,74437,No,86,0,1,Yes,Yes,Yes,CATHERINE,WILSON,918-652-7461,cwilson@ryal.k12.ok.us,CATHERINE,WILSON,918-652-7461,cwilson@ryal.k12.ok.us,LYNN,MAXWELL,918-652-7461,lmaxwell@ryal.k12.ok.us,No,Yes,Yes,www.ryal.k12.ok.us,No,-9,Yes,Yes,No,No,No,Yes,Yes,Yes,0,4,12,1,Yes,-9,-9,-9,Yes,Yes,No,Yes,No
OK,OKLAHOMA,4026940,SASAKWA,Post Office Box 323,Sasakwa,74867,No,197,0,2,Yes,Yes,Yes,BRENT,GRIFFIN,4059413250,bgriffin@sasakwaschools.org,BRENT,GRIFFIN,4059413250,bgriffin@sasakwaschools.org,BRENT,GRIFFIN,4059413250,bgriffin@sasakwaschools.org,No,Yes,Yes,http://www.sasakwaschools.org,Yes,No,Yes,Yes,No,Yes,No,Yes,Yes,Yes,0,10,9,2,Yes,-9,-9,-9,Yes,Yes,No,Yes,No
OK,OKLAHOMA,4027090,SCHULTER,Post Office Box 203,Schulter,74460,No,153,0,2,Yes,Yes,Yes,ALLEN,CALLAHAN,918-652-8200,ACALLAN@SCHULTER.K12.OK.US,ALLEN,CALLAHAN,918-652-8200,ACALLAHAN@SCHULTER.K12.OK.US,ALLEN,CALLAHAN,918-652-8200,ACALLAHAN@SCHULTER.K12.OK.US,No,Yes,No,-9,No,-9,Yes,Yes,No,Yes,No,No,Yes,No,0,0,13,0,Yes,-9,-9,-9,Yes,Yes,No,Yes,No
OK,OKLAHOMA,4027420,SHADY GROVE,11042 West Shady Grove Road,Hulbert,74441,No,161,0,1,Yes,Yes,Yes,EMMETT,THOMPSON,9187722511,ethompson@shadygrove.k12.ok.us,EMMETT,THOMPSON,9187722511,ethompson@shadygrove.k12.ok.us,EMMETT,THOMPSON,9187722511,ethompson@shadygrove.k12.ok.us,No,Yes,No,-9,No,-9,Yes,Yes,No,Yes,No,No,Yes,Yes,0,3,13,3,Yes,-9,-9,-9,Yes,Yes,No,Yes,No
OK,OKLAHOMA,4027450,SHADY POINT,22838 Wheelus,Shady Point,74956,No,165,0,1,Yes,Yes,Yes,BRUCE,GILLHAM,9189632595,bruce.gillham@spk12.org,BRUCE,GILLHAM,9189632595,bruce.gillham@spk12.org,BRUCE,GILLHAM,9189632595,bruce.gillham@spk12.org,No,Yes,Yes,www.spk12.org,No,-9,Yes,Yes,No,Yes,No,No,Yes,No,0,0,12,0,Yes,-9,-9,-9,Yes,Yes,No,Yes,No
OK,OKLAHOMA,4028350,SPRINGER,Post Office Box 249,Springer,73458,No,240,0,2,Yes,Yes,Yes,CYNTHIA,HUNTER,5806532656,chunter@springer.k12.ok.us,CYNTHIA,HUNTER,5806532656,chunter@springer.k12.ok.us,CYNTHIA,HUNTER,5806532656,chunter@springer.k12.ok.us,No,Yes,Yes,http://springerschools.com/documents.php,No,-9,Yes,Yes,No,Yes,No,No,Yes,Yes,0,1,15,5,Yes,-9,-9,-9,Yes,Yes,No,Yes,No
OK,OKLAHOMA,4028620,STIDHAM,113074 S 4110 RD,Eufaula,74432,No,102,0,1,Yes,Yes,Yes,DANNY,WILLIAMS,918-689-5241,SUP@STIDHAM.K12.OK.US,DANNY,WILLIAMS,918-689-5241,SUP@STIDHAM.K12.OK.US,DANNY,WILLIAMS,918-689-5241,SUP@STIDHAM.K12.OK.US,No,Yes,Yes,www.stidham.k12.ok.us,No,-9,Yes,Yes,No,Yes,No,No,Yes,Yes,0,0,9,2,Yes,-9,-9,-9,Yes,Yes,No,No,No
OK,OKLAHOMA,4028920,STRAIGHT,Rural Route 1  Box 89,Guymon,73942,No,43,0,1,Yes,Yes,Yes,PHIL,HARRIS,(580)652-2232,steve.baird@straight.k12.ok.us,PHIL,HARRIS,(580)652-2232,steve.baird@straight.k12.ok.us,RILLA,COLLINS,(580)652-2232,steve.baird@straight.k12.ok.us,No,Yes,No,-9,No,-9,Yes,Yes,No,Yes,No,No,Yes,Yes,0,0,5,1,Yes,-9,-9,-9,Yes,Yes,No,Yes,No
OK,OKLAHOMA,4029010,STRINGTOWN,Post Office Box 130,Stringtown,74569,No,225,0,2,Yes,Yes,Yes,BETH,MURRAY,(580)346-7423 x 104,bmurray@stringtownisd.org,TONY,POTTS,(580)346-7423 x 121,tpotts@stringtownisd.org,AMANDA,THOMPSON,(580)346-7423 x 116,athompson@stringtownisd.org,No,Yes,Yes,stringtownisd.org,No,-9,Yes,Yes,No,Yes,No,Yes,Yes,No,0,11,9,1,Yes,-9,-9,-9,Yes,Yes,No,Yes,No
OK,OKLAHOMA,4029310,SWEETWATER,11107 North Highway 30,Sweetwater,73666,No,129,0,2,Yes,Yes,Yes,CASEY,REED,5805342272,CREED@SWEETWATER.K12.OK.US,CASEY,REED,5805342272,CREED@SWEETWATER.K12.OK.US,CASEY,REED,5805342272,CREED@SWEETWATER.K12.OK.US,No,Yes,Yes,sweetwater.k12.ok.us,No,-9,Yes,Yes,No,Yes,No,No,Yes,Yes,0,0,9,1,Yes,-9,-9,-9,Yes,Yes,No,No,No
OK,OKLAHOMA,4029340,SWINK,PO BOX 73,Swink,74761,No,142,0,1,Yes,Yes,Yes,MARK,BUSH,5808732695,mbush@swink.k12.ok.us,MARK,BUSH,5808732695,mbush@swink.k12.ok.us,MARK,BUSH,5808732695,mbush@swink.k12.ok.us,No,Yes,Yes,www.swink.k12.ok.us,No,-9,No,-9,-9,-9,-9,-9,-9,-9,-9,-9,-9,-9,-9,-9,-9,-9,Yes,Yes,No,No,No
OK,OKLAHOMA,4029430,TALOGA,Post Office Box 158,Taloga,73667,No,105,0,2,Yes,Yes,Yes,LORA,BURCH,(580) 328-5586,lburch@taloga.k12.ok.us,LORA,BURCH,(580) 328-5586,lburch@taloga.k12.ok.us,LORA,BURCH,(580) 328-5586,lburch@taloga.k12.ok.us,No,Yes,Yes,www.taloga.k12.ok.us,No,-9,Yes,Yes,No,Yes,No,Yes,Yes,No,0,2,10,0,Yes,-9,-9,-9,Yes,Yes,No,Yes,No
OK,OKLAHOMA,4029520,TANNEHILL,9283 Tannehill Road,McAlester,74501,No,144,0,1,Yes,Yes,Yes,JONATHAN,BOOTH,9184236393,jbooth@tannehill.k12.ok.us,WENDY,MANOS,9184236393,wmanos@tannehill.k12.ok.us,JUDY,KING,9184236393,jking@tannehill.k12.ok.us,No,Yes,Yes,www.tannehill.k12.ok.us,No,-9,Yes,Yes,No,Yes,No,Yes,Yes,Yes,0,7,10,2,Yes,-9,-9,-9,Yes,Yes,No,Yes,No
OK,OKLAHOMA,4029640,TEMPLE,Post Office Box 400,Temple,73568,No,189,0,2,Yes,Yes,Yes,JUSTIN,SMITH,580-342-6230,jsmith@temple.k12.ok.us,JUSTIN,SMITH,580-342-6230,jsmith@temple.k12.ok.us,JUSTIN,SMITH,580-342-6230,jsmith@temple.k12.ok.us,No,Yes,No,-9,No,-9,Yes,Yes,No,Yes,No,No,Yes,No,0,3,9,1,Yes,-9,-9,-9,Yes,Yes,No,Yes,No
OK,OKLAHOMA,4029760,TERRAL,Post Office Box 340,Terral,73569,No,46,0,1,Yes,Yes,Yes,GREG,FOUSE,5804372244,gfouse@terral.k12.ok.us,GREG,FOUSE,5804372244,gfouse@terral.k12.ok.us,GREG,FOUSE,5804372244,gfouse@terral.k12.ok.us,No,Yes,No,-9,No,-9,Yes,Yes,No,Yes,No,Yes,Yes,No,0,5,3,2,Yes,-9,-9,-9,Yes,Yes,No,Yes,No
OK,OKLAHOMA,4029886,MOUNTAIN VIEW-GOTEBO,Rural Route 2  Box 88,Mountain View,73062,No,237,0,2,Yes,Yes,Yes,LORI,HORTON,(580)347-2211,lhorton@mvgschools.com,LINDA,STEPHENS,(580)347-2211,lstephens@mvgschools.com,CHANDI,THOMPSON,(580)347-2211,cthompson@mvgschools.com,No,Yes,Yes,www.mvgschools.com,No,-9,Yes,Yes,No,Yes,No,No,Yes,Yes,0,0,12,2,Yes,-9,-9,-9,Yes,Yes,No,Yes,No
OK,OKLAHOMA,4030290,TURKEY FORD,23900 S 670 RD,WYANDOTTE,74370,No,107,0,1,Yes,Yes,Yes,TAMYRA,LARSON,(918)786-4902,tlarson@turkeyford.net,TAMYRA,LARSON,(918)786-4902,tlarson@turkeyford.net,TAMYRA,LARSON,(918)786-4902,tlarson@turkeyford.net,No,Yes,Yes,www.turkeyford.net,No,-9,Yes,Yes,No,No,No,No,Yes,Yes,0,0,6,3,Yes,-9,-9,-9,Yes,Yes,No,No,No
OK,OKLAHOMA,4030390,TUSKAHOMA,Post Office Box 100,Tuskahoma,74574,No,80,0,1,Yes,Yes,Yes,BARRY,SIMPSON,918-569-7737,bsimpson@tuskahoma.k12.ok.us,BARRY,SIMPSON,918-569-7737,bsimpson@tuskahoma.k12.ok.us,BARRY,SIMPSON,918-569-7737,bsimpson@tuskahoma.k12.ok.us,No,Yes,No,-9,No,-9,Yes,Yes,No,No,No,No,Yes,Yes,0,6,8,9,Yes,-9,-9,-9,Yes,Yes,No,No,No
OK,OKLAHOMA,4030480,TYRONE,po box 168,Tyrone,73951,No,232,0,2,Yes,Yes,Yes,DONOVAN,SMITH,(580)854-6298,dsmith@tyronebobcats.org,DONOVAN,SMITH,(580)854-6298,dsmith@tyronebobcats.org,DONOVAN,SMITH,(580)854-6298,dsmith@tyronebobcats.org,No,Yes,Yes,www.tyrone.k12.ok.us,No,-9,Yes,Yes,No,Yes,No,No,Yes,Yes,0,0,9,1,Yes,-9,-9,-9,Yes,Yes,No,No,No
OK,OKLAHOMA,4031380,WAINWRIGHT,Post Office Box 189,Wainwright,74468,No,99,0,1,Yes,Yes,Yes,FELICIA,ELLER,918-474-3484,feller@wainwrightk8.org,KALAH,BROWN,918-474-3484,kbrown@wainwrightk8.org,MARIAH,ARMSTRONG,918-474-3484,marmstrong@wainwrightk8.org,No,Yes,No,-9,No,-9,Yes,Yes,No,No,No,No,Yes,Yes,0,2,17,1,Yes,-9,-9,-9,Yes,Yes,No,No,No
OK,OKLAHOMA,4031500,WANETTE,Post Office Box 161,Wanette,74878,No,154,0,2,Yes,Yes,Yes,SILVIA,MCNEELY,(405)383-2254,smcneely@wanette.k12.ok.us,SILVIA,MCNEELY,(405)383-2254,smcneely@wanette.k12.ok.us,SILVIA,MCNEELY,(405)383-2254,smcneely@wanette.k12.ok.us,No,Yes,Yes,wanetteschools.org/documents,No,-9,Yes,Yes,No,No,No,No,Yes,Yes,0,0,8,2,Yes,-9,-9,-9,Yes,Yes,No,No,No
OK,OKLAHOMA,4032040,WAYNOKA,2134 Lincoln Street,Waynoka,73860,No,236,0,2,Yes,Yes,Yes,MICHAEL,MERIWETHER,580-824-4341,meriwetm@waynoka.k12.ok.us,MICHAEL,MERIWETHER,5808244341,meriwetm@waynoka.k12.ok.us,MURLETTA,CRISSUP,5808244341,mcrissup@waynoka.k12.ok.us,No,Yes,Yes,https://www.waynoka.k12.ok.us/269687_3,No,-9,Yes,Yes,No,Yes,No,No,Yes,Yes,0,0,14,7,Yes,-9,-9,-9,Yes,Yes,No,Yes,No
OK,OKLAHOMA,4032610,WHITE OAK,27455 South 4340 Road,Vinita,74301,No,44,0,1,Yes,Yes,Yes,RICHARD,MCSPADDEN,(918) 256-4484,rmcspadden@whiteoakschool.net,RICHARD,MCSPADDEN,(918) 256-4484,rmcspadden@whiteoakschool.net,RICHARD,MCSPADDEN,(918) 256-4484,rmcspadden@whiteoakschool.net,No,Yes,No,-9,No,-9,Yes,Yes,No,Yes,No,No,Yes,Yes,0,0,3,5,Yes,-9,-9,-9,Yes,Yes,No,Yes,No
OK,OKLAHOMA,4032640,WHITE ROCK,334998 East 1010 Road,McLoud,74851,No,103,0,1,Yes,Yes,Yes,BOB,GRAGG,405 964-3428,bgragg@whiterock.k12.ok.us,BOB,GRAGG,405 964-3428,bgragg@whiterock.k12.ok.us,BOB,GRAGG,405 964-3428,bgragg@whiterock.k12.ok.us,No,Yes,Yes,www.whiterock.k12.ok.us,No,-9,Yes,Yes,No,Yes,No,No,Yes,No,0,2,6,1,Yes,-9,-9,-9,Yes,Yes,No,No,No
OK,OKLAHOMA,4032700,WHITEFIELD,Post Office Box 178,Whitefield,74472,No,162,0,1,Yes,Yes,Yes,SCOTT,SHEPHERD,918-967-8572,sshepherd@whitefield.k12.ok.us,SCOTT,SHEPHERD,918-967-8572,sshepherd@whitefield.k12.ok.us,SCOTT,SHEPHERD,918-967-8572,sshepherd@whitefield.k12.ok.us,No,Yes,No,-9,Yes,Yes,Yes,Yes,No,Yes,No,No,Yes,Yes,0,15,26,3,No,Yes,Yes,Yes,Yes,Yes,No,Yes,No
OK,OKLAHOMA,4032730,WHITESBORO,Post Office Box 150,Whitesboro,74577,No,228,0,2,Yes,Yes,Yes,KATIE,BLAGG,918-567-2556,kblagg@whitesboro.k12.ok.us,KATIE,BLAGG,918-567-2556,kblagg@whitesboro.k12.ok.us,KATIE,BLAGG,918-567-2556,kblagg@whitesboro.k12.ok.us,No,Yes,No,-9,No,-9,Yes,Yes,No,Yes,No,No,Yes,Yes,0,2,10,4,Yes,-9,-9,-9,Yes,Yes,No,No,No
OK,OKLAHOMA,4032760,WICKLIFFE,11176 East 470,Salina,74365,No,91,0,1,Yes,Yes,Yes,TERISIA,KNOTT,918-434-5558,teresia.knott@wickliffeschool.com,TERESIA,KNOTT,918-434-5558,teresia.knott@wickliffeschool.com,TERESIA,KNOTT,918-434-5558,teresia.knott@wickliffeschool.com,No,Yes,Yes,wicklifeschool.com,No,-9,Yes,Yes,No,Yes,No,Yes,Yes,Yes,0,1,6,1,Yes,-9,-9,-9,Yes,Yes,No,Yes,No
OK,OKLAHOMA,4032880,WILSON,8867 Chestnut Road,Henryetta,74437,No,234,0,2,Yes,Yes,Yes,ANDREA,JAMES,9186523374,ajames@wpstigers.k12.ok.us,ANDREA,JAMES,9186523374,ajames@wpstigers.k12.ok.us,ANDREA,JAMES,9186523374,ajames@wpstigers.k12.ok.us,No,Yes,Yes,www.wpstigers.k12.ok.us,Yes,Yes,Yes,Yes,No,Yes,No,Yes,Yes,Yes,0,0,7,3,Yes,-9,-9,-9,Yes,Yes,No,Yes,No
OK,OKLAHOMA,4033330,WYNONA,Post Office Box 700,Wynona,74084,No,107,0,2,Yes,Yes,Yes,SHELLY,SHULANBERGER,918-846-2467,sshulanberger@wynona.k12.ok.us,SHELLY,SHULANBERGER,918-846-2467,sshulanberger@wynona.k12.ok.us,SHELLY,SHULANBERGER,918-846-2467,sshulanberger@wynona.k12.ok.us,No,Yes,Yes,www.wynona.k12.ok.us/google,No,-9,Yes,Yes,No,No,No,No,Yes,Yes,0,0,4,1,Yes,-9,-9,-9,Yes,Yes,No,No,No
OK,OKLAHOMA,4033390,YARBROUGH,Rt  1 Box 31,Goodwell,73939,No,89,0,2,Yes,Yes,Yes,JIM,WIGGIN,(580)545-3329 x118,jwiggin@yarbrough.k12.ok.us,JIM,WIGGIN,(580)545-3329 x118,jwiggin@yarbrough.k12.ok.us,JIM,WIGGIN,(580)545-3329 x118,jwiggin@yarbrough.k12.ok.us,No,Yes,Yes,http://www.yarbrough.k12.ok.us/pages/uploaded_files/The%20Lobo%20Guide%202017-2018.pdf,No,-9,Yes,Yes,No,No,No,No,Yes,Yes,0,0,7,1,Yes,-9,-9,-9,Yes,Yes,No,No,No
