State Postal Code,State FIPS Code,District ID,Name,Estimated Total Population,Estimated Population 5-17,Estimated number of relevant children 5 to 17 years old in poverty who are related to the householder
OK,40,2580,Albion Public School,547,77,21
OK,40,2670,Alex Public Schools,1668,298,41
OK,40,2720,Aline-Cleo Public Schools,1116,191,24
OK,40,3010,Anderson Public School,2668,408,47
OK,40,3120,Arapaho Public Schools,1974,322,36
OK,40,3240,Arnett Public Schools,946,164,15
OK,40,3300,Asher Public Schools,1170,238,42
OK,40,3450,Avant Public School,1420,256,40
OK,40,3510,Balko Public Schools,679,137,16
OK,40,3540,Banner Public School,2093,468,34
OK,40,3690,Bearden Public School,531,94,22
OK,40,3750,Beaver Public Schools,1769,362,49
OK,40,4350,Big Pasture Public Schools,1112,170,17
OK,40,4360,Billings Public Schools,796,98,22
OK,40,5160,Bowring Public School,634,101,23
OK,40,5760,Buffalo Public Schools,1751,329,41
OK,40,5910,Burlington Public Schools,636,133,16
OK,40,6240,Calumet Public Schools,1210,228,37
OK,40,6930,Cave Springs Public Schools,663,134,35
OK,40,8310,Coleman Public Schools,995,171,32
OK,40,8610,Copan Public Schools,2086,320,48
OK,40,8730,Cottonwood Public School,404,55,22
OK,40,9360,Dahlonegah Public School,668,135,44
OK,40,9420,Darlington Public School,701,106,7
OK,40,9480,Davidson Public Schools,423,42,8
OK,40,17020,Deer Creek-Lamont Schools,976,217,49
OK,40,10050,Dover Public Schools,1134,245,40
OK,40,10170,Drummond Public Schools,1261,280,45
OK,40,10260,Duke Public Schools,631,126,21
OK,40,10500,Earlsboro Public Schools,1423,274,35
OK,40,11400,Fanshawe Public School,775,129,25
OK,40,11580,Felt Public Schools,263,53,18
OK,40,11760,Flower Mound Public School,821,153,14
OK,40,11850,Forest Grove Public School,1029,198,48
OK,40,11880,Forgan Public Schools,740,177,39
OK,40,12000,Fort Supply Public Schools,1702,123,30
OK,40,12180,Freedom Public Schools,536,90,17
OK,40,12210,Friend Public School,1179,207,24
OK,40,12240,Frink-Chambers Public School,1648,267,26
OK,40,12420,Garber Public Schools,1817,361,41
OK,40,12630,Geronimo Public Schools,4396,351,44
OK,40,12750,Glover Public School,708,122,43
OK,40,12870,Goodwell Public Schools,1559,177,40
OK,40,13080,Gracemont Public Schools,973,182,36
OK,40,13260,Grandview Public School,729,138,21
OK,40,13380,Greenville Public School,1073,190,30
OK,40,13600,Gypsy Public School,763,139,25
OK,40,13680,Hanna Public Schools,511,104,28
OK,40,13740,Hardesty Public Schools,391,77,21
OK,40,15420,Indiahoma Public Schools,1407,209,45
OK,40,15900,Justice Public School,305,46,9
OK,40,16320,Kenwood Public School,568,102,24
OK,40,16410,Keyes Public Schools,426,77,11
OK,40,16530,Kildare Public School,1219,227,25
OK,40,16740,Kremlin-Hillsdale Schools,1366,279,15
OK,40,17310,Leach Public School,887,198,33
OK,40,17370,Leedey Public Schools,1009,202,26
OK,40,22950,Lomega Public Schools,730,153,12
OK,40,18270,Lone Wolf Public Schools,781,102,26
OK,40,18390,Lookeba-Sickles Public Schools,855,150,26
OK,40,18480,Lowrey Public School,1126,182,49
OK,40,18870,Mannsville Public School,1159,217,44
OK,40,18900,Maple Public School,757,122,11
OK,40,19260,Mason Public Schools,1091,226,44
OK,40,20040,Mill Creek Public Schools,923,191,42
OK,40,20160,Moffett Public School,133,21,7
OK,40,20190,Monroe Public School,1124,199,42
OK,40,20460,Moss Public Schools,980,148,29
OK,40,20640,Moyers Public Schools,646,104,38
OK,40,20910,Mulhall-Orlando Public Schools,1406,244,29
OK,40,21120,Nashoba Public School,439,56,18
OK,40,22160,Oak Grove Public School,762,124,30
OK,40,22590,Okarche Public Schools,2235,384,33
OK,40,22620,Okay Public Schools,2895,510,45
OK,40,23070,Optima Public School,482,130,24
OK,40,23220,Osage Hills Public School,623,76,7
OK,40,23190,Osage Public School,1468,247,30
OK,40,23400,Panola Public Schools,1386,253,48
OK,40,23700,Peckham Public School,331,64,10
OK,40,24180,Pittsburg Public Schools,669,129,19
OK,40,24330,Pleasant Grove Public School,541,101,12
OK,40,24720,Pond Creek-Hunter Schools,1388,256,32
OK,40,25050,Preston Public Schools,1128,234,27
OK,40,25530,Ravia Public School,1155,203,32
OK,40,25590,Red Oak Public Schools,1301,217,43
OK,40,25800,Reydon Public Schools,635,116,24
OK,40,26010,Riverside Public School,1697,322,38
OK,40,26100,Robin Hill Public School,906,141,17
OK,40,26250,Rocky Mountain Public School,581,107,30
OK,40,26580,Ryal Public School,295,57,17
OK,40,27000,Savanna Public Schools,1373,236,28
OK,40,27090,Schulter Public Schools,893,168,48
OK,40,40001,Secondary Coverage Area in White Oak Public Schools (9-12),897,55,9
OK,40,27420,Shady Grove Public School,1024,179,44
OK,40,27630,Shidler Public Schools,1634,261,41
OK,40,26640,South Coffeyville Schools,1401,231,38
OK,40,27990,South Rock Creek Public School,1953,327,42
OK,40,28620,Stidham Public School,532,67,18
OK,40,28920,Straight Public School,227,47,17
OK,40,29010,Stringtown Public Schools,911,137,20
OK,40,29100,Stuart Public Schools,956,154,32
OK,40,29310,Sweetwater Public Schools,466,92,20
OK,40,29340,Swink Public School,425,56,15
OK,40,29430,Taloga Public Schools,873,145,16
OK,40,29520,Tannehill Public School,1024,181,22
OK,40,29760,Terral Public School,495,83,20
OK,40,29820,Texhoma Public Schools,1171,260,46
OK,40,30030,Tipton Public Schools,1286,226,30
OK,40,30290,Turkey Ford Public School,1144,169,44
OK,40,30300,Turner Public Schools,2454,375,39
OK,40,30330,Turpin Public Schools,1881,382,45
OK,40,30390,Tuskahoma Public School,598,70,24
OK,40,30480,Tyrone Public Schools,1039,205,46
OK,40,30630,Union City Public Schools,1947,318,21
OK,40,30990,Varnum Public Schools,1343,218,48
OK,40,31080,Verden Public Schools,1328,246,46
OK,40,31380,Wainwright Public School,765,176,47
OK,40,31500,Wanette Public Schools,1732,292,47
OK,40,32040,Waynoka Public Schools,1487,242,44
OK,40,32610,White Oak Public Schools,897,97,21
OK,40,32640,White Rock Public School,1482,241,47
OK,40,32700,Whitefield Public School,798,137,30
OK,40,32730,Whitesboro Public Schools,1172,207,48
OK,40,32760,Wickliffe Public School,715,131,38
OK,40,32880,Wilson Public Schools,822,127,23
OK,40,33330,Wynona Public Schools,778,122,20
OK,40,33390,Yarbrough Public Schools,417,91,16
OK,40,33540,Zaneis Public School,644,126,31
OK,40,33600,Zion Public School,892,151,40
