State Postal Code,State FIPS Code,District ID,Name,Estimated Total Population,Estimated Population 5-17,Estimated number of relevant children 5 to 17 years old in poverty who are related to the householder
OK,40,2370,Achille Public Schools,2833,496,98
OK,40,2430,Ada Public Schools,15674,2400,578
OK,40,2460,Adair Public Schools,5047,852,119
OK,40,2520,Afton Public Schools,2822,503,158
OK,40,2550,Agra Public Schools,1545,321,83
OK,40,2580,Albion Public School,547,77,21
OK,40,2670,Alex Public Schools,1668,298,41
OK,40,2720,Aline-Cleo Public Schools,1116,191,24
OK,40,2760,Allen Public Schools,2306,441,118
OK,40,2790,Allen-Bowden Public School,2826,403,101
OK,40,2850,Altus Public Schools,19852,3488,796
OK,40,2880,Alva Public Schools,7516,995,174
OK,40,2910,Amber-Pocasset Public Schools,1925,366,56
OK,40,3000,Anadarko Public Schools,8929,1890,593
OK,40,3010,Anderson Public School,2668,408,47
OK,40,3060,Antlers Public Schools,5553,937,300
OK,40,3120,Arapaho Public Schools,1974,322,36
OK,40,3180,Ardmore Public Schools,19348,3411,941
OK,40,3210,Arkoma Public Schools,2052,326,127
OK,40,3240,Arnett Public Schools,946,164,15
OK,40,3300,Asher Public Schools,1170,238,42
OK,40,3360,Atoka Public Schools,4368,774,198
OK,40,3450,Avant Public School,1420,256,40
OK,40,3510,Balko Public Schools,679,137,16
OK,40,3540,Banner Public School,2093,468,34
OK,40,3570,Barnsdall Public Schools,2476,456,73
OK,40,3630,Bartlesville Public Schools,38966,6821,1157
OK,40,3660,Battiest Public Schools,1378,239,86
OK,40,3690,Bearden Public School,531,94,22
OK,40,3750,Beaver Public Schools,1769,362,49
OK,40,3810,Beggs Public Schools,5323,1116,229
OK,40,3840,Belfonte Public School,1030,179,58
OK,40,3930,Bennington Public Schools,1588,297,66
OK,40,4020,Berryhill Public Schools,4194,891,80
OK,40,4110,Bethany Public Schools,4103,653,124
OK,40,4230,Bethel Public Schools,5288,1040,106
OK,40,4350,Big Pasture Public Schools,1112,170,17
OK,40,4360,Billings Public Schools,796,98,22
OK,40,33603,Binger-Oney Public Schools,2105,372,56
OK,40,4470,Bishop Public School,2462,441,98
OK,40,4500,Bixby Public Schools,29168,5959,367
OK,40,4630,Blackwell Public Schools,7490,1418,339
OK,40,4650,Blair Public Schools,1733,302,68
OK,40,4680,Blanchard Public Schools,9279,1863,221
OK,40,4830,Bluejacket Public Schools,1460,277,84
OK,40,4860,Boise City Public Schools,1452,252,73
OK,40,4950,Bokoshe Public Schools,1408,270,78
OK,40,5010,Boone-Apache Public Schools,2884,549,124
OK,40,5040,Boswell Public Schools,1883,302,119
OK,40,5130,Bowlegs Public Schools,1458,247,52
OK,40,5160,Bowring Public School,634,101,23
OK,40,5280,Braggs Public Schools,1028,158,53
OK,40,5340,Bray-Doyle Public Schools,2302,413,100
OK,40,5400,Bridge Creek Public Schools,8139,1664,148
OK,40,5430,Briggs Public School,2781,493,134
OK,40,5460,Bristow Public Schools,8996,1641,426
OK,40,5490,Broken Arrow Public Schools,105413,20124,1958
OK,40,5520,Broken Bow Public Schools,7118,1357,438
OK,40,5580,Brushy Public School,1423,274,71
OK,40,5760,Buffalo Public Schools,1751,329,41
OK,40,5820,Buffalo Valley Public Schools,1234,203,50
OK,40,5910,Burlington Public Schools,636,133,16
OK,40,14,Burns Flat-Dill City Schools,3034,609,119
OK,40,6000,Butner Public Schools,1835,317,86
OK,40,6060,Byng Public Schools,8715,1625,202
OK,40,6120,Cache Public Schools,7713,1608,195
OK,40,6150,Caddo Public Schools,2448,519,83
OK,40,6180,Calera Public Schools,4237,809,145
OK,40,6240,Calumet Public Schools,1210,228,37
OK,40,6270,Calvin Public Schools,1220,217,61
OK,40,6330,Cameron Public Schools,2200,405,109
OK,40,6390,Canadian Public Schools,4104,524,129
OK,40,6420,Caney Public Schools,1532,259,88
OK,40,25470,Caney Valley Public Schools,5419,994,153
OK,40,6480,Canton Public Schools,1757,370,81
OK,40,6510,Canute Public Schools,1371,267,58
OK,40,6630,Carnegie Public Schools,2747,481,203
OK,40,6690,Carney Public Schools,1273,226,79
OK,40,6810,Cashion Public Schools,2623,616,85
OK,40,6870,Catoosa Public Schools,11946,2140,349
OK,40,6930,Cave Springs Public Schools,663,134,35
OK,40,6960,Cement Public Schools,1503,285,55
OK,40,7170,Central High Public Schools,1983,369,50
OK,40,7140,Central Public Schools,2006,335,84
OK,40,7290,Chandler Public Schools,6412,1154,245
OK,40,7320,Chattanooga Public Schools,1288,258,54
OK,40,7350,Checotah Public Schools,10084,1522,446
OK,40,7380,Chelsea Public Schools,6955,1201,258
OK,40,7410,Cherokee Public Schools,1865,327,80
OK,40,7500,Cheyenne Public Schools,1698,340,68
OK,40,7560,Chickasha Public Schools,17304,2664,584
OK,40,21780,Chisholm Public Schools,4560,861,105
OK,40,7620,Choctaw/Nicoma Park Schools,30764,5979,562
OK,40,7670,Chouteau-Mazie Public Schools,5436,902,269
OK,40,7710,Cimarron Public Schools,1832,375,53
OK,40,7740,Claremore Public Schools,23719,3853,536
OK,40,7800,Clayton Public Schools,1577,258,62
OK,40,8010,Cleora Public School,2261,243,70
OK,40,8040,Cleveland Public Schools,9185,1670,409
OK,40,8070,Clinton Public Schools,10722,2262,447
OK,40,8130,Coalgate Public Schools,4308,759,212
OK,40,8220,Colbert Public Schools,5212,875,170
OK,40,8250,Colcord Public Schools,3139,572,172
OK,40,8310,Coleman Public Schools,995,171,32
OK,40,8370,Collinsville Public Schools,12905,2558,259
OK,40,8460,Comanche Public Schools,5316,917,151
OK,40,8490,Commerce Public Schools,4017,755,242
OK,40,8610,Copan Public Schools,2086,320,48
OK,40,8640,Cordell Public Schools,4475,767,189
OK,40,8730,Cottonwood Public School,404,55,22
OK,40,8790,Covington-Douglas Schools,1606,302,64
OK,40,8850,Coweta Public Schools,17313,3339,353
OK,40,8940,Coyle Public Schools,4440,467,57
OK,40,9000,Crescent Public Schools,3916,656,122
OK,40,9060,Crooked Oak Public Schools,3125,704,256
OK,40,9090,Crowder Public Schools,2731,438,55
OK,40,9150,Crutcho Public School,2447,489,161
OK,40,9240,Cushing Public Schools,10600,1894,329
OK,40,9300,Cyril Public Schools,1792,331,64
OK,40,9360,Dahlonegah Public School,668,135,44
OK,40,9390,Dale Public Schools,3200,608,72
OK,40,9420,Darlington Public School,701,106,7
OK,40,9450,Davenport Public Schools,1744,321,50
OK,40,9480,Davidson Public Schools,423,42,8
OK,40,9510,Davis Public Schools,5032,899,150
OK,40,9570,Deer Creek Public Schools,20902,5097,280
OK,40,17020,Deer Creek-Lamont Schools,976,217,49
OK,40,9720,Denison Public School,1450,234,80
OK,40,9750,Depew Public Schools,2170,420,85
OK,40,9780,Dewar Public Schools,1457,297,63
OK,40,9810,Dewey Public Schools,5545,1003,198
OK,40,9870,Dibble Public Schools,4222,847,120
OK,40,9910,Dickson Public Schools,5316,907,151
OK,40,10050,Dover Public Schools,1134,245,40
OK,40,10170,Drummond Public Schools,1261,280,45
OK,40,10200,Drumright Public Schools,3700,648,135
OK,40,10260,Duke Public Schools,631,126,21
OK,40,10290,Duncan Public Schools,22771,3851,786
OK,40,10350,Durant Public Schools,19049,2916,735
OK,40,10440,Eagletown Public Schools,1105,196,59
OK,40,10500,Earlsboro Public Schools,1423,274,35
OK,40,10590,Edmond Public Schools,145213,27214,2170
OK,40,10650,El Reno Public Schools,18997,3075,530
OK,40,10710,Elgin Public Schools,7500,1422,171
OK,40,10740,Elk City Public Schools,11358,2104,400
OK,40,10860,Elmore City-Pernell Schools,3161,592,158
OK,40,10890,Empire Public Schools,2098,377,69
OK,40,10920,Enid Public Schools,45613,8378,1718
OK,40,11040,Erick Public Schools,1433,248,112
OK,40,11160,Eufaula Public Schools,7374,984,298
OK,40,11250,Fairland Public Schools,3062,558,122
OK,40,11280,Fairview Public Schools,3769,657,126
OK,40,11400,Fanshawe Public School,775,129,25
OK,40,11430,Fargo Public Schools,1575,285,52
OK,40,11580,Felt Public Schools,263,53,18
OK,40,11700,Fletcher Public Schools,2622,444,93
OK,40,11760,Flower Mound Public School,821,153,14
OK,40,11850,Forest Grove Public School,1029,198,48
OK,40,11880,Forgan Public Schools,740,177,39
OK,40,33602,Fort Cobb-Broxton Schools,1818,353,75
OK,40,11970,Fort Gibson Public Schools,7150,1507,490
OK,40,12000,Fort Supply Public Schools,1702,123,30
OK,40,12300,Fort Towson Public Schools,1939,334,105
OK,40,12060,Fox Public Schools,1670,298,64
OK,40,12090,Foyil Public Schools,3320,623,116
OK,40,12150,Frederick Public Schools,4639,789,235
OK,40,12180,Freedom Public Schools,536,90,17
OK,40,12210,Friend Public School,1179,207,24
OK,40,12240,Frink-Chambers Public School,1648,267,26
OK,40,20,Frontier Public Schools,1368,287,61
OK,40,12390,Gans Public Schools,1599,299,71
OK,40,12420,Garber Public Schools,1817,361,41
OK,40,12570,Geary Public Schools,1848,427,143
OK,40,12630,Geronimo Public Schools,4396,351,44
OK,40,12690,Glencoe Public Schools,2198,436,73
OK,40,12720,Glenpool Public Schools,12065,2625,312
OK,40,12750,Glover Public School,708,122,43
OK,40,12870,Goodwell Public Schools,1559,177,40
OK,40,12900,Gore Public Schools,3047,430,93
OK,40,13080,Gracemont Public Schools,973,182,36
OK,40,782,Graham-Dustin Public Schools,1310,235,93
OK,40,13230,Grand View Public School,4430,786,225
OK,40,13200,Grandfield Public Schools,1175,201,83
OK,40,13260,Grandview Public School,729,138,21
OK,40,13290,Granite Public Schools,2394,265,56
OK,40,13320,Grant Public School,1271,217,79
OK,40,21870,Greasy Public School,976,169,64
OK,40,13380,Greenville Public School,1073,190,30
OK,40,13500,Grove Public School,3914,630,60
OK,40,13530,Grove Public Schools,17719,2274,517
OK,40,13560,Guthrie Public Schools,25434,4203,719
OK,40,13590,Guymon Public Schools,12839,2584,555
OK,40,13600,Gypsy Public School,763,139,25
OK,40,13620,Haileyville Public Schools,2499,437,104
OK,40,13650,Hammon Public Schools,1151,213,65
OK,40,13680,Hanna Public Schools,511,104,28
OK,40,13740,Hardesty Public Schools,391,77,21
OK,40,13830,Harmony Public School,1766,332,54
OK,40,13890,Harrah Public Schools,12119,2367,337
OK,40,13920,Hartshorne Public Schools,3848,709,131
OK,40,13950,Haskell Public Schools,6764,966,281
OK,40,14080,Haworth Public Schools,2700,491,135
OK,40,14100,Haywood Public School,1240,239,52
OK,40,14130,Healdton Public Schools,3547,621,134
OK,40,14160,Heavener Public Schools,5768,1021,360
OK,40,14340,Hennessey Public Schools,4023,829,103
OK,40,14370,Henryetta Public Schools,7072,1277,269
OK,40,14520,Hilldale Public Schools,6430,1346,286
OK,40,14610,Hinton Public Schools,5000,655,76
OK,40,14700,Hobart Public Schools,3947,708,267
OK,40,14730,Hodgen Public School,991,172,50
OK,40,14790,Holdenville Public Schools,7064,1012,293
OK,40,14850,Hollis Public Schools,2661,492,160
OK,40,14890,Holly Creek Public School,1418,316,93
OK,40,14970,Hominy Public Schools,4531,611,149
OK,40,15090,Hooker Public Schools,2558,534,99
OK,40,15120,Howe Public Schools,1789,322,75
OK,40,15210,Hugo Public Schools,7594,1354,534
OK,40,15240,Hulbert Public Schools,3362,568,109
OK,40,32,Hydro-Eakly Public Schools,2214,437,97
OK,40,15370,Idabel Public Schools,7480,1311,493
OK,40,15420,Indiahoma Public Schools,1407,209,45
OK,40,15450,Indianola Public Schools,1701,307,64
OK,40,15480,Inola Public Schools,6754,1217,168
OK,40,15690,Jay Public Schools,10290,1756,526
OK,40,15720,Jenks Public Schools,69414,12625,1277
OK,40,15750,Jennings Public School,1014,197,57
OK,40,15840,Jones Public Schools,6433,1281,185
OK,40,15900,Justice Public School,305,46,9
OK,40,15930,Justus-Tiawah Public School,3835,720,56
OK,40,15990,Kansas Public Schools,4117,815,218
OK,40,16170,Kellyville Public Schools,6571,1307,263
OK,40,16320,Kenwood Public School,568,102,24
OK,40,16350,Keota Public Schools,2705,477,129
OK,40,16380,Ketchum Public Schools,3847,512,106
OK,40,16410,Keyes Public Schools,426,77,11
OK,40,16440,Keys Public Schools,4712,714,145
OK,40,16470,Keystone Public School,3593,664,141
OK,40,16500,Kiefer Public Schools,2761,471,80
OK,40,16530,Kildare Public School,1219,227,25
OK,40,16560,Kingfisher Public Schools,6895,1334,176
OK,40,16590,Kingston Public Schools,7484,1071,257
OK,40,16620,Kinta Public Schools,1351,250,57
OK,40,16650,Kiowa Public Schools,1724,278,86
OK,40,16710,Konawa Public Schools,3495,649,211
OK,40,16720,Krebs Public School,2876,480,87
OK,40,16740,Kremlin-Hillsdale Schools,1366,279,15
OK,40,17040,Lane Public School,2687,341,61
OK,40,17190,Latta Public Schools,3399,681,129
OK,40,17220,Laverne Public Schools,2438,479,98
OK,40,17250,Lawton Public Schools,90700,14931,3681
OK,40,17280,LeFlore Public Schools,1645,275,63
OK,40,17310,Leach Public School,887,198,33
OK,40,17370,Leedey Public Schools,1009,202,26
OK,40,17580,Lexington Public Schools,9001,1172,154
OK,40,17700,Liberty Public School,2416,441,123
OK,40,17760,Liberty Public Schools,3223,593,83
OK,40,17850,Lindsay Public Schools,5894,1059,183
OK,40,17880,Little Axe Public Schools,6805,1300,229
OK,40,18000,Locust Grove Public Schools,7471,1468,320
OK,40,22950,Lomega Public Schools,730,153,12
OK,40,18090,Lone Grove Public Schools,6548,1339,254
OK,40,18240,Lone Star Public School,4315,863,229
OK,40,18270,Lone Wolf Public Schools,781,102,26
OK,40,18390,Lookeba-Sickles Public Schools,855,150,26
OK,40,18480,Lowrey Public School,1126,182,49
OK,40,18570,Lukfata Public School,1250,236,56
OK,40,18630,Luther Public Schools,5782,1112,149
OK,40,18660,Macomb Public Schools,2013,389,82
OK,40,18700,Madill Public Schools,8950,1740,338
OK,40,18780,Mangum Public Schools,3355,584,189
OK,40,18840,Mannford Public Schools,7724,1454,281
OK,40,18870,Mannsville Public School,1159,217,44
OK,40,18900,Maple Public School,757,122,11
OK,40,18960,Marble City Public School,848,151,50
OK,40,18990,Marietta Public School,4642,913,189
OK,40,19080,Marlow Public Schools,6957,1245,238
OK,40,19200,Maryetta Public Schools,1248,242,84
OK,40,19260,Mason Public Schools,1091,226,44
OK,40,19290,Maud Public Schools,1958,366,72
OK,40,19380,Maysville Public Schools,2398,422,95
OK,40,19440,McAlester Public Schools,17521,2737,680
OK,40,19500,McCord Public School,1910,287,61
OK,40,19410,McCurtain Public Schools,1097,211,61
OK,40,19560,McLoud Public Schools,11258,1828,336
OK,40,19620,Medford Public Schools,2018,329,53
OK,40,19680,Meeker Public Schools,4920,862,159
OK,40,19800,Merritt Public Schools,3311,668,63
OK,40,19860,Miami Public Schools,15023,2599,745
OK,40,19890,Middleberg Public School,1602,312,52
OK,40,14670,Midway Public Schools,1585,270,88
OK,40,19950,Midwest City-Del City Schools,85271,15178,3133
OK,40,19980,Milburn Public Schools,1311,228,52
OK,40,20040,Mill Creek Public Schools,923,191,42
OK,40,20080,Millwood Public Schools,3487,506,134
OK,40,20100,Minco Public Schools,2736,518,67
OK,40,20160,Moffett Public School,133,21,7
OK,40,20190,Monroe Public School,1124,199,42
OK,40,20250,Moore Public Schools,137729,25245,2520
OK,40,20280,Mooreland Public Schools,2126,433,102
OK,40,20310,Morris Public Schools,4326,865,116
OK,40,20340,Morrison Public Schools,2653,567,111
OK,40,20430,Moseley Public School,2059,371,77
OK,40,20460,Moss Public Schools,980,148,29
OK,40,20550,Mounds Public Schools,3779,764,137
OK,40,29886,Mountain View-Gotebo Schools,1687,266,93
OK,40,20640,Moyers Public Schools,646,104,38
OK,40,20880,Muldrow Public Schools,7813,1357,407
OK,40,20910,Mulhall-Orlando Public Schools,1406,244,29
OK,40,20970,Muskogee Public Schools,38403,6565,2582
OK,40,21000,Mustang Public Schools,55836,11028,779
OK,40,21120,Nashoba Public School,439,56,18
OK,40,21180,Navajo Public Schools,1767,320,53
OK,40,21360,New Lima Public Schools,1356,237,52
OK,40,21510,Newcastle Public Schools,8942,1754,147
OK,40,21540,Newkirk Public Schools,3852,672,136
OK,40,21600,Ninnekah Public Schools,3002,573,107
OK,40,21630,Noble Public Schools,17251,3400,447
OK,40,21720,Norman Public Schools,117240,16166,2173
OK,40,21840,North Rock Creek Public School,3202,629,64
OK,40,21900,Norwood Public School,1623,302,57
OK,40,21930,Nowata Public Schools,5801,942,235
OK,40,22160,Oak Grove Public School,762,124,30
OK,40,22350,Oakdale Public School,3501,865,58
OK,40,22410,Oaks-Mission Public Schools,1680,342,80
OK,40,22560,Oilton Public Schools,1586,319,52
OK,40,22590,Okarche Public Schools,2235,384,33
OK,40,22620,Okay Public Schools,2895,510,45
OK,40,22650,Okeene Public Schools,1433,325,64
OK,40,6850,Okemah Public Schools,6255,1012,326
OK,40,22770,Oklahoma City Public Schools,313683,55621,17138
OK,40,21,Oklahoma Union Public Schools,2888,532,99
OK,40,22800,Okmulgee Public Schools,13922,2115,578
OK,40,22830,Oktaha Public Schools,2151,435,74
OK,40,22860,Olive Public Schools,2308,388,85
OK,40,797,Olustee-Eldorado Public Schools,1283,282,89
OK,40,23040,Oologah-Talala Public Schools,9589,1847,233
OK,40,23070,Optima Public School,482,130,24
OK,40,23220,Osage Hills Public School,623,76,7
OK,40,23190,Osage Public School,1468,247,30
OK,40,23280,Owasso Public Schools,48409,10063,761
OK,40,23340,Paden Public Schools,1689,307,76
OK,40,23370,Panama Public Schools,3303,614,145
OK,40,23400,Panola Public Schools,1386,253,48
OK,40,23430,Paoli Public Schools,1327,272,60
OK,40,23550,Pauls Valley Public Schools,7205,1253,284
OK,40,23580,Pawhuska Public Schools,4996,836,240
OK,40,23610,Pawnee Public Schools,4214,735,156
OK,40,10560,Peavine Public School,1295,232,82
OK,40,23700,Peckham Public School,331,64,10
OK,40,23730,Peggs Public School,1737,306,96
OK,40,23800,Perkins-Tryon Public Schools,8128,1560,287
OK,40,23850,Perry Public Schools,6974,1205,144
OK,40,23970,Piedmont Public Schools,15270,3352,178
OK,40,24150,Pioneer Public School,1349,255,59
OK,40,24510,Pioneer-Pleasant Vale Schools,2287,490,65
OK,40,24180,Pittsburg Public Schools,669,129,19
OK,40,24240,Plainview Public Schools,6817,1302,171
OK,40,24330,Pleasant Grove Public School,541,101,12
OK,40,24630,Pocola Public Schools,3895,694,248
OK,40,24690,Ponca City Public Schools,28112,5015,1141
OK,40,24720,Pond Creek-Hunter Schools,1388,256,32
OK,40,30197,Porter Consolidated Schools,3578,647,56
OK,40,24840,Porum Public Schools,2311,421,150
OK,40,24870,Poteau Public Schools,10949,1911,532
OK,40,24930,Prague Public Schools,5843,1074,148
OK,40,25050,Preston Public Schools,1128,234,27
OK,40,25080,Pretty Water Public School,1835,319,53
OK,40,25170,Prue Public Schools,2684,425,89
OK,40,25200,Pryor Public Schools,13493,2424,534
OK,40,25230,Purcell Public Schools,8284,1563,391
OK,40,25290,Putnam City Public Schools,131270,21954,4804
OK,40,25320,Quapaw Public Schools,2937,534,133
OK,40,25410,Quinton Public Schools,2186,393,121
OK,40,25500,Rattan Public Schools,2114,358,99
OK,40,25530,Ravia Public School,1155,203,32
OK,40,25590,Red Oak Public Schools,1301,217,43
OK,40,25800,Reydon Public Schools,635,116,24
OK,40,25860,Ringling Public Schools,2079,376,134
OK,40,25920,Ringwood Public Schools,1798,405,63
OK,40,25950,Ripley Public Schools,2699,553,155
OK,40,26010,Riverside Public School,1697,322,38
OK,40,26100,Robin Hill Public School,906,141,17
OK,40,33601,Rock Creek Public Schools,3743,687,166
OK,40,26250,Rocky Mountain Public School,581,107,30
OK,40,26280,Roff Public Schools,1740,343,63
OK,40,26310,Roland Public Schools,4815,898,245
OK,40,26550,Rush Springs Public Schools,3246,582,135
OK,40,26580,Ryal Public School,295,57,17
OK,40,26610,Ryan Public Schools,1086,197,51
OK,40,26730,Salina Public Schools,5017,893,171
OK,40,26790,Sallisaw Public Schools,11996,1911,583
OK,40,26880,Sand Springs Public Schools,26656,5071,752
OK,40,26910,Sapulpa Public Schools,22090,3705,781
OK,40,26940,Sasakwa Public Schools,1101,227,69
OK,40,27000,Savanna Public Schools,1373,236,28
OK,40,27060,Sayre Public Schools,5441,698,207
OK,40,27090,Schulter Public Schools,893,168,48
OK,40,40001,Secondary Coverage Area in White Oak Public Schools (9-12),897,55,9
OK,40,27240,Seiling Public Schools,1853,402,62
OK,40,27300,Seminole Public Schools,8348,1588,441
OK,40,27330,Sentinel Public Schools,1729,336,64
OK,40,27390,Sequoyah Public Schools,6664,1201,137
OK,40,27420,Shady Grove Public School,1024,179,44
OK,40,27450,Shady Point Public School,1237,211,63
OK,40,21030,Sharon-Mutual Public Schools,1387,293,52
OK,40,27540,Shattuck Public Schools,1631,264,56
OK,40,27570,Shawnee Public Schools,27446,4525,1024
OK,40,27630,Shidler Public Schools,1634,261,41
OK,40,27640,Silo Public Schools,7303,1291,375
OK,40,27750,Skiatook Public Schools,12159,2325,483
OK,40,27840,Smithville Public Schools,1818,299,73
OK,40,27930,Snyder Public Schools,2656,473,113
OK,40,27960,Soper Public Schools,1450,258,93
OK,40,26640,South Coffeyville Schools,1401,231,38
OK,40,27990,South Rock Creek Public School,1953,327,42
OK,40,28170,Sperry Public Schools,5554,1122,159
OK,40,28200,Spiro Public Schools,6787,1187,338
OK,40,28350,Springer Public Schools,1449,256,58
OK,40,28590,Sterling Public Schools,2190,411,66
OK,40,28620,Stidham Public School,532,67,18
OK,40,28650,Stigler Public Schools,6625,1153,307
OK,40,28680,Stillwater Public Schools,54601,6190,1013
OK,40,28710,Stilwell Public Schools,7301,1366,543
OK,40,28800,Stonewall Public Schools,3265,616,123
OK,40,28920,Straight Public School,227,47,17
OK,40,28980,Stratford Public Schools,3788,786,183
OK,40,29010,Stringtown Public Schools,911,137,20
OK,40,29040,Strother Public Schools,2116,393,83
OK,40,29070,Stroud Public Schools,4706,828,147
OK,40,29100,Stuart Public Schools,956,154,32
OK,40,29160,Sulphur Public Schools,8156,1387,258
OK,40,29310,Sweetwater Public Schools,466,92,20
OK,40,29340,Swink Public School,425,56,15
OK,40,29380,Tahlequah Public Schools,22242,3441,899
OK,40,29400,Talihina Public Schools,2323,381,107
OK,40,29430,Taloga Public Schools,873,145,16
OK,40,29520,Tannehill Public School,1024,181,22
OK,40,29610,Tecumseh Public Schools,10198,2110,333
OK,40,29640,Temple Public Schools,1255,210,54
OK,40,29670,Tenkiller Public School,1545,274,61
OK,40,29760,Terral Public School,495,83,20
OK,40,29820,Texhoma Public Schools,1171,260,46
OK,40,29850,Thackerville Public Schools,1630,290,70
OK,40,15,Thomas-Fay-Custer Unified Schools,2778,570,90
OK,40,13,Timberlake Public Schools,3013,346,55
OK,40,30030,Tipton Public Schools,1286,226,30
OK,40,30060,Tishomingo Public Schools,4719,767,186
OK,40,30120,Tonkawa Public Schools,3757,732,152
OK,40,30240,Tulsa Public Schools,304539,50235,13517
OK,40,30270,Tupelo Public Schools,1078,174,55
OK,40,30290,Turkey Ford Public School,1144,169,44
OK,40,30300,Turner Public Schools,2454,375,39
OK,40,30330,Turpin Public Schools,1881,382,45
OK,40,30360,Tushka Public Schools,1493,250,50
OK,40,30390,Tuskahoma Public School,598,70,24
OK,40,30420,Tuttle Public Schools,8456,1770,109
OK,40,30450,Twin Hills Public School,1677,339,54
OK,40,30480,Tyrone Public Schools,1039,205,46
OK,40,30630,Union City Public Schools,1947,318,21
OK,40,30600,Union Public Schools,84656,16754,2574
OK,40,30870,Valliant Public Schools,4266,753,203
OK,40,30960,Vanoss Public Schools,3976,708,118
OK,40,30990,Varnum Public Schools,1343,218,48
OK,40,31020,Velma-Alma Public Schools,2281,384,67
OK,40,31080,Verden Public Schools,1328,246,46
OK,40,31110,Verdigris Public Schools,5790,1134,84
OK,40,31140,Vian Public Schools,4585,731,223
OK,40,31170,Vici Public Schools,1615,290,57
OK,40,31290,Vinita Public Schools,9096,1460,328
OK,40,31350,Wagoner Public Schools,14801,2541,547
OK,40,31380,Wainwright Public School,765,176,47
OK,40,31470,Walters Public Schools,3330,589,134
OK,40,31500,Wanette Public Schools,1732,292,47
OK,40,31590,Wapanucka Public Schools,1252,237,69
OK,40,31650,Warner Public Schools,3500,590,187
OK,40,31710,Washington Public Schools,4297,872,57
OK,40,31770,Watonga Public Schools,4838,721,139
OK,40,31860,Watts Public Schools,1755,313,97
OK,40,31950,Waukomis Public Schools,2119,362,74
OK,40,31980,Waurika Public Schools,2628,440,137
OK,40,32010,Wayne Public Schools,3783,720,124
OK,40,32040,Waynoka Public Schools,1487,242,44
OK,40,32070,Weatherford Public Schools,13639,1915,365
OK,40,32130,Webbers Falls Public Schools,1774,330,133
OK,40,32190,Welch Public Schools,1795,300,70
OK,40,32220,Weleetka Public Schools,2109,378,78
OK,40,32280,Wellston Public Schools,3413,649,145
OK,40,32370,Western Heights Public Schools,16848,3408,1117
OK,40,32400,Westville Public Schools,5907,1156,416
OK,40,32430,Wetumka Public Schools,2227,390,116
OK,40,32460,Wewoka Public Schools,4098,767,298
OK,40,32610,White Oak Public Schools,897,97,21
OK,40,32640,White Rock Public School,1482,241,47
OK,40,32670,Whitebead Public School,1520,312,55
OK,40,32700,Whitefield Public School,798,137,30
OK,40,32730,Whitesboro Public Schools,1172,207,48
OK,40,32760,Wickliffe Public School,715,131,38
OK,40,32790,Wilburton Public Schools,4980,784,187
OK,40,32880,Wilson Public Schools,822,127,23
OK,40,32940,Wilson Public Schools,2821,584,91
OK,40,32970,Wister Public Schools,2284,390,111
OK,40,33090,Woodall Public School,1530,292,80
OK,40,30048,Woodland Public Schools,2668,441,122
OK,40,33180,Woodward Public Schools,14863,2771,446
OK,40,33210,Wright City Public Schools,1759,311,116
OK,40,33240,Wyandotte Public Schools,4051,715,161
OK,40,33300,Wynnewood Public Schools,4705,763,136
OK,40,33330,Wynona Public Schools,778,122,20
OK,40,33360,Yale Public Schools,3040,612,114
OK,40,33390,Yarbrough Public Schools,417,91,16
OK,40,33480,Yukon Public Schools,44336,8569,738
OK,40,33540,Zaneis Public School,644,126,31
OK,40,33600,Zion Public School,892,151,40
