AL,ALABAMA,100005,Albertville City,107 W Main St,Albertville,35950,No,5445,0,6,Yes,Yes.1,Yes.2,TIMOTHY,TIDMORE,256-891-1183,ttidmore@albertk12.org,TIMOTHY.1,TIDMORE.1,256-891-1183.1,ttidmore@albertk12.org.1,TIMOTHY.2,TIDMORE.2,256-891-1183.2,ttidmore@albertk12.org.2,No.1,Yes.3,Yes.4,www.albertk12.org/apps/pages/index.jsp?uREC_ID=368921&type=d&termREC_ID=&pREC_ID=689254,Yes.5,No.2,Yes.6,Yes.7,Yes.8,Yes.9,No.3,No.4,Yes.10,No.5,1,6.1,127,0.1,Yes.11,-9,-9.1,-9.2,Yes.12,Yes.13,No.6,No.7,No.8
SD,SOUTH DAKOTA,4600027,East Dakota Educational Cooperative,715 E 14th St,Sioux Falls,57104,No,116,0,4,Yes,Yes,Yes,LISA,BJORNEBERG,6053677680,lisa.bjorneberg@teachwell.org,LISA,BJORNEBERG,6053677680,lisa.bjorneberg@teachwell.org,LISA,BJORNEBERG,6053677680,lisa.bjorneberg@teachwell.org,No,No,-9,-9,No,-9,No,-9,-9,-9,-9,-9,-9,-9,-9,-9,-9,-9,-9,-9,-9,-9,No,-9,-9,-9,-9
SD,SOUTH DAKOTA,4600029,SD SCH FOR THE BLIND & VISUALLY IMPAIRED,423 17th Ave SE,Aberdeen,57401,No,23,0,2,Yes,Yes,Yes,JANEL,LUDWIG,605-626-3189,Janel.ludwig@sdsbvi.northern.edu,SHEILA,HANSEN,605-626-7827,sheila.hansen@sdsbvi.northern.edu,JODI,CARLSGAARD,605-626-7833,Jodi.carlsgaard@sdsbvi.northern.edu,No,Yes,Yes,https://sdsbvi.org/Handbooks,Yes,Yes,Yes,No,No,Yes,No,No,No,No,0,0,1,0,No,Yes,No,Yes,Yes,Yes,No,Yes,No
SD,SOUTH DAKOTA,4601027,Oldham - Ramona School District 39-5,220 W 2nd Street,Ramona,57054,No,167,0,5,Yes,Yes,Yes,MICHAEL,FISCHER,6054828244,mike.fischer@k12.sd.us,MICHAEL,FISCHER,6054828244,mike.fischer@k12.sd.us,MICHAEL,FISCHER,6054828244,mike.fischer@k12.sd.us,No,Yes,Yes,https://oldhamramona.k12.sd.us/2018-2019/Handbook%20(2018-19).pdf,No,-9,Yes,No,No,Yes,No,Yes,Yes,No,0,7,9,0,Yes,-9,-9,-9,Yes,Yes,No,No,No
SD,SOUTH DAKOTA,4601028,Selby Area School District 62-5,PO Box 324,Selby,57472,No,191,0,3,Yes,Yes,Yes,YVETTE,HOUCK,6056497818,yvette.houck@k12.sd.us,YVETTE,HOUCK,6056497818,yvette.houck@k12.sd.us,DARREL,MCFARLAND,6056497818,darrel.mcfarland@k12.sd.us,No,Yes,Yes,https://selby.k12.sd.us/parents.html,Yes,No,Yes,No,No,Yes,No,No,Yes,Yes,0,3,10,0,Yes,-9,-9,-9,Yes,Yes,No,No,No
SD,SOUTH DAKOTA,4603780,Armour School District 21-1,PO Box 640,Armour,57313,No,178,23,3,Yes,Yes,Yes,ANDREA,POWELL,6057242698,andrea.powell@k12.sd.us,ANDREA,POWELL,6057242698,andrea.powell@k12.sd.us,ANDREA,POWELL,6057652698,andrea.powell@k12.sd.us,No,Yes,Yes,https://sdk12-my.sharepoint.com/:w:/r/personal/mary_bitterman_k12_sd_us/_layouts/15/Doc.aspx?sourcedoc=%7Bf83f9867-bf98-46ed-adc4-877a0515c20f%7D&action=default&cid=5954d6ec-4487-4c4e-b00e-5a4021d1c813,Yes,No,Yes,No,No,No,Yes,Yes,Yes,Yes,1,8,11,2,Yes,-9,-9,-9,Yes,Yes,No,No,No
SD,SOUTH DAKOTA,4603932,Sanborn Central School District 55-5,40405 SD Hwy 34,Forestburg,57314,No,198,1,4,Yes,Yes,Yes,JUSTIN,SIEMSEN,605-495-4183,justin.siemsen@k12.sd.us,JUSTIN,SIEMSEN,605-495-4183,justin.siemsen@k12.sd.us,PAULA,SANDERSON,605-495-4183,paula.sanderson@k12.sd.us,No,Yes,Yes,www.sanborncentral.com,Yes,No,Yes,No,Yes,No,No,No,Yes,Yes,0,0,2,17,Yes,-9,-9,-9,Yes,Yes,No,No,No
SD,SOUTH DAKOTA,4606960,Big Stone City School District 25-1,655 Walnut St,Big Stone City,57216,No,98,0,2,Yes,Yes,Yes,SHELLEY,HAGGERTY,605-862-8108,shelley.haggerty@k12.sd.us,SHELLEY,HAGGERTY,605-862-8108,shelley.haggerty@k12.sd.us,SHELLEY,HAGGERTY,605-862-8108,shelley.haggerty@k12.sd.us,No,Yes,Yes,http://bigstonecitylions.weebly.com/school-policies.html,Yes,Yes,Yes,No,No,No,Yes,Yes,Yes,Yes,0,0,12,13,Yes,-9,-9,-9,Yes,Yes,No,No,No
SD,SOUTH DAKOTA,4607050,Bison School District 52-1,PO Box 9,Bison,57620,No,156,0,3,Yes,Yes,Yes,MARILYN,AZEVEDO,(605)244-5961,marilyn.azevedo@k12.sd.us,MARILYN,AZEVEDO,(605)244-5961,marilyn.azevedo@k12.sd.us,CHRISTY,KOLB,(605)244-5961,christy.kolb@k12.sd.us,No,Yes,Yes,bison.k12.sd.us,No,-9,No,-9,-9,-9,-9,-9,-9,-9,-9,-9,-9,-9,-9,-9,-9,-9,Yes,Yes,No,No,No
SD,SOUTH DAKOTA,4607670,South Central 26-5,401 Birdsell St,Bonesteel,57317,No,108,2,3,Yes,Yes,Yes,ANGEL,BENTZ,16056542314,ANGEL.BENTZ@K12.SD.US,ANGEL,BENTZ,16056542314,ANGEL.BENTZ@K12.SD.US,ANGEL,BENTZ,16056542314,ANGEL.BENTZ@K12.SD.US,No,Yes,Yes,https://southcentral.k12.sd.us/Board%20of%20Education/Policies/Forms/AllItems.aspx?RootFolder=%2FBoard%20of%20Education%2FPolicies%2FSection%20A%20Foundations%20and%20Basic%20Commitments&FolderCTID=0x0120000D378F3B95F1D648B4B57EDECCCC38A5&View=%7B9BCECE5,No,-9,Yes,No,No,Yes,No,Yes,Yes,Yes,0,6,13,0,Yes,-9,-9,-9,Yes,Yes,No,No,No
SD,SOUTH DAKOTA,4607800,Bowdle School District 22-1,PO Box 563,Bowdle,57428,No,122,0,3,Yes,Yes,Yes,HECTOR,SERNA,6052856272,Hector.Serna@k12.sd.us,HECTOR,SERNA,6052856272,Hector.Serna@k12.sd.us,HECTOR,SERNA,6052856272,Hector.Serna@k12.sd.us,No,Yes,No,-9,No,-9,Yes,No,No,Yes,No,No,Yes,Yes,0,0,4,6,Yes,-9,-9,-9,Yes,Yes,No,No,No
SD,SOUTH DAKOTA,4609300,Harding County School District 31-1,PO Box 367,Buffalo,57720,No,207,0,1,Yes,Yes,Yes,JOSH,PAGE,6053753241,josh.page@k12.sd.us,JOSH,PAGE,6053753241,josh.page@k12.sd.us,PAM,BREWER,6053753242,pam.brewer@k12.sd.us,No,Yes,Yes,https://hardingcounty.k12.sd.us/,Yes,Yes,No,-9,-9,-9,-9,-9,-9,-9,-9,-9,-9,-9,-9,-9,-9,-9,Yes,Yes,No,Yes,No
SD,SOUTH DAKOTA,4617850,De Smet School District 38-2,PO Box 157,De Smet,57231,No,171,0,3,Yes,Yes,Yes,ABI,VAN REGENMORTER,605-854-3963,abi.vanregenmorter@k12.sd.us,ABI,VAN REGENMORTER,605-854-3963,abi.vanregenmorter@k12.sd.us,ABI,VAN REGENMORTER,605-854-3963,abi.vanregenmorter@k12.sd.us,No,Yes,Yes,www.desmet.k12.sd.us,No,-9,Yes,No,No,Yes,No,No,Yes,Yes,0,0,14,5,Yes,-9,-9,-9,Yes,Yes,No,No,No
SD,SOUTH DAKOTA,4619170,Doland School District 56-2,PO Box 219,Doland,57436,No,185,0,7,Yes,Yes,Yes,JEREMY,WIESELER,(605)635-6302,jeremy.wieseler@k12.sd.us,JEREMY,WIESELER,(605)635-6302,jeremy.wieseler@k12.sd.us,JEREMY,WIESELER,(605)635-6302,jeremy.wieseler@k12.sd.us,No,Yes,Yes,https://dolandschool.com/,Yes,No,Yes,No,Yes,No,Yes,Yes,Yes,No,1,6,6,0,Yes,-9,-9,-9,Yes,Yes,No,No,No
SD,SOUTH DAKOTA,4619580,Jones County School District 37-3,PO Box 109,Murdo,57559,No,184,2,3,Yes,Yes,Yes,MISSY,VALBURG,(605)669-2258,missy.valburg@k12.sd.us,MISSY,VALBURG,(605)669-2258,missy.valburg@k12.sd.us,MISSY,VALBURG,(605)669-2258,missy.valburg@k12.sd.us,No,Yes,Yes,https://jonesco.k12.sd.us/School%20Forms/Forms/AllItems.aspx?RootFolder=%2FSchool%20Forms%2FPublic%20Notices&FolderCTID=0x012000AEDA9FEC25B8B54A8BF44EEAD1F82058&View=%7B548F2100%2D1A8B%2D472B%2D8B74%2D40C2A4AAD4A0%7D,No,-9,No,-9,-9,-9,-9,-9,-9,-9,-9,-9,-9,-9,-9,-9,-9,-9,Yes,Yes,No,No,No
SD,SOUTH DAKOTA,4620850,Edgemont School District 23-1,PO Box 29,Edgemont,57735,No,175,0,2,Yes,Yes,Yes,LANE,OSTENSON,605-662-7254,lane.ostenson@k12.sd.us,BECKY,HARDING,605-662-7254,becky.harding@k12.sd.us,AMY,FERLEY,605-662-7254,amy.ferley@k12.sd.us,No,Yes,Yes,https://edgemont.k12.sd.us/s-handbooks.html,No,-9,No,-9,-9,-9,-9,-9,-9,-9,-9,-9,-9,-9,-9,-9,-9,-9,Yes,Yes,No,No,No
SD,SOUTH DAKOTA,4621300,Elk Mountain School District 16-2,10222 Valley Rd,Dewey,57735,No,17,0,3,Yes,Yes,Yes,LISA,RICHARDSON,(605)749-2258 x1,Lisa.Richardson@k12.sd.us,LISA,RICHARDSON,(605)749-2258 x1,Lisa.Richardson@k12.sd.us,LISA,RICHARDSON,(605)749-2258 x1,Lisa.Richardson@k12.sd.us,No,No,-9,-9,No,-9,No,-9,-9,-9,-9,-9,-9,-9,-9,-9,-9,-9,-9,-9,-9,-9,Yes,Yes,No,No,No
SD,SOUTH DAKOTA,4621400,Frederick Area School District 06-2,PO Box 486,Frederick,57441,No,142,0,3,Yes,Yes,Yes,JEFF,KOSTERS,(605)329-2145,jeff.kosters@k12.sd.us,JEFF,KOSTERS,(605)329-2145,jeff.kosters@k12.sd.us,JEFF,KOSTERS,(605)329-2145,jeff.kosters@k12.sd.us,No,Yes,Yes,www.frederickarea.k12.sd.us,No,-9,No,-9,-9,-9,-9,-9,-9,-9,-9,-9,-9,-9,-9,-9,-9,-9,Yes,Yes,No,No,No
SD,SOUTH DAKOTA,4622560,Eureka School District 44-1,PO Box 10,Eureka,57437,No,168,0,3,Yes,Yes,Yes,HENRY,EGGERT,(605)284-2875,henry.eggert@12.sd.us,HENRY,EGGERT,(605)284-2875,henry.eggert@12.sd.us,HENRY,EGGERT,(605)284-2875,henry.eggert@12.sd.us,No,Yes,Yes,www.eureka.k12.sd.us,No,-9,Yes,No,No,Yes,No,No,Yes,No,0,0,17,0,Yes,-9,-9,-9,Yes,Yes,No,No,No
SD,SOUTH DAKOTA,4622940,Faith School District 46-2,PO Box 619,Faith,57626,No,161,0,5,Yes,Yes,Yes,KELLY,DAUGHTERS,605-967-2152,kelly.daughters@k12.sd.us,KELLY,DAUGHTERS,605-967-2152,kelly.daughters@k12.sd.us,KELLY,DAUGHTERS,605-967-2152,kelly.daughters@k12.sd.us,No,Yes,Yes,www.faith.k12.sd.us,No,-9,Yes,No,No,Yes,No,No,Yes,No,0,0,4,0,Yes,-9,-9,-9,Yes,Yes,No,Yes,No
SD,SOUTH DAKOTA,4632340,Henry School District 14-2,PO Box 8,Henry,57243,No,171,0,3,Yes,Yes,Yes,PHILIP,SCHONEBAUM,6055325364,philip.schonebaum@k12.sd.us,PHILIP,SCHONEBAUM,6055325364,philip.schonebaum@k12.sd.us,PHILIP,SCHONEBAUM,6055325364,philip.schonebaum@k12.sd.us,No,Yes,Yes,http://www.henry.k12.sd.us/handbooks/4585449156,Yes,No,Yes,No,No,Yes,No,No,Yes,Yes,0,0,10,3,Yes,-9,-9,-9,Yes,Yes,No,No,No
SD,SOUTH DAKOTA,4632430,Herreid School District 10-1,PO Box 276,Herreid,57632,No,114,0,3,Yes,Yes,Yes,DANIEL,HOEY,6054372263,Daniel.Hoey@k12.sd.us,DANIEL,HOEY,6054372263,Daniel.Hoey@k12.sd.us,DANIEL,HOEY,6054372263,Daniel.Hoey@k12.sd.us,No,Yes,Yes,https://herreid.k12.sd.us/Non-Discrimination.htm,No,-9,No,-9,-9,-9,-9,-9,-9,-9,-9,-9,-9,-9,-9,-9,-9,-9,Yes,Yes,No,No,No
SD,SOUTH DAKOTA,4634440,Edmunds Central School District 22-5,PO Box 317,Roscoe,57471,No,174,140,4,Yes,Yes,Yes,KAREN,FOX,605-287-4251,karen.fox@k12.sd.us,KAREN,FOX,605-287-4251,karen.fox@k12.sd.us,KAREN,FOX,605-287-4251,karen.fox@k12.sd.us,No,Yes,Yes,https://www.echs.k12.sd.us,No,-9,Yes,No,No,Yes,No,No,Yes,Yes,0,0,13,13,Yes,-9,-9,-9,Yes,Yes,No,No,No
SD,SOUTH DAKOTA,4634600,Hoven School District 53-2,PO Box 128,Hoven,57450,No,110,1,3,Yes,Yes,Yes,JEREMY,HURD,(605)948-2252 x 1001,jeremy.hurd@k12.sd.us,JEREMY,HURD,(605)948-2252 x 1001,jeremy.hurd@k12.sd.us,JEREMY,HURD,(605)948-2252 x 1001,jeremy.hurd@k12.sd.us,No,Yes,Yes,https://docs.wixstatic.com/ugd/d86fde_734edb98d69340e9a0f1e74a1e5b9820.pdf,No,-9,Yes,No,No,Yes,No,No,Yes,Yes,0,0,8,9,Yes,-9,-9,-9,Yes,Yes,No,Yes,No
SD,SOUTH DAKOTA,4636150,Iroquois School District 02-3,PO Box 98,Iroquois,57353,No,226,0,4,Yes,Yes,Yes,RICHARD,SOMA,605-546-2426,Richard.soma@k12.sd.us,MICHAEL,RUTH,605-546-2210,Mike.ruth@k12.sd.us,DANIEL,KENNEDY,605-546-2210,Daniel.kennedy@k12.sd.us,No,Yes,Yes,www.iroquois.k12.sd.us,No,-9,Yes,No,Yes,No,No,No,Yes,Yes,0,0,9,1,Yes,-9,-9,-9,Yes,Yes,No,No,No
SD,SOUTH DAKOTA,4639990,Lake Preston School District 38-3,300 1st St NE,Lake Preston,57249,No,154,0,3,Yes,Yes,Yes,TIM,CASPER,605-847-4455,tim.casper@k12.sd.us,TIM,CASPER,605-847-4455,tim.casper@k12.sd.us,CATHY,NELSON,605-847-4455,cathy.nelson@k12.sd.us,No,Yes,No,-9,Yes,No,Yes,No,No,Yes,No,Yes,Yes,Yes,0,4,11,14,Yes,-9,-9,-9,Yes,Yes,No,No,No
SD,SOUTH DAKOTA,4640860,Langford Area 45-5,PO Box 127,Langford,57454,No,213,0,4,Yes,Yes,Yes,TONI,BROWN,605-493-6454,Toni.Brown@k12.sd.us,TONI,BROWN,605-493-6454,Toni.Brown@k12.sd.us,MONTE,NIPP,605-493-6454,Monte.Nipp@k12.sd.us,No,Yes,No,-9,No,-9,Yes,No,No,Yes,No,No,Yes,Yes,0,0,7,4,Yes,-9,-9,-9,Yes,Yes,No,No,No
SD,SOUTH DAKOTA,4641640,Leola School District 44-2,PO Box 350,Leola,57456,No,207,0,6,Yes,Yes,Yes,TREVOR,VANTILBURG,605-439-3142,trevor.vantilburg@k12.sd.us,KIM,HILL,605-439-3142,kim.hill@k12.sd.us,BEV,MYER,605-439-3142,bev.myer@k12.sd.us,No,Yes,Yes,https://lsd-k12-ct.schoolloop.com/pf4/cms2_site/view_deployment?d=x&theme_id=i36g1ycau3sa&group_id=1500178973567,No,-9,No,-9,-9,-9,-9,-9,-9,-9,-9,-9,-9,-9,-9,-9,-9,-9,Yes,Yes,No,No,No
SD,SOUTH DAKOTA,4645450,Marion School District 60-3,PO Box 207,Marion,57043,No,177,3,3,Yes,Yes,Yes,DAVID,COLBERG,605-648-3615,david.colberg@K12.SD.US,DAVID,COLBERG,605-648-3615,david.colberg@k12.sd.us,DAVID,COLBERG,605-648-3615,katie.minster@k12.sd.us,No,Yes,Yes,marion.k12.sd.us,No,-9,Yes,No,No,Yes,No,No,Yes,Yes,0,0,9,0,Yes,-9,-9,-9,Yes,Yes,No,No,No
SD,SOUTH DAKOTA,4646260,McIntosh School District 15-1,PO Box 80,McIntosh,57641,No,194,0,3,Yes,Yes,Yes,SUE,BUBBERS,(605) 273-4227,Sue.bubbers@k12.sd.us,SUE,BUBBERS,(605) 273-4227,Sue.bubbers@k12.sd.us,SUE,BUBBERS,(605) 273-4227,Sue.bubbers@k12.sd.us,No,Yes,Yes,https://mcintosh.k12.sd.us/BULLYING.pdf,Yes,Yes,Yes,Yes,No,No,No,No,Yes,Yes,0,0,13,0,Yes,-9,-9,-9,Yes,Yes,No,No,No
SD,SOUTH DAKOTA,4651750,Northwestern Area School District 56-7,PO Box 45,Mellette,57461,No,146,0,4,Yes,Yes,Yes,RYAN,BRUNS,605-887-3467,ryan.bruns@k12.sd.us,RYAN,BRUNS,605-887-3467,ryan.bruns@k12.sd.us,RYAN,BRUNS,605-887-3467,ryan.bruns@k12.sd.us,No,Yes,Yes,www.northwestern.k12.sd.us,Yes,No,Yes,No,No,No,Yes,Yes,Yes,Yes,0,2,8,4,Yes,-9,-9,-9,Yes,Yes,No,No,No
SD,SOUTH DAKOTA,4652770,Oelrichs School District 23-3,PO Box 65,Oelrichs,57763,No,109,0,3,Yes,Yes,Yes,DEANA,CASTRO,6055352631,deana.castro@k12.sd.us,DEANA,CASTRO,60553526311,deana.castro@k12.sd.us,DEANA,CASTRO,6055352631,deana.castro@k12.sd.us,No,Yes,Yes,https://www2.ed.gov/policy/landing.jhtml?src=image,No,-9,Yes,Yes,No,No,No,Yes,Yes,Yes,0,3,2,3,Yes,-9,-9,-9,Yes,Yes,No,No,No
SD,SOUTH DAKOTA,4664140,Rutland School District 39-4,102 School St,Rutland,57057,No,176,0,4,Yes,Yes,Yes,BRIAN,BROSNAHAN,605-586-4352,Brian.Brosnahan@k12.sd.us,BRIAN,BROSNAHAN,605-586-4352,Brian.Brosnahan@k12.sd.us,MARIE,IVERS,605-586-4352,Marie.Ivers@k12.sd.us,No,Yes,Yes,https://www.rutland.k12.sd.us/page/3518/article/69,No,-9,Yes,No,No,No,Yes,Yes,Yes,Yes,0,5,7,1,Yes,-9,-9,-9,Yes,Yes,No,No,No
SD,SOUTH DAKOTA,4670140,Summit School District 54-6,PO Box 791,Summit,57266,No,173,0,2,Yes,Yes,Yes,MIKE,SCHMIDT,(605) 398-6211,mike.schmidt@k12.sd.us,NICOLE,BLOOM,(605) 398-6211,nicole.bloom@k12.sd.us,MIKE,SCHMIDT,(605) 398-6211,mike.schmidt@k12.sd.us,No,Yes,Yes,http://www.summit.k12.sd.us/sites/default/files/2018-19%20Student%20Handbook%20edited.pdf,Yes,Yes,Yes,Yes,No,No,No,No,Yes,Yes,0,0,13,1,Yes,-9,-9,-9,Yes,Yes,No,No,No
SD,SOUTH DAKOTA,4672450,Tripp-Delmont School District 33-5,PO Box 430,Tripp,57376,No,166,0,5,Yes,Yes,Yes,ANDREA,POWELL,6059356766,andrea.powell@k12.sd.us,ANDREA,POWELL,6059356766,andrea.powell@k12.sd.us,ANDREA,POWELL,6059356766,andrea.powell@k12.sd.us,No,Yes,Yes,https://www.tridel.k12.sd.us/domain/57,Yes,No,Yes,Yes,No,No,No,No,Yes,Yes,0,3,7,1,Yes,-9,-9,-9,Yes,Yes,No,No,No
SD,SOUTH DAKOTA,4675600,Smee School District 15-3,PO Box B,Wakpala,57658,No,219,4,3,Yes,Yes,Yes,JAY,SHILLINGSTAD,(605)845-3040,Jay.Shillingstad@k12.sd.us,JAY,SHILLINGSTAD,(605)845-3040,Jay.Shillingstad@k12.sd.us,JAY,SHILLINGSTAD,(605)845-3040,Jay.Shillingstad@k12.sd.us,No,Yes,Yes,www.smee.k12.sd.us,Yes,No,No,-9,-9,-9,-9,-9,-9,-9,-9,-9,-9,-9,-9,-9,-9,-9,Yes,Yes,No,No,No
SD,SOUTH DAKOTA,4676680,Waubay School District 18-3,202 W School Rd,Waubay,57273,No,174,1,3,Yes,Yes,Yes,DEAN,JONES,605-947-4529,dean.jones@k12.sd.us,DEAN,JONES,605-947-4529,dean.jones@k12.sd.us,DEAN,JONES,605-947-4529,dean.jones@k12.sd.us,No,Yes,Yes,https://docs.wixstatic.com/ugd/c2bb0a_8561adbe0fda460ebed3ddf6e929202a.pdf,No,-9,Yes,Yes,No,No,No,No,Yes,Yes,0,0,11,4,Yes,-9,-9,-9,Yes,Yes,No,No,No
SD,SOUTH DAKOTA,4678510,White Lake School District 01-3,PO Box 246,White Lake,57383,No,129,0,3,Yes,Yes,Yes,ROBERT,SCHROEDER,(605)249-2251,robert.schroeder@k12.sd.us,ROBERT,SCHROEDER,(605)249-2251,robert.schroeder@k12.sd.us,TERESA,MOELLER,(605)249-2251,teresa.moeller@k12.sd.us,No,Yes,Yes,https://whitelake.k12.sd.us/handbooks/Elementary%20Handbook%20-2018-2019.pdf,Yes,No,Yes,No,No,Yes,No,No,No,No,0,0,11,1,Yes,-9,-9,-9,Yes,Yes,No,Yes,No
SD,SOUTH DAKOTA,4680120,Black Hills Special Services Cooperative,PO Box 218,Sturgis,57785,No,40,0,1,Yes,Yes,Yes,GLORIA,PLUIMER,605-394-5120,GPLUIMER@CLC.TIE.NET,GLORIA,PLUIMER,605-394-5120,GPLUIMER@CLC.TIE.NET,GLORIA,PLUIMER,605-394-5120,GPLUIMER@CLC.TIE.NET,No,Yes,No,-9,No,-9,No,-9,-9,-9,-9,-9,-9,-9,-9,-9,-9,-9,-9,-9,-9,-9,Yes,Yes,No,No,No
