State Postal Code,State FIPS Code,District ID,Name,Estimated Total Population,Estimated Population 5-17,Estimated number of relevant children 5 to 17 years old in poverty who are related to the householder
SD,46,2070,Aberdeen School District 06-1,32972,5527,647
SD,46,42,Agar-Blunt-Onida School District 58-3,1969,319,28
SD,46,28,Alcester-Hudson School District 61-1,2623,428,34
SD,46,39540,Andes Central School District 11-1,2314,554,262
SD,46,3720,Arlington School District 38-1,1897,297,33
SD,46,3780,Armour School District 21-1,1033,165,24
SD,46,4270,Avon School District 04-1,1148,207,39
SD,46,4680,Baltic School District 49-1,2189,481,29
SD,46,5610,Belle Fourche School District 09-1,7968,1453,263
SD,46,6240,Bennett County School District 03-1,3454,823,390
SD,46,6360,Beresford School District 61-2,3739,659,59
SD,46,6960,Big Stone City School District 25-1,719,95,26
SD,46,7050,Bison School District 52-1,910,160,28
SD,46,7400,Bon Homme School District 04-2,4732,630,81
SD,46,7800,Bowdle School District 22-1,733,126,13
SD,46,7950,Brandon Valley School District 49-2,17841,4074,212
SD,46,21420,Bridgewater-Emery School District 30-3,1623,341,38
SD,46,41,Britton-Hecla School District 45-4,3278,492,52
SD,46,8520,Brookings School District 05-1,27267,3436,281
SD,46,9512,Burke School District 26-2,1296,221,43
SD,46,10320,Canistota School District 43-1,1182,215,21
SD,46,10560,Canton School District 41-1,6904,1466,84
SD,46,11280,Castlewood School District 28-1,1405,311,44
SD,46,11760,Centerville School District 60-1,1546,262,35
SD,46,12000,Chamberlain School District 07-1,6192,1345,372
SD,46,12300,Chester School District 39-1,1923,329,11
SD,46,12940,Clark School District 12-2,2552,364,54
SD,46,14100,Colman-Egan School District 50-5,1691,345,40
SD,46,14130,Colome Consolidated School District 59-3,1187,233,58
SD,46,80445,Corsica-Stickney 21-3,1948,343,55
SD,46,16950,Custer School District 16-1,8454,1023,170
SD,46,36990,Dakota Valley School District 61-8,6545,1220,55
SD,46,17850,De Smet School District 38-2,1660,273,21
SD,46,18120,Dell Rapids School District 49-3,6077,1280,69
SD,46,78300,Deubrook School District 05-6,1978,392,38
SD,46,36,Deuel School District 19-4,3422,575,58
SD,46,19170,Doland School District 56-2,846,125,23
SD,46,19410,Douglas School District 51-1,12964,2624,420
SD,46,19450,Dupree School District 64-2,1764,401,210
SD,46,20100,Eagle Butte School District 20-1,5210,1340,634
SD,46,20850,Edgemont School District 23-1,1037,131,25
SD,46,34440,Edmunds Central School District 22-5,985,153,47
SD,46,21300,Elk Mountain School District 16-2,272,29,3
SD,46,21340,Elk Point-Jefferson School District 61-7,4404,830,46
SD,46,21390,Elkton School District 05-3,1570,265,41
SD,46,22410,Estelline School District 28-2,1608,287,30
SD,46,22500,Ethan School District 17-1,799,164,18
SD,46,22560,Eureka School District 44-1,1298,154,29
SD,46,22940,Faith School District 46-2,866,186,31
SD,46,24030,Faulkton School District 24-4,2072,362,45
SD,46,24390,Flandreau School District 50-3,3953,697,94
SD,46,24540,Florence School District 14-1,860,185,18
SD,46,21400,Frederick Area School District 06-2,1047,247,23
SD,46,25500,Freeman School District 33-1,2467,415,65
SD,46,26370,Garretson School District 49-4,2753,635,28
SD,46,26490,Gayville-Volin School District 63-1,1041,224,35
SD,46,26970,Gettysburg School District 53-1,1292,210,22
SD,46,29880,Gregory School District 26-4,2175,355,63
SD,46,45,Groton Area School District 06-6,3742,694,57
SD,46,30490,Haakon School District 27-1,1708,304,50
SD,46,30800,Hamlin School District 28-3,3343,817,90
SD,46,2640,Hanson School District 30-1,1904,422,54
SD,46,9300,Harding County School District 31-1,1242,199,24
SD,46,31350,Harrisburg School District 41-2,19884,4048,106
SD,46,32340,Henry School District 14-2,550,108,16
SD,46,32430,Herreid School District 10-1,647,74,10
SD,46,80440,Highmore-Harrold School District 34-2,1733,295,47
SD,46,33360,Hill City School District 51-2,3487,473,51
SD,46,46,Hitchcock-Tulare School District 56-6,1334,273,35
SD,46,34480,Hot Springs School District 23-2,5648,718,139
SD,46,34600,Hoven School District 53-2,1091,189,34
SD,46,25,Howard School District 48-3,2220,404,56
SD,46,35480,Huron School District 02-2,15762,2858,556
SD,46,36060,Ipswich School District 22-6,2322,372,28
SD,46,80439,Irene-Wakonda School District 13-3,2041,333,36
SD,46,36150,Iroquois School District 02-3,1246,240,39
SD,46,19580,Jones County School District 37-3,925,146,32
SD,46,80437,Kadoka School District 35-2,3549,762,332
SD,46,38220,Kimball School District 07-2,1476,302,51
SD,46,39990,Lake Preston School District 38-3,1130,182,32
SD,46,40860,Langford School District 45-5,1543,257,40
SD,46,41300,Lead-Deadwood School District 40-1,6989,926,125
SD,46,41520,Lemmon School District 52-4,2124,293,55
SD,46,41550,Lennox School District 41-4,6983,1394,41
SD,46,41640,Leola School District 44-2,1198,269,39
SD,46,44770,Lyman School District 42-1,3092,680,204
SD,46,39600,Madison Central School District 39-2,10022,1416,160
SD,46,45450,Marion School District 60-3,1565,240,28
SD,46,1026,McCook Central School District 43-7,2248,461,69
SD,46,46260,McIntosh School District 15-1,878,199,95
SD,46,46380,McLaughlin School District 15-2,2554,703,361
SD,46,69930,Meade School District 46-1,19960,3407,310
SD,46,47100,Menno School District 33-2,1543,258,29
SD,46,2,Milbank School District 25-4,6300,1039,106
SD,46,47942,Miller Area School District 29-4,2968,455,56
SD,46,48390,Mitchell School District 17-2,18617,3126,417
SD,46,80441,Mobridge-Pollock School District 62-6,4364,717,124
SD,46,48780,Montrose School District 43-2,1111,222,12
SD,46,49650,Mount Vernon School District 17-3,1008,225,21
SD,46,50670,New Underwood School District 51-3,1263,226,27
SD,46,50850,Newell School District 09-2,2210,386,69
SD,46,51750,Northwestern Area School District 56-7,1812,325,49
SD,46,52770,Oelrichs School District 23-3,335,44,5
SD,46,1027,Oldham-Ramona School District 39-5,928,141,16
SD,46,54270,Parker School District 60-4,2024,360,25
SD,46,54300,Parkston School District 33-3,2951,550,57
SD,46,55260,Pierre School District 32-2,16675,2821,323
SD,46,55710,Plankinton School District 01-1,1295,273,24
SD,46,80438,Platte-Geddes School District 11-5,3243,541,88
SD,46,59820,Rapid City School District 51-4,99904,16283,2373
SD,46,60450,Redfield School District 56-4,3558,620,70
SD,46,63360,Rosholt School District 54-4,1043,195,47
SD,46,64140,Rutland School District 39-4,649,111,11
SD,46,3932,Sanborn Central School District 55-5,1260,232,37
SD,46,65180,Scotland School District 04-3,1861,295,47
SD,46,1028,Selby School District 62-5,1595,221,52
SD,46,65460,Shannon County School District 65-1,14354,3872,1602
SD,46,66270,Sioux Falls School District 49-5,162078,27128,2815
SD,46,66300,Sioux Valley School District 05-5,3564,704,33
SD,46,53,Sisseton School District 54-2,7996,1543,419
SD,46,75600,Smee School District 15-3,485,144,65
SD,46,7670,South Central School District 26-5,848,150,29
SD,46,66930,Spearfish School District 40-2,16301,2190,279
SD,46,24850,Stanley County School District 57-1,3011,538,51
SD,46,70140,Summit School District 54-6,618,143,28
SD,46,52,Tea Area School District 41-5,7068,1722,57
SD,46,71880,Timber Lake School District 20-3,1615,345,130
SD,46,72090,Todd County School District 66-1,10065,2842,1413
SD,46,44940,Tri-Valley School District 49-6,5586,1194,86
SD,46,72450,Tripp-Delmont School District 33-5,1535,247,62
SD,46,74370,Vermillion School District 13-1,12350,1452,225
SD,46,74520,Viborg Hurley 60-6,2355,414,51
SD,46,75420,Wagner School District 11-4,3958,882,253
SD,46,75660,Wall School District 51-5,1643,272,26
SD,46,76020,Warner School District 06-5,1222,287,24
SD,46,76620,Watertown School District 14-4,25811,4489,502
SD,46,76680,Waubay School District 18-3,1318,285,69
SD,46,76740,Waverly School District 14-5,1079,241,31
SD,46,76990,Webster School District 18-5,3331,552,71
SD,46,77460,Wessington Springs School District 36-2,1857,321,59
SD,46,31710,West Central School District 49-7,6737,1515,68
SD,46,78510,White Lake School District 01-3,730,130,22
SD,46,78570,White River School District 47-1,1822,393,182
SD,46,79350,Willow Lake School District 12-3,1055,183,25
SD,46,3,Wilmot School District 54-7,1553,253,33
SD,46,79710,Winner School District 59-2,4505,680,180
SD,46,80100,Wolsey-Wessington School District 02-6,1308,237,34
SD,46,80190,Woonsocket School District 55-4,1264,203,47
SD,46,80430,Yankton School District 63-3,20333,2939,328
