AL,ALABAMA,100005,Albertville City,107 W Main St,Albertville,35950,No,5445,0,6,Yes,Yes.1,Yes.2,TIMOTHY,TIDMORE,256-891-1183,ttidmore@albertk12.org,TIMOTHY.1,TIDMORE.1,256-891-1183.1,ttidmore@albertk12.org.1,TIMOTHY.2,TIDMORE.2,256-891-1183.2,ttidmore@albertk12.org.2,No.1,Yes.3,Yes.4,www.albertk12.org/apps/pages/index.jsp?uREC_ID=368921&type=d&termREC_ID=&pREC_ID=689254,Yes.5,No.2,Yes.6,Yes.7,Yes.8,Yes.9,No.3,No.4,Yes.10,No.5,1,6.1,127,0.1,Yes.11,-9,-9.1,-9.2,Yes.12,Yes.13,No.6,No.7,No.8
SD,SOUTH DAKOTA,4600002,Milbank School District 25-4,1001 E Park Ave,Milbank,57252,No,1011,1,4,Yes,Yes,Yes,TIM,GRAF,605-432-5579,tim.graf@k12.sd.us,TIM,GRAF,605-432-5579,tim.graf@k12.sd.us,KRISTOPHER,EVEJE,605-432-5579,kristopher.evje@k12.sd.us,No,Yes,No,-9,Yes,No,Yes,No,No,Yes,No,Yes,Yes,Yes,0,0,0,0,No,Yes,No,Yes,Yes,Yes,No,Yes,No
SD,SOUTH DAKOTA,4600003,Wilmot School District 54-7,PO Box 100,Wilmot,57279,No,239,2,3,Yes,Yes,Yes,MIKE,SCHMIDT,6059384647,mike.schmidt@k12.sd.us,LARRY,HULSCHER,6059384647,larry.hulscher@k12.sd.us,MIKE,SCHMIDT,6059384647,mike.schmidt@k12.sd.us,No,Yes,Yes,wilmot.k12.sd.us,Yes,No,Yes,No,No,Yes,No,No,Yes,No,0,0,13,0,Yes,-9,-9,-9,Yes,Yes,No,No,No
SD,SOUTH DAKOTA,4600025,Howard School District 48-3,500 N Section Line St,Howard,57349,No,367,0,4,Yes,Yes,Yes,TODD,LEE,605-772-5515,todd.lee@k12.sd.us,TODD,LEE,605-772-5515,todd.lee@k12.sd.us,TODD,LEE,605-772-5515,todd.lee@k12.sd.us,No,Yes,Yes,https://howard.k12.sd.us/pdf/2018-19StudentHandbook.pdf,No,-9,Yes,No,No,Yes,No,Yes,Yes,Yes,0,1,1,7,No,Yes,No,No,Yes,Yes,No,No,No
SD,SOUTH DAKOTA,4600027,East Dakota Educational Cooperative,715 E 14th St,Sioux Falls,57104,No,116,0,4,Yes,Yes,Yes,LISA,BJORNEBERG,6053677680,lisa.bjorneberg@teachwell.org,LISA,BJORNEBERG,6053677680,lisa.bjorneberg@teachwell.org,LISA,BJORNEBERG,6053677680,lisa.bjorneberg@teachwell.org,No,No,-9,-9,No,-9,No,-9,-9,-9,-9,-9,-9,-9,-9,-9,-9,-9,-9,-9,-9,-9,No,-9,-9,-9,-9
SD,SOUTH DAKOTA,4600028,Alcester-Hudson School District 61-1,PO Box 198,Alcester,57001,No,366,366,3,Yes,Yes,Yes,LEEANN,HAISCH,6059341890,leeann.haisch@k12.sd.us,TIM,RHEAD,6059341890,tim.rhead@k12.sd.us,LYNETTE,BUSCH,6059341890,lynette.busch@k12.sd.us,No,Yes,Yes,alcester-hudson.k12.sd.us,Yes,No,Yes,No,No,Yes,No,Yes,Yes,Yes,3,17,32,7,Yes,-9,-9,-9,Yes,Yes,No,No,No
SD,SOUTH DAKOTA,4600029,SD SCH FOR THE BLIND & VISUALLY IMPAIRED,423 17th Ave SE,Aberdeen,57401,No,23,0,2,Yes,Yes,Yes,JANEL,LUDWIG,605-626-3189,Janel.ludwig@sdsbvi.northern.edu,SHEILA,HANSEN,605-626-7827,sheila.hansen@sdsbvi.northern.edu,JODI,CARLSGAARD,605-626-7833,Jodi.carlsgaard@sdsbvi.northern.edu,No,Yes,Yes,https://sdsbvi.org/Handbooks,Yes,Yes,Yes,No,No,Yes,No,No,No,No,0,0,1,0,No,Yes,No,Yes,Yes,Yes,No,Yes,No
SD,SOUTH DAKOTA,4600036,Deuel School District 19-4,PO Box 770,Clear Lake,57226,No,508,3,3,Yes,Yes,Yes,ERIC,BASS,(605) 874-2161 X206,ERIC.BASS@K12.SD.US,CHAD,SCHIERNBECK,(605) 874-2161 X205,CHAD.SCHIERNBECK@K12.SD.US,CHAD,SCHIERNBECK,(605) 874-2161 X205,CHAD.SCHIERNBECK@K12.SD.US,No,Yes,Yes,https://www.deuel.k12.sd.us/site/handlers/filedownload.ashx?moduleinstanceid=552&dataid=454&FileName=Non-Discrimination%20Statement.pdf,Yes,No,Yes,No,No,No,Yes,No,Yes,No,0,0,24,0,Yes,-9,-9,-9,Yes,Yes,No,No,No
SD,SOUTH DAKOTA,4600041,Britton-Hecla School District 45-4,PO Box 190,Britton,57430,No,422,0,6,Yes,Yes,Yes,SHEILA,ANDERSON,(605) 448-2234 x1107,Sheila.A.Anderson@k12.sd.us,SHEILA,ANDERSON,(605) 448-2234 x1107,Sheila.A.Anderson@k12.sd.us,SHEILA,ANDERSON,(605) 448-2234 x1107,Sheila.A.Anderson@k12.sd.us,No,Yes,Yes,https://www.britton.k12.sd.us/cms/lib/SD01916839/Centricity/Domain/14/AC-Nondiscrimination.pdf,No,-9,No,-9,-9,-9,-9,-9,-9,-9,-9,-9,-9,-9,-9,-9,-9,-9,Yes,Yes,No,No,No
SD,SOUTH DAKOTA,4600042,Agar-Blunt-Onida School District 58-3,PO Box 205,Onida,57564,No,275,260,4,Yes,Yes,Yes,KEVIN,PICKNER,(605) 258-2618,kevin.pickner@k12.sd.us,KRIS,SWEETER,(605) 258-2617,KRIS.SWEETER@K12.SD.US,SHANA,DAVIS,605-258-2618,SHANA.DAVIS@K12.SD.US,No,Yes,No,-9,No,-9,No,-9,-9,-9,-9,-9,-9,-9,-9,-9,-9,-9,-9,-9,-9,-9,Yes,Yes,No,No,No
SD,SOUTH DAKOTA,4600045,Groton Area School District 06-6,PO Box 410,Groton,57445,No,595,1,3,Yes,Yes,Yes,JOSEPH,SCHWAN,(605)397-2351,Joe.Schwan@k12.sd.us,JOSEPH,SCHWAN,(605)397-2351,Joe.Schwan@k12.sd.us,JOSEPH,SCHWAN,(605)397-2351,Joe.Schwan@k12.sd.us,No,Yes,Yes,http://www.grotonarea.com/uploads/ACNondiscrimination.pdf,No,-9,Yes,No,No,Yes,No,No,No,No,0,1,9,0,No,Yes,No,No,Yes,Yes,No,Yes,No
SD,SOUTH DAKOTA,4600046,Hitchcock Tulare School District 56-6,PO Box 108,Tulare,57476,No,233,0,5,Yes,Yes,Yes,JEFF,CLARK,6052662151,jeff.clark@k12.sd.us,JEFF,CLARK,6052662151,jeff.clark@k12.sd.us,CLINT,NELSON,6052662151,clint.nelson@k12.sd.us,No,Yes,No,-9,No,-9,No,-9,-9,-9,-9,-9,-9,-9,-9,-9,-9,-9,-9,-9,-9,-9,Yes,Yes,No,No,No
SD,SOUTH DAKOTA,4600052,Tea Area School District 41-5,PO Box 488,Tea,57064,No,1841,12,4,Yes,Yes,Yes,DAVID,PREHEIM,605-498-2700 x4,david.preheim@k12.sd.us,TONIA,WARZECHA,605-498-2700 x5,tonia.warzecha@k12.sd.us,MICHAEL,BULLIS,605-498-2700 x3,michael.bullis@k12.sd.us,No,Yes,Yes,https://www.teaschools.k12.sd.us/site/handlers/filedownload.ashx?moduleinstanceid=1785&dataid=2004&FileName=SECTION%20A%20Revised%202-12-18.pdf,Yes,No,Yes,No,No,No,Yes,Yes,Yes,No,0,20,46,0,Yes,-9,-9,-9,Yes,Yes,No,No,No
SD,SOUTH DAKOTA,4600053,Sisseton School District 54-2,516 8th Ave W,Sisseton,57262,No,901,6,3,Yes,Yes,Yes,TAMMY,MEYER,605-698-7613,tammy.meyer@k12.sd.us,TAMMY,MEYER,605-698-7613,tammy.meyer@k12.sd.us,TAMMY,MEYER,605-698-7613,tammy.meyer@k12.sd.us,No,Yes,Yes,http://sisseton.k12.sd.us/policies/home.aspx,Yes,No,Yes,Yes,Yes,No,No,No,Yes,Yes,0,0,18,2,No,Yes,Yes,Yes,Yes,Yes,No,No,No
SD,SOUTH DAKOTA,4601026,McCook Central School District 43-7,PO Box 310,Salem,57058,No,367,0,4,Yes,Yes,Yes,KALLI,SANDINE,605-425-2264,KALLI.SANDINE@K12.SD.US,KALLI,SANDINE,605-425-2264,KALLI.SANDINE@K12.SD.US,MASEY,PECHHOLT,605-425-2264,MASEY.PECHHOLT@K12.SD.US,No,Yes,Yes,http://mccookcentral.k12.sd.us/files/user/1/file/bulllying_policies.pdf,Yes,No,Yes,No,No,No,Yes,Yes,Yes,Yes,0,12,31,1,Yes,-9,-9,-9,Yes,Yes,No,No,No
SD,SOUTH DAKOTA,4601027,Oldham - Ramona School District 39-5,220 W 2nd Street,Ramona,57054,No,167,0,5,Yes,Yes,Yes,MICHAEL,FISCHER,6054828244,mike.fischer@k12.sd.us,MICHAEL,FISCHER,6054828244,mike.fischer@k12.sd.us,MICHAEL,FISCHER,6054828244,mike.fischer@k12.sd.us,No,Yes,Yes,https://oldhamramona.k12.sd.us/2018-2019/Handbook%20(2018-19).pdf,No,-9,Yes,No,No,Yes,No,Yes,Yes,No,0,7,9,0,Yes,-9,-9,-9,Yes,Yes,No,No,No
SD,SOUTH DAKOTA,4601028,Selby Area School District 62-5,PO Box 324,Selby,57472,No,191,0,3,Yes,Yes,Yes,YVETTE,HOUCK,6056497818,yvette.houck@k12.sd.us,YVETTE,HOUCK,6056497818,yvette.houck@k12.sd.us,DARREL,MCFARLAND,6056497818,darrel.mcfarland@k12.sd.us,No,Yes,Yes,https://selby.k12.sd.us/parents.html,Yes,No,Yes,No,No,Yes,No,No,Yes,Yes,0,3,10,0,Yes,-9,-9,-9,Yes,Yes,No,No,No
SD,SOUTH DAKOTA,4602070,Aberdeen School District 06-1,1224 3rd St S,Aberdeen,57401,Yes,4521,113,11,Yes,Yes,Yes,BECKY,GUFFIN,605-725-7112,Becky.Guffin@k12.sd.us,BECKY,GUFFIN,605-725-7112,Becky.Guffin@k12.sd.us,RENAE,RAUSCH,605-725-7106,Renae.Rausch@k12.sd.us,No,Yes,Yes,https://aberdeen.k12.sd.us/nepn/j/JIAA%20Student%20Harassment%20Sexual%20Harassment.pdf,No,-9,Yes,No,No,Yes,Yes,Yes,Yes,Yes,0,41,57,15,No,Yes,Yes,Yes,Yes,Yes,No,Yes,No
SD,SOUTH DAKOTA,4602640,Hanson School District 30-1,PO Box 490,Alexandria,57311,No,265,1,6,Yes,Yes,Yes,JAMES,BRIDGE,605-239-4387,James.bridge@k12.sd.us,RAY,SLABA,605-239-4387,ray.slaba@k12.sd.us,YOLANDA,PRICE,605-239-4387,Yolanda.price@k12.sd.us,No,Yes,Yes,http://hanson.k12.sd.us/default.aspx,No,-9,No,-9,-9,-9,-9,-9,-9,-9,-9,-9,-9,-9,-9,-9,-9,-9,Yes,Yes,No,No,No
SD,SOUTH DAKOTA,4603720,Arlington School District 38-1,PO Box 359,Arlington,57212,No,284,1,4,Yes,Yes,Yes,JUSTIN,DOWNES,(605)983-5597,justin.downes@k12.sd.us,JUSTIN,DOWNES,(605)983-5597,justin.downes@k12.sd.us,JUSTIN,DOWNES,(605)983-5597,justin.downes@k12.sd.us,No,Yes,Yes,https://www.arlington.k12.sd.us/domain/87,Yes,Yes,Yes,No,No,No,Yes,No,Yes,Yes,0,0,16,4,Yes,-9,-9,-9,Yes,Yes,No,No,No
SD,SOUTH DAKOTA,4603780,Armour School District 21-1,PO Box 640,Armour,57313,No,178,23,3,Yes,Yes,Yes,ANDREA,POWELL,6057242698,andrea.powell@k12.sd.us,ANDREA,POWELL,6057242698,andrea.powell@k12.sd.us,ANDREA,POWELL,6057652698,andrea.powell@k12.sd.us,No,Yes,Yes,https://sdk12-my.sharepoint.com/:w:/r/personal/mary_bitterman_k12_sd_us/_layouts/15/Doc.aspx?sourcedoc=%7Bf83f9867-bf98-46ed-adc4-877a0515c20f%7D&action=default&cid=5954d6ec-4487-4c4e-b00e-5a4021d1c813,Yes,No,Yes,No,No,No,Yes,Yes,Yes,Yes,1,8,11,2,Yes,-9,-9,-9,Yes,Yes,No,No,No
SD,SOUTH DAKOTA,4603932,Sanborn Central School District 55-5,40405 SD Hwy 34,Forestburg,57314,No,198,1,4,Yes,Yes,Yes,JUSTIN,SIEMSEN,605-495-4183,justin.siemsen@k12.sd.us,JUSTIN,SIEMSEN,605-495-4183,justin.siemsen@k12.sd.us,PAULA,SANDERSON,605-495-4183,paula.sanderson@k12.sd.us,No,Yes,Yes,www.sanborncentral.com,Yes,No,Yes,No,Yes,No,No,No,Yes,Yes,0,0,2,17,Yes,-9,-9,-9,Yes,Yes,No,No,No
SD,SOUTH DAKOTA,4604270,Avon School District 04-1,PO Box 407,Avon,57315,No,248,4,4,Yes,Yes,Yes,TOM,CULVER,605-286-3291,tom.culver@k12.sd.us,KATHY,BLAHA,605-286-3291,kathy.blaha@k12.sd.us,KATHY,BLAHA,605-286-2191,kathy.blaha@k12.sd.us,No,Yes,Yes,https://avon.k12.sd.us/2018-2019%20Handbook.pdf,No,-9,Yes,No,No,Yes,Yes,Yes,Yes,Yes,0,1,10,6,Yes,-9,-9,-9,Yes,Yes,No,No,No
SD,SOUTH DAKOTA,4604680,Baltic School District 49-1,PO Box 309,Baltic,57003,No,571,6,3,Yes,Yes,Yes,ROBERT,SITTIG,605-529-5464,robert.sittig@k12.sd.us,ROBERT,SITTIG,605-529-5464,robert.sittig@k12.sd.us,ROBERT,SITTIG,605-529-5464,robert.sittig@k12.sd.us,No,Yes,Yes,www.balticschool.org,No,-9,Yes,No,No,No,Yes,Yes,Yes,Yes,0,10,32,2,Yes,-9,-9,-9,Yes,Yes,No,No,No
SD,SOUTH DAKOTA,4605610,Belle Fourche School District 09-1,2305 13th Ave,Belle Fourche,57717,No,1385,16,5,Yes,Yes,Yes,CLAY,ANDERSON,605-723-3359,clay.anderson@k12.sd.us,CLAY,ANDERSON,605-723-3359,clay.anderson@k12.sd.us,TINA,ROSENKRANZ,605-723-3382,tina.rosenkranz@k12.sd.us,No,Yes,Yes,https://www.bellefourcheschools.org/images/JCBB12-2018.pdf,Yes,No,Yes,No,No,Yes,No,No,No,No,1,7,7,8,No,Yes,Yes,Yes,Yes,Yes,No,No,No
SD,SOUTH DAKOTA,4606240,Bennett County School District 03-1,PO Box 580,Martin,57551,No,495,1,3,Yes,Yes,Yes,STACY,HALVERSON,(605)685-6112,stacy.halverson@k12.sd.us,STACY,HALVERSON,(605)685-6112,stacy.halverson@k12.sd.us,STACY,HALVERSON,(605)685-6112,stacy.halverson@k12.sd.us,No,Yes,Yes,www.bennettco.k12.sd.us,Yes,Yes,Yes,No,No,Yes,No,No,Yes,Yes,0,0,8,7,Yes,-9,-9,-9,Yes,Yes,No,No,No
SD,SOUTH DAKOTA,4606360,Beresford School District 61-2,301 W Maple St,Beresford,57004,No,706,2,3,Yes,Yes,Yes,DUSTIN,DEGEN,(605) 763-2145,DUSTIN.DEGEN@K12.SD.US,BRIAN,FIELD,(605) 763-4293,BRIAN.FIELD@K12.SD.US,PAM,CONKLIN,(605) 763-2145,PAM.CONKLIN@K12.SD.US,No,Yes,Yes,www.beresford.k12.sd.us,No,-9,No,-9,-9,-9,-9,-9,-9,-9,-9,-9,-9,-9,-9,-9,-9,-9,Yes,Yes,No,No,No
SD,SOUTH DAKOTA,4606960,Big Stone City School District 25-1,655 Walnut St,Big Stone City,57216,No,98,0,2,Yes,Yes,Yes,SHELLEY,HAGGERTY,605-862-8108,shelley.haggerty@k12.sd.us,SHELLEY,HAGGERTY,605-862-8108,shelley.haggerty@k12.sd.us,SHELLEY,HAGGERTY,605-862-8108,shelley.haggerty@k12.sd.us,No,Yes,Yes,http://bigstonecitylions.weebly.com/school-policies.html,Yes,Yes,Yes,No,No,No,Yes,Yes,Yes,Yes,0,0,12,13,Yes,-9,-9,-9,Yes,Yes,No,No,No
SD,SOUTH DAKOTA,4607050,Bison School District 52-1,PO Box 9,Bison,57620,No,156,0,3,Yes,Yes,Yes,MARILYN,AZEVEDO,(605)244-5961,marilyn.azevedo@k12.sd.us,MARILYN,AZEVEDO,(605)244-5961,marilyn.azevedo@k12.sd.us,CHRISTY,KOLB,(605)244-5961,christy.kolb@k12.sd.us,No,Yes,Yes,bison.k12.sd.us,No,-9,No,-9,-9,-9,-9,-9,-9,-9,-9,-9,-9,-9,-9,-9,-9,-9,Yes,Yes,No,No,No
SD,SOUTH DAKOTA,4607400,Bon Homme School District 04-2,PO Box 28,Tyndall,57066,No,559,32,8,Yes,Yes,Yes,BRAD,PETERS,605-589-3387,brad.peters@k12.sd.us,BRAD,PETERS,605-589-3387,brad.peters@k12.sd.us,BARB,LINDQUIST,605-589-3388,barbara.lindquist@k12.sd.us,No,Yes,Yes,www.bonhomme.k12.sd.us,No,-9,Yes,No,No,No,Yes,No,Yes,Yes,0,0,24,8,Yes,-9,-9,-9,Yes,Yes,No,Yes,No
SD,SOUTH DAKOTA,4607670,South Central 26-5,401 Birdsell St,Bonesteel,57317,No,108,2,3,Yes,Yes,Yes,ANGEL,BENTZ,16056542314,ANGEL.BENTZ@K12.SD.US,ANGEL,BENTZ,16056542314,ANGEL.BENTZ@K12.SD.US,ANGEL,BENTZ,16056542314,ANGEL.BENTZ@K12.SD.US,No,Yes,Yes,https://southcentral.k12.sd.us/Board%20of%20Education/Policies/Forms/AllItems.aspx?RootFolder=%2FBoard%20of%20Education%2FPolicies%2FSection%20A%20Foundations%20and%20Basic%20Commitments&FolderCTID=0x0120000D378F3B95F1D648B4B57EDECCCC38A5&View=%7B9BCECE5,No,-9,Yes,No,No,Yes,No,Yes,Yes,Yes,0,6,13,0,Yes,-9,-9,-9,Yes,Yes,No,No,No
SD,SOUTH DAKOTA,4607800,Bowdle School District 22-1,PO Box 563,Bowdle,57428,No,122,0,3,Yes,Yes,Yes,HECTOR,SERNA,6052856272,Hector.Serna@k12.sd.us,HECTOR,SERNA,6052856272,Hector.Serna@k12.sd.us,HECTOR,SERNA,6052856272,Hector.Serna@k12.sd.us,No,Yes,No,-9,No,-9,Yes,No,No,Yes,No,No,Yes,Yes,0,0,4,6,Yes,-9,-9,-9,Yes,Yes,No,No,No
SD,SOUTH DAKOTA,4607950,Brandon Valley School District 49-2,300 S Splitrock Blvd,Brandon,57005,No,3947,0,7,Yes,Yes,Yes,JAROD,LARSON,(605) 530-3575,Jarod.larson@k12.sd.us,JAROD,LARSON,(605) 530-3575,Jarod.larson@k12.sd.us,KYLE,BABB,(605) 582-3142,KYLE.BABB@k12.sd.us,No,No,-9,-9,No,-9,No,-9,-9,-9,-9,-9,-9,-9,-9,-9,-9,-9,-9,-9,-9,-9,No,-9,-9,-9,-9
SD,SOUTH DAKOTA,4608520,Brookings School District 05-1,2130 8th St S,Brookings,57006,No,3508,11,6,Yes,Yes,Yes,KLINT,WILLERT,(605)696-4700,klint.willert@k12.sd.us,KLINT,WILLERT,(605)696-4700,klint.willert@k12.sd.us,WENDY,OTHEIM,(605)696-4700,wendy.otheim@k12.sd.us,No,Yes,Yes,http://agendas.brookings.k12.sd.us/,No,-9,Yes,No,No,Yes,No,No,No,No,0,18,22,22,Yes,-9,-9,-9,Yes,Yes,No,No,No
SD,SOUTH DAKOTA,4609300,Harding County School District 31-1,PO Box 367,Buffalo,57720,No,207,0,1,Yes,Yes,Yes,JOSH,PAGE,6053753241,josh.page@k12.sd.us,JOSH,PAGE,6053753241,josh.page@k12.sd.us,PAM,BREWER,6053753242,pam.brewer@k12.sd.us,No,Yes,Yes,https://hardingcounty.k12.sd.us/,Yes,Yes,No,-9,-9,-9,-9,-9,-9,-9,-9,-9,-9,-9,-9,-9,-9,-9,Yes,Yes,No,Yes,No
SD,SOUTH DAKOTA,4609512,Burke School District 26-2,PO Box 382,Burke,57523,No,237,0,3,Yes,Yes,Yes,ERIK,PERSON,(605)775-2644,erik.person@k12.sd.us,ERIK,PERSON,(605)775-2644,erik.person@k12.sd.us,ERIK,PERSON,(605)775-2644,erik.person@k12.sd.us,No,Yes,Yes,burke.k12.sd.us,No,-9,Yes,No,No,Yes,No,No,Yes,No,0,0,16,0,Yes,-9,-9,-9,Yes,Yes,No,No,No
SD,SOUTH DAKOTA,4610320,Canistota School District 43-1,PO Box 8,Canistota,57012,No,229,1,3,Yes,Yes,Yes,LARRY,NEBELSICK,605-296-3458,Larry.nebelsick@k12.sd.us,LARRY,NEBELSICK,605-296-3458,Larry.nebelsick@k12.sd.us,LARRY,NEBELSICK,605-296-3458,Larry.nebelsick@k12.sd.us,No,Yes,Yes,https://www.canistota.k12.sd.us/file/1365836544944/79643554963308851381473491239364.docx,No,-9,Yes,No,No,Yes,No,No,No,No,0,5,5,0,No,Yes,Yes,No,Yes,Yes,No,No,No
SD,SOUTH DAKOTA,4610560,Canton School District 41-1,800 N Main St,Canton,57013,No,889,7,3,Yes,Yes,Yes,KENT,KNUDSON,(605) 764-2706,kent.knudson@k12.sd.us,TERRY,GERBER,(605) 764-2706,terry.gerber@k12.sd.us,RUSS,TOWNSEND,(605) 764-2706,russell.townsend@k12.sd.us,No,Yes,Yes,http://www.cantonsdk12.org/district41-1/images/DistrictForms/Most%20recent%20policy%20master%20-%20updated%20January%202018.pdf,No,-9,No,-9,-9,-9,-9,-9,-9,-9,-9,-9,-9,-9,-9,-9,-9,-9,Yes,Yes,No,No,No
SD,SOUTH DAKOTA,4611280,Castlewood School District 28-1,310 E Harry St,Castlewood,57223,No,285,4,4,Yes,Yes,Yes,KEITH,FODNESS,605-793-2351,keith.fodness@k12.sd.us,BRANDON,GIRARD,605-793-2351,brandon.girard@k12.sd.us,BRANDON,GIRARD,605-793-2351,brandon.girard@k12.sd.us,No,Yes,Yes,https://www.castlewood.k12.sd.us/cms/lib/SD02206129/Centricity/Domain/15/Policy__Procedure_Handbook_2017-2018.pdf,Yes,No,Yes,No,No,Yes,No,No,Yes,Yes,0,0,12,10,Yes,-9,-9,-9,Yes,Yes,No,No,No
SD,SOUTH DAKOTA,4611760,Centerville School District 60-1,PO Box 100,Centerville,57014,No,267,0,3,Yes,Yes,Yes,ERIC,KNIGHT,6055632291,eric.knight@k12.sd.us,ERIC,KNIGHT,6055632291,eric.knight@k12.sd.us,JULIE,KING,6055632291,julie.king@k12.sd.us,No,Yes,Yes,https://simbli.eboardsolutions.com/SB_ePolicy/SB_PolicyOverview.aspx?S=12226,No,-9,Yes,No,No,Yes,No,No,Yes,Yes,0,0,17,7,Yes,-9,-9,-9,Yes,Yes,No,No,No
SD,SOUTH DAKOTA,4612000,Chamberlain School District 07-1,PO Box 119,Chamberlain,57325,Yes,902,2,3,Yes,Yes,Yes,TODD,PALMER,605-234-4467,todd.palmer@k12.sd.us,NANCY,HANSEN,605-234-4460,nancy.hansen@k12.sd.us,DR. DEBRA,JOHNSON,605-234-4477,deb.johnson@k12.sd.us,No,Yes,Yes,WWW.cubs.org,Yes,No,No,-9,-9,-9,-9,-9,-9,-9,-9,-9,-9,-9,-9,-9,-9,-9,Yes,Yes,No,No,No
SD,SOUTH DAKOTA,4612300,Chester Area School District 39-1,PO Box 159,Chester,57016,No,579,0,7,Yes,Yes,Yes,HEATH,LARSON,(605)489-2411,heath.larson@k12.sd.us,HEATH,LARSON,(605)489-2411,heath.larson@k12.sd.us,JULIE,WYNJA,(605)489-2411,julie.wynja@k12.sd.us,No,Yes,Yes,www.chester.k12.sd.us,Yes,No,Yes,No,No,No,Yes,Yes,Yes,Yes,0,18,18,0,Yes,-9,-9,-9,Yes,Yes,No,Yes,No
SD,SOUTH DAKOTA,4612940,Clark School District 12-2,220 N Clinton St,Clark,57225,No,382,0,6,Yes,Yes,Yes,TRACY,STALLMAN,(605)532-3606,tracy.stallman@k12.sd.us,LUANNE,WARREN,(605)532-3604,Luanne.Warren@k12.sd.us,LUANNE,WARREN,(605)532-3604,Luanne.Warren@k12.sd.us,No,Yes,Yes,clark.k12.sd.us,No,-9,Yes,Yes,No,No,No,No,Yes,Yes,0,0,17,11,Yes,-9,-9,-9,Yes,Yes,No,No,No
SD,SOUTH DAKOTA,4614100,Colman-Egan School District 50-5,200 S Loban Ave,Colman,57017,No,290,1,3,Yes,Yes,Yes,TRACEY,OLSON,605-534-3534,tracey.olson@k12.sd.us,TRACEY,OLSON,605-534-3534,tracey.olson@k12.sd.us,SCOTT,HEMMER,605-534-3534,scott.hemmer@k12.sd.us,No,Yes,Yes,http://ce-sd.schoolloop.com/file/1383983085846/1407989779427/322960398945884121.pdf,No,-9,Yes,No,No,No,Yes,Yes,Yes,Yes,0,15,12,6,Yes,-9,-9,-9,Yes,Yes,No,No,No
SD,SOUTH DAKOTA,4614130,Colome Consolidated 59-3,PO Box 367,Colome,57528,No,234,0,4,Yes,Yes,Yes,RYAN,ORROCK,6058421624,RYAN.ORROCK@K12.SD.US,RYAN,ORROCK,6058421624,RYAN.ORROCK@K12.SD.US,CAROL,SLAYMAKER,6058421624,RYAN.ORROCK@K12.SD.US,No,Yes,Yes,https://colome.k12.sd.us/SchoolBoard/Policies/Section%20A%20Foundations%20and%20Basic%20Committments%20July2018.pdf,Yes,No,Yes,No,No,No,Yes,No,No,No,0,0,12,0,Yes,-9,-9,-9,Yes,Yes,No,No,No
SD,SOUTH DAKOTA,4616950,Custer School District 16-1,527 Montgomery St,Custer,57730,No,959,0,4,Yes,Yes,Yes,STEPH,ORNELAS,6056734473,Steph.orneals.@k12.sd.us,MARK,NAUGLE,6056733154,Mark.naugle@k12.sd.us,EVE,TRANDOM,6056733154,Eve.trandon@k12.sd.us,No,Yes,Yes,Www.csd.edu,No,-9,Yes,No,No,No,Yes,No,Yes,Yes,0,0,2,2,Yes,-9,-9,-9,Yes,Yes,No,No,No
SD,SOUTH DAKOTA,4617850,De Smet School District 38-2,PO Box 157,De Smet,57231,No,171,0,3,Yes,Yes,Yes,ABI,VAN REGENMORTER,605-854-3963,abi.vanregenmorter@k12.sd.us,ABI,VAN REGENMORTER,605-854-3963,abi.vanregenmorter@k12.sd.us,ABI,VAN REGENMORTER,605-854-3963,abi.vanregenmorter@k12.sd.us,No,Yes,Yes,www.desmet.k12.sd.us,No,-9,Yes,No,No,Yes,No,No,Yes,Yes,0,0,14,5,Yes,-9,-9,-9,Yes,Yes,No,No,No
SD,SOUTH DAKOTA,4618120,Dell Rapids School District 49-3,1216 N Garfield Ave,Dell Rapids,57022,No,943,7,3,Yes,Yes,Yes,SUMMER,SCHULTZ,6054285473,summer.schultz@k12.sd.us,SUMMER,SCHULTZ,6054285473,summer.schultz@k12.sd.us,JULIE,WYNJA,6054285473,Julie.wynja@k12.sd.us,No,Yes,Yes,https://www.dellrapidsps.sd.schools.bz/docs/district/boardpolicies%20j/jfcd-bullying.pdf?id=256,No,-9,No,-9,-9,-9,-9,-9,-9,-9,-9,-9,-9,-9,-9,-9,-9,-9,Yes,Yes,No,No,No
SD,SOUTH DAKOTA,4619170,Doland School District 56-2,PO Box 219,Doland,57436,No,185,0,7,Yes,Yes,Yes,JEREMY,WIESELER,(605)635-6302,jeremy.wieseler@k12.sd.us,JEREMY,WIESELER,(605)635-6302,jeremy.wieseler@k12.sd.us,JEREMY,WIESELER,(605)635-6302,jeremy.wieseler@k12.sd.us,No,Yes,Yes,https://dolandschool.com/,Yes,No,Yes,No,Yes,No,Yes,Yes,Yes,No,1,6,6,0,Yes,-9,-9,-9,Yes,Yes,No,No,No
SD,SOUTH DAKOTA,4619410,Douglas School District 51-1,400 Patriot Dr,Box Elder,57719,No,2946,0,5,Yes,Yes,Yes,ANN,PETTIT,(605)923-0000,ann.pettit@k12.sd.us,JOAN,DUNMIRE,(605)923-0013,joan.dunmire@k12.sd.us,JOAN,DUNMIRE,(605)923-0013,joan.dunmire@k12.sd.usj,No,Yes,Yes,www.dsdk12.net,Yes,Yes,Yes,No,No,Yes,No,No,No,No,0,13,18,2,Yes,-9,-9,-9,No,-9,-9,-9,-9
SD,SOUTH DAKOTA,4619450,Dupree School District 64-2,127 B Street    P.O. Box 10,Dupree,57623,No,1251,1,3,Yes,Yes,Yes,PATTY,PEACOCK,605-365-5140,patti.peacock@k12.sd.us,GAIL,SWENSON,605-365-5140,gail.swenson@k12.sd.us,CINDY,LINDSKOV,605-365-5140,cindy.lindskov@k12.sd.us,No,Yes,Yes,https://www.dupree.k12.sd.us/domain/39,Yes,Yes,Yes,Yes,No,No,No,No,Yes,Yes,0,0,10,1,Yes,-9,-9,-9,Yes,Yes,No,No,No
SD,SOUTH DAKOTA,4619580,Jones County School District 37-3,PO Box 109,Murdo,57559,No,184,2,3,Yes,Yes,Yes,MISSY,VALBURG,(605)669-2258,missy.valburg@k12.sd.us,MISSY,VALBURG,(605)669-2258,missy.valburg@k12.sd.us,MISSY,VALBURG,(605)669-2258,missy.valburg@k12.sd.us,No,Yes,Yes,https://jonesco.k12.sd.us/School%20Forms/Forms/AllItems.aspx?RootFolder=%2FSchool%20Forms%2FPublic%20Notices&FolderCTID=0x012000AEDA9FEC25B8B54A8BF44EEAD1F82058&View=%7B548F2100%2D1A8B%2D472B%2D8B74%2D40C2A4AAD4A0%7D,No,-9,No,-9,-9,-9,-9,-9,-9,-9,-9,-9,-9,-9,-9,-9,-9,-9,Yes,Yes,No,No,No
SD,SOUTH DAKOTA,4620100,Eagle Butte School District 20-1,PO Box 260,Eagle Butte,57625,No,244,0,6,Yes,Yes,Yes,CAROL,VEIT,605-964-4911 x227,carol.veit@k12.sd.us,CAROL,VEIT,605-964-4911 x227,carol.veit@k12.sd.us,JOELLEN,BERNDT,605-964-4911 x170,joellen.berndt@k12.sd.us,No,Yes,Yes,ceb.k12.sd.us,No,-9,No,-9,-9,-9,-9,-9,-9,-9,-9,-9,-9,-9,-9,-9,-9,-9,Yes,Yes,No,No,No
SD,SOUTH DAKOTA,4620850,Edgemont School District 23-1,PO Box 29,Edgemont,57735,No,175,0,2,Yes,Yes,Yes,LANE,OSTENSON,605-662-7254,lane.ostenson@k12.sd.us,BECKY,HARDING,605-662-7254,becky.harding@k12.sd.us,AMY,FERLEY,605-662-7254,amy.ferley@k12.sd.us,No,Yes,Yes,https://edgemont.k12.sd.us/s-handbooks.html,No,-9,No,-9,-9,-9,-9,-9,-9,-9,-9,-9,-9,-9,-9,-9,-9,-9,Yes,Yes,No,No,No
SD,SOUTH DAKOTA,4621300,Elk Mountain School District 16-2,10222 Valley Rd,Dewey,57735,No,17,0,3,Yes,Yes,Yes,LISA,RICHARDSON,(605)749-2258 x1,Lisa.Richardson@k12.sd.us,LISA,RICHARDSON,(605)749-2258 x1,Lisa.Richardson@k12.sd.us,LISA,RICHARDSON,(605)749-2258 x1,Lisa.Richardson@k12.sd.us,No,No,-9,-9,No,-9,No,-9,-9,-9,-9,-9,-9,-9,-9,-9,-9,-9,-9,-9,-9,-9,Yes,Yes,No,No,No
SD,SOUTH DAKOTA,4621340,Elk Point-Jefferson School District 61-7,PO Box 578,Elk Point,57025,No,703,15,3,Yes,Yes,Yes,SHERI,HARDMAN,605-356-5951,sheri.hardman@k12.sd.us,SHERI,HARDMAN,605-356-5951,sheri.hardman@k12.sd.us,JANET,RIES,605-356-5800,janet.ries@k12.sd.us,No,Yes,Yes,http://www.elkpointjeffersonsd.sd.schools.bz/docs/district/School_Board/Board%20Policies/Section%20A%20-%20Foundations%20%20Basic%20Commitments.pdf,Yes,Yes,Yes,No,No,Yes,No,Yes,Yes,No,0,2,7,4,No,Yes,Yes,Yes,Yes,Yes,No,No,No
SD,SOUTH DAKOTA,4621390,Elkton School District 05-3,PO Box 190,Elkton,57026,No,376,1,5,Yes,Yes,Yes,BRIAN,JANDAHL,(605)542-2541,brian.jandahl@k12.sd.us,BRIAN,JANDAHL,(605)542-2541,brian.jandahl@k12.sd.us,BRIAN,JANDAHL,(605)542-2541,brian.jandahl@k12.sd.us,No,Yes,Yes,https://simbli.eboardsolutions.com/SB_ePolicy/SB_PolicyOverview.aspx?S=1104,Yes,Yes,Yes,No,No,Yes,No,Yes,Yes,Yes,1,1,17,2,Yes,-9,-9,-9,Yes,Yes,No,No,No
SD,SOUTH DAKOTA,4621400,Frederick Area School District 06-2,PO Box 486,Frederick,57441,No,142,0,3,Yes,Yes,Yes,JEFF,KOSTERS,(605)329-2145,jeff.kosters@k12.sd.us,JEFF,KOSTERS,(605)329-2145,jeff.kosters@k12.sd.us,JEFF,KOSTERS,(605)329-2145,jeff.kosters@k12.sd.us,No,Yes,Yes,www.frederickarea.k12.sd.us,No,-9,No,-9,-9,-9,-9,-9,-9,-9,-9,-9,-9,-9,-9,-9,-9,-9,Yes,Yes,No,No,No
SD,SOUTH DAKOTA,4621420,Bridgewater-Emery 30-3,PO Box 350,Bridgewater,57319,No,343,0,3,Yes,Yes,Yes,CHRIS,SCHULTZ,6054494271,christena.schultz@k12.sd.us,JASON,BAILEY,6054494271,jason.bailey@k12.sd.us,KIM,AMAN,6057292541,kim.aman@k12.sd.us,No,Yes,Yes,https://www.bridgewater-emery.com/policies,No,-9,Yes,No,No,Yes,No,No,No,No,0,2,2,1,No,Yes,No,Yes,Yes,Yes,No,No,No
SD,SOUTH DAKOTA,4622410,Estelline School District 28-2,PO Box 306,Estelline,57234,No,288,3,3,Yes,Yes,Yes,JIM,LENTZ,605-873-2201,jim.lentz@k12.sd.us,JUSTIN,PITTS,605-873-2201,justin.pitts@k12.sd.us,JUSTIN,PITTS,605-873-2201,justin.pitts@k12.sd.us,No,Yes,Yes,https://www.estelline.k12.sd.us/,No,-9,Yes,No,No,Yes,No,No,Yes,Yes,0,0,0,5,Yes,-9,-9,-9,Yes,Yes,No,No,No
SD,SOUTH DAKOTA,4622500,Ethan School District 17-1,PO Box 169,Ethan,57334,No,268,0,3,Yes,Yes,Yes,TERRY,ECKSTAINE,(605)227-4211,terry.eckstaine@k12.sd.s,TERRY,ECKSTAINE,(605)227-4211,terry.eckstaine@k12.sd.us,TERRY,ECKSTAINE,(605)227-4211,terry.eckstaine@k12.sd.us,No,Yes,Yes,ethan.K12.sd.us,No,-9,Yes,No,No,Yes,No,No,Yes,Yes,0,0,5,0,Yes,-9,-9,-9,Yes,Yes,No,No,No
SD,SOUTH DAKOTA,4622560,Eureka School District 44-1,PO Box 10,Eureka,57437,No,168,0,3,Yes,Yes,Yes,HENRY,EGGERT,(605)284-2875,henry.eggert@12.sd.us,HENRY,EGGERT,(605)284-2875,henry.eggert@12.sd.us,HENRY,EGGERT,(605)284-2875,henry.eggert@12.sd.us,No,Yes,Yes,www.eureka.k12.sd.us,No,-9,Yes,No,No,Yes,No,No,Yes,No,0,0,17,0,Yes,-9,-9,-9,Yes,Yes,No,No,No
SD,SOUTH DAKOTA,4622940,Faith School District 46-2,PO Box 619,Faith,57626,No,161,0,5,Yes,Yes,Yes,KELLY,DAUGHTERS,605-967-2152,kelly.daughters@k12.sd.us,KELLY,DAUGHTERS,605-967-2152,kelly.daughters@k12.sd.us,KELLY,DAUGHTERS,605-967-2152,kelly.daughters@k12.sd.us,No,Yes,Yes,www.faith.k12.sd.us,No,-9,Yes,No,No,Yes,No,No,Yes,No,0,0,4,0,Yes,-9,-9,-9,Yes,Yes,No,Yes,No
SD,SOUTH DAKOTA,4624030,Faulkton Area Schools 24-4,PO Box 308,Faulkton,57438,No,314,0,6,Yes,Yes,Yes,SCOTT,LEPKE,605-598-6266,scott.lepke@k12.sd.us,SCOTT,LEPKE,605-598-6266,scott.lepke@k12.sd.us,SCOTT,LEPKE,605-598-6266,scott.lepke@k12.sd.us,No,Yes,Yes,www.faulkton.k12.sd.us,No,-9,Yes,No,No,Yes,No,Yes,Yes,Yes,0,0,1,2,Yes,-9,-9,-9,Yes,Yes,No,No,No
SD,SOUTH DAKOTA,4624390,Flandreau School District 50-3,600 W Community Dr,Flandreau,57028,No,717,0,4,Yes,Yes,Yes,NIKI,HERZOG,605-997-2455,Nichole.Herzog@k12.sd.us,LIZ,JAMES,605-997-2705,Elisabetta.James@k12.sd.us,MARIE,IVERS,605-997-2455,Marie.Ivers@k12.sd.us,No,Yes,Yes,www.flandreau.k12.sd.us/domain/206,Yes,No,No,-9,-9,-9,-9,-9,-9,-9,-9,-9,-9,-9,-9,-9,-9,-9,Yes,Yes,No,No,No
SD,SOUTH DAKOTA,4624540,Florence School District 14-1,PO Box 66,Florence,57235,No,273,0,1,Yes,Yes,Yes,MITCH,REED,605-758-2412,mitchell.reed@k12.sd.us,MITCH,REED,605-758-2412,mitchell.reed@k12.sd.us,DANIELLE,FLISRAND,605-758-2412,danielle.flisrand@k12.sd.us,No,Yes,Yes,www.florence.k12.sd.us,No,-9,Yes,No,No,Yes,No,Yes,Yes,Yes,1,1,16,2,Yes,-9,-9,-9,Yes,Yes,No,No,No
SD,SOUTH DAKOTA,4624850,Stanley County School District 57-1,PO Box 370,Fort Pierre,57532,No,423,0,4,Yes,Yes,Yes,JOEL,PRICE,(605) 223-7741 x102,joel.price@k12.sd.us,JOEL,PRICE,(605) 223-7741 x 102,joel.price@k12.sd.us,MIKE,BUSCH,(605) 223-7741 x 215,mike.busch@k12.sd.us,No,Yes,Yes,https://stanleycounty.k12.sd.us/2018-19/2018-19%20Board%20Policy%20Handbook.pdf,No,-9,No,-9,-9,-9,-9,-9,-9,-9,-9,-9,-9,-9,-9,-9,-9,-9,Yes,Yes,No,No,No
SD,SOUTH DAKOTA,4625500,Freeman School District 33-1,PO Box 220,Freeman,57029,No,335,7,5,Yes,Yes,Yes,KEVIN,KUNZ,605-925-4214,kevin.kunz@k12.sd.us,KEVIN,KUNZ,605-925-4214,kevin.kunz@k12.sd.us,KEVIN,KUNZ,605-925-4214,kevin.kunz@k12.sd.us,No,Yes,Yes,http://www.freeman.k12.sd.us/docs/district/policies/jpce-student_bullying_policy.pdf?id=2751,No,-9,No,-9,-9,-9,-9,-9,-9,-9,-9,-9,-9,-9,-9,-9,-9,-9,Yes,Yes,No,No,No
SD,SOUTH DAKOTA,4626370,Garretson School District 49-4,PO Box C,Garretson,57030,No,504,1,3,Yes,Yes,Yes,CHRIS,LONG,(605)594-3451,Chris.Long@k12.sd.us,CHRIS,LONG,(605)594-3451,Chris.Long@k12.sd.us,CHRIS,LONG,(605)594-3451,Chris.Long@k12.sd.us,No,Yes,Yes,https://core-docs.s3.amazonaws.com/documents/asset/uploaded_file/78434/ACAA-R_-_Anti-Bullying-Harassment_of_Students.pdf,Yes,No,Yes,No,No,Yes,Yes,Yes,Yes,Yes,0,2,25,5,Yes,-9,-9,-9,Yes,Yes,No,No,No
SD,SOUTH DAKOTA,4626490,Gayville-Volin School District 63-1,PO Box 158,Gayville,57031,No,361,0,3,Yes,Yes,Yes,PATRICK,BEEMAN,6052674476,patrick.beeman@k12.sd.us,JASON,SELCHERT,6052674476,jason.selchert@k12.sd.us,AMY,WESTRUM,6052674476,amy.westrum@k12.sd.us,No,Yes,Yes,http://www.gayvillevolin.k12.sd.us/docs/district/gvsd%20policy.pdf,Yes,No,Yes,No,No,Yes,No,Yes,Yes,Yes,3,15,16,20,Yes,-9,-9,-9,Yes,Yes,No,No,No
SD,SOUTH DAKOTA,4626970,Gettysburg School District 53-1,100 E King Ave,Gettysburg,57442,No,255,0,3,Yes,Yes,Yes,CHIP,SUNDBERG,605 765-2436,Chip.Sundberg@k12.sd.us,CHIP,SUNDBERG,605 765-2436,Chip.Sundberg@k12.sd.us,CHIP,SUNDBERG,605 765-2436,Chip.Sundberg@k12.sd.us,No,Yes,Yes,http://www.gettysburg.k12.sd.us/files/handbooks/mshs_handbook.pdf,No,-9,No,-9,-9,-9,-9,-9,-9,-9,-9,-9,-9,-9,-9,-9,-9,-9,Yes,Yes,No,No,No
SD,SOUTH DAKOTA,4629880,Gregory School District 26-4,PO Box 438,Gregory,57533,No,316,0,3,Yes,Yes,Yes,SARA,KLEIN,6058359672,sara.klein@k12.sd.us,SARA,KLEIN,6058359672,sara.klein@k12.sd.us,SARA,KLEIN,6058359672,sara.klein@k12.sd.us,No,Yes,Yes,www.gregory.k12.sd.us,Yes,No,Yes,No,No,No,Yes,No,Yes,Yes,0,0,21,0,Yes,-9,-9,-9,Yes,Yes,No,No,No
SD,SOUTH DAKOTA,4630490,Haakon School District 27-1,PO Box 730,Philip,57567,No,307,2,4,Yes,Yes,Yes,JEFF,RIECKMAN,(605)859-2679,jeffrey.rieckman@k12.sd.us,JEFF,RIECKMAN,(605)859-2679,jeffrey.rieckman@k12.sd.us,JEFF,RIECKMAN,(605)859-2679,jeffrey.rieckman@k12.sd.us,No,Yes,Yes,https://simbli.eboardsolutions.com/ePolicy/policy.aspx?PC=JFCD&Sch=1126&S=1126&C=&RevNo=1.43&T=A&Z=P&St=ADOPTED&PG=6&SN=true,Yes,No,No,-9,-9,-9,-9,-9,-9,-9,-9,-9,-9,-9,-9,-9,-9,-9,Yes,Yes,No,No,No
SD,SOUTH DAKOTA,4630800,Hamlin School District 28-3,44577 188th St,Hayti,57241,No,818,0,3,Yes,Yes,Yes,PATRICK,KRANING,(605) 783-3631,Patrick.Kraning@k12.sd.us,PATRICK,KRANING,(605) 783-3631,Patrick.Kraning@k12.sd.us,PATRICK,KRANING,(605) 783-3631,Patrick.Kraning@k12.sd.us,No,Yes,No,-9,Yes,Yes,Yes,No,No,Yes,No,No,Yes,Yes,0,0,35,4,Yes,-9,-9,-9,Yes,Yes,No,No,No
SD,SOUTH DAKOTA,4631350,Harrisburg School District 41-2,PO Box 187,Harrisburg,57032,No,4602,0,9,Yes,Yes,Yes,JENNIFER,CONWAY,6057432567,Jennifer.conway@k12.sd.us,JENNIFER,CONWAY,6057432567,Jennifer.conway@k12.sd.us,AMY,GAGE,6057432567,Amy.gage@k12.sd.us,No,Yes,Yes,https://www.harrisburgdistrict41-2.org/o/district/browse/31252,Yes,No,Yes,No,No,Yes,No,Yes,Yes,Yes,5,35,44,21,No,Yes,No,No,Yes,Yes,No,No,No
SD,SOUTH DAKOTA,4631710,West Central School District 49-7,PO Box 730,Hartford,57033,No,1358,0,4,Yes,Yes,Yes,CRAIG,BOYENS,605-528-6397,CRAIG.BOYENS@K12.SD.US,MICHELLE,BECKER,605-528-3217,MICHELLE.BECKER@K12.SD.US,MICHELLE,BECKER,605-528-3217,MICHELLE.BECKER@K12.SD.US,No,Yes,Yes,https://www.westcentral49-7.com/policies,Yes,No,Yes,No,No,Yes,No,No,No,No,0,1,5,1,No,Yes,No,No,Yes,Yes,No,Yes,No
SD,SOUTH DAKOTA,4632340,Henry School District 14-2,PO Box 8,Henry,57243,No,171,0,3,Yes,Yes,Yes,PHILIP,SCHONEBAUM,6055325364,philip.schonebaum@k12.sd.us,PHILIP,SCHONEBAUM,6055325364,philip.schonebaum@k12.sd.us,PHILIP,SCHONEBAUM,6055325364,philip.schonebaum@k12.sd.us,No,Yes,Yes,http://www.henry.k12.sd.us/handbooks/4585449156,Yes,No,Yes,No,No,Yes,No,No,Yes,Yes,0,0,10,3,Yes,-9,-9,-9,Yes,Yes,No,No,No
SD,SOUTH DAKOTA,4632430,Herreid School District 10-1,PO Box 276,Herreid,57632,No,114,0,3,Yes,Yes,Yes,DANIEL,HOEY,6054372263,Daniel.Hoey@k12.sd.us,DANIEL,HOEY,6054372263,Daniel.Hoey@k12.sd.us,DANIEL,HOEY,6054372263,Daniel.Hoey@k12.sd.us,No,Yes,Yes,https://herreid.k12.sd.us/Non-Discrimination.htm,No,-9,No,-9,-9,-9,-9,-9,-9,-9,-9,-9,-9,-9,-9,-9,-9,-9,Yes,Yes,No,No,No
SD,SOUTH DAKOTA,4633360,Hill City School District 51-2,PO Box 659,Hill City,57745,No,462,0,3,Yes,Yes,Yes,STEVE,HELGELAND,605-574-3030,steve.helgeland@k12.sd.us,STEVE,HELGELAND,605-574-3030,steve.helgeland@k12.sd.us,STEVE,HELGELAND,605-574-3030,steve.helgeland@k12.sd.us,No,Yes,Yes,https://www.boarddocs.com/sd/hillcity/Board.nsf/Public#,Yes,No,No,-9,-9,-9,-9,-9,-9,-9,-9,-9,-9,-9,-9,-9,-9,-9,Yes,Yes,No,No,No
SD,SOUTH DAKOTA,4634440,Edmunds Central School District 22-5,PO Box 317,Roscoe,57471,No,174,140,4,Yes,Yes,Yes,KAREN,FOX,605-287-4251,karen.fox@k12.sd.us,KAREN,FOX,605-287-4251,karen.fox@k12.sd.us,KAREN,FOX,605-287-4251,karen.fox@k12.sd.us,No,Yes,Yes,https://www.echs.k12.sd.us,No,-9,Yes,No,No,Yes,No,No,Yes,Yes,0,0,13,13,Yes,-9,-9,-9,Yes,Yes,No,No,No
SD,SOUTH DAKOTA,4634480,Hot Springs School District 23-2,1747 Lincoln Ave,Hot Springs,57747,No,826,0,3,Yes,Yes,Yes,KEVIN,COLES,6057454145,KEVIN.COLES@K12.SD.US,MARY,WEISS,6057454147,MARY.WEISS@K12.SD.US,SIMON,JAMIESON,605 745-4147,SIMON.JAMIESON@K12.SD.US,No,Yes,Yes,WWW.HSSD.K12.SD.US,No,-9,Yes,Yes,No,No,Yes,Yes,Yes,Yes,0,5,9,3,Yes,-9,-9,-9,Yes,Yes,No,No,No
SD,SOUTH DAKOTA,4634600,Hoven School District 53-2,PO Box 128,Hoven,57450,No,110,1,3,Yes,Yes,Yes,JEREMY,HURD,(605)948-2252 x 1001,jeremy.hurd@k12.sd.us,JEREMY,HURD,(605)948-2252 x 1001,jeremy.hurd@k12.sd.us,JEREMY,HURD,(605)948-2252 x 1001,jeremy.hurd@k12.sd.us,No,Yes,Yes,https://docs.wixstatic.com/ugd/d86fde_734edb98d69340e9a0f1e74a1e5b9820.pdf,No,-9,Yes,No,No,Yes,No,No,Yes,Yes,0,0,8,9,Yes,-9,-9,-9,Yes,Yes,No,Yes,No
SD,SOUTH DAKOTA,4635480,Huron School District 02-2,PO Box 949,Huron,57350,Yes,2644,0,9,Yes,Yes,Yes,LINDA,PIETZ,605-353-6992,LINDA.PIETZ@K12.SD.US,LORI,WEHLANDER,605-353-6997,LORI.WEHLANDER@K12.SD.US,LORI,WEHLANDER,605-353-6997,LORI.WEHLANDER@K12.SD.US,No,Yes,Yes,HURON.K12.SD.US,Yes,No,No,-9,-9,-9,-9,-9,-9,-9,-9,-9,-9,-9,-9,-9,-9,-9,Yes,Yes,No,No,No
SD,SOUTH DAKOTA,4636060,Ipswich Public School District 22-6,PO Box 306,Ipswich,57451,No,443,0,6,Yes,Yes,Yes,TRENT,OSBORNE,605.426.6571,trent.osborne@k12.sd.us,TRENT,OSBORNE,605.426.6571,trent.osborne@k12.sd.us,TRENT,OSBORNE,605.426.6571,trent.osborne@k12.sd.us,No,Yes,Yes,https://www.ipswich.k12.sd.us/site/handlers/filedownload.ashx?moduleinstanceid=142&dataid=165&FileName=JFCE.pdf,No,-9,Yes,No,No,Yes,No,No,Yes,Yes,0,0,14,24,Yes,-9,-9,-9,Yes,Yes,No,No,No
SD,SOUTH DAKOTA,4636150,Iroquois School District 02-3,PO Box 98,Iroquois,57353,No,226,0,4,Yes,Yes,Yes,RICHARD,SOMA,605-546-2426,Richard.soma@k12.sd.us,MICHAEL,RUTH,605-546-2210,Mike.ruth@k12.sd.us,DANIEL,KENNEDY,605-546-2210,Daniel.kennedy@k12.sd.us,No,Yes,Yes,www.iroquois.k12.sd.us,No,-9,Yes,No,Yes,No,No,No,Yes,Yes,0,0,9,1,Yes,-9,-9,-9,Yes,Yes,No,No,No
SD,SOUTH DAKOTA,4636990,Dakota Valley School District 61-8,1150 Northshore Dr,North Sioux City,57049,No,1375,0,1,Yes,Yes,Yes,WILLIAM,CLEMENTS,(605)422-3820x2202,Bill.clements@k12.sd.us,JERRY,RASMUSSEN,(605)422-3800x1101,Jerry.Rasmussen@k12.sd.us,LINDA,STEELE,(605)422-3800x1103,Linda.steele@k12.sd.us,No,Yes,Yes,www.dvschools.com,Yes,No,Yes,Yes,No,Yes,No,No,Yes,Yes,0,3,3,2,No,Yes,No,No,Yes,Yes,No,No,No
SD,SOUTH DAKOTA,4638220,Kimball School District 07-2,PO Box 479,Kimball,57355,No,314,0,1,Yes,Yes,Yes,JESSAMY,TRUMAN,6057786231,jessamy.truman@k12.sd.us,TIMOTHY,MAYCLIN,6057786231,tim.mayclin@k12.sd.us,TIMOTHY,MAYCLIN,6057786231,tim.mayclin@k12.sd.us,No,Yes,Yes,https://simbli.eboardsolutions.com/SB_ePolicy/SB_PolicyOverview.aspx?S=1150,Yes,Yes,Yes,No,No,No,Yes,No,Yes,Yes,0,0,18,2,Yes,-9,-9,-9,Yes,Yes,No,Yes,No
SD,SOUTH DAKOTA,4639540,Andes Central School District 11-1,1001 High Street,Lake Andes,57356,No,375,0,5,Yes,Yes,Yes,DEBERA,LUCAS,(605)487-7671,Debera.Lucas@k12.sd.us,DEBERA,LUCAS,(605)487-7671,Debera.Lucas@k12.sd.us,DEBERA,LUCAS,(605)487-7671,Debera.Lucas@k12.sd.us,No,Yes,Yes,http://andescentral.k12.sd.us/,No,-9,Yes,No,No,Yes,No,Yes,Yes,Yes,0,12,20,2,Yes,-9,-9,-9,Yes,Yes,No,No,No
SD,SOUTH DAKOTA,4639600,Madison Central School District 39-2,800 NE 9th St,Madison,57042,No,1209,0,3,Yes,Yes,Yes,JOEL,JORGENSON,605-256-7700,joel.jorgenson@k12.sd.us,JOEL,JORGENSON,605-256-7700,joel.jorgenson@k12.sd.us,PAULA,KINGERY,605-256-7717,paula.kingery@k12.sd.us,No,Yes,Yes,https://www.madison.k12.sd.us/o/madison-central-school-district/page/policies--77,Yes,No,No,-9,-9,-9,-9,-9,-9,-9,-9,-9,-9,-9,-9,-9,-9,-9,Yes,Yes,No,No,No
SD,SOUTH DAKOTA,4639990,Lake Preston School District 38-3,300 1st St NE,Lake Preston,57249,No,154,0,3,Yes,Yes,Yes,TIM,CASPER,605-847-4455,tim.casper@k12.sd.us,TIM,CASPER,605-847-4455,tim.casper@k12.sd.us,CATHY,NELSON,605-847-4455,cathy.nelson@k12.sd.us,No,Yes,No,-9,Yes,No,Yes,No,No,Yes,No,Yes,Yes,Yes,0,4,11,14,Yes,-9,-9,-9,Yes,Yes,No,No,No
SD,SOUTH DAKOTA,4640860,Langford Area 45-5,PO Box 127,Langford,57454,No,213,0,4,Yes,Yes,Yes,TONI,BROWN,605-493-6454,Toni.Brown@k12.sd.us,TONI,BROWN,605-493-6454,Toni.Brown@k12.sd.us,MONTE,NIPP,605-493-6454,Monte.Nipp@k12.sd.us,No,Yes,No,-9,No,-9,Yes,No,No,Yes,No,No,Yes,Yes,0,0,7,4,Yes,-9,-9,-9,Yes,Yes,No,No,No
SD,SOUTH DAKOTA,4641300,Lead-Deadwood School District 40-1,320 S Main St,Lead,57754,No,830,4,4,Yes,Yes,Yes,DAN,LEIKVOLD,605-717-3890,dan.leikvold@k12.sd.us,DAN,LEIKVOLD,605-717-3890,dan.leikvold@k12.sd.us,JAY,BEAGLE,605-717-3898,jay.beagle@k12.sd.us,No,Yes,Yes,http://www.lead-deadwood.k12.sd.us/,No,-9,No,-9,-9,-9,-9,-9,-9,-9,-9,-9,-9,-9,-9,-9,-9,-9,Yes,Yes,No,No,No
SD,SOUTH DAKOTA,4641520,Lemmon School District 52-4,209 3rd St W,Lemmon,57638,No,252,0,3,Yes,Yes,Yes,JOSH,ANDERSON,6053743784,josh.anderson@k12.sd.us,STEVEN,BUCKS,6053743762,steve.bucks@k12.sd.us,STEVEN,BUCKS,6053743762,steve.bucks@k12.sd.us,No,Yes,Yes,https://lemmon.k12.sd.us/schoolboard/SitePages/Policies.aspx?WikiPageMode=Edit&amp;InitialTabId=Ribbon.EditingTools.CPEditTab&amp;VisibilityContext=WSSWikiPage,Yes,No,Yes,No,No,Yes,No,No,No,No,0,1,1,0,Yes,-9,-9,-9,Yes,Yes,No,No,No
SD,SOUTH DAKOTA,4641550,Lennox School District 41-4,PO Box 38,Lennox,57039,No,1072,0,5,Yes,Yes,Yes,DAWN,TIMMERMAN,(605)647-2203 x5000,dawn.timmerman@k12.sd.us,DAWN,TIMMERMAN,(605)647-2203 x5000,dawn.timmerman@k12.sd.us,DAWN,TIMMERMAN,(605)647-2203 x5000,dawn.timmerman@k12.sd.us,No,Yes,Yes,http://www.lennox.k12.sd.us/Series%20500%20Policies%20Students%20[3].pdf,Yes,No,Yes,No,No,No,Yes,Yes,Yes,Yes,0,27,63,20,Yes,-9,-9,-9,Yes,Yes,No,No,No
SD,SOUTH DAKOTA,4641640,Leola School District 44-2,PO Box 350,Leola,57456,No,207,0,6,Yes,Yes,Yes,TREVOR,VANTILBURG,605-439-3142,trevor.vantilburg@k12.sd.us,KIM,HILL,605-439-3142,kim.hill@k12.sd.us,BEV,MYER,605-439-3142,bev.myer@k12.sd.us,No,Yes,Yes,https://lsd-k12-ct.schoolloop.com/pf4/cms2_site/view_deployment?d=x&theme_id=i36g1ycau3sa&group_id=1500178973567,No,-9,No,-9,-9,-9,-9,-9,-9,-9,-9,-9,-9,-9,-9,-9,-9,-9,Yes,Yes,No,No,No
SD,SOUTH DAKOTA,4644770,Lyman School District 42-1,PO Box 1000,Presho,57568,No,380,0,4,Yes,Yes,Yes,ROB,DAVIS,(605)895-2579,Rob.Davis@k12.sd.us,ROB,DAVIS,(605)895-2579,Rob.Davis@k12.sd.us,ROBIN,CURTIS,(605)895-2579,robin.curtis@k12.sd.us,No,Yes,Yes,www.lyman.k12.sd.us,No,-9,Yes,Yes,No,No,No,No,No,Yes,0,0,0,17,Yes,-9,-9,-9,Yes,Yes,No,No,No
SD,SOUTH DAKOTA,4644940,Tri-Valley School District 49-6,46450 252nd St,Colton,57018,Yes,943,6,3,Yes,Yes,Yes,NANCY,JOHNSON,(605)446-3538,nancy.j.johnson@k12.sd.us,NANCY,JOHNSON,(605)446-3538,nancy.j.johnson@k12.sd.us,KATE,HAAR,(605)446-3538,kate.haar@k12.sd.us,No,Yes,Yes,http://www.tri-valley.k12.sd.us/MAIN/Forms.html,No,-9,No,-9,-9,-9,-9,-9,-9,-9,-9,-9,-9,-9,-9,-9,-9,-9,Yes,Yes,No,No,No
SD,SOUTH DAKOTA,4645450,Marion School District 60-3,PO Box 207,Marion,57043,No,177,3,3,Yes,Yes,Yes,DAVID,COLBERG,605-648-3615,david.colberg@K12.SD.US,DAVID,COLBERG,605-648-3615,david.colberg@k12.sd.us,DAVID,COLBERG,605-648-3615,katie.minster@k12.sd.us,No,Yes,Yes,marion.k12.sd.us,No,-9,Yes,No,No,Yes,No,No,Yes,Yes,0,0,9,0,Yes,-9,-9,-9,Yes,Yes,No,No,No
SD,SOUTH DAKOTA,4646260,McIntosh School District 15-1,PO Box 80,McIntosh,57641,No,194,0,3,Yes,Yes,Yes,SUE,BUBBERS,(605) 273-4227,Sue.bubbers@k12.sd.us,SUE,BUBBERS,(605) 273-4227,Sue.bubbers@k12.sd.us,SUE,BUBBERS,(605) 273-4227,Sue.bubbers@k12.sd.us,No,Yes,Yes,https://mcintosh.k12.sd.us/BULLYING.pdf,Yes,Yes,Yes,Yes,No,No,No,No,Yes,Yes,0,0,13,0,Yes,-9,-9,-9,Yes,Yes,No,No,No
SD,SOUTH DAKOTA,4646380,McLaughlin School District 15-2,PO Box 880,McLaughlin,57642,No,479,17,3,Yes,Yes,Yes,SCOTT,LEPKE,605-823-4484,scott.lepke@k12.sd.us,SCOTT,LEPKE,605-823-4484,scott.lepke@k12.sd.us,JEREMY,HURD,605-823-4484,jeremy.hurd@k12.sd.us,No,Yes,Yes,http://www.mclaughlin.k12.sd.us/cms/One.aspx?portalId=1831308&pageId=13517693,No,-9,Yes,Yes,No,No,No,Yes,Yes,No,0,13,13,0,Yes,-9,-9,-9,Yes,Yes,No,No,No
SD,SOUTH DAKOTA,4647100,Menno School District 33-2,PO Box 346,Menno,57045,No,286,0,5,Yes,Yes,Yes,CHARLENE,CROSSWAIT,6053875161,charlene.k.crosswait@k12.sd.us,CHARLENE,CROSSWAIT,6053875161,charlene.k.crosswait@k12.sd.us,KATHLEEN,WOLLMANN,6053875161,kathleen.wollmann@k12.sd.us,No,Yes,Yes,menno.k12.sd.us,Yes,No,Yes,No,No,Yes,No,No,No,No,1,2,3,2,No,Yes,No,No,Yes,Yes,No,No,No
SD,SOUTH DAKOTA,4647942,Miller 29-4,PO Box 257,Miller,57362,No,479,2,4,Yes,Yes,Yes,DAN,TREFZ,(605)853-2614,dan.trefz@k12.sd.us,DAN,TREFZ,(605)853-2614,dan.trefz@k12.sd.us,STEVE,SCHUMACHER,(605)853-2614,steve.schumacher@k12.sd.us,No,Yes,Yes,www.miller.k12.sd.us,Yes,No,No,-9,-9,-9,-9,-9,-9,-9,-9,-9,-9,-9,-9,-9,-9,-9,Yes,No,No,Yes,No
SD,SOUTH DAKOTA,4648390,Mitchell School District 17-2,800 W 10th Ave,Mitchell,57301,No,2884,13,7,Yes,Yes,Yes,CORY,AADLAND,605-995-3034,cory.aadland@k12.sd.us,BRITTANY,EIDE,605-995-3051,brittany.eide@k12.sd.us,TRACY,CHRISTENSEN,605-995-3021,tracy.christensen@k12.sd.us,No,Yes,Yes,www.themitchellkernels.com/board-policies,Yes,No,Yes,No,No,Yes,No,No,No,No,3,16,20,11,No,Yes,No,No,Yes,Yes,No,Yes,No
SD,SOUTH DAKOTA,4648780,Montrose School District 43-2,309 S Church Ave,Montrose,57048,No,250,0,1,Yes,Yes,Yes,LONNY,JOHSNON,(605)363-5025,lonny.johnson@k12.sd.us,LONNY,JOHSNON,(605)363-5025,lonny.johnson@k12.sd.us,LONNY,JOHNSON,(605)363-5025,lonny.johnson@k12.sd.us,No,Yes,Yes,https://montrose.k12.sd.us,No,-9,No,-9,-9,-9,-9,-9,-9,-9,-9,-9,-9,-9,-9,-9,-9,-9,Yes,Yes,No,Yes,No
SD,SOUTH DAKOTA,4649650,Mount Vernon School District 17-3,PO Box 46,Mount Vernon,57363,No,243,0,3,Yes,Yes,Yes,ERIC,DENNING,605-236-5237,eric.denning@k12.sd.us,ALLISON,SANDLAND,605-236-5237,allison.sandland@k12.sd.us,PATRICK,MIKKONEN,605-236-5237,pat.mikkonen@k12.sd.us,No,Yes,Yes,http://www.mtvernon.k12.sd.us/District/Forms,Yes,No,Yes,No,No,Yes,No,No,Yes,Yes,0,0,11,5,Yes,-9,-9,-9,Yes,Yes,No,No,No
SD,SOUTH DAKOTA,4650670,New Underwood School District 51-3,PO Box 128,New Underwood,57761,No,237,0,3,Yes,Yes,Yes,GEORGE,SEILER,(605) 754-6485,GEORGE.SEILER@K12.SD.US,GEORGE,SEILER,(605) 754-6485,GEORGE.SEILER@K12.SD.US,GEORGE,SEILER,(605) 754-6485,GEORGE.SEILER@K12.SD.US,No,Yes,No,-9,No,-9,No,-9,-9,-9,-9,-9,-9,-9,-9,-9,-9,-9,-9,-9,-9,-9,Yes,Yes,No,No,No
SD,SOUTH DAKOTA,4650850,Newell School District 09-2,PO Box 99,Newell,57760,No,311,2,3,Yes,Yes,Yes,ROBIN,DUTT,605-456-2393,robin.dutt@k12.sd.us,ROBIN,DUTT,605-456-2393,robin.dutt@k12.sd.us,ROBIN,DUTT,605-456-2393,robin.dutt@k12.sd.us,No,Yes,Yes,https://core-docs.s3.amazonaws.com/uploads/c7b3225fc1e918f2c3f9ee45dbc5665e/ACAA%20Harassment.pdf,No,-9,Yes,No,No,Yes,No,Yes,Yes,Yes,3,2,16,3,Yes,-9,-9,-9,Yes,Yes,No,No,No
SD,SOUTH DAKOTA,4651750,Northwestern Area School District 56-7,PO Box 45,Mellette,57461,No,146,0,4,Yes,Yes,Yes,RYAN,BRUNS,605-887-3467,ryan.bruns@k12.sd.us,RYAN,BRUNS,605-887-3467,ryan.bruns@k12.sd.us,RYAN,BRUNS,605-887-3467,ryan.bruns@k12.sd.us,No,Yes,Yes,www.northwestern.k12.sd.us,Yes,No,Yes,No,No,No,Yes,Yes,Yes,Yes,0,2,8,4,Yes,-9,-9,-9,Yes,Yes,No,No,No
SD,SOUTH DAKOTA,4652770,Oelrichs School District 23-3,PO Box 65,Oelrichs,57763,No,109,0,3,Yes,Yes,Yes,DEANA,CASTRO,6055352631,deana.castro@k12.sd.us,DEANA,CASTRO,60553526311,deana.castro@k12.sd.us,DEANA,CASTRO,6055352631,deana.castro@k12.sd.us,No,Yes,Yes,https://www2.ed.gov/policy/landing.jhtml?src=image,No,-9,Yes,Yes,No,No,No,Yes,Yes,Yes,0,3,2,3,Yes,-9,-9,-9,Yes,Yes,No,No,No
SD,SOUTH DAKOTA,4654270,Parker School District 60-4,PO Box 517,Parker,57053,No,447,0,3,Yes,Yes,Yes,DONAVAN,DEBOER,(605)297-3456,donavan.deboer@k12.sd.us,DONAVAN,DEBOER,(605)297-3456,donavan.deboer@k12.sd.us,DONAVAN,DEBOER,(605)297-3456,donavan.deboer@k12.sd.us,No,Yes,Yes,https://www.parker.k12.sd.us/Page/1700,No,-9,Yes,No,No,Yes,No,No,No,No,0,2,4,0,No,Yes,No,No,Yes,Yes,No,No,No
SD,SOUTH DAKOTA,4654300,Parkston School District 33-3,102C S Chapman Dr,Parkston,57366,Yes,528,0,6,Yes,Yes,Yes,SHAYNE,MCINTOSH,605-928-3368 ext. 203,shayne.mcintosh@k12.sd.us,SHAYNE,MCINTOSH,605-928-3368 ext. 203,shayne.mcintosh@k12.sd.us,SHAYNE,MCINTOSH,605-928-3368 ext. 203,shayne.mcintosh@k12.sd.us,No,Yes,Yes,www.parkston.k12.sd.us,No,-9,Yes,No,Yes,No,No,Yes,Yes,No,0,1,29,0,Yes,-9,-9,-9,Yes,Yes,No,No,No
SD,SOUTH DAKOTA,4655260,Pierre School District 32-2,211 S Poplar Ave,Pierre,57501,Yes,2766,7,5,Yes,Yes,Yes,TROY,WIEBE,605-773-7300,TROY.WIEBE@K12.SD.US,TROY,WIEBE,605-773-7300,TROY.WIEBE@K12.SD.US,TROY,WIEBE,605-773-7300,TROY.WIEBE@K12.SD.US,No,Yes,Yes,"https://sp-pierre.k12.sd.us/_layouts/15/WopiFrame.aspx?sourcedoc=/Pierre%20School%20District%20Policies/Students/J24-Student%20Behavior,%20Bully%20Prevention.pdf&action=default",Yes,No,Yes,No,No,Yes,No,No,No,No,12,15,11,10,No,Yes,No,No,Yes,Yes,No,Yes,No
SD,SOUTH DAKOTA,4655710,Plankinton School District 01-1,PO Box 190,Plankinton,57368,Yes,408,116,5,Yes,Yes,Yes,LEEANN,NUSSBAUM,605-942-7743,LEEANN.NUSSBAUM@K12.SD.US,STEVE,RANDALL,605-942-7743,STEVE.RANDALL@K12.SD.US,LEEANN,NUSSBAUM,605-942-7743,LEEANN.NUSSBAUM@K12.SD.US,No,Yes,Yes,https://plankintonk12sdus.weebly.com/,No,-9,Yes,No,No,Yes,No,No,Yes,Yes,0,0,7,13,Yes,-9,-9,-9,Yes,Yes,No,No,No
SD,SOUTH DAKOTA,4659820,Rapid City Area School District 51-4,300 6th St,Rapid City,57701,Yes,13846,0,25,Yes,Yes,Yes,MATTHEW,SEEBAUM,(303) 909-9591,matthew.seebaum@k12.sd.us,MATTHEW,SEEBAUM,(303) 909-9591,matthew.seebaum@k12.sd.us,MATTHEW,SEEBAUM,(303) 909-9591,matthew.seebaum@k12.sd.us,No,Yes,Yes,https://sdk12.sharepoint.com/teams/RapidCity/PUB-PDFs/Board%20Policies%20Section%20J/JGC%20-%20Student%20Bullying.pdf?slrid=fe24b29e-b07c-7000-5ac5-004bad9fed9c,Yes,No,Yes,No,No,Yes,No,Yes,Yes,Yes,0,0,94,13,No,Yes,Yes,Yes,Yes,Yes,No,No,No
SD,SOUTH DAKOTA,4660450,Redfield School District 56-4,PO Box 560,Redfield,57469,Yes,628,2,5,Yes,Yes,Yes,BRENDA,STOVER,6054724520x1008,brenda.stover@k12.sd.us,BRENDA,STOVER,6054724520x1008,brenda.stover@k12.sd.us,BRENDA,STOVER,6054724520x1008,brenda.stover@k12.sd.us,No,Yes,Yes,www.redfield.k12.sd.us,No,-9,Yes,Yes,No,Yes,No,No,Yes,Yes,0,0,12,18,Yes,-9,-9,-9,Yes,Yes,No,Yes,No
SD,SOUTH DAKOTA,4663360,Rosholt School District 54-4,PO Box 106,Rosholt,57260,No,238,0,4,Yes,Yes,Yes,TERESA,APPEL,605-537-4283,tess.appel@k12.sd.us,TERESA,APPEL,605-537-4283,tess.appel@k12.sd.us,JULIE,KEIFER,605-537-4283,julie.keifer@k12.sd.us,No,Yes,Yes,rosholt.k12.sd.us,Yes,Yes,No,-9,-9,-9,-9,-9,-9,-9,-9,-9,-9,-9,-9,-9,-9,-9,Yes,Yes,No,No,No
SD,SOUTH DAKOTA,4664140,Rutland School District 39-4,102 School St,Rutland,57057,No,176,0,4,Yes,Yes,Yes,BRIAN,BROSNAHAN,605-586-4352,Brian.Brosnahan@k12.sd.us,BRIAN,BROSNAHAN,605-586-4352,Brian.Brosnahan@k12.sd.us,MARIE,IVERS,605-586-4352,Marie.Ivers@k12.sd.us,No,Yes,Yes,https://www.rutland.k12.sd.us/page/3518/article/69,No,-9,Yes,No,No,No,Yes,Yes,Yes,Yes,0,5,7,1,Yes,-9,-9,-9,Yes,Yes,No,No,No
SD,SOUTH DAKOTA,4665180,Scotland School District 04-3,711 4th St,Scotland,57059,No,267,0,3,Yes,Yes,Yes,TIM,HAGEDORN,(605)583-2717 x267,tim.hagedorn@k12.sd.us,TIM,HAGEDORN,(605)583-2717 x267,tim.hagedorn@k12.sd.us,TIM,HAGEDORN,(605)583-2717 x267,tim.hagedorn@k12.sd.us,No,Yes,Yes,www.scotland.k12.sd.us,No,-9,Yes,No,No,Yes,No,No,Yes,Yes,0,0,21,2,Yes,-9,-9,-9,Yes,Yes,No,No,No
SD,SOUTH DAKOTA,4665460,Oglala Lakota County 65-1,PO Box 109,Batesland,57716,No,1463,0,6,Yes,Yes,Yes,OHITIKAN,ZEPHIER,605-455-6721,oi.zephier@k12.sd.us,OHITIKAN,ZEPHIER,605-455-6721,oi.zephier@k12.sd.us,OHITIKAN,ZEPHIER,605-455-6721,oi.zephier@k12.sd.us,No,Yes,Yes,http://www.olcsd.com/Downloads/Policy%20Manual%20continuous%2018-19.docx,No,-9,Yes,Yes,No,No,No,No,Yes,Yes,0,22,62,9,Yes,-9,-9,-9,Yes,Yes,No,No,No
SD,SOUTH DAKOTA,4666270,Sioux Falls School District 49-5,201 E 38th St,Sioux Falls,57105,Yes,24840,63,45,Yes,Yes,Yes,KATE,BARTELL NOWAK,(605)367-4670,Kate.BartellNowak@k12.sd.us,KATE,BARTELL NOWAK,(605)367-4670,Kate.BartellNowak@k12.sd.us,KATE,BARTELL NOWAK,(605)367-4670,Kate.BartellNowak@k12.sd.us,No,Yes,Yes,http://www.sf.k12.sd.us/our-district/district-policies/j-students/jiaa,Yes,No,Yes,Yes,No,Yes,Yes,Yes,Yes,Yes,0,290,627,78,No,Yes,Yes,Yes,Yes,Yes,No,No,No
SD,SOUTH DAKOTA,4666300,Sioux Valley School District 05-5,PO Box 278,Volga,57071,No,713,5,3,Yes,Yes,Yes,MORRIS,RUESINK,605-627-5657,Moe.Ruesink@k12.sd.us,MORRIS,RUESINK,605-627-5657,Moe.Ruesink@k12.sd.us,MORRIS,RUESINK,605-627-5657,Moe.Ruesink@k12.sd.us,No,Yes,Yes,svs.k12.sd.us,Yes,No,Yes,Yes,No,No,No,No,No,No,0,0,0,0,No,Yes,No,No,Yes,Yes,No,No,No
SD,SOUTH DAKOTA,4666930,Spearfish School District 40-2,525 E Illinois St,Spearfish,57783,Yes,2425,0,8,Yes,Yes,Yes,KIRK,EASTON,605-717-1201,keaston@spearfish.k12.sd.us,KIRK,EASTON,605-717-1201,keaston@spearfish.k12.sd.us,SARAH,HEILMAN,605-717-1219,sheilman@spearfish.k12.sd.us,No,Yes,Yes,http://www.spearfish.k12.sd.us/District/Policies/5000/5000%20Table%20of%20Contents.html,No,-9,No,-9,-9,-9,-9,-9,-9,-9,-9,-9,-9,-9,-9,-9,-9,-9,Yes,Yes,No,No,No
SD,SOUTH DAKOTA,4669930,Meade School District 46-1,1230 Douglas St,Sturgis,57785,No,2815,0,11,Yes,Yes,Yes,JEFF,WARD,(605) 347-4454,jeff.ward@k12.sd.us,JEFF,WARD,(605) 347-4454,jeff.ward@k12.sd.us,CHRISSY,PETERSON,(605)347-2523,chrissy.peterson@k12.sd.us,No,Yes,Yes,http://www.meade.k12.sd.us/files/4914/3448/3886/FileJFCE.pdf,No,-9,No,-9,-9,-9,-9,-9,-9,-9,-9,-9,-9,-9,-9,-9,-9,-9,Yes,Yes,No,No,No
SD,SOUTH DAKOTA,4670140,Summit School District 54-6,PO Box 791,Summit,57266,No,173,0,2,Yes,Yes,Yes,MIKE,SCHMIDT,(605) 398-6211,mike.schmidt@k12.sd.us,NICOLE,BLOOM,(605) 398-6211,nicole.bloom@k12.sd.us,MIKE,SCHMIDT,(605) 398-6211,mike.schmidt@k12.sd.us,No,Yes,Yes,http://www.summit.k12.sd.us/sites/default/files/2018-19%20Student%20Handbook%20edited.pdf,Yes,Yes,Yes,Yes,No,No,No,No,Yes,Yes,0,0,13,1,Yes,-9,-9,-9,Yes,Yes,No,No,No
SD,SOUTH DAKOTA,4671880,Timber Lake School District 20-3,PO Box 1000,Timber Lake,57656,No,364,0,3,Yes,Yes,Yes,JULIE,MARSHALL,605-865-3654 x 106,julie.marshall@k12.sd.us,JULIE,MARSHALL,605-865-3654 x 106,julie.marshall@k12.sd.us,MICHELLE,MARTIN,605-865-3654 x 110,michelle.martin@k12.sd.us,No,Yes,Yes,www.timberlakeschool.org,No,-9,Yes,Yes,No,No,No,No,Yes,Yes,0,3,12,9,Yes,-9,-9,-9,Yes,Yes,No,No,No
SD,SOUTH DAKOTA,4672090,Todd County School District 66-1,PO Box 87,Mission,57555,Yes,1958,43,14,Yes,Yes,Yes,MONICA,RAHN,(605)856-3501 X2105,Monica.Rahn@k12.sd.us,MONICA,RAHN,(605)856-3501x2105,Monica.Rahn@k12.sd.us,MONICA,RAHN,(605)856-3501x2105,Monica.Rahn@k12.sd.us,No,Yes,Yes,http://www.tcsdk12.org/page1.html,Yes,No,Yes,No,No,Yes,No,Yes,Yes,Yes,1,10,35,14,Yes,-9,-9,-9,Yes,Yes,No,No,No
SD,SOUTH DAKOTA,4672450,Tripp-Delmont School District 33-5,PO Box 430,Tripp,57376,No,166,0,5,Yes,Yes,Yes,ANDREA,POWELL,6059356766,andrea.powell@k12.sd.us,ANDREA,POWELL,6059356766,andrea.powell@k12.sd.us,ANDREA,POWELL,6059356766,andrea.powell@k12.sd.us,No,Yes,Yes,https://www.tridel.k12.sd.us/domain/57,Yes,No,Yes,Yes,No,No,No,No,Yes,Yes,0,3,7,1,Yes,-9,-9,-9,Yes,Yes,No,No,No
SD,SOUTH DAKOTA,4674370,Vermillion School District 13-1,17 Prospect St,Vermillion,57069,No,1280,0,4,Yes,Yes,Yes,JAYME,MULHERON,6056777000,Jayme.Mulheron@k12.sd.us,JAYME,MULHERON,6056777000,Jayme.Mulheron@k12.sd.us,JAYME,MULHERON,6056777000,Jayme.Mulheron@k12.sd.us,No,Yes,Yes,https://vermillion.k12.sd.us/board-of-education/board-policies/,No,-9,Yes,No,No,No,Yes,Yes,Yes,No,0,11,40,0,Yes,-9,-9,-9,Yes,Yes,No,No,No
SD,SOUTH DAKOTA,4674520,Viborg-Hurley School District 60-6,PO Box 397,Viborg,57070,No,368,2,4,Yes,Yes,Yes,PEGGY,PETERSEN,(605)766-5418,peggy.petersen@k12.sd.us,PEGGY,PETERSEN,(605)766-5418,peggy.petersen@k12.sd.us,CORY,JENSEN,(605)766-5418,cory.jensen@k12.sd.us,No,Yes,Yes,https://core-docs.s3.amazonaws.com/documents/asset/uploaded_file/181394/antibullying_,Yes,Yes,Yes,No,No,Yes,No,No,Yes,Yes,0,0,25,1,Yes,-9,-9,-9,Yes,Yes,No,No,No
SD,SOUTH DAKOTA,4675420,Wagner Community School District 11-4,101 Walnut Ave SW,Wagner,57380,No,956,0,4,Yes,Yes,Yes,LINDA,FOOS,605-384-3677,linda.foos@k12.sd.us,LINDA,FOOS,605-384-3677,linda.foos@k12.sd.us,MISCHELLE,SLABA,605-384-3677,mischelle.slaba@k12.sd.us,No,Yes,Yes,www.wagner.k12.sd.us,No,-9,Yes,No,No,Yes,No,Yes,Yes,No,0,66,70,0,Yes,-9,-9,-9,Yes,Yes,No,No,No
SD,SOUTH DAKOTA,4675600,Smee School District 15-3,PO Box B,Wakpala,57658,No,219,4,3,Yes,Yes,Yes,JAY,SHILLINGSTAD,(605)845-3040,Jay.Shillingstad@k12.sd.us,JAY,SHILLINGSTAD,(605)845-3040,Jay.Shillingstad@k12.sd.us,JAY,SHILLINGSTAD,(605)845-3040,Jay.Shillingstad@k12.sd.us,No,Yes,Yes,www.smee.k12.sd.us,Yes,No,No,-9,-9,-9,-9,-9,-9,-9,-9,-9,-9,-9,-9,-9,-9,-9,Yes,Yes,No,No,No
SD,SOUTH DAKOTA,4675660,Wall School District 51-5,PO Box 414,Wall,57790,No,258,0,4,Yes,Yes,Yes,CHARLES,SYKORA,(605)279-2156,charles.sykora@k12.sd.us,CHARLES,SYKORA,(605)279-2156,charles.sykora@k12.sd.us,CHARLES,SYKORA,(605)279-2156,charles.sykora@k12.sd.us,No,Yes,Yes,https://wall.k12.sd.us/District-Policies-A-Foundations.html,No,-9,No,-9,-9,-9,-9,-9,-9,-9,-9,-9,-9,-9,-9,-9,-9,-9,Yes,Yes,No,No,No
SD,SOUTH DAKOTA,4676020,Warner School District 06-5,PO Box 20,Warner,57479,No,315,0,3,Yes,Yes,Yes,PAMELA,LANE,(605)225-6194,pam.lane@k12.sd.us,PAMELA,LANE,(605)225-6194,pam.lane@k12.sd.us,PAMELA,LANE,(605)225-6194,pam.lane@k12.sd.us,No,Yes,Yes,www.warner.k12.sd.us,No,-9,No,-9,-9,-9,-9,-9,-9,-9,-9,-9,-9,-9,-9,-9,-9,-9,Yes,Yes,No,No,No
SD,SOUTH DAKOTA,4676620,Watertown School District 14-4,PO Box 730,Watertown,57201,No,4085,5,8,Yes,Yes,Yes,JEFF,DANIELSEN,605-882-6312,jeff.danielsen@k12.sd.us,DARRELL,STACEY,605-882-6312,darrell.stacey@k12.sd.us,DARRELL,STACEY,605-882-6312,darrell.stacey@k12.sd.us,No,Yes,Yes,https://www.watertown.k12.sd.us/cms/lib/SD02206515/Centricity/Domain/242/Policy_JICK%20%20Bullying.pdf,Yes,No,Yes,No,No,Yes,Yes,Yes,Yes,Yes,0,26,74,12,Yes,-9,-9,-9,Yes,Yes,No,No,No
SD,SOUTH DAKOTA,4676680,Waubay School District 18-3,202 W School Rd,Waubay,57273,No,174,1,3,Yes,Yes,Yes,DEAN,JONES,605-947-4529,dean.jones@k12.sd.us,DEAN,JONES,605-947-4529,dean.jones@k12.sd.us,DEAN,JONES,605-947-4529,dean.jones@k12.sd.us,No,Yes,Yes,https://docs.wixstatic.com/ugd/c2bb0a_8561adbe0fda460ebed3ddf6e929202a.pdf,No,-9,Yes,Yes,No,No,No,No,Yes,Yes,0,0,11,4,Yes,-9,-9,-9,Yes,Yes,No,No,No
SD,SOUTH DAKOTA,4676740,Waverly School District 14-5,319 Mary Place,Waverly,57201,No,260,1,3,Yes,Yes,Yes,JON,MEYER,(605)886-9174 x105,jon.meyer@k12.sd.us,JON,MEYER,(605)886-9174 x105,jon.meyer@k12.sd.us,JON,MEYER,(605)886-9174 x105,jon.meyer@k12.sd.us,No,Yes,Yes,http://waverly.k12.sd.us/Annual%20Notices/Forms/AllItems.aspx,No,-9,Yes,No,No,Yes,No,No,Yes,Yes,0,0,9,6,Yes,-9,-9,-9,Yes,Yes,No,No,No
SD,SOUTH DAKOTA,4676990,Webster Area 18-5,102 E 9th Ave,Webster,57274,No,563,0,3,Yes,Yes,Yes,JAMES,BLOCK,605-345-3548,jim.block@k12.sd.us,JAMES,BLOCK,605-345-3548,jim.block@k12.sd.us,AMY,MILLER,605-345-4653,amy.miller@k12.sd.us,No,Yes,Yes,http://webster.k12.sd.us/images/files/District_Policy_Manual/AC-NON-DISCRIM.pdf,Yes,Yes,Yes,No,No,Yes,No,No,Yes,Yes,0,0,14,7,Yes,-9,-9,-9,Yes,Yes,No,No,No
SD,SOUTH DAKOTA,4677460,Wessington Springs School District 36-2,PO Box 449,Wessington Springs,57382,No,348,27,6,Yes,Yes,Yes,PANDI,PITTMAN,605-539-9391,pandi.pittman@k12.sd.us,PANDI,PITTMAN,605-539-9391,pandi.pittman@k12.sd.us,CARRIE,AZURE,605-539-9500,carrie.azure@k12.sd.us,No,Yes,Yes,http://www.wessingtonsprings.k12.sd.us/media/wsk12360webcmscom/NON%20DISCRIMINATION%20POLICY.pdf,Yes,No,Yes,No,No,No,Yes,No,No,Yes,0,3,14,18,Yes,-9,-9,-9,Yes,Yes,No,No,No
SD,SOUTH DAKOTA,4678300,Deubrook Area School District 05-6,PO Box 346,White,57276,No,415,0,5,Yes,Yes,Yes,MITCH,REED,605-794-1152 (201),mitch.reed@k12.sd.us,KIMBERLY,KLUDT,605-629-1100,kim.kludt@k12.sd.us,KIMBERLY,KLUDT,605-629-1100,kim.kludt@k12.sd.us,No,Yes,Yes,www.deubrook.com,No,-9,Yes,No,No,No,Yes,Yes,Yes,Yes,0,0,23,3,Yes,-9,-9,-9,Yes,Yes,No,No,No
SD,SOUTH DAKOTA,4678510,White Lake School District 01-3,PO Box 246,White Lake,57383,No,129,0,3,Yes,Yes,Yes,ROBERT,SCHROEDER,(605)249-2251,robert.schroeder@k12.sd.us,ROBERT,SCHROEDER,(605)249-2251,robert.schroeder@k12.sd.us,TERESA,MOELLER,(605)249-2251,teresa.moeller@k12.sd.us,No,Yes,Yes,https://whitelake.k12.sd.us/handbooks/Elementary%20Handbook%20-2018-2019.pdf,Yes,No,Yes,No,No,Yes,No,No,No,No,0,0,11,1,Yes,-9,-9,-9,Yes,Yes,No,Yes,No
SD,SOUTH DAKOTA,4678570,White River School District 47-1,PO Box 273,White River,57579,No,412,0,4,Yes,Yes,Yes,THOMAS,CAMERON,(605)259-3196 x 1402,thomas.cameron@k12.sd.us,THOMAS,CAMERON,(605)259-3196 x 1402,thomas.cameron@k12.sd.us,THOMAS,CAMERON,(605)259-3196 x 1402,thomas.cameron@k12.sd.us,No,Yes,Yes,https://docs.wixstatic.com/ugd/18fbf7_344487adbb394f08b73b0ceaf0405ee8.pdf,Yes,Yes,Yes,No,No,Yes,No,Yes,Yes,Yes,0,3,6,13,Yes,-9,-9,-9,Yes,Yes,No,No,No
SD,SOUTH DAKOTA,4679350,Willow Lake School District 12-3,PO Box 170,Willow Lake,57278,No,257,0,6,Yes,Yes,Yes,DAN,TONAK,6056255945,dan.tonak@k12.sd.us,CHRIS,LEE,6056255945,chris.lee@k12.sd.us,SHAWN,DEWITT,6056255945,shawn.dewitt@k12.sd.us,No,Yes,No,-9,Yes,Yes,Yes,No,No,Yes,No,No,Yes,Yes,0,0,9,3,Yes,-9,-9,-9,Yes,Yes,No,No,No
SD,SOUTH DAKOTA,4679710,Winner School District 59-2,431 EAST 7TH STREET,Winner,57580,No,722,0,3,Yes,Yes,Yes,KEVEN,MOREHART,605-842-8101,KEVEN.MOREHART@K12.SD.US,KEVEN,MOREHART,605-842-8101,KEVEN.MOREHART@K12.SD.US,KEVEN,MOREHART,605-842-8101,KEVEN.MOREHART@K12.SD.US,No,Yes,Yes,WINNER.K12.SD.US,No,-9,No,-9,-9,-9,-9,-9,-9,-9,-9,-9,-9,-9,-9,-9,-9,-9,Yes,Yes,No,No,No
SD,SOUTH DAKOTA,4680100,Wolsey Wessington School District 02-6,375 Ash St SE,Wolsey,57384,No,360,22,3,Yes,Yes,Yes,JAMES,CUTSHAW,(605)883-4221,james.cutshaw@k12.sd.us,JAMES,CUTSHAW,(605)883-4221,james.cutshaw@k12.sd.us,JAMES,CUTSHAW,(605)883-4221,james.cutshaw@k12.sd.us,No,Yes,Yes,https://drive.google.com/file/d/1yGiEEO8cL7pimhd3QuMJTOCFCkavLZrh/view,No,-9,Yes,No,No,No,Yes,Yes,Yes,No,0,9,14,0,Yes,-9,-9,-9,Yes,Yes,No,No,No
SD,SOUTH DAKOTA,4680120,Black Hills Special Services Cooperative,PO Box 218,Sturgis,57785,No,40,0,1,Yes,Yes,Yes,GLORIA,PLUIMER,605-394-5120,GPLUIMER@CLC.TIE.NET,GLORIA,PLUIMER,605-394-5120,GPLUIMER@CLC.TIE.NET,GLORIA,PLUIMER,605-394-5120,GPLUIMER@CLC.TIE.NET,No,Yes,No,-9,No,-9,No,-9,-9,-9,-9,-9,-9,-9,-9,-9,-9,-9,-9,-9,-9,-9,Yes,Yes,No,No,No
SD,SOUTH DAKOTA,4680190,Woonsocket School District 55-4,PO Box 428,Woonsocket,57385,No,241,2,2,Yes,Yes,Yes,ROD,WEBER,605 796 4431,rod.weber@k12.sd.us,ROD,WEBER,6057964431,rod.weber@k12.sd.us,LYNN,KLASS,6057964431,lynn.klaas@k12.sd.us,No,Yes,No,-9,Yes,No,Yes,No,Yes,No,Yes,Yes,Yes,Yes,1,18,24,0,Yes,-9,-9,-9,Yes,Yes,No,No,No
SD,SOUTH DAKOTA,4680430,Yankton School District 63-3,PO Box 738,Yankton,57078,No,2871,0,6,Yes,Yes,Yes,KATHY,WAGNER,605-665-3999,kwagner@ysd.k12.sd.us,KATHY,WAGNER,605-665-3999,kwagner@ysd.k12.sd.us,KATHY,WAGNER,605-665-3999,kwagner@ysd.k12.sd.us,No,Yes,Yes,www.ysd.k12.sd.us,No,-9,Yes,No,No,Yes,No,Yes,Yes,No,0,54,105,0,Yes,-9,-9,-9,Yes,Yes,No,No,No
SD,SOUTH DAKOTA,4680437,Kadoka Area School District 35-2,PO Box 99,Kadoka,57543,No,362,0,6,Yes,Yes,Yes,JAMIE,HERMANN,605-837-2174 ext 100,Jamie.Hermann@k12.sd.us,MIKAELA,O'BRYAN,605-827-2174 ext 106,Mikeala.O'bryan@k12.sd.us,JAMIE,HERMANN,605-837-2174 ext 100,Jamie.Hermann@k12.sd.us,No,Yes,Yes,www.kdoka.k12.sd.us/Page/397,No,-9,Yes,No,No,Yes,No,No,Yes,Yes,0,1,10,0,Yes,-9,-9,-9,Yes,Yes,No,No,No
SD,SOUTH DAKOTA,4680438,Platte - Geddes School District 11-5,PO Box 140,Platte,57369,No,525,0,5,Yes,Yes,Yes,JOEL,BAILEY,(605)337-3391,joel.bailey@k12.sd.us,JOEL,BAILEY,(605)337-3391,joel.bailey@k12.sd.us,JENNIFER,KNECHT,(605)337-2468,jennifer.knecht@k12.sd.us,No,Yes,Yes,https://core-docs.s3.amazonaws.com/documents/asset/uploaded_file/299969/SECTION_J_-_STUDENTS.pdf,Yes,No,No,-9,-9,-9,-9,-9,-9,-9,-9,-9,-9,-9,-9,-9,-9,-9,Yes,Yes,No,Yes,No
SD,SOUTH DAKOTA,4680439,Irene - Wakonda School District 13-3,PO Box 5,Irene,57037,No,327,0,3,Yes,Yes,Yes,BRUCE,BAILEY,605-263-3311,bruce.bailey@k12.sd.us,CHERYL,KNUDSON,605-263-3311,cheryl.knudson@k12.sd.us,DEB,KINNUNEN,605-263-3311,deb.kinnunen@k12.sd.us,No,Yes,No,-9,Yes,No,Yes,No,No,Yes,No,Yes,Yes,Yes,3,14,14,2,Yes,-9,-9,-9,Yes,Yes,No,No,No
SD,SOUTH DAKOTA,4680440,Highmore-Harrold 34-2,PO Box 416,Highmore,57345,No,252,2,3,Yes,Yes,Yes,QUINTON,CERMAK,(605)852-2275,Quinton.Cermak@k12.sd.us,QUINTON,CERMAK,(605)852-2275,Quinton.Cermak@k12.sd.us,HEATHER,TREFZ,(605)852-2275,Heather.Trefz@k12.sd.us,No,Yes,Yes,https://highmore-harrold.k12.sd.us/district/boardpolicies/,No,-9,Yes,No,No,No,Yes,No,Yes,Yes,0,0,11,1,Yes,-9,-9,-9,Yes,Yes,No,No,No
SD,SOUTH DAKOTA,4680441,Mobridge-Pollock 62-6,1107 1st Ave E,Mobridge,57601,No,639,0,4,Yes,Yes,Yes,TROY,STENBERG,6058459200,troy.stenberg@k12.sd.us,TIM,FREDERICK,6058459200,tim.frederick@k12.sd.us,TIM,FREDERICK,6058459200,tim.frederick@k12.sd.us,No,Yes,Yes,www.mobridge-pollock.k12.sd.us,No,-9,Yes,No,No,Yes,No,Yes,Yes,Yes,0,1,4,2,No,Yes,No,No,Yes,Yes,No,No,No
SD,SOUTH DAKOTA,4680445,Corsica-Stickney 21-3,120 S Napoleon Ave,Corsica,57328,No,293,0,3,Yes,Yes,Yes,SCOTT,MUCKEY,(605) 946-5475,scott.muckey@k12.sd.us,SCOTT,MUCKEY,(605) 946-5475,scott.muckey@k12.sd.us,SCOTT,MUCKEY,(605) 946-5475,scott.muckey@k12.sd.us,No,Yes,Yes,https://corsica-stickney.k12.sd.us/,No,-9,Yes,No,No,Yes,No,Yes,Yes,Yes,0,13,16,9,Yes,-9,-9,-9,Yes,Yes,No,No,No
