AL,ALABAMA,100005,Albertville City,107 W Main St,Albertville,35950,No,5445,0,6,Yes,Yes.1,Yes.2,TIMOTHY,TIDMORE,256-891-1183,ttidmore@albertk12.org,TIMOTHY.1,TIDMORE.1,256-891-1183.1,ttidmore@albertk12.org.1,TIMOTHY.2,TIDMORE.2,256-891-1183.2,ttidmore@albertk12.org.2,No.1,Yes.3,Yes.4,www.albertk12.org/apps/pages/index.jsp?uREC_ID=368921&type=d&termREC_ID=&pREC_ID=689254,Yes.5,No.2,Yes.6,Yes.7,Yes.8,Yes.9,No.3,No.4,Yes.10,No.5,1,6.1,127,0.1,Yes.11,-9,-9.1,-9.2,Yes.12,Yes.13,No.6,No.7,No.8
MD,MARYLAND,2400002,Maryland School for the Deaf,101 Clarke Place,Frederick,21705,No,427,0,2,Yes,No,No,STACEY,BUNDY,301-360-2032,stacey.bundy@msd.edu,-9,-9,-9,-9,-9,-9,-9,-9,No,Yes,Yes,https://www.msd.edu/apps/pages/index.jsp?uREC_ID=1114335&type=d&pREC_ID=1292235,Yes,No,Yes,Yes,No,No,No,No,No,No,7,32,30,31,No,Yes,No,No,Yes,Yes,No,No,No
MD,MARYLAND,2400027,SEED School of Maryland,200 Font Hill Avenue,Baltimore,21223,No,401,0,1,Yes,Yes,Yes,THOMAS,FINGADO,410-843-9477x717,thomasf@seedschoolmd.org,ERICA,ASIKOYE,410-843-9477x201,easikoye@seedschoolmd.org,PATERICIA,RICHARDSON,410-843-8477x609,pricharson@seedschoolmd.org,No,Yes,Yes,www.seedschoolmd.org,No,-9,No,-9,-9,-9,-9,-9,-9,-9,-9,-9,-9,-9,-9,-9,-9,-9,No,-9,-9,-9,-9
MD,MARYLAND,2400360,Garrett County Public Schools,40 South Second Street,Oakland,21550,No,3811,0,12,Yes,Yes,Yes,LAUVER,PHIL,(301)334-8938,phil.lauver@garrettcountyschools.org,LAUVER,PHIL,(301)334-8938,phil.lauver@garrettcountyschools.org,RAYBOLD,HEATHER,(301)334-7655,heather.raybold@garrettcountyschools.org,No,Yes,Yes,http://www.garrettcountyschools.org/resources/gcps/policies/400/453_0.htm,No,-9,Yes,Yes,No,No,No,Yes,Yes,Yes,0,11,133,17,Yes,-9,-9,-9,Yes,Yes,No,No,No
MD,MARYLAND,2400450,Kent County Public Schools,5608 Boundary Avenue,Rock Hall,21661,No,1994,4,5,Yes,Yes,Yes,TRACEY,WILLIAMS,410-810-3170,twilliams@kent.k12.md.us,TRACEY,WILLIAMS,410-810-3170,twilliams@kent.k12.md.us,TRACEY,WILLIAMS,410-810-3170,"twilliams@kent.k12,md,us",No,Yes,Yes,http://www.kent.k12.md.us/Bullying.aspx,Yes,No,Yes,Yes,No,No,No,Yes,Yes,Yes,23,10,3,5,Yes,-9,-9,-9,Yes,Yes,No,No,No
MD,MARYLAND,2400570,Somerset County Public Schools,7982-A Tawes Campus Drive,Westover,21871,No,2930,0,9,Yes,Yes,Yes,LEO,LAWSON,410-621-6224,llawson@somerset.k12.md.us,TRACEY,COTTMAN,410-621-6239,tcottman@somerset.k12.md.us,CHERYL,O'NEAL,410-623-6268,coneal@somerset.k12.md.us,No,Yes,Yes,http://www.somerset.k12.md.us/BOE/School%20Board/Board%20Policies/Policies/600-34.pdf,Yes,No,Yes,Yes,No,Yes,No,No,Yes,Yes,0,1,189,19,Yes,-9,-9,-9,Yes,Yes,No,No,No
MD,MARYLAND,24SOP01,THE MARYLAND SCHOOL F/T BLIND,3501 TAYLOR AVENUE,BALTIMORE,21235,No,194,0,1,Yes,Yes,Yes,LAUREN,PAPPAS,(410)444-5000 x1469,laurenp@mdschblind.org,LAUREN,PAPPAS,(410)444-5000 x1469,laurenp@mdschblind.org,ROB,HAIR,(410)444-5000 x1710,robh@mdschblind.org,No,Yes,No,-9,No,-9,Yes,Yes,No,Yes,No,Yes,Yes,Yes,0,12,11,12,No,Yes,No,Yes,Yes,Yes,No,No,No
MD,MARYLAND,24SOP02,Maryland State Department of Education-Juvenile Services Education Program,200 West Baltimore Street,Baltimore,21201,Yes,699,0,12,Yes,Yes,Yes,KIM,JOHNSON,(410)767-0426,kim.johnson2@maryland.gov,KIM,JOHNSON,(410)767-0426,kim.johnson2@maryland.gov,KIM,JOHNSON,(410)767-0426,kim.johnson2@maryland.gov,No,Yes,No,-9,No,-9,No,-9,-9,-9,-9,-9,-9,-9,-9,-9,-9,-9,-9,-9,-9,-9,No,-9,-9,-9,-9
