State Postal Code,State FIPS Code,District ID,Name,Estimated Total Population,Estimated Population 5-17,Estimated number of relevant children 5 to 17 years old in poverty who are related to the householder
MD,24,150,Calvert County Public Schools,91502,16447,1039
MD,24,360,Garrett County Public Schools,29233,4063,716
MD,24,450,Kent County Public Schools,19384,2275,443
MD,24,540,Queen Annes County Public Schools,49770,8300,660
MD,24,570,Somerset County Public Schools,25918,3192,982
MD,24,630,Talbot County Public Schools,37103,5088,708
