State Postal Code,State FIPS Code,District ID,Name,Estimated Total Population,Estimated Population 5-17,Estimated number of relevant children 5 to 17 years old in poverty who are related to the householder
MD,24,30,Allegany County Public Schools,71615,9235,1993
MD,24,60,Anne Arundel County Public Schools,573235,92510,6913
MD,24,90,Baltimore City Public Schools,611648,87173,25415
MD,24,120,Baltimore County Public Schools,832468,130927,12464
MD,24,150,Calvert County Public Schools,91502,16447,1039
MD,24,180,Caroline County Public Schools,33193,5871,1042
MD,24,210,Carroll County Public Schools,167781,27688,1348
MD,24,240,Cecil County Public Schools,102746,17670,2146
MD,24,270,Charles County Public Schools,159700,28936,2635
MD,24,300,Dorchester County Public Schools,32162,4965,1274
MD,24,330,Frederick County Public Schools,252022,43836,3074
MD,24,360,Garrett County Public Schools,29233,4063,716
MD,24,390,Harford County Public Schools,252160,42321,3341
MD,24,420,Howard County Public Schools,321113,59283,3631
MD,24,450,Kent County Public Schools,19384,2275,443
MD,24,480,Montgomery County Public Schools,1058810,179429,15919
MD,24,510,Prince George's County Public Schools,912756,143818,15729
MD,24,540,Queen Annes County Public Schools,49770,8300,660
MD,24,570,Somerset County Public Schools,25918,3192,982
MD,24,600,St. Marys County Public Schools,112667,20326,2309
MD,24,630,Talbot County Public Schools,37103,5088,708
MD,24,660,Washington County Public Schools,150578,24493,3919
MD,24,690,Wicomico County Public Schools,102923,16516,3257
MD,24,720,Worcester County Public Schools,51690,6759,1080
