State Postal Code,State FIPS Code,District ID,Name,Estimated Total Population,Estimated Population 5-17,Estimated number of relevant children 5 to 17 years old in poverty who are related to the householder
NM,35,30,Alamogordo Public Schools,44672,6725,1713
NM,35,60,Albuquerque Public Schools,682454,111255,18802
NM,35,90,Animas Public Schools,1025,164,49
NM,35,120,Artesia Public Schools,19285,3750,794
NM,35,150,Aztec Municipal Schools,17955,3401,543
NM,35,180,Belen Consolidated Schools,30144,5119,1180
NM,35,210,Bernalillo Public Schools,26404,4258,934
NM,35,240,Bloomfield Municipal Schools,17579,3571,928
NM,35,270,Capitan Municipal Schools,4021,529,152
NM,35,300,Carlsbad Municipal Schools,35913,6519,1268
NM,35,330,Carrizozo Municipal Schools,1455,167,74
NM,35,390,Central Consolidated Schools,32296,7052,2566
NM,35,420,Chama Valley Independent Schools,2819,360,92
NM,35,480,Cimarron Public Schools,3130,371,104
NM,35,510,Clayton Public Schools,3659,509,135
NM,35,540,Cloudcroft Municipal Schools,3092,326,114
NM,35,570,Clovis Municipal Schools,46415,8541,2284
NM,35,600,Cobre Consolidated Schools,7631,1165,330
NM,35,630,Corona Municipal Schools,431,51,11
NM,35,660,Cuba Independent Schools,4962,972,462
NM,35,690,Deming Public Schools,24078,4466,1803
NM,35,720,Des Moines Municipal Schools,515,77,11
NM,35,750,Dexter Consolidated Schools,3610,827,172
NM,35,790,Dora Consolidated Schools,616,100,29
NM,35,810,Dulce Independent Schools,3383,756,248
NM,35,840,Elida Municipal Schools,406,60,13
NM,35,900,Española Municipal Schools,36085,6114,1794
NM,35,930,Estancia Municipal Schools,4551,678,149
NM,35,960,Eunice Municipal Schools,3439,719,148
NM,35,990,Farmington Municipal Schools,59096,11459,2616
NM,35,1020,Floyd Municipal Schools,494,104,25
NM,35,1050,Fort Sumner Municipal Schools,1829,324,99
NM,35,1080,Gadsden Independent Schools,64998,14710,6952
NM,35,1110,Gallup-McKinley County Schools,64564,14077,6410
NM,35,1140,Grady Municipal Schools,345,47,12
NM,35,1170,Grants-Cibola County Schools,26724,4638,1684
NM,35,1200,Hagerman Municipal Schools,2497,525,103
NM,35,1230,Hatch Valley Municipal Schools,5973,1408,603
NM,35,1260,Hobbs Municipal Schools,45695,9964,2035
NM,35,1290,Hondo Valley Public Schools,911,166,42
NM,35,1320,House Municipal Schools,238,33,8
NM,35,1350,Jal Public Schools,2290,467,50
NM,35,1380,Jemez Mountain Public Schools,1461,233,115
NM,35,1410,Jemez Valley Public Schools,5306,803,170
NM,35,1470,Lake Arthur Municipal Schools,698,155,30
NM,35,1500,Las Cruces Public Schools,153652,25323,8021
NM,35,1530,Las Vegas City Public Schools,12607,1708,524
NM,35,1590,Logan Municipal Schools,1214,160,36
NM,35,1620,Lordsburg Municipal Schools,3280,555,199
NM,35,1650,Los Alamos Public Schools,18738,3217,101
NM,35,1680,Los Lunas Public Schools,48107,8978,1875
NM,35,1710,Loving Municipal Schools,1988,451,83
NM,35,1740,Lovington Public Schools,15807,3656,577
NM,35,1770,Magdalena Municipal Schools,2802,591,216
NM,35,1800,Maxwell Municipal Schools,382,62,18
NM,35,1830,Melrose Public Schools,1177,184,33
NM,35,1980,Mesa Vista Consolidated Schools,2639,332,116
NM,35,1860,Mora Independent Schools,3780,519,124
NM,35,1890,Moriarty Municipal Schools,22774,3854,774
NM,35,1920,Mosquero Municipal Schools,249,24,8
NM,35,1950,Mountainair Public Schools,1764,258,140
NM,35,2010,Pecos Independent Schools,4691,684,175
NM,35,2040,Peñasco Independent Schools,3333,498,162
NM,35,2070,Pojoaque Valley Public Schools,9437,1616,313
NM,35,2100,Portales Municipal Schools,17131,2884,907
NM,35,2130,Quemado Independent Schools,1890,173,99
NM,35,2160,Questa Independent Schools,3925,530,196
NM,35,2190,Raton Public Schools,7070,1047,283
NM,35,2220,Reserve Independent Schools,1820,174,42
NM,35,10,Rio Rancho Public Schools,96798,18286,2601
NM,35,2250,Roswell Independent Schools,57839,11200,2499
NM,35,2280,Roy Municipal Schools,398,36,7
NM,35,2310,Ruidoso Municipal Schools,12687,1760,466
NM,35,2340,San Jon Municipal Schools,438,83,22
NM,35,2370,Santa Fe Public Schools,122210,16366,2592
NM,35,2400,Santa Rosa Consolidated Schools,4210,641,195
NM,35,2430,Silver City Consolidated Schools,20056,3004,878
NM,35,2460,Socorro Consolidated Schools,11616,1776,663
NM,35,2490,Springer Municipal Schools,1605,176,49
NM,35,2520,Taos Municipal Schools,24959,3430,953
NM,35,2550,Tatum Municipal Schools,1534,337,44
NM,35,2580,Texico Municipal Schools,2184,464,149
NM,35,2610,Truth or Consequences Schools,11116,1206,497
NM,35,2640,Tucumcari Public Schools,6379,1060,384
NM,35,2670,Tularosa Municipal Schools,9009,1725,411
NM,35,1,Vaughn Municipal Schools,650,114,22
NM,35,2730,Wagon Mound Public Schools,569,60,52
NM,35,1560,West Las Vegas Public Schools,10406,1424,657
NM,35,2800,Zuni Public Schools,8006,1604,748
