AL,ALABAMA,100005,Albertville City,107 W Main St,Albertville,35950,No,5445,0,6,Yes,Yes.1,Yes.2,TIMOTHY,TIDMORE,256-891-1183,ttidmore@albertk12.org,TIMOTHY.1,TIDMORE.1,256-891-1183.1,ttidmore@albertk12.org.1,TIMOTHY.2,TIDMORE.2,256-891-1183.2,ttidmore@albertk12.org.2,No.1,Yes.3,Yes.4,www.albertk12.org/apps/pages/index.jsp?uREC_ID=368921&type=d&termREC_ID=&pREC_ID=689254,Yes.5,No.2,Yes.6,Yes.7,Yes.8,Yes.9,No.3,No.4,Yes.10,No.5,1,6.1,127,0.1,Yes.11,-9,-9.1,-9.2,Yes.12,Yes.13,No.6,No.7,No.8
ID,IDAHO,1600090,ARBON ELEMENTARY DISTRICT,4405 ARBON VALLEY HIGHWAY,ARBON,83212,No,18,0,1,Yes,Yes,Yes,CHRISTIE,EVANS,2083352197,christie.evans@arbonvalley.com,CHRISTIE,EVANS,2083352197,christie.evans@arbonvalley.com,CHRISTIE,EVANS,2083352197,christie.evans@arbonvalley.com,No,No,-9,-9,No,-9,No,-9,-9,-9,-9,-9,-9,-9,-9,-9,-9,-9,-9,-9,-9,-9,Yes,No,No,Yes,No
ID,IDAHO,1600138,SALMON RIVER JOINT SCHOOL DISTRICT,PO BOX 872,RIGGINS,83549,No,118,0,2,Yes,Yes,Yes,JIM,DORAMUS,208-630-6027,doramusj@jsd243.org,JIM,DORAMUS,208-630-6027,doramusj@jsd243.org,JERI,BEST,208-630-6025,bestj@jsd243.org,No,Yes,Yes,www.jsd243.org/board-of-trustees/board-policy,No,-9,Yes,No,No,Yes,No,Yes,Yes,Yes,0,5,10,1,Yes,-9,-9,-9,Yes,No,No,Yes,No
ID,IDAHO,1600145,IDAHO SCIENCE AND TECHNOLOGY CHARTER SCHOOL INC.,21 N 550 W,BLACKFOOT,83221,No,217,0,1,Yes,Yes,Yes,TAMI,DORTCH,(208)782-7857,tami.dortch@istcharter.org,TAMI,DORTCH,(208)782-7857,tami.dortch@istcharter.org,CYNTHIA,LEMON,(208)782-7857,cynthia.lemon@istcharter.org,No,Yes,Yes,https://www.idahoscience.com/files/user/42/file/3295%20Hazing%2CHarassment%2CIntimidation%2CBullying%2CCyberbullying%2CMenacing-07102017123101.pdf,No,-9,No,-9,-9,-9,-9,-9,-9,-9,-9,-9,-9,-9,-9,-9,-9,-9,No,-9,-9,-9,-9
ID,IDAHO,1600148,IDAHO VIRTUAL EDUCATION PARTNERS INC.,PO Box 125,Star,83669,No,196,46,2,Yes,Yes,Yes,VICKE,MCCULLOUGH,208-475-3093,vickie.mccullough@iconschool.org,VICKIE,MCCULLOUGH,208-475-3093,vickie.mccullough@iconschool.org,SHIRLEY,WILLIAMSON,208-475-3093,shirley.williamson@iconschool.org,No,Yes,Yes,www.iconschool.org,No,-9,No,-9,-9,-9,-9,-9,-9,-9,-9,-9,-9,-9,-9,-9,-9,-9,No,-9,-9,-9,-9
ID,IDAHO,1600150,AVERY ELEMENTARY DISTRICT,PO BOX 7,AVERY,83802,No,12,0,1,Yes,Yes,Yes,ROBERT,VIAN,208-245-2479,vianr@sd394.com,ROBERT,VIAN,208-245-2479,vianr@sd394.com,ROBERT,VIAN,208-245-2479,vianr@sd394.com,No,Yes,Yes,WWW.sd394.com,No,-9,No,-9,-9,-9,-9,-9,-9,-9,-9,-9,-9,-9,-9,-9,-9,-9,Yes,Yes,No,No,No
ID,IDAHO,1600151,PALOUSE PRAIRIE EDUCATIONAL ORGANIZATION INC.,PO BOX 9511,MOSCOW,83843,No,191,0,1,Yes,Yes,Yes,JENEILLE,BRANEN,208-882-3684,jbranen@palouseprairieschool.org,JENEILLE,BRANEN,208-882-3684,jbranen@palouseprairieschool.org,JENEILLE,BRANEN,208-882-3684,jbranen@palouseprairieschool.org,No,Yes,Yes,https://palouseprairieschool.org/wp-content/uploads/2018/12/3295.pdf,No,-9,No,-9,-9,-9,-9,-9,-9,-9,-9,-9,-9,-9,-9,-9,-9,-9,Yes,Yes,No,No,No
ID,IDAHO,1600152,CANYON-OWYHEE SCHOOL SERVICE AGENCY (COSSA),109 PENNY LANE,WILDER,83676,No,115,0,1,Yes,No,Yes,HAROLD,NEVILL,(208)482-6074,nevillh@cossaschools.org,-9,-9,-9,-9,CHYNNA,HIRASAKI,(208)482-6074,hirasaki@cossaschools.org,No,Yes,Yes,"www.cossaschools,org",No,-9,No,-9,-9,-9,-9,-9,-9,-9,-9,-9,-9,-9,-9,-9,-9,-9,No,-9,-9,-9,-9
ID,IDAHO,1600154,MONTICELLO MONTESSORI CHARTER SCHOOL INC.,4707 SOUTH SWEETWATER WAY,AMMON,83406,No,192,0,1,Yes,Yes,Yes,CAISA,CALL,2084190742,caisa@monticellomontessori.com,EMI,WALKER,2084190742,emi@monticellomontessori.com,SHAUNA,GARNER,2084190742,shauna@monticellomontessori.com,No,Yes,Yes,https://drive.google.com/drive/folders/170dn7PTZe0C606BRi9ce-Qr1LKX2evNG,No,-9,Yes,No,No,No,Yes,No,Yes,No,0,0,15,0,Yes,-9,-9,-9,Yes,No,No,Yes,No
ID,IDAHO,1600159,HERITAGE ACADEMY INC.,500 S LINCOLN AVE,JEROME,83338,No,171,0,1,Yes,Yes,Yes,REBECCA,HIGGINS,(208)595-1617,rhiggins@heritageacademyid.org,CHRISTINE,IVIE,(208)595-1617,civie@heritageacademyid.org,CHRISTINE,IVIE,(208)595-1617,civie@heritageacademyid.org,No,Yes,Yes,www.heritageacademyid.org,No,-9,No,-9,-9,-9,-9,-9,-9,-9,-9,-9,-9,-9,-9,-9,-9,-9,Yes,Yes,No,No,No
ID,IDAHO,1600163,CHIEF TAHGEE ELEMENTARY ACADEMY INC.,34 SOUTH HI-LINE ROAD,FORT HALL,83203,No,90,90,1,Yes,Yes,Yes,CYD A.,CRUE,208-406-6639,cyd.crue@cteacademy.org,CYD A.,CRUE,208-406-6639,cyd.crue@cteacademy.org,CYD A.,CRUE,208-406-6639,cyd.crue@cteacademy.org,No,Yes,Yes,www.cteacademy.org,No,-9,No,-9,-9,-9,-9,-9,-9,-9,-9,-9,-9,-9,-9,-9,-9,-9,Yes,Yes,No,No,No
ID,IDAHO,1600166,SYRINGA MOUNTAIN SCHOOL INC.,4021 Glenbrook Drive,HAILEY,83333,No,126,0,1,Yes,Yes,Yes,NIGEL,WHITTINGTON,2088062880 x1,nwhittington@syringamountainschool.org,NIGEL,WHITTINGTON,2088062880 x1,nwhittington@syringamountainschool.org,JULIE,EVANS,2088062880 x3,jevans@syringamountainschool.org,No,Yes,Yes,https://syringamountainschool.org/wp-content/uploads/Family-Handbook-FINAL.pdf,Yes,No,No,-9,-9,-9,-9,-9,-9,-9,-9,-9,-9,-9,-9,-9,-9,-9,Yes,No,Yes,Yes,No
ID,IDAHO,1600169,IDAHO STEM ACADEMY INC.,1350 PARKWAY DRIVE #18,BLACKFOOT,83221,No,119,0,1,Yes,Yes,Yes,KELLY JO,FISK,208-557-4003,kfisk@bingham.academy,KELLY JO,FISK,208-557-4003,kfisk@bingham.academy,KELLY JO,FISK,208-557-4003,kfisk@bingham.academy,No,Yes,Yes,https://drive.google.com/file/d/1YqOgohl_E3pwFeG3Q3p0l_ygkb16bRBj/view,No,-9,No,-9,-9,-9,-9,-9,-9,-9,-9,-9,-9,-9,-9,-9,-9,-9,No,-9,-9,-9,-9
ID,IDAHO,1600170,UPPER CARMEN PUBLIC CHARTER SCHOOL INC.,PO BOX 33,CARMEN,83462,No,118,0,2,Yes,Yes,Yes,JIM,SMITH,208-303-7518,countrypsych@yahoo.com,JIM,SMITH,208-303-7518,countrypsych@yahoo.com,JIM,SMITH,208-303-7518,countrypsych@yahoo.com,No,Yes,Yes,uppercarmencharter.com,No,-9,No,-9,-9,-9,-9,-9,-9,-9,-9,-9,-9,-9,-9,-9,-9,-9,Yes,Yes,No,No,No
ID,IDAHO,1600171,IDAHO COLLEGE AND CAREER READINESS ACADEMY INC.,1965 SOUTH EAGLE ROAD SUITE 1,MERIDIAN,83642,No,102,0,1,Yes,Yes,Yes,MONTI,PITTMAN,2089172420 x1001,mpittman@k12.com,MONTI,PITTMAN,2089172420 x1001,mpittman@k12.com,MONTI,PITTMAN,2089172420 x1001,mpittman@k12.com,No,Yes,Yes,https://itca.k12.com/title-ix-non-discrimination.html,No,-9,No,-9,-9,-9,-9,-9,-9,-9,-9,-9,-9,-9,-9,-9,-9,-9,No,-9,-9,-9,-9
ID,IDAHO,1600177,GEM PREP: POCATELLO INC.,PO BOX 338,DEARY,83823,No,147,0,1,Yes,Yes,Yes,GERALD,LOVE,208-238-1388,geraldlove@gemprep.org,GERALD,LOVE,208-238-1388,geraldlove@gemprep.org,GERALD,LOVE,208-238-1388,geraldlove@gemprep.org,No,Yes,Yes,https://drive.google.com/drive/folders/0B6BhKvPFr1DUN1oxcmtCb00zbWc,No,-9,No,-9,-9,-9,-9,-9,-9,-9,-9,-9,-9,-9,-9,-9,-9,-9,Yes,No,No,Yes,No
ID,IDAHO,1600183,PATHWAYS IN EDUCATION - NAMPA INC.,124 HOLLY STREET,NAMPA,83686,No,74,0,1,Yes,Yes,Yes,JONATHAN,MORSE,(626)204-2587,jmorse@pathwaysedu.org,JONATHAN,MORSE,(626)204-2587,jmorse@pathwaysedu.org,JONATHAN,MORSE,(626)204-2587,jmorse@pathwaysedu.org,No,Yes,Yes,http://id.pathwaysineducation.org/files/2018/08/PIE-Nampa-Student-Handbook-18-19-digital.pdf,No,-9,No,-9,-9,-9,-9,-9,-9,-9,-9,-9,-9,-9,-9,-9,-9,-9,No,-9,-9,-9,-9
ID,IDAHO,1600330,BLISS JOINT DISTRICT,PO BOX 115,BLISS,83314,No,135,0,1,Yes,Yes,Yes,KEVIN,LANCASTER,(208)352-4445,kevin.lancaster@bliss234.org,KEVIN,LANCASTER,(208)352-4445,kevin.lancaster@bliss234.org,KEVIN,LANCASTER,(208)352-4445,kevin.lancaster@bliss234.org,No,Yes,Yes,www.bliss234.org,No,-9,No,-9,-9,-9,-9,-9,-9,-9,-9,-9,-9,-9,-9,-9,-9,-9,Yes,Yes,No,No,No
ID,IDAHO,1600540,CAMAS COUNTY DISTRICT,610 SOLDIAR ROAD,FAIRFIELD,83327,No,161,0,2,Yes,Yes,Yes,NATHAN,WHITTLE,208-764-2625,nwhittle@camascountyschools.org,NATHAN,WHITTLE,208-764-2625,nwhittle@camascountyschools.org,NATHAN,WHITTLE,208-764-2625,nwhittle@camascountyschools.org,No,Yes,Yes,https://drive.google.com/file/d/1CCfX51NuJvgcYenGjsz4YfveLhrrIUIH/view,No,-9,No,-9,-9,-9,-9,-9,-9,-9,-9,-9,-9,-9,-9,-9,-9,-9,Yes,Yes,No,No,No
ID,IDAHO,1600570,CAMBRIDGE JOINT DISTRICT,PO BOX 39,CAMBRIDGE,83610,No,126,0,2,Yes,Yes,Yes,EDWARD,SCHUMACHER,(208)257-3311,eschumacher@cambridge432.org,EDWARD,SCHUMACHER,(208)257-3311,eschumacher@cambridge432.org,ANNE,DUNN,(208)2573312,adunn@cambridge432.org,No,Yes,Yes,cambridge432.org,No,-9,Yes,No,No,No,Yes,No,Yes,Yes,0,0,6,8,Yes,-9,-9,-9,Yes,No,No,Yes,No
ID,IDAHO,1600630,CASCADE DISTRICT,PO BOX 291,CASCADE,83611,No,221,203,2,Yes,Yes,Yes,SARTORI,PAL,208-630-6057,pal@cascadeschools.org,DAVENPORT,BEVERLY,208-630-6057,bev@cascadeschools.org,DAVENPORT,BEVERLY,208-630-6057,bev@cascadeschools.org,No,Yes,Yes,https://5a243c6b-a-2c2bd247-s-sites.googlegroups.com/a/cascadeschools.org/cascade-schools/Home/policies/personnel/5265.pdf?attachauth=ANoY7cpSP5u8eU8rO-EoXCFJLitePuenvm1v_mb5JCVnhgPAWq-z7dGNWFTvSvcRuKVaJacbxwo-p_YhEqeleGDeuqPfem-QAXe0G11xyTkL5vNjsc6ZA8On,No,-9,Yes,No,No,Yes,No,No,No,No,0,0,2,5,No,Yes,Yes,Yes,Yes,No,No,Yes,No
ID,IDAHO,1600750,CLARK COUNTY DISTRICT,PO BOX 237,DUBOIS,83423,No,141,0,2,Yes,Yes,Yes,PAULA,GORDON,(208)374-5215,gordonp@mudlake.net,PAULA,GORDON,(208)374-5215,gordonp@mudlake.net,PAULA,GORDON,(208)374-5215,gordonp@mudlake.net,No,Yes,Yes,http://www.clarkcountyschools161.org/,No,-9,Yes,No,No,Yes,No,No,Yes,No,0,0,8,0,Yes,-9,-9,-9,Yes,No,No,Yes,No
ID,IDAHO,1600870,CULDESAC JOINT DISTRICT,600 CULDESAC AVENUE,CULDESAC,83524,No,90,0,1,Yes,Yes,Yes,ALAN,FELGENHAUER,208-843-5413,alanf@culsch.org,ALAN,FELGENHAUER,208-843-5413,alanf@culsch.org,ALAN,FELGENHAUER,208-843-5413,alanf@culsch.org,No,Yes,Yes,https://www.culsch.org/wp-content/uploads/2019/02/SECTION-700-Students.pdf,No,-9,Yes,No,No,Yes,No,Yes,No,No,0,1,4,2,Yes,-9,-9,-9,Yes,Yes,No,No,No
ID,IDAHO,1600900,DIETRICH DISTRICT,406 NORTH PARK STREET,DIETRICH,83324,No,217,0,1,Yes,Yes,Yes,STEFANIE,SHAW,(208)544-2158 x 100,stefanies@dietrichschools.org,STEFANIE,SHAW,(208)544-2158x100,stefanies@dietrichschools.org,STEFANIE,SHAW,(208)544-2158x100,stefanies@dietrichschools.org,No,Yes,Yes,https://sites.google.com/a/sd314.k12.id.us/school-board/home,No,-9,No,-9,-9,-9,-9,-9,-9,-9,-9,-9,-9,-9,-9,-9,-9,-9,Yes,No,No,Yes,No
ID,IDAHO,1601170,GARDEN VALLEY DISTRICT,PO BOX 710,GARDEN VALLEY,83622,Yes,220,0,2,Yes,Yes,Yes,STEPHANY,CORN,208-462-3515,SCORN@GVSD.NET,STEPHANY,CORN,208-462-3515,SCORN@GVSD.NET,GREG,ALEXANDER,208-365-0839,GALEXANDER@ISD221.NET,No,Yes,Yes,GVSD.NET,No,-9,Yes,No,No,Yes,No,No,Yes,No,0,0,15,0,Yes,-9,-9,-9,Yes,Yes,No,No,No
ID,IDAHO,1601440,HIGHLAND JOINT DISTRICT,PO BOX 130,CRAIGMONT,83523,No,180,171,1,Yes,Yes,Yes,SARAH,HATFIELD,(208)924-5211 x2502,shatfield@sd305.org,SARAH,HATFIELD,(208)924-5211 x 2502,shatfield@sd305.org,SARAH,HATFIELD,(208)924-5211 x 2502,shatfield@sd305.org,No,Yes,Yes,www.sd305.org,No,-9,Yes,Yes,No,No,No,Yes,Yes,Yes,0,2,4,1,No,Yes,Yes,Yes,Yes,No,No,Yes,No
ID,IDAHO,1601500,HORSESHOE BEND SCHOOL DISTRICT,398 SCHOOL DRIVE,HORSESHOE BEND,83629,No,222,0,3,Yes,Yes,Yes,DENNIS,CHESNUT,208-793-2225,chesnutd@hsbschools.org,DENNIS,CHESNUT,208-793-2225,chesnutd@hsbschools.org,KELSEY,WILLIAMS,208-793-2225,williamsk@hsbschools.org,No,Yes,Yes,https://www.hsbschools.org/school_board/legal_notices,No,-9,Yes,No,No,Yes,No,No,No,Yes,0,0,7,9,Yes,-9,-9,-9,Yes,Yes,No,No,No
ID,IDAHO,1601740,KOOTENAI DISTRICT,13030 E OGARA ROAD,HARRISON,83833,No,138,0,2,Yes,Yes,Yes,ALISHA,MCDEVITT,2086893311,amcdevitt@sd274.com,ALISHA,MCDEVITT,2086893311,amcdevitt@sd274.com,ALISHA,MCDEVITT,2086893311,amcdevitt@sd274.com,No,Yes,Yes,www.sd274.com,No,-9,No,-9,-9,-9,-9,-9,-9,-9,-9,-9,-9,-9,-9,-9,-9,-9,Yes,Yes,No,No,No
ID,IDAHO,1602060,MEADOWS VALLEY DISTRICT,PO BOX DRAWER F,NEW MEADOWS,83654,No,180,0,1,Yes,Yes,Yes,MICHAEL,HOWARD,2083472411,mihoward@mvsd11.org,MICHAEL,HOWARD,2083472411,mihoward@mvsd11.org,MICHAEL,HOWARD,2083472411,mihoward@mvsd11.org,No,Yes,Yes,www.mvsd11.org,No,-9,Yes,No,No,Yes,No,Yes,Yes,No,0,10,8,0,Yes,-9,-9,-9,Yes,No,No,Yes,No
ID,IDAHO,1602160,MIDVALE DISTRICT,PO BOX 130,MIDVALE,83645,No,112,0,2,Yes,Yes,Yes,KYLEE,MORRIS,(208)355-2234x103,morrisk@msd433.org,KYLEE,MORRIS,(208)355-2234x103,morrisk@msd433.org,JENNIFER,BESEL,(208)355-2234x133,beselj@msd433.org,No,Yes,Yes,www.midvaleschools.org,No,-9,Yes,No,No,Yes,No,Yes,Yes,Yes,0,3,7,3,Yes,-9,-9,-9,Yes,Yes,No,No,No
ID,IDAHO,1602280,MULLAN DISTRICT,345 PARK AVENUE,MULLAN,83846,No,105,0,2,Yes,Yes,Yes,SHERRY,LEITZ,208-744-1126,sleitz@mullanschools.com,HEATHER,BRANSTETTER,208-744-1126,hbranstetter@mullanschools.com,HEATHER,BRANSTETTER,208-744-1126,hbranstetter@mullanschools.com,No,Yes,No,-9,No,-9,Yes,No,No,Yes,No,No,No,No,0,1,1,0,No,Yes,No,No,Yes,Yes,No,No,No
ID,IDAHO,1602400,NEZPERCE JOINT DISTRICT,PO BOX 279,NEZPERCE,83543,No,161,0,1,Yes,Yes,Yes,SHAWN,TIEGS,2089372551,stiegs@nezpercesd.us,SHAWN,TIEGS,2089372551,stiegs@nezpercesd.us,EMILY,BENZING,2089372551,ebenzing@nezpercesd.us,No,Yes,Yes,https://drive.google.com/open?id=0B_Helxh8_Wj9OWFWa2lFU2s0c28,No,-9,Yes,No,No,Yes,No,Yes,Yes,Yes,0,1,11,6,Yes,-9,-9,-9,Yes,Yes,No,No,No
ID,IDAHO,1602430,NORTH GEM DISTRICT,360 SOUTH MAIN STREET,BANCROFT,83217,No,170,0,3,Yes,Yes,Yes,DAVID,SOTUTU,2086487848,dsotutu@sd149.com,DAVID,SOTUTU,2086487848,dsotutu@sd149.com,DAVID,SOTUTU,1086487848,dostutu@sd149.com,No,Yes,Yes,http://www.sd149.com/wp-content/uploads/district/policy/pol%20290.pdf,No,-9,Yes,No,No,Yes,No,No,No,No,0,2,3,0,No,Yes,Yes,Yes,Yes,No,No,Yes,No
ID,IDAHO,1602610,PLEASANT VALLEY ELEMENTARY DISTRICT,PO BOX 119,JORDAN VALLEY,97910,No,10,10,1,Yes,Yes,Yes,RENE,MAESTREJUAN,(208)583-2420,RMAESTREJUAN@PLEASANTVALLEYSCHOOLS.ORG,RENE,MAESTREJUAN,(208)583-2420,RMAESTREJUAN@PLEASANTVALLEYSCHOOLS.ORG,RENE,MAESTREJUAN,(208)583-2420,RMAESTREJUAN@PLEASANTVALLEYSCHOOLS.ORG,No,Yes,No,-9,No,-9,No,-9,-9,-9,-9,-9,-9,-9,-9,-9,-9,-9,-9,-9,-9,-9,Yes,Yes,No,No,No
ID,IDAHO,1602730,PRAIRIE ELEMENTARY DISTRICT,73 Smith Creek Road,PRAIRIE,83647,No,5,0,1,Yes,Yes,Yes,ANISSA,BURGESS,208-868-3229,prairiesd191@gmail.com,ANISSA,BURGESS,208-868-3229,prairiesd191@gmail.com,ANISSA,BURGESS,208-868-3229,Prairiesd191@gmail.com,No,Yes,No,-9,No,-9,Yes,No,No,Yes,No,Yes,Yes,No,0,2,0,0,Yes,-9,-9,-9,No,-9,-9,-9,-9
ID,IDAHO,1602760,RICHFIELD DISTRICT,555 NORTH TIGER DRIVE,RICHFIELD,83349,No,186,0,1,Yes,Yes,Yes,KAREN,LEZAMIZ,208-358-3763,kareleza@richfieldsd.org,KATRINA,MCHAN,208-316-0354,katrmcha@richfieldsd.org,CATHERINE,MARTINEZ,208-316-6804,cathmart@richfieldsd.org,No,Yes,Yes,www.richfieldsd.org,No,-9,Yes,No,No,Yes,No,No,No,No,0,1,1,0,No,Yes,Yes,Yes,Yes,Yes,No,No,No
ID,IDAHO,1602820,ROCKLAND DISTRICT,321 EAST CENTER STREET,ROCKLAND,83271,No,180,0,1,Yes,Yes,Yes,GREG,LARSON,2085482221,LARSGREG@RBULLDOGS.ORG,GREG,LARSON,2085482221,LARSGREG@RBULLDOGS.ORG,GREG,LARSON,2085482221,LARSGREG@RBULLDOGS.ORG,No,Yes,Yes,https://rbulldogs-my.sharepoint.com/personal/mathews_rbulldogs_org/Documents/Forms/All.aspx?RootFolder=%2Fpersonal%2Fmathews%5Frbulldogs%5Forg%2FDocuments%2FPublic%20Documents%20for%20Website%2FPolicies&FolderCTID=0x0120001588560DF7E12641BD9340309A2A51A7,No,-9,No,-9,-9,-9,-9,-9,-9,-9,-9,-9,-9,-9,-9,-9,-9,-9,Yes,No,No,Yes,No
ID,IDAHO,1603030,SOUTH LEMHI DISTRICT,PO BOX 119,LEADORE,83464,No,98,0,2,Yes,Yes,Yes,KEVIN,RAMSEY,(208)768-2441,kpramsey@leadoreschool.org,KEVIN,RAMSEY,(208)768-2441,kpramsey@leadoreschool.org,KEVIN,RAMSEY,(208)768-2441,kpramsey@leadoreschool.org,No,Yes,Yes,www.leadoreschool.org,No,-9,No,-9,-9,-9,-9,-9,-9,-9,-9,-9,-9,-9,-9,-9,-9,-9,Yes,No,No,Yes,No
ID,IDAHO,1603120,SWAN VALLEY ELEMENTARY DISTRICT,PO BOX 220,IRWIN,83428,No,49,0,1,Yes,Yes,Yes,MICHAEL,JACOBSON,208-483-2405,mjacobson@sveidaho.com,MICHAEL,JACOBSON,208-483-2405,mjacobson@sveidaho.com,MICHAEL,JACOBSON,208-483-2405,mjacobson@sveidaho.com,No,Yes,Yes,http://sd92.k12.id.us/policy-manual.php,No,-9,Yes,No,No,Yes,No,Yes,Yes,Yes,0,1,6,1,Yes,-9,-9,-9,Yes,Yes,No,No,No
ID,IDAHO,1603210,THREE CREEK JOINT ELEMENTARY DISTRICT,49907 THREE CREEK ROAD,ROGERSON,83302,No,7,0,1,Yes,Yes,Yes,DENA,POLLOCK,(208) 857-2281,admin@threecreekschool.org,DENA,POLLOCK,(208) 857-2281,admin@threecreekschool.org,DENA,POLLOCK,(208) 857-2281,admin@threecreekschool.org,No,No,-9,-9,No,-9,No,-9,-9,-9,-9,-9,-9,-9,-9,-9,-9,-9,-9,-9,-9,-9,No,-9,-9,-9,-9
ID,IDAHO,1603511,IDAHO BUREAU OF EDUCATIONAL SERVICES FOR THE DEAF AND THE BL,1450 MAIN STREET,GOODING,83330,No,97,0,1,Yes,Yes,Yes,SHELLEY,COMSTOCK,(208)934-4457,shelley.comstock@iesdb.org,DAVE,SPARKS,(208)934-4457,dave.sparks@iesdb.org,GRETCHEN,SPOONER,(208)934-4457,gretchen.spooner@iesdb.org,No,Yes,Yes,https://rds.iesdb.org/ivisions/EmployeeResources/InformationCenter/tabid/58/Default.aspx,No,-9,Yes,Yes,No,Yes,No,No,No,Yes,0,3,4,1,No,Yes,No,No,Yes,Yes,No,Yes,No
