State Postal Code,State FIPS Code,District ID,Name,Estimated Total Population,Estimated Population 5-17,Estimated number of relevant children 5 to 17 years old in poverty who are related to the householder
ID,16,90,Arbon Elementary School District 383,135,20,6
ID,16,150,Avery School District 394,333,37,6
ID,16,330,Bliss Joint School District 234,733,141,28
ID,16,540,Camas County School District 121,1102,208,21
ID,16,570,Cambridge Joint School District 432,1149,142,37
ID,16,750,Clark County School District 161,873,179,34
ID,16,870,Culdesac Joint School District 342,908,113,24
ID,16,900,Dietrich School District 314,834,237,44
ID,16,1200,Genesee Joint School District 282,1811,369,42
ID,16,1440,Highland Joint School District 305,1502,220,31
ID,16,1680,Kendrick Joint School District 283,1823,215,22
ID,16,1900,Mackay Joint School District 182,1416,176,24
ID,16,2160,Midvale School District 433,659,84,26
ID,16,2280,Mullan School District 392,754,99,39
ID,16,2310,Murtaugh Joint School District 418,1135,285,37
ID,16,2400,Nezperce Joint School District 302,951,189,21
ID,16,2430,North Gem School District 149,830,196,19
ID,16,2460,Notus School District 135,1943,420,40
ID,16,2610,Pleasant Valley Elementary School District 364,99,10,2
ID,16,2730,Prairie Elementary School District 191,108,17,3
ID,16,2820,Rockland School District 382,534,146,19
ID,16,138,Salmon River School District 243,1472,161,22
ID,16,3030,South Lemhi School District 292,620,93,16
ID,16,3120,Swan Valley Elementary School District 92,833,94,8
ID,16,3210,Three Creek Joint Elementary School District 416,75,12,4
ID,16,9,Troy School District 287,2089,387,24
ID,16,10,Whitepine Joint School District 288,1745,312,25
