AL,ALABAMA,100005,Albertville City,107 W Main St,Albertville,35950,No,5445,0,6,Yes,Yes.1,Yes.2,TIMOTHY,TIDMORE,256-891-1183,ttidmore@albertk12.org,TIMOTHY.1,TIDMORE.1,256-891-1183.1,ttidmore@albertk12.org.1,TIMOTHY.2,TIDMORE.2,256-891-1183.2,ttidmore@albertk12.org.2,No.1,Yes.3,Yes.4,www.albertk12.org/apps/pages/index.jsp?uREC_ID=368921&type=d&termREC_ID=&pREC_ID=689254,Yes.5,No.2,Yes.6,Yes.7,Yes.8,Yes.9,No.3,No.4,Yes.10,No.5,1,6.1,127,0.1,Yes.11,-9,-9.1,-9.2,Yes.12,Yes.13,No.6,No.7,No.8
ID,IDAHO,1600001,WEST BONNER COUNTY DISTRICT,134 MAIN STREET,PRIEST RIVER,83856,No,1109,0,6,Yes,Yes,Yes,JEFF,PROCTOR,208-448-4439,JeffProctor@sd83.org,JEFF,PROCTOR,208-448-4439,JeffProctor@sd83.org,JEFF,PROCTOR,208-448-4439,JeffProctor@sd83.org,No,Yes,Yes,www.sd83.org,No,-9,Yes,No,No,Yes,No,Yes,Yes,No,0,5,9,0,No,Yes,No,No,Yes,Yes,No,No,No
ID,IDAHO,1600002,LAKE PEND OREILLE SCHOOL DISTRICT,901 NORTH TRIANGLE DRIVE,PONDERAY,83852,Yes,3627,0,13,Yes,Yes,Yes,SHAWN,WOODWARD,208-263-2184,shawn.woodward@lposd.org,SHAWN,WOODWARD,208-263-2184,shawn.woodward@lposd.org,JACQUE,JOHNSON,208-263-3020,jacquelyn.johnson@lposd.org,No,Yes,Yes,lposd.org,No,-9,Yes,No,No,Yes,No,Yes,Yes,Yes,0,18,23,1,Yes,-9,-9,-9,Yes,Yes,Yes,Yes,No
ID,IDAHO,1600003,VICTORY CHARTER SCHOOL INC.,9779 Kris Jensen Lane,NAMPA,83686,No,403,0,1,Yes,Yes,Yes,GAYLE,O'DONAHUE,(208)442-9400,godonahue@victorycharterschool.net,GAYLE,O'DONAHUE,(208)442-9400,godonahue@victorycharterschool.net,ERICA,GERBER,(208)442-9400,egerber@victorycharterschool.net,No,Yes,Yes,http://victorycharterschool.net/other-school-policies/,No,-9,No,-9,-9,-9,-9,-9,-9,-9,-9,-9,-9,-9,-9,-9,-9,-9,Yes,No,No,Yes,No
ID,IDAHO,1600004,IDAHO VIRTUAL ACADEMY INC.,1965 SOUTH EAGLE ROAD SUITE 190,MERIDIAN,83642,No,1843,0,2,Yes,Yes,Yes,ALEX,ZAMORA,(208)740-9965,azamora@idahova.org,ALEX,ZAMORA,(208)740-9965,azamora@idahova.org,ALEX,ZAMORA,(208)740-9965,azamora@idahova.org,No,Yes,Yes,https://idva.k12.com/title-ix-non-discrimination.html,No,-9,No,-9,-9,-9,-9,-9,-9,-9,-9,-9,-9,-9,-9,-9,-9,-9,Yes,No,No,Yes,No
ID,IDAHO,1600006,ROLLING HILLS PUBLIC CHARTER SCHOOL INC.,8900 HORSESHOE BEND ROAD,BOISE,83714,No,260,0,1,Yes,Yes,Yes,SHANE,PRATT,(208)939-5400,spratt@rhpcs.org,SHANE,PRATT,(208)939-5400,spratt@rhpcs.org,SHANE,PRATT,(208)939-5400,spratt@rhpcs.org,No,Yes,Yes,https://rhcschoolboard.weebly.com/policies.html,No,-9,No,-9,-9,-9,-9,-9,-9,-9,-9,-9,-9,-9,-9,-9,-9,-9,Yes,Yes,Yes,Yes,No
ID,IDAHO,1600007,COMPASS PUBLIC CHARTER SCHOOL INC.,2511 WEST CHERRY LANE,MERIDIAN,83642,No,918,0,2,Yes,Yes,Yes,PATRICIA,BARNES,(208)888-5847,pbarnes@compasscharter.org,PATRICIA,BARNES,(208)888-5847,pbarnes@compasscharter.org,PATRICIA,BARNES,(208)888-5847,pbarnes@compasscharter.org,No,Yes,Yes,www.compasscharter.org,No,-9,No,-9,-9,-9,-9,-9,-9,-9,-9,-9,-9,-9,-9,-9,-9,-9,Yes,Yes,No,No,No
ID,IDAHO,1600008,FALCON RIDGE PUBLIC CHARTER SCHOOL INC.,278 SOUTH TEN MILE,KUNA,83634,No,264,0,1,Yes,Yes,Yes,MARK,GREEN,2089229228,mgreen@falconridgecharter.org,MARK,GREEN,2089229228,mgreen@falconridgecharter.org,MARK,GREEN,2089229228,mgreen@falconridgecharter.org,No,Yes,Yes,http://www.falconridgecharter.org/board-financial-statements/policy-manual,No,-9,No,-9,-9,-9,-9,-9,-9,-9,-9,-9,-9,-9,-9,-9,-9,-9,Yes,No,No,Yes,No
ID,IDAHO,1600009,TROY SCHOOL DISTRICT,PO BOX 280,TROY,83871,No,259,1,2,Yes,Yes,Yes,JAMES,STONER,208-835-2361,jstoner@troysd287.org,KLAIRE,VOGT,208-835-4261,kvogt@troysd287.org,KLAIRE,VOGT,208-835-4261,kvogt@troysd287.org,No,Yes,Yes,http://www.sd287.k12.id.us/,No,-9,Yes,No,No,Yes,No,No,No,Yes,0,0,0,1,No,Yes,Yes,Yes,Yes,Yes,No,No,No
ID,IDAHO,1600010,WHITEPINE JOINT SCHOOL DISTRICT,PO BOX 249,DEARY,83823,No,231,0,2,Yes,Yes,Yes,CHRISTY,CASTRO,208-877-1408,ccastro@sd288.k12.id.us,CHRISTY,CASTRO,208-877-1408,ccastro@sd288.k12.id.us,CHRISTY,CASTRO,208-877-1408,ccastro@sd288.k12.id.us,No,Yes,Yes,www.sd288.k12.id.us,No,-9,Yes,No,No,Yes,No,Yes,Yes,No,0,12,12,0,Yes,-9,-9,-9,Yes,Yes,No,No,No
ID,IDAHO,1600011,INSPIRE ACADEMICS INC.,600 NORTH STEELHEAD WAY,BOISE,83704,No,1180,0,1,Yes,Yes,Yes,KAREN,HAINES,208-576-4438,khaines@inspire.connectionsacademy.org,KAREN,HAINES,208-576-4438,khaines@inspire.connectionsacademy.org,LISA,PERRY,208-576-4534,lperry@inspire.connectionsacademy.org,No,Yes,Yes,https://www.connexus.com/library/launch.aspx?id=80188,No,-9,No,-9,-9,-9,-9,-9,-9,-9,-9,-9,-9,-9,-9,-9,-9,-9,Yes,Yes,Yes,No,No
ID,IDAHO,1600012,LIBERTY CHARTER SCHOOL INC.,9955 Kris Jensen Lane,NAMPA,83686,No,418,0,1,Yes,Yes,Yes,MARK,WACHSMUTH,(208)466-7952,mwachsmuth@libertycharterschool.com,MARK,WACHSMUTH,(208)466-7952,mwachsmuth@libertycharterschool.com,ERICA,GERBER,(208)466-7952,egerber@libertycharterschool.com,No,Yes,Yes,http://www.libertycharterschool.com/school-policies.html,No,-9,No,-9,-9,-9,-9,-9,-9,-9,-9,-9,-9,-9,-9,-9,-9,-9,Yes,No,No,Yes,No
ID,IDAHO,1600014,THE ACADEMY INC.,1295 ALPINE AVENUE,CHUBBUCK,83202,No,552,0,1,Yes,Yes,Yes,JOEL,LOVSTEDT,208-232-1447,joel.lovstedt@academycharter.net,JOEL,LOVSTEDT,208-232-1447,joel.lovstedt@academycharter.net,JOEL,LOVSTEDT,208-232-1447,joel.lovstedt@academycharter.net,No,Yes,Yes,https://academycharter.net/apps/pages/index.jsp?uREC_ID=381590&type=d,No,-9,No,-9,-9,-9,-9,-9,-9,-9,-9,-9,-9,-9,-9,-9,-9,-9,Yes,No,No,Yes,No
ID,IDAHO,1600015,TAYLOR'S CROSSING PUBLIC CHARTER SCHOOL INC.,1445 NORTH WOOD RIVER DRIVE,IDAHO FALLS,83401,No,393,0,1,Yes,Yes,Yes,THERESA,ADELIZZI,(208)552-0397,tadelizzi@tceagles.com,DANIEL,WENDT,(208)552-0397,dwendt@tceagles.com,DANIEL,WENDT,(208)552-0397,dwendt@tceagles.com,No,Yes,Yes,http://www.tceagles.com/documents-and-postings.html,No,-9,No,-9,-9,-9,-9,-9,-9,-9,-9,-9,-9,-9,-9,-9,-9,-9,Yes,No,No,Yes,No
ID,IDAHO,1600030,ABERDEEN DISTRICT,PO BOX 610,ABERDEEN,83210,No,733,0,3,Yes,Yes,Yes,JANE,WARD,208-397-4113,jane@aberdeen58.org,JANE,WARD,208-397-4113,jane@aberdeen58.org,JANE,WARD,208-397-4113,jane@aberdeen58.org,No,Yes,Yes,http://www.aberdeen58.org/?page_id=5281,No,-9,Yes,No,No,Yes,No,No,No,Yes,0,1,8,3,No,Yes,Yes,Yes,Yes,No,No,Yes,No
ID,IDAHO,1600060,AMERICAN FALLS JOINT DISTRICT,827 FORT HALL AVENUE,AMERICAN FALLS,83211,No,1418,0,5,Yes,Yes,Yes,CHRIS,TORGESEN,208-226-5173,christ@sd381.k12.id.us,CHRIS,TORGESEN,208-226-5173,christ@sd381.k12.id.us,CLIFF,HART,208-226-5173,cliffh@sd381.k12.id.us,No,Yes,Yes,https://www.sd381.k12.id.us/,Yes,Yes,Yes,Yes,No,Yes,No,Yes,Yes,Yes,2,3,2,1,No,Yes,Yes,Yes,Yes,Yes,No,Yes,No
ID,IDAHO,1600090,ARBON ELEMENTARY DISTRICT,4405 ARBON VALLEY HIGHWAY,ARBON,83212,No,18,0,1,Yes,Yes,Yes,CHRISTIE,EVANS,2083352197,christie.evans@arbonvalley.com,CHRISTIE,EVANS,2083352197,christie.evans@arbonvalley.com,CHRISTIE,EVANS,2083352197,christie.evans@arbonvalley.com,No,No,-9,-9,No,-9,No,-9,-9,-9,-9,-9,-9,-9,-9,-9,-9,-9,-9,-9,-9,-9,Yes,No,No,Yes,No
ID,IDAHO,1600138,SALMON RIVER JOINT SCHOOL DISTRICT,PO BOX 872,RIGGINS,83549,No,118,0,2,Yes,Yes,Yes,JIM,DORAMUS,208-630-6027,doramusj@jsd243.org,JIM,DORAMUS,208-630-6027,doramusj@jsd243.org,JERI,BEST,208-630-6025,bestj@jsd243.org,No,Yes,Yes,www.jsd243.org/board-of-trustees/board-policy,No,-9,Yes,No,No,Yes,No,Yes,Yes,Yes,0,5,10,1,Yes,-9,-9,-9,Yes,No,No,Yes,No
ID,IDAHO,1600139,MOUNTAIN VIEW SCHOOL DISTRICT,714 JEFFERSON STREET,GRANGEVILLE,83530,No,1216,0,5,Yes,Yes,Yes,CODY,WEDDLE,(208) 790-3014,weddlec@sd244.org,CODY,WEDDLE,(208) 790-3014,weddlec@sd244.org,CODY,WEDDLE,(208) 790-3014,weddlec@sd244.org,No,Yes,No,-9,No,-9,Yes,Yes,No,No,No,No,No,No,0,0,0,0,No,Yes,No,No,Yes,Yes,No,No,No
ID,IDAHO,1600140,XAVIER CHARTER SCHOOL INC.,1218 NORTH COLLEGE ROAD WEST,TWIN FALLS,83301,No,709,0,1,Yes,Yes,Yes,GARY,MOON,(208)734-3947,gmoon@xaviercharter.org,GARY,MOON,(208)734-3947,gmoon@xaviercharter.org,GARY,MOON,(208)734-3947,gmoon@xaviercharter.org,No,Yes,Yes,https://xaviercharter.org/wp-content/uploads/2019/02/Policy-3295-Harassment.pdf,No,-9,No,-9,-9,-9,-9,-9,-9,-9,-9,-9,-9,-9,-9,-9,-9,-9,Yes,No,No,Yes,No
ID,IDAHO,1600141,VISION CHARTER SCHOOL INC.,19291 WARD ROAD,CALDWELL,83605,No,702,702,1,Yes,Yes,Yes,WENDY,OLDENKAMP,208-455-9220 x301,wendyoldenkamp@visioncsd.org,WENDY,OLDENKAMP,208-455-9220 x301,wendyoldenkamp@visioncsd.org,HEATHER,BURTON,208-455-9220 x311,heatherburton@visioncsd.org,No,Yes,Yes,https://visioncharter.net/policies/,No,-9,No,-9,-9,-9,-9,-9,-9,-9,-9,-9,-9,-9,-9,-9,-9,-9,Yes,Yes,No,No,No
ID,IDAHO,1600142,WHITE PINE CHARTER SCHOOL INC.,2959 EAST JOHN ADAMS PARKWAY,AMMON,83406,No,447,0,1,Yes,Yes,Yes,JEREMY,CLARKE,2085224432,clarkeje@wpcscougars.org,JEREMY,CLARKE,2085224432,clarkeje@wpcscougars.org,JEREMY,CLARKE,2085224432,clarkeje@wpcscougars.org,No,Yes,Yes,https://whitepinecharterschool.org/wp-content/uploads/policies/JICL%20Bullying.pdf,No,-9,Yes,No,Yes,Yes,No,No,No,Yes,0,0,0,56,Yes,-9,-9,-9,Yes,No,Yes,Yes,No
ID,IDAHO,1600143,NORTH VALLEY ACADEMY INC.,906 Main St.,GOODING,83330,No,233,0,1,Yes,Yes,Yes,JEFF,KLAMM,2089616106,klammj@nvapatriots.us,JEFF,KLAMM,2089616106,klammj@nvapatriots.us,JEFF,KLAMM,2089616106,klammj@nvapatriots.us,No,Yes,Yes,http://northvalleyacademy.org/about/our-charter/,No,-9,No,-9,-9,-9,-9,-9,-9,-9,-9,-9,-9,-9,-9,-9,-9,-9,Yes,Yes,No,No,No
ID,IDAHO,1600144,ISUCCEED VIRTUAL HIGH SCHOOL INC.,6148 NORTH DISCOVERY WAY SUITE 120,BOISE,83713,No,408,0,1,Yes,Yes,Yes,CLAYTON,TREHAL,208-375-3116,ctrehal@isucceedvhs.net,CLAYTON,TREHAL,208-375-3116,ctrehal@isucceedvhs.net,CYRSTAL,SISTONI,208-375-3116,csistoni@isucceedvhs.net,No,Yes,Yes,https://docs.google.com/document/d/1QKl7BExs6eIJtbzZ1Cq2i0rqD8SlJ0VaOwleZB4xPyI/edit?usp=sharing,No,-9,No,-9,-9,-9,-9,-9,-9,-9,-9,-9,-9,-9,-9,-9,-9,-9,No,-9,-9,-9,-9
ID,IDAHO,1600145,IDAHO SCIENCE AND TECHNOLOGY CHARTER SCHOOL INC.,21 N 550 W,BLACKFOOT,83221,No,217,0,1,Yes,Yes,Yes,TAMI,DORTCH,(208)782-7857,tami.dortch@istcharter.org,TAMI,DORTCH,(208)782-7857,tami.dortch@istcharter.org,CYNTHIA,LEMON,(208)782-7857,cynthia.lemon@istcharter.org,No,Yes,Yes,https://www.idahoscience.com/files/user/42/file/3295%20Hazing%2CHarassment%2CIntimidation%2CBullying%2CCyberbullying%2CMenacing-07102017123101.pdf,No,-9,No,-9,-9,-9,-9,-9,-9,-9,-9,-9,-9,-9,-9,-9,-9,-9,No,-9,-9,-9,-9
ID,IDAHO,1600148,IDAHO VIRTUAL EDUCATION PARTNERS INC.,PO Box 125,Star,83669,No,196,46,2,Yes,Yes,Yes,VICKE,MCCULLOUGH,208-475-3093,vickie.mccullough@iconschool.org,VICKIE,MCCULLOUGH,208-475-3093,vickie.mccullough@iconschool.org,SHIRLEY,WILLIAMSON,208-475-3093,shirley.williamson@iconschool.org,No,Yes,Yes,www.iconschool.org,No,-9,No,-9,-9,-9,-9,-9,-9,-9,-9,-9,-9,-9,-9,-9,-9,-9,No,-9,-9,-9,-9
ID,IDAHO,1600149,THE KOOTENAI BRIDGE ACADEMY INC.,637 NORTH PARK DRIVE,COEUR D'ALENE,83814,No,310,0,1,Yes,Yes,Yes,CHARLES,KENNA,208-930-4515,kootenaibridgeacademy@gmail.com,CHARLES,KENNA,208-930-4515,kootenaibridgeacademy@gmail.com,MARCIA,DETTMANN,208-930-4515,kootenaibridgeacademy@gmail.com,No,Yes,No,-9,No,-9,No,-9,-9,-9,-9,-9,-9,-9,-9,-9,-9,-9,-9,-9,-9,-9,No,-9,-9,-9,-9
ID,IDAHO,1600150,AVERY ELEMENTARY DISTRICT,PO BOX 7,AVERY,83802,No,12,0,1,Yes,Yes,Yes,ROBERT,VIAN,208-245-2479,vianr@sd394.com,ROBERT,VIAN,208-245-2479,vianr@sd394.com,ROBERT,VIAN,208-245-2479,vianr@sd394.com,No,Yes,Yes,WWW.sd394.com,No,-9,No,-9,-9,-9,-9,-9,-9,-9,-9,-9,-9,-9,-9,-9,-9,-9,Yes,Yes,No,No,No
ID,IDAHO,1600151,PALOUSE PRAIRIE EDUCATIONAL ORGANIZATION INC.,PO BOX 9511,MOSCOW,83843,No,191,0,1,Yes,Yes,Yes,JENEILLE,BRANEN,208-882-3684,jbranen@palouseprairieschool.org,JENEILLE,BRANEN,208-882-3684,jbranen@palouseprairieschool.org,JENEILLE,BRANEN,208-882-3684,jbranen@palouseprairieschool.org,No,Yes,Yes,https://palouseprairieschool.org/wp-content/uploads/2018/12/3295.pdf,No,-9,No,-9,-9,-9,-9,-9,-9,-9,-9,-9,-9,-9,-9,-9,-9,-9,Yes,Yes,No,No,No
ID,IDAHO,1600152,CANYON-OWYHEE SCHOOL SERVICE AGENCY (COSSA),109 PENNY LANE,WILDER,83676,No,115,0,1,Yes,No,Yes,HAROLD,NEVILL,(208)482-6074,nevillh@cossaschools.org,-9,-9,-9,-9,CHYNNA,HIRASAKI,(208)482-6074,hirasaki@cossaschools.org,No,Yes,Yes,"www.cossaschools,org",No,-9,No,-9,-9,-9,-9,-9,-9,-9,-9,-9,-9,-9,-9,-9,-9,-9,No,-9,-9,-9,-9
ID,IDAHO,1600153,BLACKFOOT CHARTER COMMUNITY LEARNING CENTER INC.,2801 HUNTERS LOOP,BLACKFOOT,83221,No,613,0,1,Yes,Yes,Yes,DEBRA,STEELE,208-782-0744,dsteele@bcclc.com,DEBRA,STEELE,208-782-0744,kdsteele@bcclc.com,DEBRA,STEELE,208-782-0744,dsteele@bcclc.com,No,Yes,Yes,https://drive.google.com/file/d/1YqOgohl_E3pwFeG3Q3p0l_ygkb16bRBj/view,No,-9,No,-9,-9,-9,-9,-9,-9,-9,-9,-9,-9,-9,-9,-9,-9,-9,Yes,Yes,No,No,No
ID,IDAHO,1600154,MONTICELLO MONTESSORI CHARTER SCHOOL INC.,4707 SOUTH SWEETWATER WAY,AMMON,83406,No,192,0,1,Yes,Yes,Yes,CAISA,CALL,2084190742,caisa@monticellomontessori.com,EMI,WALKER,2084190742,emi@monticellomontessori.com,SHAUNA,GARNER,2084190742,shauna@monticellomontessori.com,No,Yes,Yes,https://drive.google.com/drive/folders/170dn7PTZe0C606BRi9ce-Qr1LKX2evNG,No,-9,Yes,No,No,No,Yes,No,Yes,No,0,0,15,0,Yes,-9,-9,-9,Yes,No,No,Yes,No
ID,IDAHO,1600155,ANOTHER CHOICE VIRTUAL CHARTER SCHOOL INC.,1014 WEST HEMINGWAY BOULEVARD,NAMPA,83651,No,517,0,1,Yes,Yes,Yes,KIM,HUNTER,(208)475-4255,KHUNTER@ANOTHERCHOICECHARTER.ORG,KIM,HUNTER,(208)475-4255,KHUNTER@ANOTHERCHOICECHARTER.ORG,KIM,HUNTER,(208)475-4255,KHUNTER@ANOTHERCHOICECHARTER.ORG,No,Yes,Yes,ANOTHERCHOICECHARTER.ORG,No,-9,No,-9,-9,-9,-9,-9,-9,-9,-9,-9,-9,-9,-9,-9,-9,-9,Yes,Yes,No,Yes,No
ID,IDAHO,1600156,THE SAGE INTERNATIONAL SCHOOL OF BOISE A PUBLIC CHARTER SCH,1513 TYRELL LANE SUITE #110,BOISE,83706,No,973,0,1,Yes,Yes,Yes,MICAH,DORAMUS,208-343-7243,micah.doramus@sageinternationalschool.org,VATTEY,UNG,208-343-7243,vattey.ung@sageinternationalschool.org,VATTEY,UNG,208-343-7243,vattey.ung@sageinternationalschool.org,No,Yes,Yes,sageinternationalschooldistrict.ss16.sharpschool.com/common/pagesDisplayFils.aspx?itemid+13025573,No,-9,No,-9,-9,-9,-9,-9,-9,-9,-9,-9,-9,-9,-9,-9,-9,-9,Yes,No,Yes,Yes,No
ID,IDAHO,1600157,THE VILLAGE CHARTER SCHOOL INC.,1747 N. Fairmeadow Drive,BOISE,83704,No,436,0,1,Yes,Yes,Yes,JENNIFER,OWEN TILLITSON,(208)336-2000,jenniferowen@tvcsboise.org,JENNIFER,OWEN TILLITSON,(208)336-2000,jenniferowen@tvcsboise.org,CINDI,ELLIOTT,(208)336-2000,cindielliott@thevillagecharterschool.org,No,Yes,Yes,www.thevillagecharterschool.org,No,-9,No,-9,-9,-9,-9,-9,-9,-9,-9,-9,-9,-9,-9,-9,-9,-9,Yes,No,No,Yes,No
ID,IDAHO,1600158,LEGACY PUBLIC CHARTER SCHOOL INC.,4015 S. Legacy Way,NAMPA,83686,No,312,0,1,Yes,Yes,Yes,GAYLE,O'DONAHUE,(208)467-0947,godonahue@legacycharterschool.net,ERICA,GERBER,(208)467-0947,egerber@legacycharterschool.net,ERICA,GERBER,(208)467-0947,egerber@legacycharterschool.net,No,Yes,Yes,http://www.legacycharterschool.net/policies.html,No,-9,No,-9,-9,-9,-9,-9,-9,-9,-9,-9,-9,-9,-9,-9,-9,-9,Yes,No,No,Yes,No
ID,IDAHO,1600159,HERITAGE ACADEMY INC.,500 S LINCOLN AVE,JEROME,83338,No,171,0,1,Yes,Yes,Yes,REBECCA,HIGGINS,(208)595-1617,rhiggins@heritageacademyid.org,CHRISTINE,IVIE,(208)595-1617,civie@heritageacademyid.org,CHRISTINE,IVIE,(208)595-1617,civie@heritageacademyid.org,No,Yes,Yes,www.heritageacademyid.org,No,-9,No,-9,-9,-9,-9,-9,-9,-9,-9,-9,-9,-9,-9,-9,-9,-9,Yes,Yes,No,No,No
ID,IDAHO,1600160,NORTH IDAHO STEM CHARTER ACADEMY INC.,PO BOX 434,RATHDRUM,83858,No,496,0,1,Yes,Yes,Yes,SCOTT,THOMSON,(208)687-8002,sthomson@northidahostem.org,SCOTT,THOMSON,(208)687-8002,sthomson@northidahostem.org,SCOTT,THOMSON,(208)687-8002,sthomson@northidahostem.org,No,Yes,Yes,https://docs.google.com/document/d/1ei4QnnXAQu2baTYgTOe0vHu9tysEoQvOofNNghLqTzw/view,No,-9,No,-9,-9,-9,-9,-9,-9,-9,-9,-9,-9,-9,-9,-9,-9,-9,Yes,No,No,Yes,No
ID,IDAHO,1600161,HERITAGE COMMUNITY CHARTER SCHOOL INC.,1803 E USTICK RD,CALDWELL,83605,No,514,0,1,Yes,Yes,Yes,JAVIER,CASTANEDA,2084538070,jcastaneda@hccs481.org,JAVIER,CASTANEDA,2084538070,jcastaneda@hccs481.org,JAVIER,CASTANEDA,2084538070,jcastaneda@hccs481.org,No,Yes,Yes,http://heritagecommunitycharter.com/parents/official-school-handbook/,No,-9,No,-9,-9,-9,-9,-9,-9,-9,-9,-9,-9,-9,-9,-9,-9,-9,Yes,Yes,No,No,No
ID,IDAHO,1600162,AMERICAN HERITAGE CHARTER SCHOOL INC.,1736 SOUTH 35TH WEST,IDAHO FALLS,83402,No,338,0,1,Yes,Yes,Yes,TIFFNEE,HURST,2085296570,hurstt@ahcspatriots.us,TIFFNEE,HURST,2085296570,hurstt@ahcspatriots.us,TIFFNEE,HURST,2085296570,hurstt@ahcspatriots.us,No,Yes,Yes,www.americanheritagecharterschool.com,No,-9,No,-9,-9,-9,-9,-9,-9,-9,-9,-9,-9,-9,-9,-9,-9,-9,Yes,No,No,Yes,No
ID,IDAHO,1600163,CHIEF TAHGEE ELEMENTARY ACADEMY INC.,34 SOUTH HI-LINE ROAD,FORT HALL,83203,No,90,90,1,Yes,Yes,Yes,CYD A.,CRUE,208-406-6639,cyd.crue@cteacademy.org,CYD A.,CRUE,208-406-6639,cyd.crue@cteacademy.org,CYD A.,CRUE,208-406-6639,cyd.crue@cteacademy.org,No,Yes,Yes,www.cteacademy.org,No,-9,No,-9,-9,-9,-9,-9,-9,-9,-9,-9,-9,-9,-9,-9,-9,-9,Yes,Yes,No,No,No
ID,IDAHO,1600165,SANDPOINT CHARTER SCHOOL INC.,614 SOUTH MADISON AVENUE,SANDPOINT,83864,No,343,0,1,Yes,Yes,Yes,MARY,JENSEN,(208)265-9737,maryjensen@forrestbirdcharterschool.org,MARY,JENSEN,(208)265-9737,maryjensen@forrestbirdcharterschool.org,MARY,JENSEN,(208)265-9737,maryjensen@forrestbirdcharterschool.org,No,Yes,No,-9,No,-9,No,-9,-9,-9,-9,-9,-9,-9,-9,-9,-9,-9,-9,-9,-9,-9,No,-9,-9,-9,-9
ID,IDAHO,1600166,SYRINGA MOUNTAIN SCHOOL INC.,4021 Glenbrook Drive,HAILEY,83333,No,126,0,1,Yes,Yes,Yes,NIGEL,WHITTINGTON,2088062880 x1,nwhittington@syringamountainschool.org,NIGEL,WHITTINGTON,2088062880 x1,nwhittington@syringamountainschool.org,JULIE,EVANS,2088062880 x3,jevans@syringamountainschool.org,No,Yes,Yes,https://syringamountainschool.org/wp-content/uploads/Family-Handbook-FINAL.pdf,Yes,No,No,-9,-9,-9,-9,-9,-9,-9,-9,-9,-9,-9,-9,-9,-9,-9,Yes,No,Yes,Yes,No
ID,IDAHO,1600169,IDAHO STEM ACADEMY INC.,1350 PARKWAY DRIVE #18,BLACKFOOT,83221,No,119,0,1,Yes,Yes,Yes,KELLY JO,FISK,208-557-4003,kfisk@bingham.academy,KELLY JO,FISK,208-557-4003,kfisk@bingham.academy,KELLY JO,FISK,208-557-4003,kfisk@bingham.academy,No,Yes,Yes,https://drive.google.com/file/d/1YqOgohl_E3pwFeG3Q3p0l_ygkb16bRBj/view,No,-9,No,-9,-9,-9,-9,-9,-9,-9,-9,-9,-9,-9,-9,-9,-9,-9,No,-9,-9,-9,-9
ID,IDAHO,1600170,UPPER CARMEN PUBLIC CHARTER SCHOOL INC.,PO BOX 33,CARMEN,83462,No,118,0,2,Yes,Yes,Yes,JIM,SMITH,208-303-7518,countrypsych@yahoo.com,JIM,SMITH,208-303-7518,countrypsych@yahoo.com,JIM,SMITH,208-303-7518,countrypsych@yahoo.com,No,Yes,Yes,uppercarmencharter.com,No,-9,No,-9,-9,-9,-9,-9,-9,-9,-9,-9,-9,-9,-9,-9,-9,-9,Yes,Yes,No,No,No
ID,IDAHO,1600171,IDAHO COLLEGE AND CAREER READINESS ACADEMY INC.,1965 SOUTH EAGLE ROAD SUITE 1,MERIDIAN,83642,No,102,0,1,Yes,Yes,Yes,MONTI,PITTMAN,2089172420 x1001,mpittman@k12.com,MONTI,PITTMAN,2089172420 x1001,mpittman@k12.com,MONTI,PITTMAN,2089172420 x1001,mpittman@k12.com,No,Yes,Yes,https://itca.k12.com/title-ix-non-discrimination.html,No,-9,No,-9,-9,-9,-9,-9,-9,-9,-9,-9,-9,-9,-9,-9,-9,-9,No,-9,-9,-9,-9
ID,IDAHO,1600172,IDAHO DISTANCE EDUCATION ACADEMY INC.,600 SOUTH 2ND AVENUE,DEARY,83823,No,560,0,1,Yes,Yes,Yes,TERA,REEVES,208-877-1513,terareeves@idahoidea.org,TERA,REEVES,208-877-1513,terareeves@idahoidea.org,TERA,REEVES,208-877-1513,terareeves@idahoidea.org,No,Yes,Yes,https://drive.google.com/drive/folders/0B17cTuH5sJ6JMjNFRk1zeF9nMWM,No,-9,No,-9,-9,-9,-9,-9,-9,-9,-9,-9,-9,-9,-9,-9,-9,-9,Yes,Yes,No,No,No
ID,IDAHO,1600173,COEUR D'ALENE CHARTER ACADEMY INC.,4904 NORTH DUNCAN DRIVE,COEUR 'DALENE,83815,No,744,0,1,Yes,Yes,Yes,JULIE,WASSON,(208)676-1667,jwasson@cdacharter.org,JULIE,WASSON,(208)676-1667,jwasson@cdacharter.org,JULIE,WASSON,(208)676-1667,jwasson@cdacharter.org,No,Yes,No,-9,No,-9,No,-9,-9,-9,-9,-9,-9,-9,-9,-9,-9,-9,-9,-9,-9,-9,No,-9,-9,-9,-9
ID,IDAHO,1600174,NORTH STAR CHARTER SCHOOL INC.,839 LINDER ROAD,EAGLE,83616,No,956,0,1,Yes,Yes,Yes,MELISSA,ANDERSEN,208-939-9600,mandersen@northstarcharter.org,MELISSA,ANDERSEN,208-939-9600,mandersen@northstarcharter.org,MILTON,PETTIT,208-939-9600,mpetitt@northstarcharter.org,No,Yes,Yes,northstarcharter.org,No,-9,No,-9,-9,-9,-9,-9,-9,-9,-9,-9,-9,-9,-9,-9,-9,-9,Yes,No,Yes,Yes,No
ID,IDAHO,1600175,FORRESTER ACADEMY INC.,151 NORTH RIDGE AVENUE,NAMPA,83402,No,414,0,1,Yes,Yes,Yes,BRIAN,BINGHAM,(208)522-5145,brian.bingham@alturasacademy.org,BRIAN,BINGHAM,(208)522-5145,brian.bingham@alturasacademy.org,BRIAN,BINGHAM,(208)522-5145,brian.bingham@alturasacademy.org,No,Yes,Yes,"https://www.alturasacademy.org/uploads/3295%20-%20Hazing,%20Harassment,%20Intimidation,%20Bullying,%20Cyber%20Bullying(edited).pdf",No,-9,No,-9,-9,-9,-9,-9,-9,-9,-9,-9,-9,-9,-9,-9,-9,-9,Yes,No,No,Yes,No
ID,IDAHO,1600176,THE POCATELLO COMMUNITY CHARTER SCHOOL INC.,995 SOUTH ARTHUR STREET,POCATELLO,83204,No,334,0,1,Yes,Yes,Yes,MICHAEL,MENDIVE,(208)478-2522,michael.mendive@pccs.k12.id.us,MICHAEL,MENDIVE,(208)478-2522,michael.mendive@pccs.k12.id.us,MICHAEL,MENDIVE,(208)478-2522,michael.mendive@pccs.k12.id.us,No,Yes,Yes,https://core-docs.s3.amazonaws.com/documents/asset/uploaded_file/288548/Student_Parent_Handbook_2018-2019.pdf,No,-9,No,-9,-9,-9,-9,-9,-9,-9,-9,-9,-9,-9,-9,-9,-9,-9,Yes,No,No,Yes,No
ID,IDAHO,1600177,GEM PREP: POCATELLO INC.,PO BOX 338,DEARY,83823,No,147,0,1,Yes,Yes,Yes,GERALD,LOVE,208-238-1388,geraldlove@gemprep.org,GERALD,LOVE,208-238-1388,geraldlove@gemprep.org,GERALD,LOVE,208-238-1388,geraldlove@gemprep.org,No,Yes,Yes,https://drive.google.com/drive/folders/0B6BhKvPFr1DUN1oxcmtCb00zbWc,No,-9,No,-9,-9,-9,-9,-9,-9,-9,-9,-9,-9,-9,-9,-9,-9,-9,Yes,No,No,Yes,No
ID,IDAHO,1600180,BASIN SCHOOL DISTRICT,PO BOX 227,IDAHO CITY,83631,No,407,0,2,Yes,Yes,Yes,BRIAN,HUNICKE,(208)392-4183x1270,bhunicke@basinschools.net,BRIAN,HUNICKE,(208)392-4183x1270,bhunicke@basinschools.net,BRIAN,HUNICKE,(208)392-4183x1270,bhunicke@basinschools.net,No,Yes,Yes,http://idahocityschools.net/wp-content/uploads/2015/10/Bully.pdf,No,-9,Yes,No,Yes,No,No,Yes,Yes,Yes,0,3,17,3,No,Yes,Yes,Yes,Yes,Yes,No,No,No
ID,IDAHO,1600183,PATHWAYS IN EDUCATION - NAMPA INC.,124 HOLLY STREET,NAMPA,83686,No,74,0,1,Yes,Yes,Yes,JONATHAN,MORSE,(626)204-2587,jmorse@pathwaysedu.org,JONATHAN,MORSE,(626)204-2587,jmorse@pathwaysedu.org,JONATHAN,MORSE,(626)204-2587,jmorse@pathwaysedu.org,No,Yes,Yes,http://id.pathwaysineducation.org/files/2018/08/PIE-Nampa-Student-Handbook-18-19-digital.pdf,No,-9,No,-9,-9,-9,-9,-9,-9,-9,-9,-9,-9,-9,-9,-9,-9,-9,No,-9,-9,-9,-9
ID,IDAHO,1600240,BEAR LAKE COUNTY DISTRICT,PO BOX 300,PARIS,83261,No,1195,0,6,Yes,Yes,Yes,GARY,BROGAN,(208)945-2891,gbrogan@blsd.net,GARY,BROGAN,(208)945-2891,gbrogan@blsd.net,GARY,BROGAN,(208)945-2891,gbrogan@blsd.net,No,Yes,Yes,http://blsd-id.schoolloop.com/file/1420877442065/1420876091481/8194536841516670511.pdf,No,-9,Yes,No,No,Yes,Yes,No,Yes,Yes,0,6,12,14,No,Yes,No,No,Yes,No,No,Yes,No
ID,IDAHO,1600270,BLACKFOOT DISTRICT,270 EAST BRIDGE STREET,BLACKFOOT,83221,No,3902,0,11,Yes,Yes,Yes,RYAN,WILSON,208-785-8800,wilsr@d55.k12.id.us,JOY,MICKELSEN,208-785-8800,mickj@d55.k12.id.us,LYNETTE,CARTER,208-785-8800,lynettec@d55.k12.id.us,No,Yes,Yes,https://docs.d55.k12.id.us/Policy.506(Harassment).pdf,No,-9,Yes,No,No,Yes,No,Yes,Yes,Yes,0,1,11,9,No,Yes,Yes,Yes,Yes,Yes,No,Yes,No
ID,IDAHO,1600300,BLAINE COUNTY DISTRICT,118 WEST BULLION STREET,HAILEY,83333,No,3439,0,8,Yes,Yes,Yes,SHANNON,MAZA,208-578-5000,smaza@blaineschools.org,SHANNON,MAZA,208-578-5000,smaza@blaineschools.org,SHANNON,MAZA,208-578-5000,smaza@blaineschools.org,No,Yes,No,-9,No,-9,Yes,No,No,Yes,Yes,No,Yes,Yes,0,2,73,28,Yes,-9,-9,-9,Yes,Yes,No,No,No
ID,IDAHO,1600330,BLISS JOINT DISTRICT,PO BOX 115,BLISS,83314,No,135,0,1,Yes,Yes,Yes,KEVIN,LANCASTER,(208)352-4445,kevin.lancaster@bliss234.org,KEVIN,LANCASTER,(208)352-4445,kevin.lancaster@bliss234.org,KEVIN,LANCASTER,(208)352-4445,kevin.lancaster@bliss234.org,No,Yes,Yes,www.bliss234.org,No,-9,No,-9,-9,-9,-9,-9,-9,-9,-9,-9,-9,-9,-9,-9,-9,-9,Yes,Yes,No,No,No
ID,IDAHO,1600360,BOISE INDEPENDENT DISTRICT,8169 WEST VICTORY ROAD,BOISE,83709,Yes,28475,0,51,Yes,Yes,Yes,NICK,SMITH,208-854-7081,nick.smith@boiseschools.org,BETTY,OLSON,208-854-4156,betty.olson@boiseschools.org,TAMARA,FREDRICKSON,208-854-4173,tamara.fredrickson@boiseschools.org,No,Yes,Yes,http://www.boiseschools.org/our_district/policy_manual/3000_students,No,-9,Yes,No,No,Yes,No,Yes,Yes,Yes,0,74,140,72,Yes,-9,-9,-9,Yes,No,Yes,Yes,No
ID,IDAHO,1600420,BOUNDARY COUNTY DISTRICT,7188 OAK STREET,BONNERS FERRY,83805,No,1514,0,5,Yes,Yes,Yes,GARY,PFLUEGER,208-267-3146,gary.pflueger@mail.bcsd101.com,GARY,PFLUEGER,208-267-3146,gary.pflueger@mail.bcsd101.com,GARY,PFLUEGER,208-267-3146,Gary.Pflueger@mail.bcsd101.com,No,Yes,Yes,http://bcsd-id.schoolloop.com/file/1292149057565/1298973560071/3251245759703956835.pdf,No,-9,Yes,No,No,Yes,No,Yes,Yes,Yes,0,8,28,3,No,Yes,Yes,Yes,Yes,Yes,No,No,No
ID,IDAHO,1600450,BRUNEAU-GRAND VIEW JOINT SCHOOL DISTRICT,39678 STATE HIGHWAY 78,BRUNEAU,83604,No,306,0,3,Yes,Yes,Yes,RYAN,CANTRELL,208-302-8043,rcantrell@sd365.us,RYAN,CANTRELL,208-834-2260,rcantrell@sd365.us,RYAN,CANTRELL,208-834-2260,rcantrell@sd365.us,No,Yes,Yes,www.sd365.us,No,-9,Yes,No,No,Yes,No,No,Yes,Yes,0,1,16,0,Yes,-9,-9,-9,Yes,Yes,No,No,No
ID,IDAHO,1600480,BUHL JOINT DISTRICT,920 MAIN STREET,BUHL,83316,No,1344,0,4,Yes,Yes,Yes,RON,ANTHONY,(208)543-6436,ranthony@buhlschools.org,RON,ANTHONY,(208)543-6436,ranthony@buhlschools.org,SANDRA,LOBO,(208)543-6436 x111,slobo@buhlschools.org,No,Yes,Yes,www.buhlschools.org,No,-9,Yes,No,No,Yes,No,No,No,No,0,0,2,1,No,Yes,No,No,Yes,Yes,No,No,No
ID,IDAHO,1600490,BUTTE COUNTY JOINT DISTRICT,PO BOX 89,ARCO,83213,No,414,0,4,Yes,Yes,Yes,JOEL,WILSON,(208)690-3421,wilsjoel@butteschools.org,JOEL,WILSON,(208)690-3421,wilsjoel@butteschools.org,JOEL,WILSON,(208)690-3421,wilsjoel@butteschools.org,No,Yes,Yes,https://drive.google.com/drive/folders/0B3979b9k4dP5ZmdKYW92NXZJdDQ,No,-9,Yes,No,No,Yes,No,No,Yes,No,0,6,5,2,No,Yes,Yes,Yes,Yes,No,No,Yes,No
ID,IDAHO,1600510,CALDWELL DISTRICT,1502 FILLMORE STREET,CALDWELL,83605,Yes,6425,0,11,Yes,Yes,Yes,PATRICIA,WADE,(208) 455-3300,pwade@caldwellschools.org,PATRICIA,WADE,(208) 455-3300,pwade@caldwellschools.org,JULIE,MEAD,(208) 455-3300,jmead@caldwellschools.org,No,Yes,Yes,http://www.caldwellschools.org/apps/pages/index.jsp?uREC_ID=453559&type=d&pREC_ID=993886,No,-9,Yes,No,No,Yes,No,No,No,No,0,24,34,6,No,Yes,No,No,Yes,No,No,Yes,No
ID,IDAHO,1600540,CAMAS COUNTY DISTRICT,610 SOLDIAR ROAD,FAIRFIELD,83327,No,161,0,2,Yes,Yes,Yes,NATHAN,WHITTLE,208-764-2625,nwhittle@camascountyschools.org,NATHAN,WHITTLE,208-764-2625,nwhittle@camascountyschools.org,NATHAN,WHITTLE,208-764-2625,nwhittle@camascountyschools.org,No,Yes,Yes,https://drive.google.com/file/d/1CCfX51NuJvgcYenGjsz4YfveLhrrIUIH/view,No,-9,No,-9,-9,-9,-9,-9,-9,-9,-9,-9,-9,-9,-9,-9,-9,-9,Yes,Yes,No,No,No
ID,IDAHO,1600570,CAMBRIDGE JOINT DISTRICT,PO BOX 39,CAMBRIDGE,83610,No,126,0,2,Yes,Yes,Yes,EDWARD,SCHUMACHER,(208)257-3311,eschumacher@cambridge432.org,EDWARD,SCHUMACHER,(208)257-3311,eschumacher@cambridge432.org,ANNE,DUNN,(208)2573312,adunn@cambridge432.org,No,Yes,Yes,cambridge432.org,No,-9,Yes,No,No,No,Yes,No,Yes,Yes,0,0,6,8,Yes,-9,-9,-9,Yes,No,No,Yes,No
ID,IDAHO,1600600,VALLIVUE SCHOOL DISTRICT,5207 SOUTH MONTANA AVENUE,CALDWELL,83607,No,9234,0,14,Yes,Yes,Yes,PAT,CHARLTON,(208)454-0445,pat.charlton@vallivue.org,PAT,CHARLTON,(208)454-0445,pat.charlton@vallivue.org,PAT,CHARLTON,(208)454-0445,pat.charlton@vallivue.org,No,Yes,Yes,https://4.files.edl.io/2796/08/25/18/141731-f5746bc2-1842-4196-88e6-8d0cd332311d.pdf,No,-9,Yes,No,No,Yes,No,No,Yes,Yes,0,22,52,2,No,Yes,No,No,Yes,Yes,No,Yes,No
ID,IDAHO,1600630,CASCADE DISTRICT,PO BOX 291,CASCADE,83611,No,221,203,2,Yes,Yes,Yes,SARTORI,PAL,208-630-6057,pal@cascadeschools.org,DAVENPORT,BEVERLY,208-630-6057,bev@cascadeschools.org,DAVENPORT,BEVERLY,208-630-6057,bev@cascadeschools.org,No,Yes,Yes,https://5a243c6b-a-2c2bd247-s-sites.googlegroups.com/a/cascadeschools.org/cascade-schools/Home/policies/personnel/5265.pdf?attachauth=ANoY7cpSP5u8eU8rO-EoXCFJLitePuenvm1v_mb5JCVnhgPAWq-z7dGNWFTvSvcRuKVaJacbxwo-p_YhEqeleGDeuqPfem-QAXe0G11xyTkL5vNjsc6ZA8On,No,-9,Yes,No,No,Yes,No,No,No,No,0,0,2,5,No,Yes,Yes,Yes,Yes,No,No,Yes,No
ID,IDAHO,1600660,CASSIA COUNTY JOINT DISTRICT,3650 OVERLAND AVENUE,BURLEY,83318,No,5612,0,19,Yes,Yes,Yes,BRANDELL,BEDKE,208-862-3203,bedbrand@cassiaschools.org,SANDRA,MILLER,208-878-6600,milsandr@cassiaschools.org,SANDRA,MILLER,208-878-6600,milsandr@cassiaschools.org,No,Yes,Yes,www.cassiaschools.org,No,-9,Yes,No,No,Yes,No,Yes,Yes,Yes,0,19,22,12,No,Yes,No,Yes,Yes,No,No,Yes,No
ID,IDAHO,1600690,CASTLEFORD DISTRICT,500 MAIN STREET,CASTLEFORD,83321,No,303,0,1,Yes,Yes,Yes,LYLE,BAYLEY,208-537-6511,lbayley@castlefordschools.org,LYLE,BAYLEY,208-537-6511,lbayley@castlefordschools.org,LYLE,BAYLEY,208-537-6511,lbayley@castlefordschools.org,No,Yes,Yes,https://castlefordschools.files.wordpress.com/2018/12/3000-students.pdf,No,-9,No,-9,-9,-9,-9,-9,-9,-9,-9,-9,-9,-9,-9,-9,-9,-9,Yes,Yes,No,No,No
ID,IDAHO,1600720,CHALLIS JOINT DISTRICT,PO BOX 304,CHALLIS,83226,No,363,0,3,Yes,Yes,Yes,LANI,REMBELSKI,(208)879-4231,lani@d181.k12.id.us,LANI,REMBELSKI,(208)879-4231,lani@d181.k12.id.us,LANI,REMBELSKI,(208)879-4231,lani@d181.k12.id.us,No,Yes,Yes,www.d181.k12.id.us,No,-9,Yes,No,No,Yes,No,Yes,Yes,Yes,0,2,9,3,No,Yes,Yes,No,Yes,Yes,No,Yes,No
ID,IDAHO,1600750,CLARK COUNTY DISTRICT,PO BOX 237,DUBOIS,83423,No,141,0,2,Yes,Yes,Yes,PAULA,GORDON,(208)374-5215,gordonp@mudlake.net,PAULA,GORDON,(208)374-5215,gordonp@mudlake.net,PAULA,GORDON,(208)374-5215,gordonp@mudlake.net,No,Yes,Yes,http://www.clarkcountyschools161.org/,No,-9,Yes,No,No,Yes,No,No,Yes,No,0,0,8,0,Yes,-9,-9,-9,Yes,No,No,Yes,No
ID,IDAHO,1600780,COEUR D'ALENE DISTRICT,1400 North Northwood Center Court,Coeur d'Alene,83814,Yes,10777,0,18,Yes,Yes,Yes,KELLY,OSTROM,(208) 660-8410,kostrom@cdaschools.org,KATHRYNE,KEINERT,(208) 610-9841,kkeinert@cdaschools.org,KATHRYNE,KEINERT,(208) 610-9841,kkeinert@cdaschools.org,No,Yes,Yes,https://www.cdaschools.org/Domain/2000,No,-9,Yes,No,No,Yes,No,No,No,No,0,0,32,2,No,Yes,No,No,Yes,Yes,Yes,Yes,No
ID,IDAHO,1600810,COTTONWOOD JOINT DISTRICT,PO BOX 158,COTTONWOOD,83522,No,386,0,2,Yes,Yes,Yes,RENE,FORSMANN,208-962-3971,rfor@sd242.org,RENE,FORSMANN,208-962-3971,rfors@sd242.org,RENE,FORSMANN,208-962-3971,rfors@sd242.org,No,Yes,Yes,sd242.org,No,-9,No,-9,-9,-9,-9,-9,-9,-9,-9,-9,-9,-9,-9,-9,-9,-9,Yes,Yes,No,No,No
ID,IDAHO,1600815,PLUMMER-WORLEY JOINT DISTRICT,PO BOX 130,PLUMMER,83851,No,349,0,3,Yes,Yes,Yes,KARYN,STOCKDALE,(208) 686-1621,stockdale.karyn@lakesidesch.org,KARYN,STOCKDALE,(208) 686-1621,stockdale.karyn@lakesidesch.org,JUDI,SHARRETT,(208) 686-1621,sharrett.judi@lakesidesch.org,No,Yes,Yes,www.pwsd44.com,Yes,No,Yes,No,No,Yes,No,No,Yes,Yes,4,6,7,1,No,Yes,Yes,Yes,Yes,Yes,No,No,No
ID,IDAHO,1600840,COUNCIL DISTRICT,PO BOX 468,COUNCIL,83612,No,266,0,2,Yes,Yes,Yes,CLETE,EDMUNSON,2082534217,cedmunson@csd13.org,CLETE,EDMUNSON,2082534217,cedmunson@csd13.org,CLETE,EDMUNSON,2082534217,cedmunson@csd13.org,No,Yes,No,-9,No,-9,Yes,No,No,Yes,No,No,No,No,0,0,2,0,No,Yes,Yes,Yes,Yes,Yes,No,No,No
ID,IDAHO,1600870,CULDESAC JOINT DISTRICT,600 CULDESAC AVENUE,CULDESAC,83524,No,90,0,1,Yes,Yes,Yes,ALAN,FELGENHAUER,208-843-5413,alanf@culsch.org,ALAN,FELGENHAUER,208-843-5413,alanf@culsch.org,ALAN,FELGENHAUER,208-843-5413,alanf@culsch.org,No,Yes,Yes,https://www.culsch.org/wp-content/uploads/2019/02/SECTION-700-Students.pdf,No,-9,Yes,No,No,Yes,No,Yes,No,No,0,1,4,2,Yes,-9,-9,-9,Yes,Yes,No,No,No
ID,IDAHO,1600900,DIETRICH DISTRICT,406 NORTH PARK STREET,DIETRICH,83324,No,217,0,1,Yes,Yes,Yes,STEFANIE,SHAW,(208)544-2158 x 100,stefanies@dietrichschools.org,STEFANIE,SHAW,(208)544-2158x100,stefanies@dietrichschools.org,STEFANIE,SHAW,(208)544-2158x100,stefanies@dietrichschools.org,No,Yes,Yes,https://sites.google.com/a/sd314.k12.id.us/school-board/home,No,-9,No,-9,-9,-9,-9,-9,-9,-9,-9,-9,-9,-9,-9,-9,-9,-9,Yes,No,No,Yes,No
ID,IDAHO,1600930,BONNEVILLE JOINT DISTRICT,3497 NORTH AMMON ROAD,IDAHO FALLS,83401,No,12512,0,22,Yes,Yes,Yes,SCOTT,WOOLSTENHULME,208-525-4400,woolstes@d93.k12.id.us,SCOTT,WOOLSTENHULME,208-525-4400,woolstes@d93.k12.id.us,JULIAN,DUFFEY,208-557-6893,duffeyj@d93.k12.id.us,No,Yes,Yes,http://www.d93schools.org/Content2/board-policies,No,-9,Yes,No,No,Yes,No,Yes,Yes,Yes,0,37,45,21,No,Yes,No,No,Yes,No,No,Yes,No
ID,IDAHO,1600960,PRESTON JOINT DISTRICT,105 EAST 2ND SOUTH,PRESTON,83263,No,2424,0,5,Yes,Yes,Yes,MARC,GEE,208-852-0283,marc.gee@psd201.org,MARC,GEE,208-852-0283,marc.gee@psd201.org,PANDI,ELISON-CHANG,208-852-0280,pandi.elison@psd201.org,No,Yes,Yes,www.prestonidahoschools.org,No,-9,Yes,No,No,Yes,No,No,No,No,0,4,8,0,Yes,-9,-9,-9,Yes,Yes,No,Yes,No
ID,IDAHO,1601020,EMMETT INDEPENDENT DISTRICT,400 S Pine St.,EMMETT,83617,Yes,3286,0,8,Yes,Yes,Yes,WAYNE,RUSH,208-365-6301,wrush@isd221.net,WAYNE,RUSH,208-365-6301,wrush@isd221.net,WAYNE,RUSH,208-365-6301,wrush@isd221.net,No,Yes,Yes,https://www.emmettschools.org/cms/lib/ID01904047/Centricity/Domain/31/506.50%20Prohibition%20Against%20Harassment%20Intimidation%20and%20Bullying%20-%20January%2014%202016.pdf,No,-9,Yes,No,No,Yes,No,No,No,No,0,0,0,0,No,Yes,Yes,Yes,Yes,Yes,No,Yes,No
ID,IDAHO,1601050,FILER DISTRICT,700 B STEVENS AVENUE,FILER,83328,No,1671,0,5,Yes,Yes,Yes,JOHN,GRAHAM,208-326-5981,jgraham@filerschools.org,JOHN,GRAHAM,208-326-5981,jgraham@filerschools.org,WENDY,FRENCH,208-326-5981,wfrench-healea@filerschools.org,No,Yes,Yes,www.filer.k12.id.us,No,-9,Yes,Yes,No,No,No,No,No,Yes,0,7,14,99,No,Yes,Yes,Yes,Yes,No,No,Yes,No
ID,IDAHO,1601080,FIRTH DISTRICT,PO BOX 69,FIRTH,83236,No,857,0,3,Yes,Yes,Yes,JEFF,GEE,2083466812,jgee@d59.k12.id.us,JEFF,GEE,2083466812,jgee@d59.k12.id.us,SCOTT,JOLLEY,2083456812,sjolley@d59.k12.id.us,No,Yes,Yes,www.firthschools.org,No,-9,Yes,No,No,Yes,No,No,No,No,0,4,6,0,No,Yes,Yes,Yes,Yes,No,No,Yes,No
ID,IDAHO,1601110,FREMONT COUNTY JOINT DISTRICT,945 WEST 1ST NORTH,ST ANTHONY,83445,Yes,2163,11,8,Yes,Yes,Yes,BEN,GARCIA,208-624-2531,beng@sd215.net,BEN,GARCIA,208-624-2531,beng@sd215.net,BEN,GARCIA,208-624-2531,beng@sd215.net,No,Yes,Yes,http://sd215.ss4.sharpschool.com/UserFiles/Servers/Server_2861771/File/website%20policy/Policy_Manual/3000_Students/3295P.pdf,No,-9,Yes,No,No,Yes,No,Yes,Yes,Yes,0,6,12,8,No,Yes,No,No,Yes,Yes,No,Yes,No
ID,IDAHO,1601140,FRUITLAND DISTRICT,PO BOX A,FRUITLAND,83619,No,1801,0,4,Yes,Yes,Yes,TERESA,FABRICIUS,(208) 542-3595,tfabricius@fruitlandschools.org,TERESA,FABRICIUS,(208) 542-3595,tfabricius@fruitlandschools.org,TERESA,FABRICIUS,(208) 542-3595,tfabricius@fruitlandschools.org,No,Yes,Yes,/fruitlandschools.org/documents/fsd_policy_manual.pdf,Yes,No,Yes,No,No,Yes,No,Yes,Yes,Yes,0,9,7,0,No,Yes,No,No,Yes,Yes,No,No,No
ID,IDAHO,1601170,GARDEN VALLEY DISTRICT,PO BOX 710,GARDEN VALLEY,83622,Yes,220,0,2,Yes,Yes,Yes,STEPHANY,CORN,208-462-3515,SCORN@GVSD.NET,STEPHANY,CORN,208-462-3515,SCORN@GVSD.NET,GREG,ALEXANDER,208-365-0839,GALEXANDER@ISD221.NET,No,Yes,Yes,GVSD.NET,No,-9,Yes,No,No,Yes,No,No,Yes,No,0,0,15,0,Yes,-9,-9,-9,Yes,Yes,No,No,No
ID,IDAHO,1601200,GENESEE JOINT DISTRICT,PO BOX 98,GENESEE,83832,No,309,0,1,Yes,Yes,Yes,KELLY,CALDWELL,2082851161,kcaldwell@sd282.org,WENDY,MOORE,2082851161,wmoore@sd282.org,WENDY,MOORE,2082851161,wmoore@sd282.org,No,Yes,Yes,http://sd282.org/board/policy/,No,-9,Yes,No,No,No,Yes,No,Yes,No,0,0,11,0,Yes,-9,-9,-9,Yes,Yes,No,No,No
ID,IDAHO,1601230,GLENNS FERRY JOINT DISTRICT,800 OLD HIGHWAY 30,GLENS FERRY,83623,No,434,0,3,Yes,Yes,Yes,CODY,FISHER,208-366-7437,cfisher@glennsferryschools.org,CODY,FISHER,208-366-7437,cfisher@glennsferryschools.org,LORENA,RYAN,208-366-7437,lryan@glennsferryschools.org,No,Yes,Yes,www.glennsferryschools.org,No,-9,No,-9,-9,-9,-9,-9,-9,-9,-9,-9,-9,-9,-9,-9,-9,-9,No,-9,-9,-9,-9
ID,IDAHO,1601260,GOODING JOINT DISTRICT,507 Idaho St.,GOODING,83330,No,1377,0,3,Yes,Yes,Yes,SPENCER,LARSEN,(208)934-4321 x400,spencer.larsen@goodingschools.org,SPENCER,LARSEN,(208)934-4321 x400,spencer.larsen@goodingschools.org,LAURA,BRAUN,(208)934-4941 x253,laura.braun@goodingschools.org,No,Yes,Yes,https://goodingschools.org/3000-students.html,No,-9,Yes,No,No,No,Yes,Yes,Yes,Yes,0,5,10,2,No,Yes,Yes,No,Yes,Yes,No,Yes,No
ID,IDAHO,1601290,GRACE JOINT DISTRICT,PO BOX 347,GRACE,83241,No,509,0,3,Yes,Yes,Yes,JAMIE,HOLYOAK,2084253984,jholyoak@sd148.org,TRENTON,KNUTSON,2084253731,tknutson@sd148.org,ROBIN,CORDER,2084253984,rcorder@sd148.org,No,Yes,Yes,www.sd148.org,No,-9,Yes,No,No,Yes,No,Yes,Yes,No,0,6,10,0,No,Yes,No,No,Yes,No,No,Yes,No
ID,IDAHO,1601380,HAGERMAN JOINT DISTRICT,324 NORTH 2ND AVENUE,HAGERMAN,83332,No,383,0,1,Yes,Yes,Yes,TYLER,MILL,(208)837-4777,tyler.mills@hjsd.org,MARK,KRESS,(208)8374572,mark.kress@hjsd.org,MARK,KRESS,208 837-4572,MARK.KRESS@HJSD.ORG,No,Yes,Yes,www.hjsd.org,No,-9,Yes,No,No,Yes,No,Yes,Yes,Yes,0,9,1,0,No,Yes,Yes,Yes,Yes,Yes,No,No,No
ID,IDAHO,1601410,HANSEN DISTRICT,550 MAIN STREET,HANSEN,83334,No,341,341,2,Yes,Yes,Yes,TIFFANY,CONK,2084235593,tconk@hansen.k12.id.us,TIFFANY,CONK,2084235593,tconk@hansen.k12.id.us,TIFFANY,CONK,2084235593,tconk@hansen.k12.id.us,No,Yes,Yes,https://www.hansenschools.org/,No,-9,Yes,No,No,Yes,Yes,Yes,Yes,Yes,0,0,2,9,Yes,-9,-9,-9,Yes,Yes,No,No,No
ID,IDAHO,1601440,HIGHLAND JOINT DISTRICT,PO BOX 130,CRAIGMONT,83523,No,180,171,1,Yes,Yes,Yes,SARAH,HATFIELD,(208)924-5211 x2502,shatfield@sd305.org,SARAH,HATFIELD,(208)924-5211 x 2502,shatfield@sd305.org,SARAH,HATFIELD,(208)924-5211 x 2502,shatfield@sd305.org,No,Yes,Yes,www.sd305.org,No,-9,Yes,Yes,No,No,No,Yes,Yes,Yes,0,2,4,1,No,Yes,Yes,Yes,Yes,No,No,Yes,No
ID,IDAHO,1601470,HOMEDALE JOINT DISTRICT,116 EAST OWYHEE AVENUE,HOMEDALE,83628,No,1096,0,3,Yes,Yes,Yes,ROB,SAUER,(208)337-4611,rsauer@homedaleschools.org,ROB,SAUER,(208)337-4611,rsauer@homedaleschools.org,ROB,SAUER,(208)337-4611,rsauer@homedaleschools.org,No,Yes,Yes,homedaleschools.org,No,-9,No,-9,-9,-9,-9,-9,-9,-9,-9,-9,-9,-9,-9,-9,-9,-9,Yes,Yes,No,Yes,No
ID,IDAHO,1601500,HORSESHOE BEND SCHOOL DISTRICT,398 SCHOOL DRIVE,HORSESHOE BEND,83629,No,222,0,3,Yes,Yes,Yes,DENNIS,CHESNUT,208-793-2225,chesnutd@hsbschools.org,DENNIS,CHESNUT,208-793-2225,chesnutd@hsbschools.org,KELSEY,WILLIAMS,208-793-2225,williamsk@hsbschools.org,No,Yes,Yes,https://www.hsbschools.org/school_board/legal_notices,No,-9,Yes,No,No,Yes,No,No,No,Yes,0,0,7,9,Yes,-9,-9,-9,Yes,Yes,No,No,No
ID,IDAHO,1601530,IDAHO FALLS DISTRICT,690 JOHN ADAMS PKWY,IDAHO FALLS,83401,Yes,10856,0,20,Yes,Yes,Yes,DANIEL,KECK,208-525-7568,keckdani@d91.k12.id.us,DANIEL,KECK,208-525-7568,keckdani@d91.k12.id.us,DANIEL,KECK,208-525-7568,keckdani@d91.k12.id.us,No,Yes,Yes,www2.d91.k12.id.us/WebLink/0/edoc/224011/SP%20MANUAL.pdf,No,-9,Yes,No,No,Yes,No,Yes,Yes,Yes,9,50,73,6,No,Yes,No,No,Yes,No,No,Yes,No
ID,IDAHO,1601570,JEFFERSON COUNTY JOINT DISTRICT,3850 E 300 N,RIGBY,83442,No,5999,0,9,Yes,Yes,Yes,BRYCE,BRONSON,(208)745-6693 x1128,BBronson@sd251.org,BRYCE,BRONSON,(208)745-6693 x1128,BBronson@sd251.org,JOZLYN,THOMPSON,(208)745-6693 x1112,JThompson@sd251.org,No,Yes,Yes,https://jeffersonsd251.org/wp-content/uploads/2018/08/Section-3000-Students.pdf,No,-9,Yes,No,No,Yes,No,Yes,Yes,Yes,2,22,54,41,No,Yes,No,No,Yes,Yes,No,Yes,No
ID,IDAHO,1601590,JEROME JOINT DISTRICT,125 4TH AVENUE WEST,JEROME,83338,No,4011,0,7,Yes,Yes,Yes,LORRI,PRESCOTT,(208) 324-2392,lorri.prescott@jeromeschools.org,LORRI,PRESCOTT,(208) 324-2392,lorri.prescott@jeromeschools.org,LORRI,PRESCOTT,(208) 324-2392,lorri.prescott@jeromeschools.org,No,Yes,Yes,www.jeromeschools.org,No,-9,Yes,No,No,Yes,No,No,No,No,0,15,20,5,No,Yes,No,No,Yes,Yes,No,Yes,No
ID,IDAHO,1601620,KAMIAH JOINT DISTRICT,1102 HILL STREET,KAMIAH,83536,No,403,8,3,Yes,Yes,Yes,STEVEN,HIGGINS,(208)9354003,shiggins@kamiah.org,TERESA,OATMAN,(208)9354012,toatman@kamiah.org,STEVEN,HIGGINS,(208)9354003,shiggins@kamiah.org,No,Yes,Yes,www.kamiah.org,No,-9,No,-9,-9,-9,-9,-9,-9,-9,-9,-9,-9,-9,-9,-9,-9,-9,Yes,Yes,No,No,No
ID,IDAHO,1601650,KELLOGG JOINT DISTRICT,800 BUNKER AVENUE,KELLOGG,83837,No,1106,0,4,Yes,Yes,Yes,JOHANNA,PATTON,(208) 784-1348,johanna.patton@kelloggschools.org,WILLIAM,WOODFORD,(208) 784-1348,woody.woodford@kelloggschools.org,NANCY,LARSEN,(208) 784-1348,nancy.larsen@kelloggschools.org,No,Yes,Yes,https://drive.google.com/file/d/0B20Z9-ejEDSFZHVMQ3V5MkFvSWM/view,Yes,No,Yes,No,No,Yes,No,No,No,No,0,5,8,1,No,Yes,No,No,Yes,Yes,No,No,No
ID,IDAHO,1601680,KENDRICK JOINT DISTRICT,PO BOX 283,KENDRICK,83537,No,245,0,2,Yes,Yes,Yes,STEVEN,KIRKLAND,(208)289-4211,steve.kirkland@sd283.org,STEVEN,KIRKLAND,(208)289-4211,steve.kirkland@sd283.org,STEVEN,KIRKLAND,(208)289-4211,steve.kirkland@sd283.org,No,Yes,Yes,https://www.dist283.org/board_members,No,-9,Yes,No,No,Yes,No,No,Yes,No,0,5,15,0,Yes,-9,-9,-9,Yes,Yes,No,No,No
ID,IDAHO,1601710,KIMBERLY DISTRICT,141 CENTER STREET WEST,KIMBERLY,83341,No,1968,0,3,Yes,Yes,Yes,LUKE,SCHROEDER,(208)423-4170,lschroeder@kimberly.edu,LUKE,SCHROEDER,(208)423-4170,lschroeder@kimberly.edu,LUKE,SCHROEDER,(208)423-4170,lschroeder@kimberly.edu,No,Yes,Yes,www.kimberly.edu,No,-9,Yes,No,No,Yes,Yes,Yes,Yes,Yes,0,11,20,1,No,Yes,No,No,Yes,No,No,Yes,No
ID,IDAHO,1601740,KOOTENAI DISTRICT,13030 E OGARA ROAD,HARRISON,83833,No,138,0,2,Yes,Yes,Yes,ALISHA,MCDEVITT,2086893311,amcdevitt@sd274.com,ALISHA,MCDEVITT,2086893311,amcdevitt@sd274.com,ALISHA,MCDEVITT,2086893311,amcdevitt@sd274.com,No,Yes,Yes,www.sd274.com,No,-9,No,-9,-9,-9,-9,-9,-9,-9,-9,-9,-9,-9,-9,-9,-9,-9,Yes,Yes,No,No,No
ID,IDAHO,1601770,KUNA JOINT DISTRICT,711 EAST PORTER ROAD,KUNA,83634,No,5241,0,10,Yes,Yes,Yes,DAVID,REINHART,(208) 922-1000,dreinhart@kunaschools.org,DAVID,REINHART,(208) 922-1000,dreinhart@kunaschools.org,DAVID,REINHART,(208) 922-1000,dreinhart@kunaschools.org,No,Yes,Yes,http://www.kunaschools.org/images/documents/pdf/policy/section500/series_504_50.pdf,No,-9,Yes,Yes,No,Yes,No,No,No,No,0,14,16,7,No,Yes,No,No,Yes,No,Yes,Yes,No
ID,IDAHO,1601800,LAKELAND DISTRICT,PO BOX 39,RATHDRUM,83858,No,4403,0,11,Yes,Yes,Yes,LISA,SEXTON,(503) 270-6084,lsexton@lakeland272.org,LISA,SEXTON,(503) 270-6084,lsexton@lakeland272.org,SUSAN,MORRISON,(208) 659-8566,smorrison@lakeland272.org,No,Yes,Yes,https://resources.finalsite.net/images/v1530247494/lakeland272org/urxhejqes47hxkcpm5ef/3295-HazingHarassmentIntimidationBullyingMenacing.pdf,No,-9,Yes,No,No,Yes,No,No,No,No,0,4,19,2,No,Yes,No,No,Yes,Yes,No,No,No
ID,IDAHO,1601830,LAPWAI DISTRICT,404 South Main Street,LAPWAI,83540,No,495,0,2,Yes,Yes,Yes,DAVID,KRONEMANN,208-843-2241,dkronemann@lapwai.org,DAVID,AIKEN,208-843-2622,daiken@lapwai.org,KRISTEN,BATEMAN,208-843-2960,kbateman@lapwai.org,No,Yes,Yes,http://www.lapwai.org/board/policy/500/500.php,No,-9,Yes,No,No,Yes,No,Yes,Yes,No,0,3,2,0,No,Yes,Yes,Yes,Yes,Yes,No,No,No
ID,IDAHO,1601860,LEWISTON INDEPENDENT DISTRICT,3317 12TH STREET,LEWISTON,83501,Yes,4527,0,12,Yes,Yes,Yes,TRAVIS,POULSEN,208-748-3047,TPoulsen@lewistonschools.net,TRAVIS,POULSEN,208-748-3047,TPoulsen@lewistonschools.net,TRAVIS,POULSEN,208-748-3047,TPoulsen@lewistonschools.net,Yes,Yes,No,-9,No,-9,Yes,No,No,Yes,No,Yes,Yes,No,0,20,21,5,No,Yes,Yes,No,Yes,No,No,Yes,No
ID,IDAHO,1601900,MACKAY JOINT DISTRICT,400 EAST SPRUCE STREET,MACKAY,83251,No,248,0,2,Yes,Yes,Yes,SUSAN,BUESCHER,208-588-2896,susabues@mackayschools.org,SUSAN,BUESCHER,208-588-2896,susabues@mackayschools.org,SUSAN,BUESCHER,208-588-2896,susabues@mackayschools.org,No,Yes,Yes,https://www.mackayschools.org/Page/50,No,-9,Yes,No,No,Yes,Yes,No,Yes,Yes,0,1,16,2,No,Yes,Yes,Yes,Yes,Yes,No,Yes,No
ID,IDAHO,1601920,MADISON DISTRICT,PO BOX 830,REXBURG,83440,No,5002,0,10,Yes,Yes,Yes,RANDY,LORDS,(208)359-3300,lordsr@msd321.com,RANDY,LORDS,(208)359-3300,lordsr@msd321.com,TRAVIS,SCHWAB,(209)359-3315,schwabt@msd321.com,No,Yes,Yes,www.msd321.com/docs/district/policies/3000/3295.pdf?id-1262,No,-9,Yes,No,No,Yes,Yes,Yes,Yes,No,0,59,117,0,No,Yes,No,No,Yes,No,No,Yes,No
ID,IDAHO,1601950,MARSH VALLEY JOINT DISTRICT,PO BOX 180,ARIMO,83214,No,1301,0,6,Yes,Yes,Yes,JASON,BROWER,208-254-3260,jbrower@mvsd21.org,JASON,BROWER,208-254-3260,jbrower@mvsd21.org,NICHOLE,HALES,208-254-3223,nhales@mvsd21.org,No,Yes,Yes,http://www.mvsd21.org/home/policies,No,-9,Yes,No,No,Yes,No,Yes,Yes,Yes,0,4,20,2,No,Yes,Yes,No,Yes,Yes,No,Yes,No
ID,IDAHO,1601980,MARSING JOINT DISTRICT,PO BOX 340,MARSING,83639,Yes,941,0,3,Yes,Yes,Yes,NORM,STEWART,208-649-5411,nstewart@marsingschools.org,NORM,STEWART,208-649-5411,nstewart@marsingschools.org,NORM,STEWART,208-649-5411,nstewart@marsingschools.org,No,Yes,No,-9,No,-9,No,-9,-9,-9,-9,-9,-9,-9,-9,-9,-9,-9,-9,-9,-9,-9,Yes,Yes,No,No,No
ID,IDAHO,1602030,MCCALL-DONNELLY JOINT SCHOOL DISTRICT,120 IDAHO STREET,MCCALL,83638,No,1189,0,5,Yes,Yes,Yes,JAMES,FOUDY,(208)634-2161,jfoudy@mdsd.org,JACOB,OLSON,208-634-5994,jolson@mdsd.org,JAMES,FOUDY,208-634-2161,jfoudy@mdsd.org,No,Yes,Yes,www.mdsd.org/page/198,No,-9,Yes,No,No,Yes,No,No,No,No,0,4,4,0,No,Yes,Yes,Yes,Yes,No,No,Yes,No
ID,IDAHO,1602060,MEADOWS VALLEY DISTRICT,PO BOX DRAWER F,NEW MEADOWS,83654,No,180,0,1,Yes,Yes,Yes,MICHAEL,HOWARD,2083472411,mihoward@mvsd11.org,MICHAEL,HOWARD,2083472411,mihoward@mvsd11.org,MICHAEL,HOWARD,2083472411,mihoward@mvsd11.org,No,Yes,Yes,www.mvsd11.org,No,-9,Yes,No,No,Yes,No,Yes,Yes,No,0,10,8,0,Yes,-9,-9,-9,Yes,No,No,Yes,No
ID,IDAHO,1602070,MELBA JOINT DISTRICT,PO BOX 185,MELBA,83641,No,864,0,2,Yes,Yes,Yes,ANDREW,GROVER,(208)495-1141x1088,agrover@melbaschools.org,ANDREW,GROVER,(208)495-1141x1088,agrover@melbaschools.org,LARRY,LINCOLN,(208)495-2221x1031,llinconl@melbaschools.org,No,Yes,Yes,melbaschools.org,No,-9,Yes,No,No,Yes,No,No,Yes,Yes,0,2,6,4,No,Yes,No,No,Yes,Yes,No,No,No
ID,IDAHO,1602100,JOINT SCHOOL DISTRICT NO. 2,1303 EAST CENTRAL DRIVE,MERIDIAN,83642,Yes,39314,0,56,Yes,Yes,Yes,JASON,WARR,208-855-4500,nesbitt.don@westada.org,RAMONA,LEE,208-855-4500,lee.ramona@westada.org,DENISE,SHUMWAY,205-855-4500,shumway.denise@westada.org,No,Yes,Yes,www.westada.org,No,-9,Yes,No,No,Yes,No,Yes,Yes,Yes,1,92,172,25,No,Yes,Yes,Yes,Yes,No,Yes,Yes,Yes
ID,IDAHO,1602130,MIDDLETON DISTRICT,5 SOUTH VIKING AVENUE,MIDDLETON,83644,No,4018,0,6,Yes,Yes,Yes,DANIEL,ARRIOLA,(208) 899-1181,darriola@msd134.org,DANIEL,ARRIOLA,(208) 899-1181,darriola@msd134.org,TAMMIE,MORIN,(208) 870-0357,tammorin@gmail.com,No,Yes,Yes,https://www.msd134.org/site/handlers/filedownload.ashx?moduleinstanceid=6633&dataid=5946&FileName=3006%20-%20Student%20Harassment.pdf,No,-9,Yes,No,No,Yes,No,No,No,No,0,9,20,3,No,Yes,No,No,Yes,No,Yes,Yes,No
ID,IDAHO,1602160,MIDVALE DISTRICT,PO BOX 130,MIDVALE,83645,No,112,0,2,Yes,Yes,Yes,KYLEE,MORRIS,(208)355-2234x103,morrisk@msd433.org,KYLEE,MORRIS,(208)355-2234x103,morrisk@msd433.org,JENNIFER,BESEL,(208)355-2234x133,beselj@msd433.org,No,Yes,Yes,www.midvaleschools.org,No,-9,Yes,No,No,Yes,No,Yes,Yes,Yes,0,3,7,3,Yes,-9,-9,-9,Yes,Yes,No,No,No
ID,IDAHO,1602190,MINIDOKA COUNTY JOINT DISTRICT,310 10TH STREET,RUPERT,83350,Yes,4288,0,10,Yes,Yes,Yes,TY,SHIPPEN,2084364721,tshippen@minidokaschools.org,MICHELE,WIDMIER,2084364727,mwidmier@minidokaschools.org,SHERRY,BINGHAM,2084364727,sbingham@minidokaschools.org,No,Yes,Yes,minidokaschools.org,No,-9,Yes,No,No,Yes,No,Yes,Yes,Yes,0,16,30,20,No,Yes,No,No,Yes,Yes,Yes,Yes,No
ID,IDAHO,1602220,MOSCOW DISTRICT,650 NORTH CLEVELAND,MOSCOW,83843,No,2568,0,8,Yes,Yes,Yes,KIM,MIKOLAJCZYK,208-882-0228,mikolajk@msd281.org,GREG,BAILEY,208-882-1120,gbailey@msd281.org,SHANNON,RICHARDS,208-892-1125,srichards@msd281.org,No,Yes,Yes,https://www.msd281.org/cms/One.aspx?portalId=200121&pageId=554024,No,-9,Yes,No,No,Yes,No,No,No,No,0,24,10,0,No,Yes,No,No,Yes,Yes,No,No,No
ID,IDAHO,1602250,MOUNTAIN HOME DISTRICT,PO BOX 1390,MOUNTAIN HOME,83647,Yes,3950,0,9,Yes,Yes,Yes,JAMES,GILBERT,(208) 587-2580,gilbert_jg@mtnomesd.org,JAMES,GILBERT,(208) 587-2580,gilbert_jg@mtnhomesd.org,ALBERT,LONGHURST,(208) 587-2580,longhurst_aj@mtnhomesd.org,No,Yes,Yes,www.mtnhomesd.org,No,-9,No,-9,-9,-9,-9,-9,-9,-9,-9,-9,-9,-9,-9,-9,-9,-9,Yes,No,Yes,Yes,No
ID,IDAHO,1602280,MULLAN DISTRICT,345 PARK AVENUE,MULLAN,83846,No,105,0,2,Yes,Yes,Yes,SHERRY,LEITZ,208-744-1126,sleitz@mullanschools.com,HEATHER,BRANSTETTER,208-744-1126,hbranstetter@mullanschools.com,HEATHER,BRANSTETTER,208-744-1126,hbranstetter@mullanschools.com,No,Yes,No,-9,No,-9,Yes,No,No,Yes,No,No,No,No,0,1,1,0,No,Yes,No,No,Yes,Yes,No,No,No
ID,IDAHO,1602310,MURTAUGH JOINT DISTRICT,PO BOX 117,MURTAUGH,83344,No,346,0,1,Yes,Yes,Yes,MICHELE,CAPPS,(208)432-5451 x101,"michele.capps@murtaugh.k12,id.us",MICHELE,CAPPS,(208)432-5451 x101,michele.capps@murtaugh.k12.id.us,MICHELE,CAPPS,(208)432-5451 x101,michele.capps@murtaugh.k12.id.us,No,Yes,Yes,www.murtaugh.k12.id.us,No,-9,No,-9,-9,-9,-9,-9,-9,-9,-9,-9,-9,-9,-9,-9,-9,-9,Yes,Yes,No,No,No
ID,IDAHO,1602340,NAMPA SCHOOL DISTRICT,619 SOUTH CANYON STREET,NAMPA,83686,Yes,15692,0,26,Yes,Yes,Yes,HEIDI,RAHN,208-468-4600,hrahn@nsd131.org,HEIDI,RAHN,208-468-4600,hrahn@nsd131.org,HEIDI,RAHN,208-468-4600,hrahn@nsd131.org,No,Yes,Yes,https://www.boarddocs.com/id/nsd131/Board.nsf/Public?open&id=policies#,No,-9,Yes,Yes,Yes,Yes,Yes,Yes,Yes,Yes,0,40,56,6,Yes,-9,-9,-9,Yes,Yes,Yes,Yes,Yes
ID,IDAHO,1602370,NEW PLYMOUTH DISTRICT,103 SE AVENUE,NEW PLYMOUTH,83655,No,1016,0,3,Yes,Yes,Yes,KEVIN,BARKER,208-278-5740,barkerk@npschools.us,KEVIN,BARKER,208-278-5740,barkerk@npschools.us,STACIE,VREELAND,208-278-5740,vreelands@npschools.us,No,Yes,Yes,http://npschools.ss11.sharpschool.com/common/pages/DisplayFile.aspx?itemId=2752443,No,-9,Yes,No,No,Yes,No,Yes,Yes,No,0,3,5,0,No,Yes,No,No,Yes,No,No,Yes,No
ID,IDAHO,1602400,NEZPERCE JOINT DISTRICT,PO BOX 279,NEZPERCE,83543,No,161,0,1,Yes,Yes,Yes,SHAWN,TIEGS,2089372551,stiegs@nezpercesd.us,SHAWN,TIEGS,2089372551,stiegs@nezpercesd.us,EMILY,BENZING,2089372551,ebenzing@nezpercesd.us,No,Yes,Yes,https://drive.google.com/open?id=0B_Helxh8_Wj9OWFWa2lFU2s0c28,No,-9,Yes,No,No,Yes,No,Yes,Yes,Yes,0,1,11,6,Yes,-9,-9,-9,Yes,Yes,No,No,No
ID,IDAHO,1602430,NORTH GEM DISTRICT,360 SOUTH MAIN STREET,BANCROFT,83217,No,170,0,3,Yes,Yes,Yes,DAVID,SOTUTU,2086487848,dsotutu@sd149.com,DAVID,SOTUTU,2086487848,dsotutu@sd149.com,DAVID,SOTUTU,1086487848,dostutu@sd149.com,No,Yes,Yes,http://www.sd149.com/wp-content/uploads/district/policy/pol%20290.pdf,No,-9,Yes,No,No,Yes,No,No,No,No,0,2,3,0,No,Yes,Yes,Yes,Yes,No,No,Yes,No
ID,IDAHO,1602460,NOTUS DISTRICT,25257 NOTUS ROAD,CALDWELL,83607,No,425,0,2,Yes,Yes,Yes,MARY,IHLI-LAAN,208-459-7442`,ihlilaam@notusschools.org,JEN,WRIGHT,208-459-7442,wrightj@notusschools.org,CHYNA,HIRASAKI,208-482-6074,hirasakic@cossaschools.org,No,Yes,Yes,http://www.notusschools.org/district_office/district_policy,No,-9,No,-9,-9,-9,-9,-9,-9,-9,-9,-9,-9,-9,-9,-9,-9,-9,Yes,Yes,No,No,No
ID,IDAHO,1602490,ONEIDA COUNTY DISTRICT,25 EAST 50 SOUTH SUITE A,MALAD CITY,83252,No,1334,0,6,Yes,Yes,Yes,LYNDSIE,THOMAS,208-497-2588,lyndsie.thomas@malad.us,RICH,MOORE,208-534-6080,rich.moore@malad.us,WENDY,ALDER,208-497-5877,wendy.alder@malad.us,No,Yes,Yes,www.oneidaschooldistrict.org/policy-manual.html,No,-9,Yes,No,No,No,No,Yes,Yes,No,0,0,2,0,No,Yes,No,No,Yes,Yes,No,Yes,No
ID,IDAHO,1602520,OROFINO JOINT DISTRICT,PO BOX 2259,OROFINO,83544,No,1145,11,7,Yes,Yes,Yes,MICHAEL,GARRETT,(208) 476-5593,garrettm@jsd171.org,MICHAEL,GARRETT,(208) 476-5593,garrettm@jsd171.org,MICHAEL,GARRETT,(208) 476-5593,garrettm@jsd171.org,No,Yes,Yes,www.sd171.k12.id.us,No,-9,Yes,No,No,Yes,No,No,No,No,2,4,3,2,No,Yes,No,No,Yes,Yes,No,No,No
ID,IDAHO,1602550,PARMA DISTRICT,805 EAST MCCONNELL,PARMA,83660,No,1071,0,3,Yes,Yes,Yes,SHELLEY,HAMBY,208-779-4069,shamby@parmaschools.org,SHELLEY,HAMBY,208-7794069,shamby@parmaschools.org,SHELLEY,HAMBY,208-779-4069,shamby@parmaschools.org,No,Yes,Yes,www.parmaschools.org,No,-9,Yes,No,No,Yes,No,No,Yes,No,0,0,1,0,No,Yes,No,No,Yes,Yes,No,No,No
ID,IDAHO,1602580,PAYETTE JOINT DISTRICT,20 NORTH 12TH STREET,PAYETTE,83661,No,1508,0,4,Yes,Yes,Yes,ROBIN,GILBERT,208-642-9366,rogirlbert@payetteschools.org,ROBIN,GILBERT,208-642-9366,rogirlbert@payetteschools.org,ROBIN,GILBERT,208-642-9366,rogirlbert@payetteschools.org,No,Yes,Yes,www.payetteschools.org,No,-9,Yes,No,No,Yes,No,No,Yes,No,0,3,6,1,Yes,-9,-9,-9,Yes,Yes,No,No,No
ID,IDAHO,1602610,PLEASANT VALLEY ELEMENTARY DISTRICT,PO BOX 119,JORDAN VALLEY,97910,No,10,10,1,Yes,Yes,Yes,RENE,MAESTREJUAN,(208)583-2420,RMAESTREJUAN@PLEASANTVALLEYSCHOOLS.ORG,RENE,MAESTREJUAN,(208)583-2420,RMAESTREJUAN@PLEASANTVALLEYSCHOOLS.ORG,RENE,MAESTREJUAN,(208)583-2420,RMAESTREJUAN@PLEASANTVALLEYSCHOOLS.ORG,No,Yes,No,-9,No,-9,No,-9,-9,-9,-9,-9,-9,-9,-9,-9,-9,-9,-9,-9,-9,-9,Yes,Yes,No,No,No
ID,IDAHO,1602640,POCATELLO / CHUBBUCK SCHOOL DISTRICT #25,3115 POLE LINE ROAD,POCATELLO,83201,Yes,12573,0,24,Yes,Yes,Yes,HOBBS,KENT,208-235-3253,hobbske@sd25.us,HOBBS,KENT,208-235-3253,hobbske@sd25.us,DAVE,MINER,208-235-3242,minerda@sd25.us,No,Yes,Yes,http://www.sd25.us/administration/policies,No,-9,Yes,No,No,Yes,No,Yes,Yes,Yes,0,40,64,11,No,Yes,No,No,Yes,Yes,No,No,No
ID,IDAHO,1602670,POST FALLS DISTRICT,PO BOX 40,POST FALLS,83877,No,6089,0,11,Yes,Yes,Yes,DENA,NACCARATO,208-773-1658,dnaccarato@sd273.com,DENA,NACCARATO,208-773-1658,dnaccarato@sd273.com,CAROL,TREAT,208-773-7246,ctreat@sd273.com,No,Yes,Yes,www.pfsd.com,No,-9,Yes,No,No,Yes,No,No,No,No,0,40,37,32,No,Yes,No,No,Yes,No,No,Yes,No
ID,IDAHO,1602700,POTLATCH DISTRICT,130 6TH STREET,POTLATCH,83855,No,439,0,2,Yes,Yes,Yes,JEFF,CIRKA,(208)875-0327,jcirka@psd285.org,JEFF,CIRKA,(208)875-0327,jcirka@psd285.org,JOHN,HAIRE,(208)875-1331,john.haire@psd285.org,No,Yes,Yes,www.psd285.org,No,-9,No,-9,-9,-9,-9,-9,-9,-9,-9,-9,-9,-9,-9,-9,-9,-9,Yes,No,No,Yes,No
ID,IDAHO,1602730,PRAIRIE ELEMENTARY DISTRICT,73 Smith Creek Road,PRAIRIE,83647,No,5,0,1,Yes,Yes,Yes,ANISSA,BURGESS,208-868-3229,prairiesd191@gmail.com,ANISSA,BURGESS,208-868-3229,prairiesd191@gmail.com,ANISSA,BURGESS,208-868-3229,Prairiesd191@gmail.com,No,Yes,No,-9,No,-9,Yes,No,No,Yes,No,Yes,Yes,No,0,2,0,0,Yes,-9,-9,-9,No,-9,-9,-9,-9
ID,IDAHO,1602760,RICHFIELD DISTRICT,555 NORTH TIGER DRIVE,RICHFIELD,83349,No,186,0,1,Yes,Yes,Yes,KAREN,LEZAMIZ,208-358-3763,kareleza@richfieldsd.org,KATRINA,MCHAN,208-316-0354,katrmcha@richfieldsd.org,CATHERINE,MARTINEZ,208-316-6804,cathmart@richfieldsd.org,No,Yes,Yes,www.richfieldsd.org,No,-9,Yes,No,No,Yes,No,No,No,No,0,1,1,0,No,Yes,Yes,Yes,Yes,Yes,No,No,No
ID,IDAHO,1602790,RIRIE JOINT DISTRICT,260 1ST WEST,RIRIE,83443,No,751,0,2,Yes,Yes,Yes,CHAD,WILLIAMS,2085387311,cwilliams@ririe252.org,TINA,ANDERESEN,2085387311,tandersen@ririe252.org,GLENN,ROMNEY,2085387311,gromney@ririe252.org,No,Yes,Yes,www.ririe252.org,No,-9,Yes,No,No,Yes,No,Yes,Yes,Yes,0,5,13,9,Yes,-9,-9,-9,Yes,No,No,Yes,No
ID,IDAHO,1602820,ROCKLAND DISTRICT,321 EAST CENTER STREET,ROCKLAND,83271,No,180,0,1,Yes,Yes,Yes,GREG,LARSON,2085482221,LARSGREG@RBULLDOGS.ORG,GREG,LARSON,2085482221,LARSGREG@RBULLDOGS.ORG,GREG,LARSON,2085482221,LARSGREG@RBULLDOGS.ORG,No,Yes,Yes,https://rbulldogs-my.sharepoint.com/personal/mathews_rbulldogs_org/Documents/Forms/All.aspx?RootFolder=%2Fpersonal%2Fmathews%5Frbulldogs%5Forg%2FDocuments%2FPublic%20Documents%20for%20Website%2FPolicies&FolderCTID=0x0120001588560DF7E12641BD9340309A2A51A7,No,-9,No,-9,-9,-9,-9,-9,-9,-9,-9,-9,-9,-9,-9,-9,-9,-9,Yes,No,No,Yes,No
ID,IDAHO,1602850,SALMON DISTRICT,907 SHARKEY STREET,SALMON,83467,No,837,0,3,Yes,Yes,Yes,CHRIS,BORN,208-756-4271,chris.born@salmon291.org,CHRIS,BORN,208-756-4271,chris.born@salmon291.org,CHRIS,BORN,208-756-4271,chris.born@salmon291.org,No,Yes,Yes,https://www.salmonschools.com/Content2/policy-manual,No,-9,Yes,No,No,Yes,No,Yes,Yes,Yes,0,9,9,2,No,Yes,No,No,Yes,No,No,Yes,No
ID,IDAHO,1602910,SHELLEY JOINT DISTRICT,545 SEMINARY AVENUE,SHELLEY,83274,No,2353,0,6,Yes,Yes,Yes,BRYAN,JOLLEY,(208)357-3411,bjolley@shelleyschools.org,BRYAN,JOLLEY,(208)357-3411,bjolley@shelleyschools.org,BRYAN,JOLLEY,(208)357-3411,bjolley@shelleyschools.org,No,Yes,Yes,http://shelleyschools.sd60.k12.id.us/wp-content/uploads/Non-discriminatin-of-School-services.pdf,No,-9,Yes,No,No,Yes,No,No,No,No,1,4,15,6,No,Yes,No,No,Yes,No,No,Yes,No
ID,IDAHO,1602940,SHOSHONE JOINT DISTRICT,61 EAST HIGHWAY 24,SHOSHONE,83352,No,525,0,4,Yes,Yes,Yes,ROB,WAITE,(208)886-2381x312,rob.waite@shoshonesd.org,ROB,WAITE,(208)886-2381x312,rob.waite@shoshonesd.org,ROB,WAITE,(208)886-2381x312,rob.waite@shoshonesd.org,No,Yes,Yes,www.shoshonesd.org,No,-9,No,-9,-9,-9,-9,-9,-9,-9,-9,-9,-9,-9,-9,-9,-9,-9,Yes,Yes,No,No,No
ID,IDAHO,1602970,SNAKE RIVER DISTRICT,103 SOUTH 900 WEST,BLACKFOOT,83221,No,1798,0,6,Yes,Yes,Yes,ROBERT,COOMBS,208-684-3061,coomrobe@snakeriver.org,ROSE,LARSON,208-680-7701,rlarson@snakeriver.org,ROSE,LARSON,208-680-7701,rlarson@snakeriver.org,No,Yes,Yes,www.snakeriver.org/wp-content/uploads/2018/08/8736-Student-Harassment.pdf,No,-9,Yes,No,No,Yes,No,No,No,No,0,3,8,2,No,Yes,No,No,Yes,Yes,No,No,No
ID,IDAHO,1603000,SODA SPRINGS JOINT DISTRICT,250 EAST 2ND SOUTH,SODA SPRINGS,83276,No,895,0,3,Yes,Yes,Yes,MOLLY,STEIN,(208)547-3371,steimoll@sodaschools.org,MOLLY,STEIN,(208)547-3371,steimoll@sodaschools.org,MOLLY,STEIN,(208)547-3371,steimoll@sodaschools.org,No,Yes,Yes,www.sodaschools.org,Yes,No,Yes,No,No,Yes,No,No,No,No,0,5,1,0,Yes,-9,-9,-9,Yes,No,No,Yes,No
ID,IDAHO,1603030,SOUTH LEMHI DISTRICT,PO BOX 119,LEADORE,83464,No,98,0,2,Yes,Yes,Yes,KEVIN,RAMSEY,(208)768-2441,kpramsey@leadoreschool.org,KEVIN,RAMSEY,(208)768-2441,kpramsey@leadoreschool.org,KEVIN,RAMSEY,(208)768-2441,kpramsey@leadoreschool.org,No,Yes,Yes,www.leadoreschool.org,No,-9,No,-9,-9,-9,-9,-9,-9,-9,-9,-9,-9,-9,-9,-9,-9,-9,Yes,No,No,Yes,No
ID,IDAHO,1603060,ST MARIES JOINT DISTRICT,240 S 11th Street,ST MARIES,83861,No,1003,0,5,Yes,Yes,Yes,ALICA,HOLTHAUS,208-245-2579,aholthaus@sd41.org,ALICA,HOLTHAUS,208-245-2579,aholthaus@sd41.org,ALICA,HOLTHAUS,208-245-2579,aholthaus@sd41.org,No,Yes,Yes,https://sd41.org/wp-content/uploads/2015/08/502-14Hazing-Harassment-Intimidation-Bullying-Cyber-Bullying-Menacing.pdf,No,-9,Yes,No,No,No,Yes,Yes,Yes,Yes,0,5,6,6,No,Yes,Yes,Yes,Yes,No,No,Yes,No
ID,IDAHO,1603090,SUGAR-SALEM JOINT DISTRICT,PO BOX 150,SUGAR CITY,83448,No,1629,0,5,Yes,Yes,Yes,CHESTER,BRADSHAW,208-356-8802,cbradshaw@sugarsalem.com,CHESTER,BRADSHAW,208-356-8802,cbradshaw@sugarsalem.com,CHESTER,BRADSHAW,208-356-8802,cbradshaw@sugarsalem.com,No,Yes,Yes,https://www.sugarsalem.org/web/index.php/board-policy-portal/79-3000,No,-9,Yes,No,No,No,Yes,Yes,Yes,Yes,0,3,10,6,No,Yes,Yes,No,Yes,No,No,Yes,No
ID,IDAHO,1603120,SWAN VALLEY ELEMENTARY DISTRICT,PO BOX 220,IRWIN,83428,No,49,0,1,Yes,Yes,Yes,MICHAEL,JACOBSON,208-483-2405,mjacobson@sveidaho.com,MICHAEL,JACOBSON,208-483-2405,mjacobson@sveidaho.com,MICHAEL,JACOBSON,208-483-2405,mjacobson@sveidaho.com,No,Yes,Yes,http://sd92.k12.id.us/policy-manual.php,No,-9,Yes,No,No,Yes,No,Yes,Yes,Yes,0,1,6,1,Yes,-9,-9,-9,Yes,Yes,No,No,No
ID,IDAHO,1603180,TETON COUNTY DISTRICT,PO BOX 775,DRIGGS,83422,No,1809,0,7,Yes,Yes,Yes,MONTE,WOOLSTENHULME,208-228-5923,mrw@d401.k12.id.us,MONTE,WOOLSTENHULME,208-228-5923,mrw@d401.k12.id.us,MONTE,WOOLSTENHULME,208-228-5923,mrw@d401.k12.id.us,No,Yes,Yes,https://tsd401.org/policies/,No,-9,Yes,Yes,No,Yes,No,Yes,Yes,Yes,0,4,5,6,Yes,-9,-9,-9,Yes,Yes,No,No,No
ID,IDAHO,1603210,THREE CREEK JOINT ELEMENTARY DISTRICT,49907 THREE CREEK ROAD,ROGERSON,83302,No,7,0,1,Yes,Yes,Yes,DENA,POLLOCK,(208) 857-2281,admin@threecreekschool.org,DENA,POLLOCK,(208) 857-2281,admin@threecreekschool.org,DENA,POLLOCK,(208) 857-2281,admin@threecreekschool.org,No,No,-9,-9,No,-9,No,-9,-9,-9,-9,-9,-9,-9,-9,-9,-9,-9,-9,-9,-9,-9,No,-9,-9,-9,-9
ID,IDAHO,1603240,TWIN FALLS DISTRICT,201 MAIN AVENUE WEST,TWIN FALLS,83301,Yes,9258,0,16,Yes,Yes,Yes,WILLIAM,BRULOTTE,208-733-6900,brulottewi@tfsd.org,WILLIAM,BRULOTTE,208-733-6900,brulottewi@tfsd.org,MICHAEL,GEMAR,208-733-6900,gemarmi@tfsd.org,No,Yes,Yes,https://www.tfsd.org/school-board/policy-manual/,No,-9,Yes,No,No,Yes,No,No,No,No,0,21,45,4,No,Yes,Yes,Yes,Yes,No,No,Yes,No
ID,IDAHO,1603270,VALLEY DISTRICT,882 VALLEY ROAD SOUTH,HAZELTON,83335,No,588,0,1,Yes,Yes,Yes,BRIAN,HARDY,(208)829-5961,hardyb@vall262.org,ERIC,ANDERSON,(208)829-5333,eanderson@valley262.org,HEATHER,GALLENTINE,(208)829-5353,gallentine@valley262.org,No,Yes,Yes,www.valleyvikings.org,No,-9,Yes,No,No,Yes,No,No,No,No,0,2,5,1,No,Yes,No,No,Yes,Yes,No,No,No
ID,IDAHO,1603300,WALLACE DISTRICT,PO Box 267,Silverton,83867,No,502,0,2,Yes,Yes,Yes,ROBERT,RANELLS,(208)753-4515,branells@wsd393.org,ROBERT,RANELLS,(208)753-4515,branells@wsd393.org,ROBERT,RANELLS,(208)753-4515,branells@wsd393.org,No,Yes,Yes,www.wsd393.org,No,-9,Yes,No,No,Yes,No,Yes,Yes,No,0,4,6,0,Yes,-9,-9,-9,Yes,Yes,No,No,No
ID,IDAHO,1603330,WEISER DISTRICT,925 PIONEER ROAD,WEISER,83672,No,1544,0,5,Yes,No,Yes,TYLER,GRANT,(208)414-2595,grantt@weiserschools.org,-9,-9,-9,-9,WILLIAM,MORRISS,(208)414-1494,morrissw@weiserschools.org,No,Yes,Yes,www.weiserschools.org,No,-9,Yes,No,No,Yes,No,No,No,No,0,6,4,2,No,Yes,No,No,Yes,Yes,No,No,No
ID,IDAHO,1603360,WENDELL DISTRICT,PO BOX 300,WENDELL,83355,No,1085,0,3,Yes,Yes,Yes,CAROL,CASE,208-536-2418,cjcase@wendellschools.org,CAROL,CASE,208-536-2418,cjcase@wendellschools.org,GREG,LOWE,208-536-2418,gmlowe@wendellschools.org,No,Yes,Yes,www.wendellschools.org,No,-9,Yes,No,No,Yes,Yes,Yes,Yes,No,0,14,9,0,No,Yes,No,No,Yes,No,No,Yes,No
ID,IDAHO,1603400,WEST JEFFERSON DISTRICT,1256 EAST 1500 NORTH,TERRETON,83450,No,613,0,4,Yes,Yes,Yes,PAUL,STEMBRIDGE,208-663-6042,stembridgep@wjsd.org,PAUL,STEMBRIDGE,208-663-6042,stembridgep@wjsd.org,PAUL,STEMBRIDGER,208-663-6042,stembridgep@wjsd.org,No,Yes,Yes,http://www.wjsd.org/Default.asp?PN=Forms&L=1&DivisionID=18378&LMID=829224&ToggleSideNav=ShowAll,No,-9,Yes,Yes,No,No,No,Yes,Yes,Yes,0,0,20,12,Yes,-9,-9,-9,Yes,No,No,Yes,No
ID,IDAHO,1603420,WEST SIDE JOINT DISTRICT,PO BOX 39,DAYTON,83232,No,740,0,3,Yes,Yes,Yes,SPENCER,BARZEE,208-747-3502,sbarzee@westside202.com,SPENCER,BARZEE,208-747-3502,sbarzee@westside202.com,SPENCER,BARZEE,208-747-3502,sbarzee@westside202.com,No,Yes,Yes,http://wssd.k12.id.us/index.php/district/policy,No,-9,No,-9,-9,-9,-9,-9,-9,-9,-9,-9,-9,-9,-9,-9,-9,-9,No,-9,-9,-9,-9
ID,IDAHO,1603480,WILDER DISTRICT,419 Huff Rd,WILDER,83676,No,575,0,3,Yes,Yes,Yes,JEFF,DILLON,(208)337-7400,jdillon@wilderschools.org,JEFF,DILLON,(208)337-7400,jdillon@wilderschools.org,JEFF,DILLON,(208)337-7400,jdillon@wilderschools.org,No,Yes,Yes,www.wilderschools.org,No,-9,Yes,Yes,No,Yes,No,No,No,No,0,2,4,5,Yes,-9,-9,-9,Yes,Yes,No,No,No
ID,IDAHO,1603511,IDAHO BUREAU OF EDUCATIONAL SERVICES FOR THE DEAF AND THE BL,1450 MAIN STREET,GOODING,83330,No,97,0,1,Yes,Yes,Yes,SHELLEY,COMSTOCK,(208)934-4457,shelley.comstock@iesdb.org,DAVE,SPARKS,(208)934-4457,dave.sparks@iesdb.org,GRETCHEN,SPOONER,(208)934-4457,gretchen.spooner@iesdb.org,No,Yes,Yes,https://rds.iesdb.org/ivisions/EmployeeResources/InformationCenter/tabid/58/Default.aspx,No,-9,Yes,Yes,No,Yes,No,No,No,Yes,0,3,4,1,No,Yes,No,No,Yes,Yes,No,Yes,No
