State Postal Code,State FIPS Code,District ID,Name,Estimated Total Population,Estimated Population 5-17,Estimated number of relevant children 5 to 17 years old in poverty who are related to the householder
ID,16,30,Aberdeen School District 58,3728,913,130
ID,16,60,American Falls Joint School District 381,7004,1588,309
ID,16,90,Arbon Elementary School District 383,135,20,6
ID,16,150,Avery School District 394,333,37,6
ID,16,180,Basin School District 72,3526,463,56
ID,16,240,Bear Lake County School District 33,5876,1190,163
ID,16,270,Blackfoot School District 55,21857,4827,817
ID,16,300,Blaine County School District 61,22024,3841,294
ID,16,330,Bliss Joint School District 234,733,141,28
ID,16,360,Boise City Independent School District 1,215431,31415,3513
ID,16,930,Bonneville Joint School District 93,50346,12583,1291
ID,16,420,Boundary County School District 101,11922,2037,454
ID,16,450,Bruneau-Grand View Joint School District 365,2551,484,102
ID,16,480,Buhl Joint School District 412,9544,1924,318
ID,16,490,Butte County Joint School District 111,2542,493,90
ID,16,510,Caldwell School District 132,39594,7880,1726
ID,16,540,Camas County School District 121,1102,208,21
ID,16,570,Cambridge Joint School District 432,1149,142,37
ID,16,630,Cascade School District 422,2614,315,128
ID,16,660,Cassia County Joint School District 151,23154,5563,790
ID,16,690,Castleford School District 417,1557,337,58
ID,16,720,Challis Joint School District 181,2972,358,93
ID,16,750,Clark County School District 161,873,179,34
ID,16,780,Coeur d'Alene School District 271,82209,12825,1613
ID,16,810,Cottonwood Joint School District 242,2692,438,79
ID,16,840,Council School District 13,2113,271,53
ID,16,870,Culdesac Joint School District 342,908,113,24
ID,16,900,Dietrich School District 314,834,237,44
ID,16,1020,Emmett Independent School District 221,17379,3008,529
ID,16,1050,Filer School District 413,7540,1694,202
ID,16,1080,Firth School District 59,3950,856,95
ID,16,1110,Fremont County Joint School District 215,12008,2343,414
ID,16,1140,Fruitland School District 373,8413,1765,208
ID,16,1170,Garden Valley School District 71,2034,261,65
ID,16,1200,Genesee Joint School District 282,1811,369,42
ID,16,1230,Glenns Ferry Joint School District 192,2646,444,87
ID,16,1260,Gooding Joint School District 231,6666,1386,274
ID,16,1290,Grace Joint School District 148,2285,511,71
ID,16,1380,Hagerman Joint School District 233,2404,406,64
ID,16,1410,Hansen School District 415,2204,558,69
ID,16,1440,Highland Joint School District 305,1502,220,31
ID,16,1470,Homedale Joint School District 370,5926,1220,225
ID,16,1500,Horseshoe Bend School District 73,1729,281,46
ID,16,1530,Idaho Falls School District 91,61404,12723,1669
ID,16,1570,Jefferson County Joint School District 251,24063,6024,625
ID,16,1590,Jerome Joint School District 261,20455,4473,753
ID,16,1620,Kamiah Joint School District 304,3972,644,251
ID,16,1650,Kellogg Joint School District 391,8353,1239,263
ID,16,1680,Kendrick Joint School District 283,1823,215,22
ID,16,1710,Kimberly School District 414,6876,1739,176
ID,16,1740,Kootenai Joint School District 274,1953,255,46
ID,16,1770,Kuna Joint School District 3,30196,6683,811
ID,16,2,Lake Pend Oreille School District 84,31316,4639,785
ID,16,1800,Lakeland Joint School District 272,30369,5644,741
ID,16,1830,Lapwai School District 341,3252,561,110
ID,16,1860,Lewiston Independent School District 340,35107,5401,682
ID,16,1900,Mackay Joint School District 182,1416,176,24
ID,16,1920,Madison School District 321,35101,5550,848
ID,16,1950,Marsh Valley Joint School District 21,7024,1524,225
ID,16,1980,Marsing Joint School District 363,4479,934,171
ID,16,2030,McCall-Donnelly Joint School District 421,8179,1133,60
ID,16,2060,Meadows Valley School District 11,1546,236,57
ID,16,2070,Melba Joint School District 136,3613,790,103
ID,16,2100,Meridian Joint School District 2,214864,45814,3454
ID,16,2130,Middleton School District 134,17359,3827,426
ID,16,2160,Midvale School District 433,659,84,26
ID,16,2190,Minidoka County Joint School District 331,21572,4482,689
ID,16,2220,Moscow School District 281,29106,3418,353
ID,16,2250,Mountain Home School District 193,23924,4201,772
ID,16,139,Mountain View School District 244,9981,1466,229
ID,16,2280,Mullan School District 392,754,99,39
ID,16,2310,Murtaugh Joint School District 418,1135,285,37
ID,16,2340,Nampa School District 131,95961,20592,2981
ID,16,2370,New Plymouth School District 372,4722,991,176
ID,16,2400,Nezperce Joint School District 302,951,189,21
ID,16,2430,North Gem School District 149,830,196,19
ID,16,2460,Notus School District 135,1943,420,40
ID,16,2490,Oneida County School District 351,4373,977,127
ID,16,2520,Orofino Joint School District 171,8799,1092,210
ID,16,2550,Parma School District 137,5939,1276,160
ID,16,2580,Payette Joint School District 371,10217,1874,355
ID,16,2610,Pleasant Valley Elementary School District 364,99,10,2
ID,16,815,Plummer-Worley Joint School District 44,3998,742,216
ID,16,2640,Pocatello School District 25,78243,14966,2065
ID,16,2670,Post Falls School District 273,40740,7629,1057
ID,16,2700,Potlatch School District 285,3465,647,86
ID,16,2730,Prairie Elementary School District 191,108,17,3
ID,16,960,Preston Joint School District 201,10881,2682,240
ID,16,2760,Richfield School District 316,1078,221,51
ID,16,2790,Ririe Joint School District 252,2785,689,46
ID,16,2820,Rockland School District 382,534,146,19
ID,16,138,Salmon River School District 243,1472,161,22
ID,16,2850,Salmon School District 291,7099,998,231
ID,16,2910,Shelley Joint School District 60,9537,2307,292
ID,16,2940,Shoshone Joint School District 312,3193,701,99
ID,16,2970,Snake River School District 52,7954,1954,283
ID,16,3000,Soda Springs Joint School District 150,4385,896,88
ID,16,3030,South Lemhi School District 292,620,93,16
ID,16,3060,St. Maries Joint School District 41,6718,1065,148
ID,16,3090,Sugar-Salem Joint School District 322,5126,1455,182
ID,16,3120,Swan Valley Elementary School District 92,833,94,8
ID,16,3180,Teton County School District 401,11381,2137,236
ID,16,3210,Three Creek Joint Elementary School District 416,75,12,4
ID,16,9,Troy School District 287,2089,387,24
ID,16,3240,Twin Falls School District 411,56265,10933,1632
ID,16,3270,Valley School District 262,3032,687,105
ID,16,600,Vallivue School District 139,43875,9625,1337
ID,16,3300,Wallace School District 393,4168,558,136
ID,16,3330,Weiser School District 431,8403,1550,302
ID,16,3360,Wendell School District 232,5306,1179,197
ID,16,1,West Bonner County School District 83,12012,1790,318
ID,16,3400,West Jefferson School District 253,2474,755,85
ID,16,3420,West Side Joint School District 202,2408,643,65
ID,16,10,Whitepine Joint School District 288,1745,312,25
ID,16,3480,Wilder School District 133,3436,704,102
