State Postal Code,State FIPS Code,District ID,Name,Estimated Total Population,Estimated Population 5-17,Estimated number of relevant children 5 to 17 years old in poverty who are related to the householder
CA,6,1620,ABC Unified School District,109825,17646,2410
CA,6,1650,Acalanes Union High School District,118221,6027,160
CA,6,1680,Ackerman Elementary School District,2855,272,26
CA,6,1,Acton-Agua Dulce Unified School District,13044,1929,159
CA,6,1710,Adelanto Elementary School District,60160,7082,2248
CA,6,1770,Alameda City Unified School District,81286,11313,892
CA,6,1860,Albany City Unified School District,20426,3276,165
CA,6,1890,Alexander Valley Union School District,915,52,2
CA,6,153,Alhambra Unified School District,175264,17101,3348
CA,6,1950,Alisal Union Elementary School District,60430,8149,1726
CA,6,1980,Allensworth Elementary School District,500,97,35
CA,6,2010,Alpaugh Unified School District,1411,374,136
CA,6,2070,Alpine County Unified School District,1120,159,45
CA,6,2100,Alpine Union Elementary School District,19700,2170,162
CA,6,2160,Alta Loma Elementary School District,57654,6123,633
CA,6,2220,Alta Vista Elementary School District,3207,528,249
CA,6,2250,Alta-Dutch Flat Union Elementary School District,1979,147,48
CA,6,2310,Alum Rock Union Elementary School District,119834,15558,2537
CA,6,2360,Alview-Dairyland Union Elementary School District,1859,269,71
CA,6,2370,Alvina Elementary School District,688,110,32
CA,6,2430,Alvord Unified School District,116132,22864,3632
CA,6,2450,Amador County Unified School District,38626,4271,635
CA,6,2610,Anaheim Elementary School District,208150,20438,4940
CA,6,2630,Anaheim Union High School District,410401,35296,7153
CA,6,2700,Anderson Union High School District,38951,2249,435
CA,6,2730,Anderson Valley Unified School District,2975,529,126
CA,6,2760,Antelope Elementary School District,5746,559,158
CA,6,2820,Antelope Valley Union Joint High School District,386613,27346,5272
CA,6,2850,Antioch Unified School District,116946,22704,3525
CA,6,17,Apple Valley Unified School District,82358,15406,3602
CA,6,2970,Arcadia Unified School District,59799,9249,955
CA,6,3000,Arcata Elementary School District,14778,814,301
CA,6,3060,Arcohe Union Elementary School District,4980,550,52
CA,6,3090,Arena Union Elementary School District,3260,288,66
CA,6,3180,Armona Union Elementary School District,6546,1123,242
CA,6,91136,Aromas-San Juan Unified School District,9531,1503,178
CA,6,3270,Arvin Union School District,21024,3809,1273
CA,6,3300,Atascadero Unified School District,37637,5447,405
CA,6,3420,Atwater Elementary School District,36162,5084,1591
CA,6,3480,Auburn Union Elementary School District,36523,3237,390
CA,6,3600,Azusa Unified School District,69181,12054,2264
CA,6,3610,Baker Valley Unified School District,1031,220,51
CA,6,3630,Bakersfield City School District,197765,30146,11844
CA,6,3690,Baldwin Park Unified School District,77304,15097,3227
CA,6,3720,Ballard Elementary School District,1513,150,7
CA,6,3750,Ballico-Cressey Elementary School District,2218,318,123
CA,6,3780,Bangor Union Elementary School District,1304,141,35
CA,6,3840,Banning Unified School District,37047,5779,1500
CA,6,3870,Banta Elementary School District,5663,233,40
CA,6,4020,Barstow Unified School District,35605,6633,2448
CA,6,4080,Bass Lake Joint Union Elementary School District,12546,1079,269
CA,6,4110,Bassett Unified School District,28047,5232,1001
CA,6,4200,Bayshore Elementary School District,6163,706,63
CA,6,4230,Bear Valley Unified School District,19638,2866,486
CA,6,4260,Beardsley Elementary School District,18160,1984,737
CA,6,4290,Beaumont Unified School District,52838,9036,951
CA,6,4350,Bella Vista Elementary School District,3840,357,67
CA,6,4500,Belleview Elementary School District,1725,132,21
CA,6,4380,Bellevue Union School District,25564,2607,391
CA,6,4440,Bellflower Unified School District,84178,14946,2462
CA,6,4530,Belmont-Redwood Shores Elementary School District,43812,4399,136
CA,6,4560,Belridge Elementary School District,127,24,3
CA,6,4620,Benicia Unified School District,29244,4889,242
CA,6,4650,Bennett Valley Union Elementary School District,9917,713,48
CA,6,4740,Berkeley Unified School District,123816,9892,724
CA,6,4800,Berryessa Union Elementary School District,86424,9355,786
CA,6,4830,Beverly Hills Unified School District,35174,4878,563
CA,6,4860,Big Creek Elementary School District,472,69,12
CA,6,4890,Big Lagoon Union Elementary School District,462,33,4
CA,6,91137,Big Oak Flat-Groveland Unified School District,5230,575,85
CA,6,4950,Big Pine Unified School District,1808,230,39
CA,6,4980,Big Springs Union Elementary School District,1762,178,40
CA,6,31,Big Sur Unified School District,467,26,3
CA,6,5010,Big Valley Joint Unified School District,1626,236,32
CA,6,5040,Biggs Unified School District,3634,705,214
CA,6,1409,Bishop Unified School District,12624,1866,291
CA,6,5190,Bitterwater-Tully Union Elementary School District,134,10,2
CA,6,5220,Black Butte Union Elementary School District,4433,295,58
CA,6,5240,Black Oak Mine Unified School District,14168,1897,214
CA,6,5250,Blake Elementary School District,180,11,0
CA,6,5280,Blochman Union Elementary School District,774,78,12
CA,6,5400,Blue Lake Union Elementary School District,2513,230,36
CA,6,5490,Bogus Elementary School District,360,20,6
CA,6,5520,Bolinas-Stinson Union Elementary School District,2417,165,33
CA,6,5610,Bonita Unified School District,63450,9504,834
CA,6,5640,Bonny Doon Union Elementary School District,3084,184,17
CA,6,1426,Bonsall Unified School District,18458,2837,351
CA,6,5700,Borrego Springs Unified School District,4172,507,90
CA,6,5730,Bradley Union Elementary School District,465,40,6
CA,6,5790,Brawley Elementary School District,26885,3942,1124
CA,6,5820,Brawley Union High School District,29958,2054,426
CA,6,5880,Brea-Olinda Unified School District,36985,5882,498
CA,6,5910,Brentwood Union Elementary School District,59685,9033,741
CA,6,5940,Bret Harte Union High School District,19646,783,139
CA,6,6000,Bridgeville Elementary School District,560,47,9
CA,6,6030,Briggs Elementary School District,2810,345,58
CA,6,6060,Brisbane Elementary School District,8954,744,34
CA,6,6090,Brittan Elementary School District,3638,439,45
CA,6,6100,Browns Elementary School District,976,112,11
CA,6,6270,Buckeye Union Elementary School District,37867,4811,281
CA,6,6330,Buellton Union Elementary School District,5949,698,48
CA,6,6360,Buena Park Elementary School District,50709,5883,1397
CA,6,6420,Buena Vista Elementary School District,453,72,19
CA,6,6450,Burbank Unified School District,106984,14057,1490
CA,6,6480,Burlingame Elementary School District,32107,3357,171
CA,6,6510,Burnt Ranch Elementary School District,741,48,14
CA,6,6540,Burrel Union Elementary School District,555,95,34
CA,6,6570,Burton Elementary School District,17844,2969,681
CA,6,6580,Butte Valley Unified School District,1989,350,92
CA,6,6690,Butteville Union Elementary School District,1704,179,22
CA,6,6720,Buttonwillow Union Elementary School District,2270,406,149
CA,6,6750,Byron Union Elementary School District,16360,2139,240
CA,6,6780,Cabrillo Unified School District,27306,4291,198
CA,6,6810,Cajon Valley Union Elementary School District,173535,18940,4736
CA,6,6870,Calaveras Unified School District,26024,3565,773
CA,6,6900,Calexico Unified School District,40905,8947,3085
CA,6,6960,Caliente Union Elementary School District,973,93,23
CA,6,6990,Calipatria Unified School District,10880,1242,429
CA,6,7020,Calistoga Joint Unified School District,7313,1002,73
CA,6,7140,Cambrian Elementary School District,32850,3480,163
CA,6,7170,Camino Union Elementary School District,4491,425,39
CA,6,7200,Campbell Union Elementary School District,102791,9810,827
CA,6,7230,Campbell Union High School District,239748,10479,635
CA,6,7260,Camptonville Elementary School District,788,62,15
CA,6,7350,Canyon Elementary School District,255,20,0
CA,6,7410,Capay Joint Union Elementary School District,1050,113,26
CA,6,7440,Capistrano Unified School District,362235,61023,4704
CA,6,7470,Cardiff Elementary School District,12012,794,73
CA,6,7500,Carlsbad Unified School District,76420,11955,850
CA,6,7530,Carmel Unified School District,24246,3003,177
CA,6,7560,Carpinteria Unified School District,18961,2733,380
CA,6,67,Caruthers Unified School District,9490,1439,433
CA,6,7680,Cascade Union Elementary School District,15318,1758,564
CA,6,7740,Castaic Union School District,31484,2529,225
CA,6,7770,Castle Rock Union Elementary School District,363,35,3
CA,6,7800,Castro Valley Unified School District,54327,9374,478
CA,6,7840,Cayucos Elementary School District,3021,205,32
CA,6,7900,Center Joint Unified School District,29649,6132,932
CA,6,7920,Centinela Valley Union High School District,156241,8992,1870
CA,6,7950,Central Elementary School District,41724,4876,778
CA,6,7970,Central Unified School District,74455,16509,3614
CA,6,7980,Central Union Elementary School District,10699,1648,328
CA,6,8010,Central Union High School District,60573,4095,939
CA,6,8070,Centralia Elementary School District,58192,4708,828
CA,6,8130,Ceres Unified School District,57385,12336,2262
CA,6,8160,Chaffey Joint Union High School District,419942,26702,3471
CA,6,8190,Charter Oak Unified School District,37895,6089,878
CA,6,8250,Chatom Union Elementary School District,4749,687,122
CA,6,116,Chawanakee Unified School District,4876,699,109
CA,6,8340,Chicago Park Elementary School District,1217,81,8
CA,6,8370,Chico Unified School District,111707,15077,2558
CA,6,8460,Chino Valley Unified School District,183203,33310,3826
CA,6,8520,Chowchilla Elementary School District,22780,2402,707
CA,6,8550,Chowchilla Union High School District,24639,1117,308
CA,6,8580,Chualar Union Elementary School District,2228,397,68
CA,6,8610,Chula Vista Elementary School District,301936,28904,4139
CA,6,8640,Cienega Union Elementary School District,182,11,2
CA,6,8700,Cinnabar Elementary School District,2699,251,24
CA,6,8760,Claremont Unified School District,42668,5863,746
CA,6,8850,Clay Joint Elementary School District,530,62,10
CA,6,8880,Clear Creek Elementary School District,1735,144,21
CA,6,8970,Cloverdale Unified School District,11131,1639,158
CA,6,9030,Clovis Unified School District,203253,39584,4859
CA,6,9070,Coachella Valley Unified School District,94381,21508,6237
CA,6,9120,Coalinga-Huron Unified School District,27930,4822,1354
CA,6,49,Coast Unified School District,10322,865,135
CA,6,9240,Coffee Creek Elementary School District,220,11,3
CA,6,9270,Cold Spring Elementary School District,3117,170,13
CA,6,9300,Colfax Elementary School District,5865,563,108
CA,6,9330,College Elementary School District,6158,503,42
CA,6,9390,Colton Joint Unified School District,119728,24381,5207
CA,6,9450,Columbia Elementary School District,9908,1057,126
CA,6,9480,Columbia Union Elementary School District,6069,581,88
CA,6,9510,Columbine Elementary School District,275,44,12
CA,6,9570,Colusa Unified School District,7853,1499,183
CA,6,9620,Compton Unified School District,160212,33188,8869
CA,6,9640,Conejo Valley Unified School District,139972,23538,1528
CA,6,9690,Corcoran Joint Unified School District,25709,3380,1192
CA,6,9780,Corning Union Elementary School District,14753,1922,749
CA,6,9810,Corning Union High School District,17298,1113,289
CA,6,9850,Corona-Norco Unified School District,283522,55975,5567
CA,6,9870,Coronado Unified School District,26635,2936,166
CA,6,9940,Cotati-Rohnert Park Unified School District,54453,7373,650
CA,6,9990,Cottonwood Union Elementary School District,8764,1030,215
CA,6,10050,Covina-Valley Unified School District,80029,13585,1883
CA,6,16300,Cucamonga Elementary School District,28817,3248,644
CA,6,10230,Cuddeback Union Elementary School District,898,94,17
CA,6,10260,Culver City Unified School District,40461,4810,410
CA,6,10290,Cupertino Union Elementary School District,150770,20845,619
CA,6,10320,Curtis Creek Elementary School District,8974,747,105
CA,6,10350,Cutler-Orosi Joint Unified School District,19523,4562,1901
CA,6,10380,Cutten Elementary School District,5311,439,143
CA,6,9,Cuyama Joint Unified School District,1337,279,48
CA,6,10440,Cypress Elementary School District,47025,3646,373
CA,6,10620,Davis Joint Unified School District,81161,9131,725
CA,6,10680,Death Valley Unified School District,744,45,15
CA,6,10710,Dehesa Elementary School District,2374,206,21
CA,6,10740,Del Mar Union Elementary School District,44619,4787,198
CA,6,10770,Del Norte County Unified School District,27470,4320,1355
CA,6,10860,Delano Joint Union High School District,74502,4984,1435
CA,6,10890,Delano Union Elementary School District,58438,8175,2753
CA,6,39,Delhi Unified School District,13696,3297,892
CA,6,10980,Delphic Elementary School District,130,7,1
CA,6,11040,Denair Unified School District,8455,1706,249
CA,6,11100,Desert Center Unified School District,268,31,6
CA,6,11110,Desert Sands Unified School District,196219,29807,4804
CA,6,11130,Di Giorgio Elementary School District,976,155,76
CA,6,65,Dinuba Unified School District,30404,6629,2013
CA,6,11220,Dixie Elementary School District,21997,2310,116
CA,6,11280,Dixon Unified School District,23001,4403,683
CA,6,33,Dos Palos-Oro Loma Joint Unified School District,11135,2525,723
CA,6,11430,Douglas City Elementary School District,826,71,27
CA,6,11460,Downey Unified School District,125426,21895,3533
CA,6,11490,Dry Creek Joint Elementary School District,58003,8216,748
CA,6,11520,Duarte Unified School District,28699,4290,716
CA,6,19,Dublin Unified School District,50289,6943,252
CA,6,11550,Ducor Union Elementary School District,1336,196,84
CA,6,11610,Dunham Elementary School District,834,66,9
CA,6,11670,Dunsmuir Elementary School District,2091,186,62
CA,6,11700,Dunsmuir Joint Union High School District,2454,106,24
CA,6,11730,Durham Unified School District,5375,960,87
CA,6,11760,Earlimart Elementary School District,11139,2145,960
CA,6,11780,East Nicolaus Joint Union High School District,2752,164,11
CA,6,11820,East Side Union High School District,569455,30595,3075
CA,6,11850,East Whittier City Elementary School District,75579,8665,956
CA,6,11870,Eastern Sierra Unified School District,4247,577,109
CA,6,11910,Eastside Union Elementary School District,25073,3509,1078
CA,6,11940,Edison Elementary School District,6279,1079,313
CA,6,12030,El Centro Elementary School District,40431,5347,1554
CA,6,12070,El Dorado Union High School District,142706,7718,578
CA,6,12090,El Monte City School District,85245,9513,2566
CA,6,12120,El Monte Union High School District,178636,10146,2248
CA,6,12150,El Nido Elementary School District,1793,183,54
CA,6,12180,El Rancho Unified School District,62304,10853,1781
CA,6,12210,El Segundo Unified School District,17178,2623,299
CA,6,26,El Tejon Unified School District,8952,1512,351
CA,6,12330,Elk Grove Unified School District,337557,69711,9044
CA,6,12360,Elk Hills Elementary School District,295,40,9
CA,6,12420,Elkins Elementary School District,273,12,2
CA,6,12600,Elverta Joint Elementary School District,3132,323,36
CA,6,12630,Emery Unified School District,11130,623,84
CA,6,12690,Empire Union Elementary School District,27056,3408,771
CA,6,12750,Encinitas Union Elementary School District,75426,6271,371
CA,6,12810,Enterprise Elementary School District,32626,3773,956
CA,6,12840,Escalon Unified School District,15739,3033,667
CA,6,12880,Escondido Union Elementary School District,174095,20647,3685
CA,6,12910,Escondido Union High School District,177581,10108,1505
CA,6,12930,Esparto Unified School District,6472,1225,134
CA,6,12960,Etiwanda Elementary School District,92259,12445,1161
CA,6,52,Eureka City Unified School District,50612,5765,1346
CA,6,13080,Eureka Union Elementary School District,29743,3783,162
CA,6,13140,Evergreen Elementary School District,108384,14499,1232
CA,6,13170,Evergreen Union Elementary School District,9440,1096,177
CA,6,1423,Exeter Unified School District,17104,3260,848
CA,6,13290,Fairfax Elementary School District,14918,2587,830
CA,6,13360,Fairfield-Suisun Unified School District,139439,24197,2975
CA,6,13470,Fall River Joint Unified School District,8100,1166,259
CA,6,13500,Fallbrook Union Elementary School District,65158,5885,1034
CA,6,13530,Fallbrook Union High School District,67486,2777,359
CA,6,35,Farmersville Unified School District,11762,2980,966
CA,6,13710,Feather Falls Union Elementary School District,414,33,8
CA,6,37,Ferndale Unified School District,2894,434,57
CA,6,13740,Fieldbrook Elementary School District,874,99,20
CA,6,13800,Fillmore Unified School District,20232,4007,744
CA,6,13840,Firebaugh-Las Deltas Unified School District,9086,2261,580
CA,6,13860,Flournoy Union Elementary School District,270,26,7
CA,6,13890,Folsom-Cordova Unified School District,131770,22645,2141
CA,6,13920,Fontana Unified School District,187130,41362,8595
CA,6,13980,Foresthill Union Elementary School District,6709,576,49
CA,6,14010,Forestville Union Elementary School District,6834,452,35
CA,6,14040,Forks of Salmon Elementary School District,206,17,6
CA,6,14070,Fort Bragg Unified School District,14928,2073,465
CA,6,14130,Fort Ross Elementary School District,645,39,11
CA,6,11,Fort Sage Unified School District,2969,281,21
CA,6,1420,Fortuna Elementary School District,13711,1582,323
CA,6,14190,Fortuna Union High School District,23003,1201,203
CA,6,14220,Fountain Valley Elementary School District,57140,5583,567
CA,6,14250,Fowler Unified School District,10509,2149,501
CA,6,14340,Franklin Elementary School District,2686,277,39
CA,6,14370,Franklin-McKinley Elementary School District,97698,12015,2012
CA,6,14400,Fremont Unified School District,235749,38607,1981
CA,6,14430,Fremont Union High School District,243263,12065,423
CA,6,14490,French Gulch-Whiskeytown Elementary School District,446,35,6
CA,6,14520,Freshwater Elementary School District,2519,161,30
CA,6,14550,Fresno Unified School District,405796,81353,27182
CA,6,14700,Fruitvale Elementary School District,22006,3023,497
CA,6,14730,Fullerton Elementary School District,124983,13227,2609
CA,6,14760,Fullerton Joint Union High School District,264447,14607,2365
CA,6,14790,Galt Joint Union Elementary School District,30963,4497,835
CA,6,14820,Galt Joint Union High School District,40727,2752,350
CA,6,14880,Garden Grove Unified School District,290408,48762,11297
CA,6,14910,Garfield Elementary School District,331,21,2
CA,6,14940,Garvey Elementary School District,54980,5326,1612
CA,6,14950,Gateway Unified School District,29936,4489,901
CA,6,14970,Gazelle Union Elementary School District,292,33,8
CA,6,15000,General Shafter Elementary School District,1142,149,26
CA,6,15090,Gerber Union Elementary School District,3481,413,131
CA,6,15150,Geyserville Unified School District,1817,259,18
CA,6,15180,Gilroy Unified School District,63161,12873,1511
CA,6,15240,Glendale Unified School District,221360,28188,4537
CA,6,15270,Glendora Unified School District,38898,6456,580
CA,6,15390,Gold Oak Union Elementary School District,8689,727,60
CA,6,15450,Gold Trail Union Elementary School District,6051,500,33
CA,6,15480,Golden Feather Union Elementary School District,2787,209,61
CA,6,91134,Golden Plains Unified School District,7722,2034,587
CA,6,68,Golden Valley Unified School District,10817,2026,206
CA,6,15510,Goleta Union Elementary School District,80388,4403,404
CA,6,46,Gonzales Unified School District,11864,2463,440
CA,6,15600,Gorman Elementary School District,154,15,0
CA,6,15690,Grant Elementary School District,2835,370,43
CA,6,15780,Grass Valley Elementary School District,25368,2096,504
CA,6,15810,Gratton Elementary School District,579,71,11
CA,6,15840,Gravenstein Union Elementary School District,5710,450,38
CA,6,15870,Graves Elementary School District,76,11,1
CA,6,15990,Green Point Elementary School District,234,21,6
CA,6,16080,Greenfield Union Elementary School District,18436,3059,647
CA,6,16050,Greenfield Union School District,52366,8806,2688
CA,6,16110,Grenada Elementary School District,1035,94,18
CA,6,51,Gridley Unified School District,11750,2107,447
CA,6,16230,Grossmont Union High School District,488461,26549,3561
CA,6,16260,Guadalupe Union Elementary School District,7563,1232,221
CA,6,16320,Guerneville Elementary School District,5298,332,81
CA,6,16323,Gustine Unified School District,9281,1940,643
CA,6,16325,Hacienda La Puente Unified School District,120681,20638,3461
CA,6,1339,Hamilton Unified School District,3458,618,119
CA,6,16470,Hanford Elementary School District,43649,6602,1764
CA,6,16500,Hanford Joint Union High School District,68472,4682,863
CA,6,16530,Happy Camp Union Elementary School District,1312,104,30
CA,6,16560,Happy Valley Elementary School District,1480,106,10
CA,6,16570,Happy Valley Union Elementary School District,6093,631,144
CA,6,16620,Harmony Union School District,4490,273,22
CA,6,16650,Hart-Ransom Union Elementary School District,4505,581,81
CA,6,16680,Hawthorne Elementary School District,76248,9173,2328
CA,6,16740,Hayward Unified School District,182723,28512,3353
CA,6,44,Healdsburg Unified School District,17405,2444,185
CA,6,16830,Heber Elementary School District,7656,1267,230
CA,6,16860,Helendale Elementary School District,6766,526,111
CA,6,16920,Hemet Unified School District,147561,25111,4859
CA,6,17040,Hermosa Beach City Elementary School District,20187,1920,131
CA,6,14,Hesperia Unified School District,105414,22655,5722
CA,6,17160,Hickman Community Charter School District,1330,200,30
CA,6,17190,Hillsborough City Elementary School District,11598,1694,53
CA,6,17220,Hilmar Unified School District,10551,2032,348
CA,6,17340,Hollister School District,46622,6409,729
CA,6,17430,Holtville Unified School District,8863,1854,430
CA,6,17490,Hope Elementary School District,16376,1263,141
CA,6,17520,Hope Elementary School District,725,81,23
CA,6,17580,Horicon Elementary School District,1712,69,4
CA,6,17620,Hornbrook Elementary School District,695,65,15
CA,6,17640,Hot Springs Elementary School District,332,23,5
CA,6,17760,Howell Mountain Elementary School District,3791,382,18
CA,6,17850,Hueneme Elementary School District,58259,7178,1373
CA,6,17880,Hughes-Elizabeth Lakes Union Elementary School District,3898,323,37
CA,6,60,Hughson Unified School District,12846,2315,355
CA,6,18030,Huntington Beach City Elementary School District,87839,7291,559
CA,6,18060,Huntington Beach Union High School District,331367,16508,2016
CA,6,18120,Hydesville Elementary School District,1386,151,25
CA,6,18160,"Igo, Ono, Platina Union Elementary School District",1025,75,15
CA,6,18210,Imperial Unified School District,22298,3944,440
CA,6,18240,Indian Diggings Elementary School District,167,10,3
CA,6,18270,Indian Springs Elementary School District,220,18,3
CA,6,18390,Inglewood Unified School District,115933,19407,4321
CA,6,84500,Irvine Unified School District,197643,28266,2673
CA,6,18510,Island Union Elementary School District,1455,184,41
CA,6,18660,Jacoby Creek Elementary School District,2678,231,27
CA,6,18690,Jamestown Elementary School District,8863,485,79
CA,6,18730,Jamul-Dulzura Union Elementary School District,9388,893,157
CA,6,18780,Janesville Union Elementary School District,3184,372,61
CA,6,18810,Jefferson Elementary School District,206,25,5
CA,6,18840,Jefferson Elementary School District,15793,2804,232
CA,6,18870,Jefferson Elementary School District,93171,8342,750
CA,6,18930,Jefferson Union High School District,153271,6906,423
CA,6,18990,John Swett Unified School District,15188,2323,430
CA,6,19050,Johnstonville Elementary School District,1083,149,21
CA,6,19140,Julian Union Elementary School District,4353,368,22
CA,6,19110,Julian Union High School District,4837,210,38
CA,6,19170,Junction City Elementary School District,692,48,7
CA,6,19200,Junction Elementary School District,3750,378,63
CA,6,19230,Junction Elementary School District,147,13,2
CA,6,19260,Jurupa Unified School District,106754,21683,3625
CA,6,32340,Kashia Elementary School District,81,9,3
CA,6,19320,Kelseyville Unified School District,12288,1925,541
CA,6,19380,Kentfield Elementary School District,11769,1372,60
CA,6,19410,Kenwood Elementary School District,4286,96,4
CA,6,19440,Keppel Union Elementary School District,21637,2667,565
CA,6,19490,Kerman Unified School District,20992,4726,1277
CA,6,19540,Kern High School District,634352,44382,9501
CA,6,19590,Kernville Union Elementary School District,12311,923,290
CA,6,19620,Keyes Union Elementary School District,6210,967,257
CA,6,19680,King City Union Elementary School District,16778,2700,660
CA,6,19700,Kings Canyon Joint Unified School District,48867,10849,3047
CA,6,19740,Kings River Union Elementary School District,3396,536,212
CA,6,19770,Kings River-Hardwick Union Elementary School District,2610,414,63
CA,6,19800,Kingsburg Elementary Charter School District,15505,2173,444
CA,6,19830,Kingsburg Joint Union High School District,18505,1203,289
CA,6,19860,Kirkwood Elementary School District,299,34,9
CA,6,19890,Kit Carson Union Elementary School District,2408,328,71
CA,6,19920,Klamath River Union Elementary School District,473,31,12
CA,6,19950,Klamath-Trinity Joint Unified School District,6382,1181,494
CA,6,19980,Kneeland Elementary School District,335,44,4
CA,6,20010,Knights Ferry Elementary School District,648,74,12
CA,6,20040,Knightsen Elementary School District,2696,348,45
CA,6,20070,Konocti Unified School District,22493,3259,1198
CA,6,20130,La Cañada Unified School District,18329,3704,155
CA,6,20190,La Habra City Elementary School District,54504,6311,1166
CA,6,20220,La Honda-Pescadero Unified School District,3719,482,102
CA,6,20250,La Mesa-Spring Valley School District,141198,14388,2127
CA,6,20310,Lafayette Elementary School District,29056,3524,92
CA,6,20370,Laguna Beach Unified School District,29473,3572,288
CA,6,20430,Laguna Joint Elementary School District,364,34,7
CA,6,20490,Lagunita Elementary School District,306,22,2
CA,6,20520,Lagunitas Elementary School District,3764,394,13
CA,6,20610,Lake Elementary School District,419,58,6
CA,6,27,Lake Elsinore Unified School District,130089,25563,3523
CA,6,20640,Lake Tahoe Unified School District,31147,3920,419
CA,6,20670,Lakeport Unified School District,10664,1559,367
CA,6,20700,Lakeside Joint Elementary School District,2733,227,7
CA,6,20760,Lakeside Union Elementary School District,2542,402,150
CA,6,20790,Lakeside Union Elementary School District,43949,4698,606
CA,6,20730,Lakeside Union School District,9396,1474,229
CA,6,1410,Lammersville Joint Unified School District,12387,2556,233
CA,6,20850,Lamont Elementary School District,17260,2779,1119
CA,6,20880,Lancaster Elementary School District,116636,15353,3970
CA,6,20910,Larkspur Elementary School District,14178,1808,94
CA,6,22380,Las Lomitas Elementary School District,12190,1539,58
CA,6,21000,Las Virgenes Unified School District,66237,11732,632
CA,6,21060,Lassen Union High School District,25153,1055,130
CA,6,21090,Lassen View Union Elementary School District,2845,319,55
CA,6,21150,Laton Joint Unified School District,3958,840,237
CA,6,21180,Latrobe Elementary School District,2767,233,7
CA,6,21210,Lawndale Elementary School District,49830,5853,1322
CA,6,42580,Laytonville Unified School District,2929,421,133
CA,6,21240,Le Grand Union Elementary School District,2406,360,143
CA,6,21270,Le Grand Union High School District,8760,673,256
CA,6,9665,Leggett Valley Unified School District,601,88,10
CA,6,21330,Lemon Grove Elementary School District,37184,4137,723
CA,6,21360,Lemoore Union Elementary School District,25893,3850,771
CA,6,21400,Lemoore Union High School District,38047,2370,415
CA,6,21420,Lennox Elementary School District,30163,4196,1288
CA,6,21480,Lewiston Elementary School District,1552,101,25
CA,6,21540,Liberty Elementary School District,1978,162,7
CA,6,21570,Liberty Elementary School District,2124,181,66
CA,6,21600,Liberty Union High School District,115068,7814,533
CA,6,21660,Lincoln Elementary School District,218,26,2
CA,6,21690,Lincoln Unified School District,50741,9268,1888
CA,6,21810,Linden Unified School District,12965,2426,429
CA,6,21870,Lindsay Unified School District,17091,4360,1607
CA,6,21900,Linns Valley-Poso Flat Union School District,649,51,26
CA,6,21930,Little Lake City Elementary School District,34942,3959,485
CA,6,21960,Little Shasta Elementary School District,324,32,6
CA,6,21990,Live Oak Elementary School District,23633,2001,327
CA,6,22050,Live Oak Unified School District,10721,2178,410
CA,6,22110,Livermore Valley Joint Unified School District,93255,16283,758
CA,6,22170,Livingston Union School District,16557,2508,751
CA,6,22230,Lodi Unified School District,179882,35242,6341
CA,6,22320,Loleta Union Elementary School District,1538,163,48
CA,6,22350,Loma Prieta Joint Union Elementary School District,3954,390,20
CA,6,22410,Lompoc Unified School District,60586,10946,2357
CA,6,22440,Lone Pine Unified School District,2478,389,90
CA,6,22500,Long Beach Unified School District,528865,83131,16831
CA,6,22560,Loomis Union Elementary School District,23325,2486,125
CA,6,22590,Los Alamitos Unified School District,50834,6721,469
CA,6,22650,Los Altos Elementary School District,44223,5762,174
CA,6,22710,Los Angeles Unified School District,4701006,707609,167859
CA,6,22740,Los Banos Unified School District,42064,9743,2827
CA,6,22830,Los Gatos Union Elementary School District,29586,3603,103
CA,6,22800,Los Gatos-Saratoga Joint Union School District,57689,3743,72
CA,6,22860,Los Molinos Unified School District,3550,587,105
CA,6,22890,Los Nietos Elementary School District,15522,1895,356
CA,6,22920,Los Olivos Elementary School District,2017,201,13
CA,6,22950,Lost Hills Union Elementary School District,2922,526,133
CA,6,23010,Lowell Joint Elementary School District,34250,3426,345
CA,6,23040,Lucerne Elementary School District,3395,268,76
CA,6,15,Lucerne Valley Unified School District,7069,1123,387
CA,6,23080,Lucia Mar Unified School District,78750,11916,1265
CA,6,23130,Luther Burbank Elementary School District,4161,440,69
CA,6,23160,Lynwood Unified School District,70797,15285,3950
CA,6,23340,Madera Unified School District,91364,21287,6264
CA,6,23430,Magnolia Elementary School District,66051,6204,1595
CA,6,23460,Magnolia Union Elementary School District,190,22,4
CA,6,23530,Mammoth Unified School District,9575,1305,114
CA,6,23550,Manchester Union Elementary School District,639,62,10
CA,6,25,Manhattan Beach Unified School District,36366,6124,267
CA,6,23610,Manteca Unified School District,127006,26777,3985
CA,6,23700,Manzanita Elementary School District,1148,146,31
CA,6,23730,Maple Creek Elementary School District,49,6,2
CA,6,23760,Maple Elementary School District,569,104,17
CA,6,23800,Marcum-Illinois Union Elementary School District,868,80,7
CA,6,23820,Maricopa Unified School District,1918,348,105
CA,6,23940,Mariposa County Unified School District,17347,2056,424
CA,6,23970,Mark Twain Union Elementary School District,9331,783,106
CA,6,24000,Mark West Union Elementary School District,14892,1178,89
CA,6,24030,Martinez Unified School District,31817,4475,382
CA,6,24090,Marysville Joint Unified School District,62556,12038,2838
CA,6,38,Mattole Unified School District,636,58,8
CA,6,24150,Maxwell Unified School District,1880,366,38
CA,6,24180,McCabe Union Elementary School District,7075,1047,129
CA,6,24210,McCloud Union Elementary School District,1321,110,32
CA,6,24230,McFarland Unified School District,14428,3451,1261
CA,6,24300,McKinleyville Union Elementary School District,15531,1629,274
CA,6,24330,McKittrick Elementary School District,177,8,0
CA,6,24360,McSwain Union Elementary School District,5778,817,143
CA,6,24390,Meadows Union Elementary School District,2277,314,98
CA,6,24480,Mendocino Unified School District,5667,482,48
CA,6,22,Mendota Unified School District,13075,2912,1129
CA,6,24540,Menifee Union School District,86768,10456,1021
CA,6,24570,Menlo Park City Elementary School District,27915,3325,80
CA,6,24600,Merced City Elementary School District,88990,12245,4440
CA,6,24630,Merced River Union Elementary School District,858,140,35
CA,6,24660,Merced Union High School District,177642,12356,3640
CA,6,24690,Meridian Elementary School District,666,66,9
CA,6,24720,Mesa Union Elementary School District,3848,357,31
CA,6,24750,Middletown Unified School District,9981,1726,316
CA,6,24780,Midway Elementary School District,490,53,18
CA,6,24870,Mill Valley Elementary School District,32070,4033,189
CA,6,24900,Millbrae Elementary School District,26211,2438,159
CA,6,24930,Millville Elementary School District,1599,166,42
CA,6,24500,Milpitas Unified School District,71877,10897,776
CA,6,25110,Mission Union Elementary School District,324,38,12
CA,6,25130,Modesto City Elementary School District,121605,16184,4092
CA,6,25150,Modesto City High School District,284283,17763,2762
CA,6,25190,Modoc Joint Unified School District,5983,856,245
CA,6,25230,Mojave Unified School District,20083,3545,1267
CA,6,25290,Monroe Elementary School District,1255,175,53
CA,6,25320,Monrovia Unified School District,44795,6687,906
CA,6,25350,Monson-Sultana Joint Union Elementary School District,2547,419,171
CA,6,25380,Montague Elementary School District,1955,243,65
CA,6,25410,Monte Rio Union Elementary School District,2298,106,9
CA,6,25470,Montebello Unified School District,169536,31089,7175
CA,6,25500,Montecito Union Elementary School District,6529,496,75
CA,6,25530,Monterey Peninsula Unified School District,92486,13894,1779
CA,6,25650,Montgomery Elementary School District,886,56,4
CA,6,25690,Moorpark Unified School District,37405,7023,524
CA,6,25740,Moraga Elementary School District,17700,1863,47
CA,6,25770,Moreland School District,51810,5602,416
CA,6,25800,Moreno Valley Unified School District,185444,39669,7220
CA,6,25830,Morgan Hill Unified School District,65169,12378,752
CA,6,25860,Morongo Unified School District,72933,10024,2319
CA,6,25980,Mother Lode Union Elementary School District,16073,1409,207
CA,6,26340,Mount Baldy Joint Elementary School District,399,37,0
CA,6,26370,Mount Diablo Unified School District,273977,41443,4321
CA,6,26400,Mount Pleasant Elementary School District,23873,2913,382
CA,6,26040,Mount Shasta Union Elementary School District,7068,621,171
CA,6,26070,Mountain Elementary School District,1353,75,7
CA,6,26100,Mountain Empire Unified School District,12216,2001,300
CA,6,26130,Mountain House Elementary School District,380,56,16
CA,6,27040,Mountain Union Elementary School District,1302,95,40
CA,6,18,Mountain Valley Unified School District,2870,345,83
CA,6,26190,Mountain View Elementary School District,59024,7936,2379
CA,6,26220,Mountain View Elementary School District,20915,2628,386
CA,6,26280,Mountain View Whisman Elementary School District,71425,5848,523
CA,6,26310,Mountain View-Los Altos Union School District,115648,4749,245
CA,6,26430,Mulberry Elementary School District,153,17,5
CA,6,26460,Mupu Elementary School District,1005,78,16
CA,6,26490,Muroc Joint Unified School District,5970,1198,347
CA,6,29,Murrieta Valley Unified School District,115847,24106,1850
CA,6,26640,Napa Valley Unified School District,119320,19479,1468
CA,6,26670,National Elementary School District,62131,5375,1269
CA,6,36,Natomas Unified School District,77248,12820,1482
CA,6,26760,Needles Unified School District,7513,1105,318
CA,6,26820,Nevada City Elementary School District,15578,1122,134
CA,6,26880,Nevada Joint Union High School District,83537,3857,437
CA,6,26910,New Haven Unified School District,81692,13210,1018
CA,6,26970,New Hope Elementary School District,1703,269,55
CA,6,27030,New Jerusalem Elementary School District,2004,197,41
CA,6,27060,Newark Unified School District,46884,7789,542
CA,6,27120,Newcastle Elementary School District,2857,287,22
CA,6,27180,Newhall Elementary School District,76378,7070,858
CA,6,27200,Newman-Crows Landing Unified School District,14037,3101,474
CA,6,27240,Newport-Mesa Unified School District,206139,26537,3452
CA,6,27300,Nicasio Elementary School District,728,82,5
CA,6,27450,Norris Elementary School District,25448,4101,380
CA,6,27480,North County Joint Union Elementary School District,3717,418,42
CA,6,27510,North Cow Creek Elementary School District,1607,141,17
CA,6,27590,North Monterey County Unified School District,27725,5460,738
CA,6,3030,Northern Humboldt Union High School District,45079,1772,302
CA,6,27690,Norwalk-La Mirada Unified School District,129475,21888,3031
CA,6,27720,Novato Unified School District,60565,10256,726
CA,6,27750,Nuestro Elementary School District,316,43,14
CA,6,27780,Nuview Union Elementary School District,10909,1454,279
CA,6,27810,Oak Grove Elementary School District,113621,13704,1272
CA,6,27840,Oak Grove Union Elementary School District,5200,471,29
CA,6,27850,Oak Park Unified School District,14389,2841,124
CA,6,27870,Oak Run Elementary School District,609,52,14
CA,6,27900,Oak Valley Union Elementary School District,1459,225,61
CA,6,27930,Oak View Union Elementary School District,3079,410,66
CA,6,62,Oakdale Joint Unified School District,32909,5840,665
CA,6,28050,Oakland Unified School District,430440,58016,10713
CA,6,28080,Oakley Union Elementary School District,36328,4983,475
CA,6,28140,Ocean View Elementary School District,97500,9670,1478
CA,6,28170,Ocean View Elementary School District,18164,2514,423
CA,6,28250,Oceanside Unified School District,145268,22307,2841
CA,6,28270,Ojai Unified School District,22491,3256,344
CA,6,28320,Old Adobe Union Elementary School District,26769,2213,175
CA,6,28470,Ontario-Montclair School District,178174,23831,5566
CA,6,28530,Orange Center Elementary School District,1865,313,120
CA,6,28650,Orange Unified School District,231727,36075,4818
CA,6,28680,Orchard Elementary School District,19621,1382,118
CA,6,28710,Orcutt Union Elementary School District,38339,4454,569
CA,6,28830,Orick Elementary School District,386,25,8
CA,6,28860,Orinda Union Elementary School District,19451,2555,60
CA,6,45,Orland Joint Unified School District,13940,2638,592
CA,6,28950,Oro Grande Elementary School District,1170,135,43
CA,6,29100,Oroville City Elementary School District,28363,2908,929
CA,6,29130,Oroville Union High School District,55273,3131,706
CA,6,29160,Outside Creek Elementary School District,758,105,32
CA,6,29190,Owens Valley Unified School District,658,65,6
CA,6,29220,Oxnard Elementary School District,130698,16601,3186
CA,6,29270,Oxnard Union High School District,328907,18765,2680
CA,6,29280,Pacheco Union Elementary School District,8776,851,142
CA,6,29340,Pacific Elementary School District,877,58,2
CA,6,29370,Pacific Grove Unified School District,18519,2254,139
CA,6,29400,Pacific Union Elementary School District,3182,425,128
CA,6,29430,Pacific Union Elementary School District,4847,345,106
CA,6,20460,Pacifica School District,39411,3916,171
CA,6,29490,Pajaro Valley Joint Unified School District,115323,21367,3542
CA,6,29540,Palermo Union Elementary School District,8479,1003,353
CA,6,29550,Palm Springs Unified School District,182200,26383,6662
CA,6,29580,Palmdale Elementary School District,134476,19736,4860
CA,6,29610,Palo Alto Unified School District,87658,12902,542
CA,6,29640,Palo Verde Unified School District,26885,3789,805
CA,6,29670,Palo Verde Union Elementary School District,2835,516,129
CA,6,29700,Palos Verdes Peninsula Unified School District,62934,10570,476
CA,6,6390,Panama-Buena Vista School District,126837,18259,3559
CA,6,29770,Panoche Elementary School District,135,10,1
CA,6,29790,Paradise Elementary School District,947,97,21
CA,6,29820,Paradise Unified School District,41030,5153,955
CA,6,29850,Paramount Unified School District,80221,16397,3593
CA,6,29910,Parlier Unified School District,16537,4004,1396
CA,6,29940,Pasadena Unified School District,209496,26154,3834
CA,6,48,Paso Robles Joint Unified School District,48531,7456,1295
CA,6,30030,Patterson Joint Unified School District,27171,6331,1170
CA,6,30090,Peninsula Union Elementary School District,480,43,5
CA,6,1427,Penn Valley Union Elementary School District,13030,1029,208
CA,6,30180,Perris Elementary School District,51990,6471,1619
CA,6,30210,Perris Union High School District,176496,12944,1859
CA,6,30230,Petaluma City Elementary School District,31787,2385,196
CA,6,30250,Petaluma Joint Union High School District,76379,5538,356
CA,6,30330,Piedmont City Unified School District,11766,2545,54
CA,6,30360,Pierce Joint Unified School District,7047,1428,249
CA,6,30390,Pine Ridge Elementary School District,906,74,6
CA,6,30450,Piner-Olivet Union Elementary School District,16561,1352,103
CA,6,30480,Pioneer Union Elementary School District,5628,458,59
CA,6,30510,Pioneer Union Elementary School District,10716,1671,280
CA,6,30520,Pioneer Union Elementary School District,1581,88,19
CA,6,30600,Pittsburg Unified School District,61151,11310,2099
CA,6,30630,Pixley Union Elementary School District,5461,1037,408
CA,6,30660,Placentia-Yorba Linda Unified School District,167520,28055,2913
CA,6,30720,Placer Hills Union Elementary School District,15148,1350,79
CA,6,30750,Placer Union High School District,95262,5217,352
CA,6,30780,Placerville Union Elementary School District,15965,1418,206
CA,6,30810,Plainsburg Union Elementary School District,473,63,21
CA,6,30840,Planada Elementary School District,5881,924,361
CA,6,30870,Plaza Elementary School District,346,50,9
CA,6,30900,Pleasant Grove Joint Union Elementary School District,908,103,18
CA,6,30930,Pleasant Ridge Union Elementary School District,20804,1795,192
CA,6,30990,Pleasant Valley Elementary School District,77159,8062,821
CA,6,31020,Pleasant Valley Joint Union Elementary School District,923,93,14
CA,6,31050,Pleasant View Elementary School District,2636,488,217
CA,6,20,Pleasanton Unified School District,77798,15351,560
CA,6,31180,Plumas Lake Elementary School District,6507,1141,87
CA,6,31170,Plumas Unified School District,18142,2268,446
CA,6,31230,Point Arena Joint Union High School District,5692,212,43
CA,6,31290,Pollock Pines Elementary School District,9166,832,95
CA,6,31320,Pomona Unified School District,172471,31439,7149
CA,6,31350,Pond Union Elementary School District,737,136,55
CA,6,31380,Pope Valley Union Elementary School District,793,128,5
CA,6,64,Porterville Unified School District,102053,15555,5688
CA,6,31470,Portola Valley Elementary School District,6958,827,12
CA,6,31400,Potter Valley Community Unified School District,2078,283,71
CA,6,31530,Poway Unified School District,202986,36069,1949
CA,6,31620,Princeton Joint Unified School District,1107,223,26
CA,6,31680,Raisin City Elementary School District,2150,356,122
CA,6,31710,Ramona City Unified School District,38057,6653,587
CA,6,31740,Rancho Santa Fe Elementary School District,6381,545,97
CA,6,31830,Ravendale-Termo Elementary School District,148,15,3
CA,6,31860,Ravenswood City Elementary School District,37562,5343,815
CA,6,31920,Raymond-Knowles Union Elementary School District,1305,129,21
CA,6,32010,Red Bluff Joint Union High School District,43298,2440,456
CA,6,31980,Red Bluff Union Elementary School District,20495,2354,665
CA,6,32040,Redding Elementary School District,35510,3548,696
CA,6,32070,Redlands Unified School District,131890,21452,2979
CA,6,32,Redondo Beach Unified School District,69280,7979,446
CA,6,32130,Redwood City Elementary School District,101224,11276,1221
CA,6,32160,Reed Union Elementary School District,14105,1839,77
CA,6,32250,Reeds Creek Elementary School District,1291,92,28
CA,6,32270,Reef-Sunset Unified School District,16898,2641,881
CA,6,32310,Rescue Union Elementary School District,35588,4699,324
CA,6,32370,Rialto Unified School District,126752,27653,6119
CA,6,32400,Richfield Elementary School District,1202,155,31
CA,6,32430,Richgrove Elementary School District,3413,676,334
CA,6,21450,Richland Union School District,20301,3518,1114
CA,6,32520,Richmond Elementary School District,1031,102,6
CA,6,32610,Rim of the World Unified School District,30615,4867,949
CA,6,32640,Rincon Valley Union Elementary School District,42067,3020,284
CA,6,32710,Rio Bravo-Greeley Union Elementary School District,5123,787,147
CA,6,32730,Rio Dell Elementary School District,3508,399,85
CA,6,32760,Rio Elementary School District,37500,4764,754
CA,6,32880,Ripon Unified School District,18847,3923,599
CA,6,33110,River Delta Joint Unified School District,16424,2161,334
CA,6,61,Riverbank Unified School District,15753,3200,585
CA,6,40,Riverdale Joint Unified School District,8418,1672,461
CA,6,33150,Riverside Unified School District,271629,46099,6290
CA,6,33210,Roberts Ferry Union Elementary School District,615,60,8
CA,6,33240,Robla Elementary School District,20995,2182,488
CA,6,33270,Rockford Elementary School District,1356,232,73
CA,6,13,Rocklin Unified School District,62422,12182,619
CA,6,33390,Romoland Elementary School District,26829,3605,534
CA,6,33480,Rosedale Union Elementary School District,46549,6738,608
CA,6,33510,Roseland School District,12585,1347,231
CA,6,33570,Rosemead Elementary School District,28126,2686,652
CA,6,33600,Roseville City Elementary School District,91553,11184,817
CA,6,33630,Roseville Joint Union High School District,179300,10878,629
CA,6,33660,Ross Elementary School District,2816,477,25
CA,6,6,Ross Valley Elementary School District,24272,2890,116
CA,6,33690,Round Valley Joint Elementary School District,1051,69,8
CA,6,33720,Round Valley Unified School District,2611,462,145
CA,6,33750,Rowland Unified School District,112779,17385,3233
CA,6,33840,Sacramento City Unified School District,350139,53187,10275
CA,6,33860,Saddleback Valley Unified School District,221407,34640,2804
CA,6,33900,Salida Union Elementary School District,21000,3124,372
CA,6,33930,Salinas City Elementary School District,81923,8758,1765
CA,6,33980,Salinas Union High School District,180541,17917,2682
CA,6,34050,San Antonio Union Elementary School District,1941,230,27
CA,6,34080,San Ardo Union Elementary School District,792,131,26
CA,6,34140,San Benito High School District,53901,3514,371
CA,6,34170,San Bernardino City Unified School District,266861,55210,18427
CA,6,34230,San Bruno Park Elementary School District,39068,3813,257
CA,6,34290,San Carlos Elementary School District,28373,3369,62
CA,6,34320,San Diego City Unified School District,1095339,139217,23597
CA,6,34380,San Dieguito Union High School District,178802,14794,746
CA,6,34410,San Francisco Unified School District,884363,78813,9504
CA,6,34425,San Gabriel Unified School District,43236,5702,986
CA,6,34440,San Jacinto Unified School District,50917,10894,2370
CA,6,34590,San Jose Unified School District,273335,40833,3449
CA,6,34620,San Juan Unified School District,346462,50474,7662
CA,6,34680,San Leandro Unified School District,75257,11110,1195
CA,6,34710,San Lorenzo Unified School District,85151,14128,1704
CA,6,34740,San Lorenzo Valley Unified School District,25123,3225,182
CA,6,34770,San Lucas Union Elementary School District,414,64,10
CA,6,34800,San Luis Coastal Unified School District,95568,8086,776
CA,6,34880,San Marcos Unified School District,123198,20629,2137
CA,6,34860,San Marino Unified School District,15502,2993,296
CA,6,34980,San Mateo Union High School District,242040,10850,568
CA,6,34920,San Mateo-Foster City Elementary School District,138627,13658,892
CA,6,35010,San Miguel Joint Union Elementary School District,5307,658,106
CA,6,35040,San Pasqual Union Elementary School District,3486,546,30
CA,6,35070,San Pasqual Valley Unified School District,3629,716,241
CA,6,35090,San Rafael City Elementary School District,56743,4919,732
CA,6,35110,San Rafael City High School District,78740,3068,318
CA,6,35130,San Ramon Valley Unified School District,156923,31602,845
CA,6,35220,San Ysidro Elementary School District,44949,4083,1096
CA,6,35250,Sanger Unified School District,52832,11342,2494
CA,6,35310,Santa Ana Unified School District,269899,52570,13406
CA,6,1414,Santa Barbara Unified School District,194640,17032,1989
CA,6,35490,Santa Clara Elementary School District,174,16,1
CA,6,35430,Santa Clara Unified School District,155963,19386,1144
CA,6,35590,Santa Cruz City Elementary School District,65467,2742,242
CA,6,35600,Santa Cruz City High School District,123449,5817,696
CA,6,35670,Santa Maria Joint Union High School District,150667,9775,1563
CA,6,5580,Santa Maria-Bonita Elementary School District,103991,14867,3170
CA,6,35700,Santa Monica-Malibu Unified School District,112724,10683,1065
CA,6,1421,Santa Paula Unified School District,33169,5786,1018
CA,6,35790,Santa Rita Union Elementary School District,23795,2789,449
CA,6,35810,Santa Rosa Elementary School District,75037,5977,821
CA,6,35830,Santa Rosa High School District,218624,15445,1482
CA,6,35850,Santa Ynez Valley Union High School District,22222,1453,58
CA,6,35880,Santee School District,61134,6351,627
CA,6,35910,Saratoga Union Elementary School District,21416,2645,73
CA,6,35940,Saucelito Elementary School District,187,29,11
CA,6,35970,Saugus Union Elementary School District,105583,10425,640
CA,6,36000,Sausalito Elementary School District,11035,592,91
CA,6,36030,Savanna Elementary School District,30982,2613,527
CA,6,36100,Scotia Union Elementary School District,1403,200,24
CA,6,159,Scott Valley Unified School District,5185,759,191
CA,6,43,Scotts Valley Unified School District,18579,3152,155
CA,6,36180,Sebastopol Union Elementary School District,12192,1069,90
CA,6,36210,Seeley Union Elementary School District,3133,418,129
CA,6,36240,Seiad Elementary School District,320,23,3
CA,6,36270,Selma Unified School District,31011,6804,1822
CA,6,36330,Semitropic Elementary School District,371,71,18
CA,6,36360,Sequoia Union Elementary School District,2185,278,61
CA,6,36390,Sequoia Union High School District,261419,12511,782
CA,6,36420,Shaffer Union Elementary School District,9317,258,39
CA,6,36450,Shandon Joint Unified School District,1944,397,62
CA,6,36570,Shasta Union Elementary School District,2308,216,33
CA,6,36600,Shasta Union High School District,102753,5320,789
CA,6,36660,Shiloh Elementary School District,798,115,28
CA,6,36670,Shoreline Unified School District,6292,700,71
CA,6,36800,Sierra Sands Unified School District,37513,6702,1535
CA,6,36805,Sierra Unified School District,11998,1886,177
CA,6,36780,Sierra-Plumas Joint Unified School District,3599,424,79
CA,6,36810,Silver Fork Elementary School District,255,17,1
CA,6,36820,Silver Valley Unified School District,14380,2413,380
CA,6,36840,Simi Valley Unified School District,132174,22489,1720
CA,6,36940,Siskiyou Union High School District,15823,806,87
CA,6,36960,Snelling-Merced Falls Union Elementary School District,720,90,21
CA,6,36970,Snowline Joint Unified School District,42528,8427,1301
CA,6,36990,Solana Beach Elementary School District,40364,3402,173
CA,6,37050,Soledad Unified School District,27901,4509,629
CA,6,37110,Solvang Elementary School District,6058,579,198
CA,6,37140,Somis Union Elementary School District,3279,314,38
CA,6,37200,Sonoma Valley Unified School District,40860,5549,572
CA,6,37230,Sonora Elementary School District,8719,689,256
CA,6,37260,Sonora Union High School District,39113,1675,193
CA,6,37290,Soquel Elementary School District,27555,2322,206
CA,6,37320,Soulsbyville Elementary School District,4764,463,55
CA,6,37350,South Bay Union Elementary School District,7022,503,86
CA,6,37380,South Bay Union School District,81726,7558,1722
CA,6,37470,South Fork Union School District,3765,291,53
CA,6,19650,South Monterey County Joint Union High School District,38961,2740,468
CA,6,37500,South Pasadena Unified School District,26500,4271,358
CA,6,37530,South San Francisco Unified School District,83655,11963,807
CA,6,37560,South Whittier Elementary School District,29829,3957,969
CA,6,37590,Southern Humboldt Joint Unified School District,8684,1039,166
CA,6,37620,Southern Kern Unified School District,20772,4263,979
CA,6,37630,Southern Trinity Joint Unified School District,1005,115,50
CA,6,37650,Southside Elementary School District,1915,185,10
CA,6,37680,Spencer Valley Elementary School District,484,31,5
CA,6,37710,Spreckels Union Elementary School District,6706,741,42
CA,6,37770,Springville Union Elementary School District,3992,313,128
CA,6,37830,St. Helena Unified School District,10164,1420,211
CA,6,37890,Standard Elementary School District,24369,3169,922
CA,6,37950,Stanislaus Union Elementary School District,31828,3814,633
CA,6,38010,Stockton Unified School District,216086,43130,12926
CA,6,38040,Stone Corral Elementary School District,751,111,51
CA,6,38070,Stony Creek Joint Unified School District,961,162,46
CA,6,38130,Strathmore Union Elementary School District,5866,930,403
CA,6,38220,Sulphur Springs Union Elementary School District,63113,5873,747
CA,6,38250,Summerville Elementary School District,4391,454,107
CA,6,38280,Summerville Union High School District,9905,470,31
CA,6,38340,Sundale Union Elementary School District,2460,420,117
CA,6,38430,Sunnyside Union Elementary School District,2385,431,184
CA,6,38460,Sunnyvale Elementary School District,92494,8268,508
CA,6,21,Sunol Glen Unified School District,1041,127,21
CA,6,38520,Surprise Valley Joint Unified School District,1164,130,29
CA,6,38550,Susanville Elementary School District,10390,1131,296
CA,6,38610,Sutter Union High School District,7922,544,39
CA,6,38640,Sweetwater Union High School District,490742,44527,7057
CA,6,38670,Sylvan Union Elementary School District,76545,9695,1267
CA,6,38700,Taft City School District,20356,2381,809
CA,6,38730,Taft Union High School District,21445,1245,310
CA,6,38770,Tahoe-Truckee Unified School District,33420,4425,249
CA,6,38790,Tamalpais Union High School District,117152,5662,227
CA,6,38880,Tehachapi Unified School District,37452,5702,972
CA,6,28,Temecula Valley Unified School District,156672,33578,2251
CA,6,38980,Temple City Unified School District,35818,5392,760
CA,6,39000,Templeton Unified School District,10952,1972,132
CA,6,39060,Terra Bella Union Elementary School District,6087,1004,305
CA,6,39180,Thermalito Union School District,12345,1580,481
CA,6,39210,Three Rivers Union Elementary School District,2383,194,40
CA,6,39300,Tipton Elementary School District,3412,648,212
CA,6,39420,Torrance Unified School District,149919,22179,1875
CA,6,47,Tracy Unified School District,105348,19431,2350
CA,6,39600,Traver Joint Elementary School District,1271,203,67
CA,6,39630,Travis Unified School District,32265,4772,335
CA,6,39690,Tres Pinos Union Elementary School District,834,92,5
CA,6,39720,Trinidad Union Elementary School District,2248,209,21
CA,6,1331,Trinity Alps Unified School District,8513,824,227
CA,6,39750,Trinity Center Elementary School District,421,15,7
CA,6,39840,Trona Joint Unified School District,1992,295,86
CA,6,39870,Tulare City Elementary School District,63283,10252,2852
CA,6,39930,Tulare Joint Union High School District,82517,6015,1365
CA,6,39940,Tulelake Basin Joint Unified School District,2387,492,133
CA,6,158,Turlock Unified School District,86203,14910,2347
CA,6,40150,Tustin Unified School District,139143,24026,3237
CA,6,40200,Twain Harte School District,5513,400,40
CA,6,40230,Twin Hills Union Elementary School District,5904,486,49
CA,6,12,Twin Ridges Elementary School District,2572,188,52
CA,6,1332,Twin Rivers Unified School District,195713,34262,8855
CA,6,40260,Two Rock Union Elementary School District,1745,164,15
CA,6,40300,Ukiah Unified School District,39110,6830,1353
CA,6,40320,Union Elementary School District,48135,5969,212
CA,6,40380,Union Hill Elementary School District,2447,184,18
CA,6,16,Upland Unified School District,77946,12808,1868
CA,6,1442,Upper Lake Unified School District,8821,912,289
CA,6,40590,Vacaville Unified School District,83495,13597,1287
CA,6,91135,Val Verde Unified School District,89981,20658,3811
CA,6,40650,Valle Lindo Elementary School District,6241,680,127
CA,6,40680,Vallecito Union Elementary School District,10315,712,152
CA,6,40710,Vallecitos Elementary School District,2328,184,44
CA,6,40740,Vallejo City Unified School District,128235,19302,3231
CA,6,69,Valley Center-Pauma Unified School District,26605,4407,533
CA,6,40800,Valley Home Joint Elementary School District,1776,201,15
CA,6,40980,Ventura Unified School District,122915,18541,1945
CA,6,41040,Victor Elementary School District,100141,11091,3730
CA,6,36972,Victor Valley Union High School District,168238,16920,4819
CA,6,41130,Vineland Elementary School District,4470,767,308
CA,6,41160,Visalia Unified School District,149775,31544,7571
CA,6,41190,Vista Unified School District,157940,26119,3663
CA,6,41220,Vista del Mar Union Elementary School District,527,46,9
CA,6,41250,Walnut Creek Elementary School District,51759,3579,176
CA,6,41280,Walnut Valley Unified School District,58654,9329,1050
CA,6,42,Warner Unified School District,2481,259,82
CA,6,41400,Wasco Union Elementary School District,27978,3806,1340
CA,6,41430,Wasco Union High School District,31840,2027,542
CA,6,41460,Washington Colony Elementary School District,3030,384,116
CA,6,1415,Washington Unified School District,19275,2851,942
CA,6,41580,Washington Unified School District,53152,9111,1677
CA,6,41610,Washington Union Elementary School District,7305,589,42
CA,6,63,Waterford Unified School District,10244,2278,494
CA,6,41790,Waugh Elementary School District,6583,684,61
CA,6,41820,Waukena Joint Union Elementary School District,1030,184,63
CA,6,41880,Weaver Union Elementary School District,13554,2386,961
CA,6,41980,Weed Union Elementary School District,3950,402,110
CA,6,32550,West Contra Costa Unified School District,257928,40319,5721
CA,6,42000,West Covina Unified School District,60241,10170,1368
CA,6,42060,West Park Elementary School District,1933,295,85
CA,6,42270,West Side Union Elementary School District,1009,53,4
CA,6,2670,West Sonoma County Union High School District,49457,2215,182
CA,6,42140,Western Placer Unified School District,55354,8461,661
CA,6,42150,Westminster School District,88887,9857,2448
CA,6,42180,Westmorland Union Elementary School District,2730,416,138
CA,6,42210,Westside Elementary School District,1409,265,69
CA,6,42120,Westside Union Elementary School District,74234,8316,912
CA,6,42300,Westwood Unified School District,1627,253,49
CA,6,42330,Wheatland Elementary School District,7707,1040,142
CA,6,42350,Wheatland Union High School District,14213,797,67
CA,6,42420,Whitmore Union Elementary School District,737,61,18
CA,6,42450,Whittier City Elementary School District,69883,7631,1143
CA,6,42480,Whittier Union High School District,225755,13401,1590
CA,6,42510,William S. Hart Union High School District,276559,24518,1851
CA,6,42540,Williams Unified School District,6075,1284,190
CA,6,42560,Willits Unified School District,13004,2107,408
CA,6,42600,Willow Creek Elementary School District,635,36,8
CA,6,42630,Willow Grove Union Elementary School District,289,19,2
CA,6,42710,Willows Unified School District,9435,1784,285
CA,6,42750,Wilmar Union Elementary School District,3402,240,34
CA,6,42810,Wilsona Elementary School District,10505,1492,426
CA,6,34,Windsor Unified School District,29847,5682,324
CA,6,42900,Winship Robbins Elementary School District,616,71,11
CA,6,42930,Winters Joint Unified School District,9636,1751,162
CA,6,42960,Winton School District,11013,1828,588
CA,6,1428,Wiseburn Unified School District,12929,1864,182
CA,6,1418,Woodlake Unified School District,13252,2561,885
CA,6,43080,Woodland Joint Unified School District,66978,12184,1719
CA,6,43140,Woodside Elementary School District,3384,471,14
CA,6,43170,Woodville Elementary School District,2816,525,233
CA,6,43200,Wright Elementary School District,17715,1562,214
CA,6,160,Yosemite Unified School District,24893,2357,465
CA,6,43380,Yreka Union Elementary School District,9707,1021,284
CA,6,43410,Yreka Union High School District,17369,825,141
CA,6,43470,Yuba City Unified School District,75063,14343,2626
CA,6,43560,Yucaipa-Calimesa Joint Unified School District,62637,10879,1510
