State Postal Code,State FIPS Code,District ID,Name,Estimated Total Population,Estimated Population 5-17,Estimated number of relevant children 5 to 17 years old in poverty who are related to the householder
TN,47,30,Alamo City School District,4192,390,101
TN,47,60,Alcoa City School District,8776,1254,272
TN,47,90,Anderson County School District,49622,7090,1420
TN,47,152,Arlington Community School District,24238,3921,235
TN,47,120,Athens City Schools,13873,1434,529
TN,47,153,Bartlett City School District,57494,10720,1291
TN,47,180,Bedford County School District,48117,9043,1825
TN,47,210,Bells City School District,3682,333,86
TN,47,240,Benton County School District,15986,2291,643
TN,47,270,Bledsoe County School District,14717,1730,476
TN,47,300,Blount County School District,92391,13672,2243
TN,47,1390,Bradford Special School District,3499,580,97
TN,47,330,Bradley County School District,61532,10686,1789
TN,47,360,Bristol City School District,26488,3842,890
TN,47,420,Campbell County School District,39648,6032,1669
TN,47,450,Cannon County School District,14216,2212,473
TN,47,510,Carter County School District,42465,6111,1629
TN,47,570,Cheatham County School District,40330,6792,896
TN,47,600,Chester County School District,17119,2864,569
TN,47,630,Claiborne County School District,31609,4473,1173
TN,47,3030,Clarksville-Montgomery County School System,193018,35416,6120
TN,47,660,Clay County School District,7703,1147,354
TN,47,690,Cleveland City School District,44028,6527,1375
TN,47,720,Clinton City School District,9911,753,167
TN,47,750,Cocke County School District,35556,4627,1453
TN,47,780,Coffee County School District,36907,5242,910
TN,47,149,Collierville School District,46059,9991,1005
TN,47,850,Crockett County School District,14473,1861,403
TN,47,900,Cumberland County School District,59078,7717,1856
TN,47,930,Dayton City Elementary School District,7472,785,237
TN,47,990,DeKalb County School District,19852,3153,748
TN,47,960,Decatur County School District,11751,1806,412
TN,47,1020,Dickson County School District,52853,9079,1419
TN,47,1050,Dyer County School District,20721,3676,741
TN,47,1080,Dyersburg City School District,16742,2997,806
TN,47,1110,Elizabethton City School District,14023,1931,558
TN,47,1140,Etowah City School District,3531,353,110
TN,47,1170,Fayette County School District,40036,5772,1068
TN,47,1200,Fayetteville City School District,6863,1018,299
TN,47,1230,Fentress County School District,18136,2854,827
TN,47,78,Fort Campbell Schools,7164,1559,210
TN,47,1290,Franklin County School District,40386,6135,1123
TN,47,1260,Franklin Special School District,44164,5020,420
TN,47,151,Germantown Municipal School District,39226,7055,398
TN,47,1400,Gibson County School District,18126,3536,517
TN,47,1410,Giles County School District,29401,4496,838
TN,47,1440,Grainger County School District,23144,3652,812
TN,47,1470,Greene County School District,53726,7944,1699
TN,47,1500,Greeneville City School District,15082,2246,493
TN,47,1530,Grundy County School District,13361,2172,626
TN,47,1,Hamblen County School District,64277,10968,2378
TN,47,1590,Hamilton County School District,361613,54449,9312
TN,47,1620,Hancock County School District,6600,1034,360
TN,47,1650,Hardeman County School District,25447,3678,1068
TN,47,1680,Hardin County School District,25846,3915,1037
TN,47,1740,Hawkins County School District,53613,7728,1742
TN,47,1770,Haywood County School District,17573,2971,853
TN,47,1800,Henderson County School District,27751,3940,741
TN,47,1830,Henry County School District,32450,3772,915
TN,47,1860,Hickman County School District,24864,3835,851
TN,47,1890,Hollow Rock-Bruceton Special School District,3840,609,192
TN,47,1920,Houston County School District,8213,1366,307
TN,47,1950,Humboldt City School District,8293,1321,425
TN,47,1980,Humphreys County School District,18484,2995,566
TN,47,2010,Huntingdon Special School District,7258,1154,341
TN,47,2070,Jackson County School District,11677,1596,418
TN,47,2580,Jackson-Madison County School System,97643,15882,3528
TN,47,2100,Jefferson County School District,53804,8080,1564
TN,47,2130,Johnson City School District,62092,8109,1590
TN,47,2160,Johnson County School District,17691,2222,657
TN,47,2190,Kingsport City School District,52742,7671,2089
TN,47,2220,Knox County School District,461860,71144,11889
TN,47,2280,Lake County School District,7468,781,319
TN,47,154,Lakeland School System District,10479,1639,141
TN,47,2310,Lauderdale County School District,25274,4510,1071
TN,47,2340,Lawrence County School District,43396,8047,1569
TN,47,2370,Lebanon Special School District,35494,4199,715
TN,47,2400,Lenoir City School District,9242,1619,360
TN,47,2430,Lewis County School District,12035,1907,430
TN,47,2460,Lexington City School System,7651,831,205
TN,47,2490,Lincoln County School District,26888,4623,694
TN,47,2520,Loudon County School District,42910,5863,920
TN,47,2550,Macon County School District,24079,4257,1012
TN,47,2610,Manchester City School District,10512,1253,291
TN,47,2640,Marion County School District,27452,4281,932
TN,47,2670,Marshall County School District,32931,5694,855
TN,47,2700,Maryville City School District,28762,5057,559
TN,47,2760,Maury County School District,92163,15573,2065
TN,47,2790,McKenzie Special School District,7250,1081,269
TN,47,2820,McMinn County School District,52877,6620,1454
TN,47,2880,McNairy County School District,26004,4368,923
TN,47,2910,Meigs County School District,12068,1842,444
TN,47,3180,Metropolitan Nashville Public School District,691243,98954,21915
TN,47,2970,Milan Special School District,10600,2006,424
TN,47,150,Millington Municipal School District,17373,2896,645
TN,47,3000,Monroe County School District,46240,6026,1421
TN,47,3060,Moore County School District,6384,962,138
TN,47,3090,Morgan County School District,21636,3155,706
TN,47,3150,Murfreesboro City School District,131725,11486,1380
TN,47,3210,Newport City School District,6916,743,385
TN,47,3240,Oak Ridge City School District,29669,4704,824
TN,47,3270,Obion County School District,20033,3281,793
TN,47,3300,Oneida Special School District,3018,508,188
TN,47,3330,Overton County School District,22012,3602,736
TN,47,3360,Paris Special School District,11712,1241,437
TN,47,3390,Perry County School District,7975,1233,364
TN,47,3420,Pickett County School District,5073,679,164
TN,47,3450,Polk County School District,16757,2469,521
TN,47,3480,Putnam County School District,77674,11928,2530
TN,47,3510,Rhea County School District,32691,4712,1006
TN,47,3540,Richard City Special School District,973,162,50
TN,47,3590,Roane County School District,50002,7145,1410
TN,47,3600,Robertson County School District,70177,12615,1822
TN,47,3660,Rogersville City Schools,4430,437,129
TN,47,3690,Rutherford County School District,317157,45790,4749
TN,47,3720,Scott County School District,18971,3446,859
TN,47,3750,Sequatchie County School District,14736,2384,586
TN,47,3780,Sevier County School District,97638,14986,2773
TN,47,148,Shelby County School District,752570,132120,40913
TN,47,3870,Smith County School District,19636,3332,574
TN,47,3900,South Carroll Special School District,2470,411,96
TN,47,3960,Stewart County School District,13355,2075,439
TN,47,3990,Sullivan County School District,80774,11789,2278
TN,47,4020,Sumner County School District,183545,32504,3393
TN,47,4050,Sweetwater City School District,12448,1409,356
TN,47,4080,Tipton County School District,61366,11506,2008
TN,47,4100,Trenton Special School District,8593,1472,302
TN,47,4170,Trousdale County School District,10083,1395,261
TN,47,4200,Tullahoma City School District,19393,3407,734
TN,47,4230,Unicoi County School District,17759,2553,554
TN,47,4260,Union City School District,10352,1643,546
TN,47,4290,Union County School District,19442,3196,852
TN,47,4320,Van Buren County School District,5742,796,221
TN,47,4350,Warren County School District,40651,7169,1860
TN,47,4380,Washington County School District,65714,9927,1385
TN,47,4440,Wayne County School District,16583,2177,517
TN,47,4470,Weakley County School District,33337,4766,1042
TN,47,4490,West Carroll Special District,7042,1119,264
TN,47,4500,White County School District,26753,4294,951
TN,47,4530,Williamson County School District,226257,43537,1187
TN,47,4550,Wilson County School District,136442,20237,1863
