State Postal Code,State FIPS Code,District ID,Name,Estimated Total Population,Estimated Population 5-17,Estimated number of relevant children 5 to 17 years old in poverty who are related to the householder
OH,39,4575,Allen East Local School District,5679,1041,97
OH,39,10004,Anna Local School District,5361,1187,54
OH,39,4662,Ansonia Local School District,3324,602,61
OH,39,4899,Antwerp Local School District,3708,671,76
OH,39,10002,Arcadia Local School District,3168,545,47
OH,39,4663,Arcanum-Butler Local School District,5702,1036,98
OH,39,4704,Archbold Area Local School District,7139,1275,118
OH,39,4742,Arlington Local School District,3486,648,37
OH,39,4917,Aurora City School District,15955,2912,119
OH,39,4670,Ayersville Local School District,3884,640,51
OH,39,4354,Bay Village City School District,15265,2686,129
OH,39,4355,Beachwood City School District,11633,1683,101
OH,39,4861,Bethel Local School District,5751,962,61
OH,39,4686,Bloom-Carroll Local School District,11024,1891,101
OH,39,4521,Bluffton Exempted Village School District,6699,1061,81
OH,39,4976,Botkins Local School District,2324,421,19
OH,39,4522,Bradford Exempted Village School District,3271,644,96
OH,39,4617,Brown Local School District,5054,745,134
OH,39,4650,Buckeye Central Local School District,5255,965,114
OH,39,4526,Carey Exempted Village School District,5229,944,70
OH,39,4725,Cedar Cliff Local School District,6501,723,55
OH,39,4782,Centerburg Local School District,6512,1318,135
OH,39,4671,Central Local School District,6134,1184,102
OH,39,4528,Chagrin Falls Exempted Village School District,10077,1978,86
OH,39,10026,Clay Local School District,3523,548,109
OH,39,4531,Coldwater Exempted Village School District,6557,1250,76
OH,39,6496,College Corner Local School District,645,116,26
OH,39,4651,Colonel Crawford Local School District,5461,806,91
OH,39,4814,Columbia Local School District,6910,1081,112
OH,39,4532,Columbiana Exempted Village School District,7518,992,134
OH,39,4931,Columbus Grove Local School District,5045,1016,90
OH,39,4754,Conotton Valley Union Local School District,3296,523,73
OH,39,4932,Continental Local School District,3561,588,52
OH,39,4743,Cory-Rawson Local School District,3914,672,59
OH,39,4533,Covington Exempted Village School District,5091,910,119
OH,39,5035,Crestview Local School District,4546,875,68
OH,39,4655,Cuyahoga Heights Local School District,4108,693,59
OH,39,4893,Danbury Local School District,5082,524,75
OH,39,5061,Edgerton Local School District,3900,718,125
OH,39,5062,Edon Northwest Local School District,3298,568,60
OH,39,5068,Elmwood Local School District,6540,1211,76
OH,39,4705,Evergreen Local School District,7483,1317,104
OH,39,5032,Fairbanks Local School District,7107,1326,63
OH,39,4977,Fairlawn Local School District,2193,419,63
OH,39,4536,Fairport Harbor Exempted Village School District,3119,435,71
OH,39,4706,Fayette Local School District,2570,460,62
OH,39,4604,Fayetteville-Perry Local School District,4516,817,109
OH,39,5048,Fort Frye Local School District,6197,1020,128
OH,39,4978,Fort Loramie Local School District,3870,802,25
OH,39,4859,Fort Recovery Local School District,4161,941,69
OH,39,4664,Franklin Monroe Local School District,3359,671,52
OH,39,5049,Frontier Local School District,5122,762,126
OH,39,4894,Genoa Area Local School District,8532,1359,98
OH,39,4538,Gibsonburg Exempted Village School District,5323,956,125
OH,39,4407,Grandview Heights City School District,7862,1239,54
OH,39,4539,Granville Exempted Village School District,13466,2675,104
OH,39,4749,Hardin Northern Local School District,2768,493,70
OH,39,4979,Hardin-Houston Local School District,4682,904,79
OH,39,4541,Hicksville Exempted Village School District,5233,957,131
OH,39,4582,Hillsdale Local School District,6703,1209,128
OH,39,4757,Holgate Local School District,2399,431,39
OH,39,4970,Hopewell-Loudon Local School District,4114,685,58
OH,39,5002,Hudson City School District,23630,5391,127
OH,39,4656,Independence Local School District,6953,1167,78
OH,39,10005,Jackson Center Local School District,2619,491,57
OH,39,4933,Jennings Local School District,1891,378,22
OH,39,4798,Johnstown-Monroe Local School District,10035,1828,106
OH,39,5017,Joseph Badger Local School District,6200,949,133
OH,39,4934,Kalida Local School District,3506,674,19
OH,39,4679,Kelleys Island Local School District,303,23,1
OH,39,4719,Kenston Local School District,17499,3385,125
OH,39,4787,Kirtland Local School District,7715,1338,79
OH,39,4935,Leipsic Local School District,3550,701,94
OH,39,4758,Liberty Center Local School District,5481,1070,74
OH,39,4744,Liberty-Benton Local School District,6621,1271,81
OH,39,10022,Lincolnview Local School District,4185,795,75
OH,39,5020,Lordstown Local School District,3261,498,88
OH,39,4833,Lowellville Local School District,2046,340,49
OH,39,4944,Lucas Local School District,3305,627,64
OH,39,4428,Madeira City School District,8812,1712,80
OH,39,5000,Manchester Local School District,9062,1503,95
OH,39,5021,Maplewood Local School District,5423,841,125
OH,39,4680,Margaretta Local School District,7773,1193,120
OH,39,10031,Marion Local School District,3711,851,41
OH,39,4745,McComb Local School District,3959,810,74
OH,39,5022,McDonald Local School District,3766,645,109
OH,39,4548,Mechanicsburg Exempted Village School District,4797,879,91
OH,39,4862,Miami East Local School District,8061,1333,90
OH,39,4895,Middle Bass Local School District,25,3,0
OH,39,5063,Millcreek-West Unity Local School District,3586,628,62
OH,39,4936,Miller City-New Cleveland Local School District,1911,384,16
OH,39,4594,Minster Local School District,4218,868,35
OH,39,4667,Mississinawa Valley Local School District,4036,782,125
OH,39,5003,Mogadore Local School District,4162,681,95
OH,39,5074,Mohawk Local School District,6114,1011,84
OH,39,4771,Monroeville Local School District,4041,763,114
OH,39,4595,New Bremen Local School District,4601,942,34
OH,39,4596,New Knoxville Local School District,1868,364,22
OH,39,4613,New Miami Local School District,4172,687,124
OH,39,4971,New Riegel Local School District,1856,355,30
OH,39,4721,Newbury Local School District,5572,840,62
OH,39,4863,Newton Local School District,3336,610,43
OH,39,5070,North Baltimore Local School District,4497,809,101
OH,39,4896,North Bass Local School District,0,0,0
OH,39,5064,North Central Local School District,4067,703,62
OH,39,5033,North Union Local School District,8855,1601,125
OH,39,4803,Northridge Local School District,8786,1605,117
OH,39,5071,Northwood Local School District,5418,945,105
OH,39,10021,Old Fort Local School District,3267,546,53
OH,39,4991,Osnaburg Local School District,5357,815,114
OH,39,4821,Ottawa Hills Local School District,4549,1010,72
OH,39,4937,Ottawa-Glandorf Local School District,8784,1638,105
OH,39,4938,Ottoville Local School District,2692,465,12
OH,39,4939,Pandora-Gilboa Local School District,3371,612,35
OH,39,4759,Patrick Henry Local School District,5301,951,103
OH,39,4578,Perry Local School District,3742,589,134
OH,39,4707,Pettisville Local School District,2037,397,22
OH,39,4897,Put-in-Bay Local School District,597,69,3
OH,39,5005,Revere Local School District,20208,3477,119
OH,39,4843,Ridgedale Local School District,4497,739,106
OH,39,4750,Ridgemont Local School District,3258,680,93
OH,39,4809,Riverside Local School District,3909,796,89
OH,39,4921,Rootstown Local School District,8340,1310,96
OH,39,4981,Russia Local School District,1721,418,11
OH,39,4835,Sebring Local School District,4261,591,136
OH,39,4968,Seneca East Local School District,5020,891,83
OH,39,4600,Shadyside Local School District,5350,728,80
OH,39,4836,South Range Local School District,7011,1230,115
OH,39,4627,Southeastern Local School District,4159,750,99
OH,39,5023,Southington Local School District,3542,588,70
OH,39,4580,Spencerville Local School District,5073,920,134
OH,39,4599,St. Clairsville-Richland City School District,15918,1925,132
OH,39,4858,St. Henry Consolidated Local School District,4493,937,40
OH,39,5029,Strasburg-Franklin Local School District,4540,668,102
OH,39,5065,Stryker Local School District,3520,534,42
OH,39,4926,Tri-County North Local School District,5799,1037,127
OH,39,4668,Tri-Village Local School District,4257,806,103
OH,39,4620,Triad Local School District,5246,977,132
OH,39,4900,Twin Valley Community Local School District,5535,995,129
OH,39,10001,Van Buren Local School District,6526,1007,54
OH,39,4747,Vanlue Local School District,1558,258,23
OH,39,4563,Versailles Exempted Village School District,6213,1299,72
OH,39,4690,Walnut Township Local School District,4648,674,88
OH,39,5046,Wayne Local School District,9235,1575,61
OH,39,4597,Waynesfield-Goshen Local School District,2878,567,62
OH,39,4722,West Geauga Local School District,15995,2469,86
OH,39,4621,West Liberty-Salem Local School District,5854,1111,89
OH,39,4839,Western Reserve Local School District,4003,590,52
OH,39,4566,Windham Exempted Village School District,4099,703,133
OH,39,5051,Wolf Creek Local School District,3398,622,71
OH,39,4957,Woodmore Local School District,6522,1097,83
OH,39,4567,Yellow Springs Exempted Village School District,4312,652,64
