State Postal Code,State FIPS Code,District ID,Name,Estimated Total Population,Estimated Population 5-17,Estimated number of relevant children 5 to 17 years old in poverty who are related to the householder
OH,39,4518,Ada Exempted Village School District,7787,946,155
OH,39,6190,Adams County/Ohio Valley Local School District,23347,4234,1066
OH,39,4949,Adena Local School District,6664,1176,198
OH,39,4348,Akron City School District,189945,28110,8534
OH,39,4590,Alexander Local School District,10715,1707,389
OH,39,4575,Allen East Local School District,5679,1041,97
OH,39,4349,Alliance City School District,21513,3139,993
OH,39,4684,Amanda-Clearcreek Local School District,8924,1759,167
OH,39,4519,Amherst Exempted Village School District,24219,4201,299
OH,39,10004,Anna Local School District,5361,1187,54
OH,39,4662,Ansonia Local School District,3324,602,61
OH,39,4820,Anthony Wayne Local School District,27245,5169,330
OH,39,4899,Antwerp Local School District,3708,671,76
OH,39,10002,Arcadia Local School District,3168,545,47
OH,39,4663,Arcanum-Butler Local School District,5702,1036,98
OH,39,4704,Archbold Area Local School District,7139,1275,118
OH,39,4742,Arlington Local School District,3486,648,37
OH,39,4350,Ashland City School District,26630,4039,636
OH,39,4351,Ashtabula Area City School District,27158,4362,1463
OH,39,4352,Athens City School District,35993,2514,639
OH,39,4917,Aurora City School District,15955,2912,119
OH,39,4829,Austintown Local School District,34687,4826,758
OH,39,4812,Avon Lake City School District,23046,4374,174
OH,39,4811,Avon Local School District,21652,4589,203
OH,39,4670,Ayersville Local School District,3884,640,51
OH,39,4353,Barberton City School District,26376,4007,889
OH,39,4520,Barnesville Exempted Village School District,7810,1193,182
OH,39,4630,Batavia Local School District,11794,2171,392
OH,39,4576,Bath Local School District,13557,1874,238
OH,39,4354,Bay Village City School District,15265,2686,129
OH,39,4355,Beachwood City School District,11633,1683,101
OH,39,4642,Beaver Local School District,15252,1989,327
OH,39,4724,Beavercreek City School District,55382,9144,399
OH,39,10017,Bedford City School District,29038,3848,855
OH,39,4357,Bellaire Local School District,9606,1402,315
OH,39,4727,Bellbrook-Sugarcreek Local School District,15661,3086,151
OH,39,4358,Bellefontaine City School District,15334,2662,510
OH,39,4359,Bellevue City School District,13015,2325,286
OH,39,4361,Belpre City School District,8538,1131,247
OH,39,4807,Benjamin Logan Local School District,10856,1910,165
OH,39,4892,Benton-Carroll-Salem Local School District,10033,1682,170
OH,39,4360,Berea City School District,52017,6678,843
OH,39,4716,Berkshire Local School District,13626,2268,170
OH,39,4685,Berne Union Local School District,5449,969,140
OH,39,4861,Bethel Local School District,5751,962,61
OH,39,4631,Bethel-Tate Local School District,9831,1795,216
OH,39,4362,Bexley City School District,14495,2712,159
OH,39,4674,Big Walnut Local School District,20868,3887,211
OH,39,4846,Black River Local School District,10167,1986,219
OH,39,4638,Blanchester Local School District,9001,1559,227
OH,39,4686,Bloom-Carroll Local School District,11024,1891,101
OH,39,4959,Bloom-Vernon Local School District,4998,850,147
OH,39,5009,Bloomfield-Mespo Local School District,4227,1127,152
OH,39,4521,Bluffton Exempted Village School District,6699,1061,81
OH,39,4830,Boardman Local School District,35706,4682,786
OH,39,4976,Botkins Local School District,2324,421,19
OH,39,4363,Bowling Green City School District,36994,3538,399
OH,39,4522,Bradford Exempted Village School District,3271,644,96
OH,39,4364,Brecksville-Broadview Heights City School District,26564,4554,254
OH,39,4523,Bridgeport Exempted Village School District,6415,893,230
OH,39,4761,Bright Local School District,4925,858,204
OH,39,5011,Bristol Local School District,5386,1063,160
OH,39,5012,Brookfield Local School District,8436,1160,240
OH,39,4365,Brooklyn City School District,10893,1444,362
OH,39,4867,Brookville Local School District,9673,1603,143
OH,39,4617,Brown Local School District,5054,745,134
OH,39,4366,Brunswick City School District,47263,8091,558
OH,39,4367,Bryan City School District,12767,2121,263
OH,39,4650,Buckeye Central Local School District,5255,965,114
OH,39,4585,Buckeye Local School District,10901,1792,288
OH,39,4778,Buckeye Local School District,14524,2062,356
OH,39,4847,Buckeye Local School District,14608,2365,180
OH,39,4675,Buckeye Valley Local School District,18554,3442,225
OH,39,4368,Bucyrus City School District,10425,1559,466
OH,39,4525,Caldwell Exempted Village School District,8540,926,207
OH,39,4369,Cambridge City School District,15362,2307,657
OH,39,4370,Campbell City School District,7910,1259,500
OH,39,4694,Canal Winchester Local School District,19653,4351,824
OH,39,4831,Canfield Local School District,17913,3112,193
OH,39,4371,Canton City School District,62119,10088,4435
OH,39,4983,Canton Local School District,13035,2056,412
OH,39,4717,Cardinal Local School District,15259,3370,388
OH,39,4879,Cardington-Lincoln Local School District,6546,1194,176
OH,39,4526,Carey Exempted Village School District,5229,944,70
OH,39,5041,Carlisle Local School District,10288,1748,192
OH,39,4527,Carrollton Exempted Village School District,16023,2641,445
OH,39,4725,Cedar Cliff Local School District,6501,723,55
OH,39,10030,Celina City School District,18018,2917,386
OH,39,4782,Centerburg Local School District,6512,1318,135
OH,39,4373,Centerville City School District,55982,9247,615
OH,39,4671,Central Local School District,6134,1184,102
OH,39,4528,Chagrin Falls Exempted Village School District,10077,1978,86
OH,39,5013,Champion Local School District,9152,1434,190
OH,39,4718,Chardon Local School District,21312,3546,210
OH,39,4529,Chesapeake Union Exempted Village School District,7475,1301,273
OH,39,4374,Chillicothe City School District,23270,3428,953
OH,39,5053,Chippewa Local School District,9455,1657,153
OH,39,4375,Cincinnati City School District,334898,48103,18287
OH,39,4376,Circleville City School District,15514,2318,549
OH,39,4628,Clark-Shawnee Local School District,11830,2073,312
OH,39,10026,Clay Local School District,3523,548,109
OH,39,4377,Claymont City School District,11917,2141,478
OH,39,4941,Clear Fork Valley Local School District,10150,1934,235
OH,39,4813,Clearview Local School District,6128,1100,331
OH,39,4632,Clermont Northeastern Local School District,13111,2087,261
OH,39,4379,Cleveland Heights-University Heights City School District,56678,8028,1646
OH,39,4378,Cleveland Municipal School District,389013,61369,26013
OH,39,4639,Clinton-Massie Local School District,10320,1894,175
OH,39,4848,Cloverleaf Local School District,20078,3050,272
OH,39,10020,Clyde-Green Springs Exempted Village School District,12506,2219,286
OH,39,4531,Coldwater Exempted Village School District,6557,1250,76
OH,39,6496,College Corner Local School District,645,116,26
OH,39,4651,Colonel Crawford Local School District,5461,806,91
OH,39,4814,Columbia Local School District,6910,1081,112
OH,39,4532,Columbiana Exempted Village School District,7518,992,134
OH,39,4380,Columbus City School District,558879,74057,26115
OH,39,4931,Columbus Grove Local School District,5045,1016,90
OH,39,4381,Conneaut Area City School District,14150,2117,563
OH,39,4754,Conotton Valley Union Local School District,3296,523,73
OH,39,4932,Continental Local School District,3561,588,52
OH,39,4998,Copley-Fairlawn City School District,21920,3560,241
OH,39,4743,Cory-Rawson Local School District,3914,672,59
OH,39,4382,Coshocton City School District,11382,1816,511
OH,39,4999,Coventry Local School District,13311,1688,218
OH,39,4533,Covington Exempted Village School District,5091,910,119
OH,39,10008,Crestline Exempted Village School District,5180,897,267
OH,39,4643,Crestview Local School District,5644,951,199
OH,39,4942,Crestview Local School District,7258,1548,263
OH,39,5035,Crestview Local School District,4546,875,68
OH,39,4918,Crestwood Local School District,14865,2125,171
OH,39,4535,Crooksville Exempted Village School District,5489,1016,212
OH,39,4383,Cuyahoga Falls City School District,41150,5468,563
OH,39,4655,Cuyahoga Heights Local School District,4108,693,59
OH,39,5054,Dalton Local School District,7172,1370,275
OH,39,4893,Danbury Local School District,5082,524,75
OH,39,4783,Danville Local School District,3829,819,161
OH,39,4792,Dawson-Bryant Local School District,6233,1028,212
OH,39,4384,Dayton City School District,151415,22629,8261
OH,39,4385,Deer Park Community City School District,12497,1534,251
OH,39,4386,Defiance City School District,16609,2745,423
OH,39,4387,Delaware City School District,41422,6749,691
OH,39,4388,Delphos City School District,9637,1649,177
OH,39,4389,Dover City School District,17119,2645,299
OH,39,4702,Dublin City School District,86245,16483,1209
OH,39,4390,East Cleveland City School District,20388,2930,1406
OH,39,4640,East Clinton Local School District,7943,1400,306
OH,39,6968,East Guernsey Local School District,7480,1364,252
OH,39,4768,East Holmes Local School District,21650,5689,630
OH,39,10013,East Knox Local School District,9554,1769,235
OH,39,4391,East Liverpool City School District,15860,2482,746
OH,39,4883,East Muskingum Local School District,12982,2036,274
OH,39,4392,East Palestine City School District,7929,1242,262
OH,39,4603,Eastern Local School District,8359,1468,254
OH,39,4851,Eastern Local School District,5034,806,197
OH,39,4912,Eastern Local School District,4913,868,247
OH,39,5067,Eastwood Local School District,9144,1591,165
OH,39,4393,Eaton Community City School District,13853,2338,255
OH,39,5061,Edgerton Local School District,3900,718,125
OH,39,4609,Edgewood City School District,19371,3823,325
OH,39,4678,Edison Local (formerly Berlin-Milan) School District,9194,1533,240
OH,39,4779,Edison Local School District,14617,2191,447
OH,39,5062,Edon Northwest Local School District,3298,568,60
OH,39,4841,Elgin Local School District,7195,1267,155
OH,39,4577,Elida Local School District,18625,3003,526
OH,39,5068,Elmwood Local School District,6540,1211,76
OH,39,4394,Elyria City School District,53738,8372,2146
OH,39,4395,Euclid City School District,47697,7332,2223
OH,39,4705,Evergreen Local School District,7483,1317,104
OH,39,5032,Fairbanks Local School District,7107,1326,63
OH,39,4396,Fairborn City School District,43099,5053,977
OH,39,4610,Fairfield City School District,66960,11633,1091
OH,39,4762,Fairfield Local School District,4863,958,151
OH,39,4687,Fairfield Union Local School District,10760,2080,221
OH,39,4793,Fairland Local School District,10267,1616,298
OH,39,4977,Fairlawn Local School District,2193,419,63
OH,39,4984,Fairless Local School District,11983,1856,337
OH,39,4536,Fairport Harbor Exempted Village School District,3119,435,71
OH,39,4397,Fairview Park City School District,16024,2185,237
OH,39,4706,Fayette Local School District,2570,460,62
OH,39,4604,Fayetteville-Perry Local School District,4516,817,109
OH,39,4591,Federal Hocking Local School District,8318,1265,329
OH,39,4633,Felicity-Franklin Local School District,5806,1078,153
OH,39,4919,Field Local School District,16803,2519,217
OH,39,10000,Findlay City School District,42307,6404,899
OH,39,4733,Finneytown Local School District,10810,1919,301
OH,39,4815,Firelands Local School District,11806,1901,210
OH,39,4734,Forest Hills Local School District,46815,9817,712
OH,39,5048,Fort Frye Local School District,6197,1020,128
OH,39,4978,Fort Loramie Local School District,3870,802,25
OH,39,4859,Fort Recovery Local School District,4161,941,69
OH,39,4399,Fostoria City School District,14208,2477,670
OH,39,4400,Franklin City School District,21134,3409,422
OH,39,4884,Franklin Local School District,12692,2235,459
OH,39,4664,Franklin Monroe Local School District,3359,671,52
OH,39,4785,Fredericktown Local School District,7385,1366,200
OH,39,4401,Fremont City School District,28872,4791,819
OH,39,5049,Frontier Local School District,5122,762,126
OH,39,4696,Gahanna-Jefferson City School District,49326,9326,1003
OH,39,4402,Galion City School District,12802,2034,493
OH,39,6568,Gallia County Local School District,15474,2784,648
OH,39,4403,Gallipolis City School District,14418,2227,563
OH,39,5027,Garaway Local School District,10811,2349,322
OH,39,4404,Garfield Heights City School District,25826,4336,1272
OH,39,4405,Geneva Area City School District,16331,2571,536
OH,39,4894,Genoa Area Local School District,8532,1359,98
OH,39,4537,Georgetown Exempted Village School District,6631,1039,273
OH,39,4538,Gibsonburg Exempted Village School District,5323,956,125
OH,39,4406,Girard City School District,10513,1597,369
OH,39,4634,Goshen Local School District,16341,2837,372
OH,39,4619,Graham Local School District,11593,2120,238
OH,39,4586,Grand Valley Local School District,9182,1899,344
OH,39,4407,Grandview Heights City School District,7862,1239,54
OH,39,4539,Granville Exempted Village School District,13466,2675,104
OH,39,4961,Green Local School District,4180,719,176
OH,39,5001,Green Local School District,25721,4377,431
OH,39,5055,Green Local School District,6936,1278,162
OH,39,4726,Greeneview Local School District,8405,1384,148
OH,39,4540,Greenfield Exempted Village School District,12355,2196,577
OH,39,4623,Greenon Local School District,11915,1904,210
OH,39,4409,Greenville City School District,21928,3373,481
OH,39,4697,Groveport Madison Local School District,48570,8848,2048
OH,39,4410,Hamilton City School District,64477,10439,2217
OH,39,4695,Hamilton Local School District,16043,3365,561
OH,39,4749,Hardin Northern Local School District,2768,493,70
OH,39,4979,Hardin-Houston Local School District,4682,904,79
OH,39,4524,Harrison Hills City School District,13079,2052,398
OH,39,4411,Heath City School District,10695,1865,191
OH,39,4541,Hicksville Exempted Village School District,5233,957,131
OH,39,4849,Highland Local School District,17858,3351,163
OH,39,4880,Highland Local School District,10305,1909,262
OH,39,4701,Hilliard City School District,91459,18290,1513
OH,39,4412,Hillsboro City School District,16226,2661,681
OH,39,4582,Hillsdale Local School District,6703,1209,128
OH,39,4757,Holgate Local School District,2399,431,39
OH,39,4970,Hopewell-Loudon Local School District,4114,685,58
OH,39,5016,Howland Local School District,21389,2901,415
OH,39,4542,Hubbard Exempted Village School District,12931,1840,254
OH,39,4875,Huber Heights City School District,41366,7444,1200
OH,39,5002,Hudson City School District,23630,5391,127
OH,39,4950,Huntington Local School District,6165,1229,306
OH,39,4413,Huron City School District,10267,1568,188
OH,39,4656,Independence Local School District,6953,1167,78
OH,39,4780,Indian Creek Local School District,18338,2529,494
OH,39,4543,Indian Hill Exempted Village School District,13164,2708,146
OH,39,4808,Indian Lake Local School District,11696,1769,321
OH,39,5028,Indian Valley Local School District,10613,1909,337
OH,39,4414,Ironton City School District,10633,1504,432
OH,39,10005,Jackson Center Local School District,2619,491,57
OH,39,4415,Jackson City School District,15452,2598,661
OH,39,4985,Jackson Local School District,37421,6173,429
OH,39,4832,Jackson-Milton Local School District,5926,835,160
OH,39,4920,James A. Garfield Local School District,8856,1457,163
OH,39,4587,Jefferson Area Local School District,11169,1874,402
OH,39,4825,Jefferson Local School District,7146,1211,138
OH,39,4868,Jefferson Township Local School District,5754,829,211
OH,39,4933,Jennings Local School District,1891,378,22
OH,39,4798,Johnstown-Monroe Local School District,10035,1828,106
OH,39,4826,Jonathan Alder Local School District,12487,2431,193
OH,39,5017,Joseph Badger Local School District,6200,949,133
OH,39,4934,Kalida Local School District,3506,674,19
OH,39,4679,Kelleys Island Local School District,303,23,1
OH,39,4719,Kenston Local School District,17499,3385,125
OH,39,4416,Kent City School District,34448,3264,572
OH,39,10025,Kenton City School District,11684,2058,481
OH,39,4418,Kettering City School District,56368,8169,1037
OH,39,4816,Keystone Local School District,11296,1797,161
OH,39,5043,Kings Local School District,26641,4604,217
OH,39,4787,Kirtland Local School District,7715,1338,79
OH,39,5024,LaBrae Local School District,8597,1227,263
OH,39,4986,Lake Local School District,19670,3772,267
OH,39,5069,Lake Local School District,11564,1808,198
OH,39,5018,Lakeview Local School District,12112,1836,292
OH,39,4419,Lakewood City School District,50776,6290,1126
OH,39,4799,Lakewood Local School District,14687,2354,212
OH,39,4611,Lakota Local School District,97013,20875,1166
OH,39,4956,Lakota Local School District,6822,1167,151
OH,39,4420,Lancaster City School District,50148,7319,1242
OH,39,4421,Lebanon City School District,40535,6724,376
OH,39,10007,Leetonia Exempted Village School District,4539,784,177
OH,39,4935,Leipsic Local School District,3550,701,94
OH,39,4943,Lexington Local School District,15854,2682,287
OH,39,4758,Liberty Center Local School District,5481,1070,74
OH,39,5019,Liberty Local School District,11500,1540,310
OH,39,4688,Liberty Union-Thurston Local School District,7835,1395,185
OH,39,4744,Liberty-Benton Local School District,6621,1271,81
OH,39,4800,Licking Heights Local School District,24129,4295,481
OH,39,4801,Licking Valley Local School District,10661,1982,189
OH,39,4422,Lima City School District,28862,5329,1931
OH,39,10022,Lincolnview Local School District,4185,795,75
OH,39,4545,Lisbon Exempted Village School District,5570,889,217
OH,39,5044,Little Miami Local School District,31829,5594,216
OH,39,4423,Lockland Local School District,4267,694,273
OH,39,4908,Logan Elm Local School District,13388,2275,322
OH,39,4424,Logan-Hocking Local School District,23306,3860,770
OH,39,4425,London City School District,14065,2320,296
OH,39,4426,Lorain City School District,55594,9910,3650
OH,39,5020,Lordstown Local School District,3261,498,88
OH,39,4546,Loudonville-Perrysville Exempted Village School District,7757,1301,182
OH,39,4987,Louisville City School District,18595,3221,371
OH,39,4427,Loveland City School District,26923,6112,406
OH,39,4833,Lowellville Local School District,2046,340,49
OH,39,4944,Lucas Local School District,3305,627,64
OH,39,4763,Lynchburg-Clay Local School District,6405,1244,184
OH,39,4870,Mad River Local School District,21698,3758,688
OH,39,4428,Madeira City School District,8812,1712,80
OH,39,4612,Madison Local School District,8468,1502,138
OH,39,4788,Madison Local School District,18944,3131,388
OH,39,4945,Madison Local School District,26643,3257,625
OH,39,4827,Madison-Plains Local School District,13665,1503,175
OH,39,537,Manchester Local School District,4917,865,196
OH,39,5000,Manchester Local School District,9062,1503,95
OH,39,4429,Mansfield City School District,32876,5018,1609
OH,39,4430,Maple Heights City School District,22567,3895,1378
OH,39,4583,Mapleton Local School District,6777,1223,208
OH,39,5021,Maplewood Local School District,5423,841,125
OH,39,4680,Margaretta Local School District,7773,1193,120
OH,39,4431,Mariemont City School District,8442,1806,193
OH,39,10019,Marietta City School District,23535,3087,782
OH,39,4433,Marion City School District,29709,4951,1512
OH,39,10031,Marion Local School District,3711,851,41
OH,39,4988,Marlington Local School District,15635,2590,402
OH,39,4434,Martins Ferry City School District,9931,1409,299
OH,39,4547,Marysville Exempted Village School District,33494,5934,315
OH,39,5045,Mason City School District,52499,12591,279
OH,39,4435,Massillon City School District,29120,4518,1214
OH,39,5015,Mathews Local School District,6715,856,149
OH,39,4436,Maumee City School District,17483,2875,406
OH,39,4437,Mayfield City School District,32443,4248,331
OH,39,4885,Maysville Local School District,10582,1853,305
OH,39,4745,McComb Local School District,3959,810,74
OH,39,5022,McDonald Local School District,3766,645,109
OH,39,4548,Mechanicsburg Exempted Village School District,4797,879,91
OH,39,4438,Medina City School District,45698,8230,483
OH,39,4852,Meigs Local School District,12295,2038,638
OH,39,4549,Mentor Exempted Village School District,60679,9177,676
OH,39,4862,Miami East Local School District,8061,1333,90
OH,39,10010,Miami Trace Local School District,15522,2652,512
OH,39,4439,Miamisburg City School District,38896,6356,896
OH,39,4895,Middle Bass Local School District,25,3,0
OH,39,4440,Middletown City School District,51387,8171,2026
OH,39,4817,Midview Local School District,25018,3544,341
OH,39,4550,Milford Exempted Village School District,43216,7991,516
OH,39,5063,Millcreek-West Unity Local School District,3586,628,62
OH,39,4936,Miller City-New Cleveland Local School District,1911,384,16
OH,39,4551,Milton-Union Exempted Village School District,9981,1656,174
OH,39,4989,Minerva Local School District,11675,1904,361
OH,39,4962,Minford Local School District,7711,1383,334
OH,39,4594,Minster Local School District,4218,868,35
OH,39,4667,Mississinawa Valley Local School District,4036,782,125
OH,39,5003,Mogadore Local School District,4162,681,95
OH,39,5074,Mohawk Local School District,6114,1011,84
OH,39,94,Monroe Local School District,13266,2445,179
OH,39,4771,Monroeville Local School District,4041,763,114
OH,39,4552,Montpelier Exempted Village School District,5692,1020,144
OH,39,4877,Morgan Local School District,13859,2225,539
OH,39,4553,Mount Gilead Exempted Village School District,8119,1328,200
OH,39,4441,Mount Healthy City School District,24708,4624,1501
OH,39,10012,Mount Vernon City School District,31124,4451,707
OH,39,4443,Napoleon Area City School District,13952,2287,257
OH,39,4927,National Trail Local School District,6776,1158,189
OH,39,4444,Nelsonville-York City School District,9891,1256,362
OH,39,4699,New Albany-Plain Local School District,20743,5036,315
OH,39,4446,New Boston Local School District,2225,330,142
OH,39,4595,New Bremen Local School District,4601,942,34
OH,39,4596,New Knoxville Local School District,1868,364,22
OH,39,4871,New Lebanon Local School District,6930,1112,236
OH,39,4447,New Lexington City School District,11073,1951,505
OH,39,4772,New London Local School District,5945,1063,217
OH,39,4613,New Miami Local School District,4172,687,124
OH,39,4448,New Philadelphia City School District,22137,3356,591
OH,39,4555,New Richmond Exempted Village School District,13748,2474,322
OH,39,4971,New Riegel Local School District,1856,355,30
OH,39,4445,Newark City School District,50285,7541,1517
OH,39,4721,Newbury Local School District,5572,840,62
OH,39,4554,Newcomerstown Exempted Village School District,6383,1073,220
OH,39,4556,Newton Falls Exempted Village School District,8333,1341,226
OH,39,4863,Newton Local School District,3336,610,43
OH,39,4449,Niles City School District,18326,2643,736
OH,39,4890,Noble Local School District,6168,1117,147
OH,39,5004,Nordonia Hills City School District,32207,4781,285
OH,39,5070,North Baltimore Local School District,4497,809,101
OH,39,4896,North Bass Local School District,0,0,0
OH,39,4450,North Canton City School District,29342,4851,354
OH,39,5064,North Central Local School District,4067,703,62
OH,39,4451,North College Hill City School District,10816,1961,674
OH,39,4802,North Fork Local School District,11423,2058,237
OH,39,4452,North Olmsted City School District,31703,4477,760
OH,39,4453,North Ridgeville City School District,30112,4567,315
OH,39,4454,North Royalton City School District,35400,5132,364
OH,39,5033,North Union Local School District,8855,1601,125
OH,39,4625,Northeastern Local School District,22158,3649,292
OH,39,4672,Northeastern Local School District,6302,1078,140
OH,39,4905,Northern Local School District,13925,2449,316
OH,39,4872,Northmont City School District,34271,5899,578
OH,39,4881,Northmor Local School District,7803,1424,266
OH,39,4803,Northridge Local School District,8786,1605,117
OH,39,4873,Northridge Local School District,10906,1675,705
OH,39,4736,Northwest Local School District,75558,13417,2293
OH,39,4963,Northwest Local School District,9843,1693,391
OH,39,4990,Northwest Local School District,13265,2188,217
OH,39,4626,Northwestern Local School District,10528,1783,222
OH,39,10033,Northwestern Local School District,7966,1523,227
OH,39,5071,Northwood Local School District,5418,945,105
OH,39,4455,Norton City School District,14257,2208,195
OH,39,4456,Norwalk City School District,18707,3217,635
OH,39,5056,Norwayne Local School District,8597,1520,168
OH,39,4457,Norwood City School District,19447,2577,757
OH,39,4776,Oak Hill Union Local School District,7467,1320,292
OH,39,4737,Oak Hills Local School District,65207,11716,1091
OH,39,4458,Oakwood City School District,9129,2180,174
OH,39,4459,Oberlin City School District,10952,1285,212
OH,39,10021,Old Fort Local School District,3267,546,53
OH,39,4676,Olentangy Local School District,84827,19651,496
OH,39,4657,Olmsted Falls City School District,23739,3976,252
OH,39,4947,Ontario Local School District,10711,1796,165
OH,39,10016,Orange City School District,13567,2464,205
OH,39,4460,Oregon City School District,22943,3824,470
OH,39,4461,Orrville City School District,11010,1873,275
OH,39,4991,Osnaburg Local School District,5357,815,114
OH,39,5072,Otsego Local School District,10113,1780,175
OH,39,4821,Ottawa Hills Local School District,4549,1010,72
OH,39,4937,Ottawa-Glandorf Local School District,8784,1638,105
OH,39,4938,Ottoville Local School District,2692,465,12
OH,39,10015,Painesville City Local School District,17090,2927,852
OH,39,4951,Paint Valley Local School District,6062,1062,239
OH,39,4939,Pandora-Gilboa Local School District,3371,612,35
OH,39,4857,Parkway Local School District,5999,1058,139
OH,39,4463,Parma City School District,111281,14386,2282
OH,39,4759,Patrick Henry Local School District,5301,951,103
OH,39,4557,Paulding Exempted Village School District,9862,1749,239
OH,39,4681,Perkins Local School District,13198,1994,178
OH,39,4578,Perry Local School District,3742,589,134
OH,39,4790,Perry Local School District,9002,1746,166
OH,39,4992,Perry Local School District,29912,4562,602
OH,39,4558,Perrysburg Exempted Village School District,27895,5087,192
OH,39,4707,Pettisville Local School District,2037,397,22
OH,39,4689,Pickerington Local School District,50919,11107,789
OH,39,4708,Pike-Delta-York Local School District,7912,1352,149
OH,39,4464,Piqua City School District,24455,4000,710
OH,39,4993,Plain Local School District,48099,6642,1098
OH,39,4842,Pleasant Local School District,8275,1195,200
OH,39,4946,Plymouth-Shiloh Local School District,5065,1051,206
OH,39,4834,Poland Local School District,14785,2402,158
OH,39,4465,Port Clinton City School District,13343,1762,297
OH,39,10027,Portsmouth City School District,20666,2934,1059
OH,39,4928,Preble Shawnee Local School District,8974,1496,164
OH,39,4467,Princeton City School District,43488,6515,1396
OH,39,4897,Put-in-Bay Local School District,597,69,3
OH,39,4588,Pymatuning Valley Local School District,8916,1600,494
OH,39,4468,Ravenna City School District,21036,2987,609
OH,39,4469,Reading Community City School District,10668,1581,333
OH,39,5005,Revere Local School District,20208,3477,119
OH,39,4700,Reynoldsburg City School District,40898,7562,1191
OH,39,4659,Richmond Heights Local School District,9649,1199,250
OH,39,4843,Ridgedale Local School District,4497,739,106
OH,39,4750,Ridgemont Local School District,3258,680,93
OH,39,4647,Ridgewood Local School District,8573,1441,279
OH,39,4607,Ripley-Union-Lewis-Huntington Local School District,6950,1070,214
OH,39,10028,Rittman Exempted Village School District,7405,1175,215
OH,39,4844,River Valley Local School District,15959,1780,201
OH,39,4648,River View Local School District,14951,2574,514
OH,39,4751,Riverdale Local School District,5659,1061,143
OH,39,4809,Riverside Local School District,3909,796,89
OH,39,10014,Riverside Local School District,35689,5930,517
OH,39,4794,Rock Hill Local School District,9092,1662,521
OH,39,4470,Rocky River City School District,20100,3019,216
OH,39,4730,Rolling Hills Local School District,11535,1904,468
OH,39,4921,Rootstown Local School District,8340,1310,96
OH,39,4614,Ross Local School District,16561,3136,200
OH,39,4560,Rossford Exempted Village School District,14052,2104,212
OH,39,4981,Russia Local School District,1721,418,11
OH,39,10006,Salem City School District,16360,2276,488
OH,39,4474,Sandusky City School District,25133,3763,1138
OH,39,4994,Sandy Valley Local School District,8146,1404,246
OH,39,4913,Scioto Valley Local School District,8590,1529,409
OH,39,4835,Sebring Local School District,4261,591,136
OH,39,4968,Seneca East Local School District,5020,891,83
OH,39,4600,Shadyside Local School District,5350,728,80
OH,39,4475,Shaker Heights City School District,31620,5673,656
OH,39,4579,Shawnee Local School District,16365,2861,249
OH,39,4476,Sheffield-Sheffield Lake City School District,13431,2033,286
OH,39,10009,Shelby City School District,12680,2195,297
OH,39,10003,Sidney City School District,25378,4401,656
OH,39,4660,Solon City School District,23307,4887,354
OH,39,4773,South Central Local School District,4885,998,194
OH,39,4479,South Euclid-Lyndhurst City School District,34538,4942,726
OH,39,4795,South Point Local School District,12465,1955,563
OH,39,4836,South Range Local School District,7011,1230,115
OH,39,4480,South-Western City School District,147152,26090,5220
OH,39,4922,Southeast Local School District,11687,1888,234
OH,39,5058,Southeast Local School District,18067,4489,746
OH,39,4627,Southeastern Local School District,4159,750,99
OH,39,4952,Southeastern Local School District,6460,1136,222
OH,39,4644,Southern Local School District,5505,924,179
OH,39,4853,Southern Local School District,4596,720,177
OH,39,4906,Southern Local School District,4801,787,196
OH,39,5023,Southington Local School District,3542,588,70
OH,39,4804,Southwest Licking Local School District,24874,4458,299
OH,39,4738,Southwest Local School District,23065,3909,649
OH,39,4580,Spencerville Local School District,5073,920,134
OH,39,5042,Springboro Community City School District,31375,6990,176
OH,39,4481,Springfield City School District,55547,9103,2893
OH,39,4822,Springfield Local School District,28870,4539,657
OH,39,4837,Springfield Local School District,7926,1119,144
OH,39,5006,Springfield Local School District,18987,2581,392
OH,39,4471,St. Bernard-Elmwood Place City School District,6663,1147,288
OH,39,4599,St. Clairsville-Richland City School District,15918,1925,132
OH,39,4858,St. Henry Consolidated Local School District,4493,937,40
OH,39,4472,St. Marys City School District,13139,2328,278
OH,39,4482,Steubenville City School District,15380,2201,770
OH,39,4483,Stow-Munroe Falls City School District,40122,6202,373
OH,39,5029,Strasburg-Franklin Local School District,4540,668,102
OH,39,4923,Streetsboro City School District,15961,2308,235
OH,39,4484,Strongsville City School District,43783,7297,473
OH,39,4485,Struthers City School District,11394,1751,465
OH,39,5065,Stryker Local School District,3520,534,42
OH,39,4709,Swanton Local School District,9160,1514,161
OH,39,4865,Switzerland of Ohio Local School District,17126,2587,566
OH,39,4486,Sycamore Community City School District,33997,6241,401
OH,39,4487,Sylvania City School District,51296,9383,805
OH,39,4796,Symmes Valley Local School District,4338,738,139
OH,39,4615,Talawanda City School District,36694,3416,301
OH,39,4488,Tallmadge City School District,17617,2744,266
OH,39,4909,Teays Valley Local School District,23476,3646,353
OH,39,4624,Tecumseh Local School District,18517,3186,606
OH,39,4739,Three Rivers Local School District,16043,3114,361
OH,39,4489,Tiffin City School District,21848,3227,483
OH,39,4561,Tipp City Exempted Village School District,15094,2770,163
OH,39,4490,Toledo City School District,226994,36993,12840
OH,39,4491,Toronto City School District,5391,749,195
OH,39,4926,Tri-County North Local School District,5799,1037,127
OH,39,4887,Tri-Valley Local School District,16633,3172,519
OH,39,4668,Tri-Village Local School District,4257,806,103
OH,39,4620,Triad Local School District,5246,977,132
OH,39,4592,Trimble Local School District,4760,808,254
OH,39,5059,Triway Local School District,13029,2231,402
OH,39,4869,Trotwood-Madison City School District,20682,3484,1221
OH,39,4492,Troy City School District,31302,5351,601
OH,39,5030,Tuscarawas Valley Local School District,10078,1699,164
OH,39,4995,Tuslaw Local School District,8836,1514,165
OH,39,4900,Twin Valley Community Local School District,5535,995,129
OH,39,5007,Twinsburg City School District,24427,4358,357
OH,39,4601,Union Local School District,8840,1394,150
OH,39,4953,Union-Scioto Local School District,16164,1978,370
OH,39,4645,United Local School District,7372,1236,199
OH,39,4493,Upper Arlington City School District,37841,6951,271
OH,39,10024,Upper Sandusky Exempted Village School District,11406,1853,201
OH,39,4752,Upper Scioto Valley Local School District,4147,738,154
OH,39,4494,Urbana City School District,14864,2258,441
OH,39,4964,Valley Local School District,6411,895,190
OH,39,4874,Valley View Local School District,10635,2014,213
OH,39,10001,Van Buren Local School District,6526,1007,54
OH,39,10023,Van Wert City School District,13665,2148,327
OH,39,4495,Vandalia-Butler City School District,23756,3718,385
OH,39,4747,Vanlue Local School District,1558,258,23
OH,39,4682,Vermilion Local School District,14360,2196,287
OH,39,4563,Versailles Exempted Village School District,6213,1299,72
OH,39,5039,Vinton County Local School District,13046,2199,561
OH,39,10029,Wadsworth City School District,28106,4844,322
OH,39,4690,Walnut Township Local School District,4648,674,88
OH,39,4498,Wapakoneta City School District,19138,3196,383
OH,39,4499,Warren City School District,35538,5817,2308
OH,39,10018,Warren Local School District,14042,2396,312
OH,39,4500,Warrensville Heights City School District,15324,2410,855
OH,39,10011,Washington Court House City School District,13718,2412,575
OH,39,4823,Washington Local School District,46233,7085,1458
OH,39,4965,Washington-Nile Local School District,7583,1300,360
OH,39,4924,Waterloo Local School District,8183,1348,143
OH,39,4564,Wauseon Exempted Village School District,10272,1900,182
OH,39,4914,Waverly City School District,11591,1931,441
OH,39,5046,Wayne Local School District,9235,1575,61
OH,39,4903,Wayne Trace Local School District,5422,983,142
OH,39,4597,Waynesfield-Goshen Local School District,2878,567,62
OH,39,5025,Weathersfield Local School District,5324,741,139
OH,39,4565,Wellington Exempted Village School District,8942,1472,163
OH,39,4502,Wellston City School District,9054,1553,431
OH,39,4503,Wellsville Local School District,4730,765,240
OH,39,4838,West Branch Local School District,12569,2048,362
OH,39,4505,West Carrollton City School District,27414,4025,808
OH,39,4635,West Clermont Local School District,70638,11101,1245
OH,39,4722,West Geauga Local School District,15995,2469,86
OH,39,4769,West Holmes Local School District,19005,3772,607
OH,39,4621,West Liberty-Salem Local School District,5854,1111,89
OH,39,4888,West Muskingum Local School District,13348,1851,278
OH,39,4606,Western Brown Local School District,16998,3115,620
OH,39,4915,Western Local School District,4597,941,288
OH,39,4774,Western Reserve Local School District,6598,1211,184
OH,39,4839,Western Reserve Local School District,4003,590,52
OH,39,4504,Westerville City School District,103608,18965,2202
OH,39,4910,Westfall Local School District,8985,1595,252
OH,39,4506,Westlake City School District,31921,4881,389
OH,39,4966,Wheelersburg Local School District,8177,1318,292
OH,39,4507,Whitehall City School District,20137,3472,1045
OH,39,4508,Wickliffe City School District,12760,1749,240
OH,39,4509,Willard City School District,10844,1847,469
OH,39,4636,Williamsburg Local School District,6609,1123,231
OH,39,4510,Willoughby-Eastlake City School District,65437,8756,988
OH,39,4511,Wilmington City School District,20772,3402,613
OH,39,4566,Windham Exempted Village School District,4099,703,133
OH,39,4408,Winton Woods City School District,26957,4874,1160
OH,39,5051,Wolf Creek Local School District,3398,622,71
OH,39,4957,Woodmore Local School District,6522,1097,83
OH,39,4997,Woodridge Local School District,17744,2425,322
OH,39,10032,Wooster City School District,29763,4184,699
OH,39,4513,Worthington City School District,66084,11199,851
OH,39,4652,Wynford Local School District,6192,1047,214
OH,39,4514,Wyoming City School District,8461,2034,149
OH,39,4515,Xenia Community City School District,37812,5645,1017
OH,39,4567,Yellow Springs Exempted Village School District,4312,652,64
OH,39,4516,Youngstown City School District,66389,9884,4689
OH,39,4954,Zane Trace Local School District,9235,1594,195
OH,39,4517,Zanesville City School District,26953,4415,1280
