State Postal Code,State FIPS Code,District ID,Name,Estimated Total Population,Estimated Population 5-17,Estimated number of relevant children 5 to 17 years old in poverty who are related to the householder
AR,5,2280,Alpena School District,3023,540,145
AR,5,2550,Armorel School District,1340,305,44
AR,5,2790,Bauxite School District,6782,1273,123
AR,5,2820,Bay School District,3256,579,72
AR,5,32,Bearden School District,3266,522,113
AR,5,3090,Bergman School District,5016,903,129
AR,5,3480,Bradford School District,2972,530,97
AR,5,3840,Calico Rock School District,3588,403,89
AR,5,3960,Carlisle School District,4483,765,92
AR,5,4200,Charleston School District,4918,867,133
AR,5,4560,Concord Public Schools,4364,708,131
AR,5,4740,County Line School District,3369,575,141
AR,5,4980,Decatur School District,4058,765,128
AR,5,72,Deer/Mount Judea School District,2242,317,70
AR,5,5190,Des Arc Public Schools,3392,521,101
AR,5,5340,Dierks School District,2834,465,90
AR,5,5580,East End School District,4019,685,145
AR,5,5760,Elkins School District,5688,1127,118
AR,5,6240,Foreman School District,2608,465,92
AR,5,7140,Guy-Perkins Schools,2745,529,70
AR,5,7230,Hampton School District,3970,549,105
AR,5,7320,Harmony Grove School District,6292,1162,80
AR,5,7620,Hector School District,3738,660,142
AR,5,7710,Hermitage School District,2686,503,132
AR,5,13230,Jackson County School District,4392,722,136
AR,5,8340,Junction City School District,2975,520,77
AR,5,8490,Kirby School District,2762,485,116
AR,5,9150,Magazine Schools,2612,470,144
AR,5,9190,Magnet Cove School District,3274,577,66
AR,5,9270,Mammoth Spring Schools,3069,481,138
AR,5,16,Marmaduke School District,4114,780,135
AR,5,9600,McCrory School District,3184,538,145
AR,5,9720,Melbourne School District,5333,877,147
AR,5,10080,Mount Vernon-Enola School District,3211,585,85
AR,5,10410,Nemo Vista School District,2408,444,103
AR,5,30,Nevada School District,2719,442,89
AR,5,10920,Omaha School District,2813,453,103
AR,5,10980,Ouachita School District,2031,337,59
AR,5,51,Palestine-Wheatley School District,2140,343,98
AR,5,11070,Pangburn School District,3479,570,91
AR,5,11220,Parkers Chapel School District,2665,539,92
AR,5,11730,Poyen School District,1210,205,31
AR,5,11880,Quitman School District,4939,796,144
AR,5,4370,Rector School District,3736,589,142
AR,5,12000,Rose Bud School District,4604,857,135
AR,5,12180,Scranton School District,2289,436,90
AR,5,12420,Shirley School District,4306,538,134
AR,5,12570,South Side-Bee Branch School District,3286,585,120
AR,5,12630,Spring Hill School District,1442,310,66
AR,5,12930,Strong School District,3138,488,90
AR,5,13350,Valley Springs School District,4660,841,144
AR,5,13560,Viola School District,3172,505,139
AR,5,14010,West Fork School District,6232,1190,115
AR,5,14040,West Side School District,4530,514,134
AR,5,14020,Westside School District,4136,805,141
AR,5,4170,White County Central School District,3868,727,137
AR,5,14370,Wonderview School District,2821,434,115
AR,5,14400,Woodlawn School District,2701,468,69
