AL,ALABAMA,100005,Albertville City,107 W Main St,Albertville,35950,No,5445,0,6,Yes,Yes.1,Yes.2,TIMOTHY,TIDMORE,256-891-1183,ttidmore@albertk12.org,TIMOTHY.1,TIDMORE.1,256-891-1183.1,ttidmore@albertk12.org.1,TIMOTHY.2,TIDMORE.2,256-891-1183.2,ttidmore@albertk12.org.2,No.1,Yes.3,Yes.4,www.albertk12.org/apps/pages/index.jsp?uREC_ID=368921&type=d&termREC_ID=&pREC_ID=689254,Yes.5,No.2,Yes.6,Yes.7,Yes.8,Yes.9,No.3,No.4,Yes.10,No.5,1,6.1,127,0.1,Yes.11,-9,-9.1,-9.2,Yes.12,Yes.13,No.6,No.7,No.8
FL,FLORIDA,1200210,CALHOUN,20859 CENTRAL AVE E,BLOUNTSTOWN,32424,No,2237,8,7,Yes,Yes,Yes,VICKI,DAVIS,(850)674-8734,vicki.davis@calhounflschools.org,VICKI,DAVIS,(850)674-8734,vicki.davis@calhounflschools.org,VICKI,DAVIS,(850)674-8734,vicki.davis@calhounflschools.org,No,Yes,Yes,http://www.calhounflschools.org/_cache/files/f/2/f2525b78-d8b3-4c78-8fc5-b742e154fe27/74561A7EA4205E6D400E1395F41882A9.2017-2018-employee-handbook.pdf,Yes,Yes,Yes,Yes,No,No,No,Yes,No,No,1,16,34,1,Yes,-9,-9,-9,Yes,Yes,No,No,No
FL,FLORIDA,1200450,DIXIE,16077 NE 19 HWY,CROSS CITY,32628,No,2187,81,7,Yes,Yes,Yes,CAROL,FOREHAND,(352)498-6137,carolforehand@dixie.k12.fl.us,CAROL,FOREHAND,(352)498-6137,carolforehand@dixie.k12.fl.us,CAROL,FOREHAND,(352)498-6137,carolforehand@dixie.k12.fl.us,No,Yes,Yes,http://www.dixie.k12.fl.us/SM%20Documents/Board%20Policies/Policy%205.101.pdf,No,-9,Yes,Yes,No,No,No,No,Yes,Yes,0,21,107,18,Yes,-9,-9,-9,Yes,Yes,No,No,No
FL,FLORIDA,1200570,FRANKLIN,85 SCHOOL RD STE 1,EASTPOINT,32328,No,1305,3,4,Yes,Yes,Yes,KAREN,PEDDIE,(850)670-2810,kpeddie@franklin.k12.fl.us,KAREN,PEDDIE,(850)670-2810,kpeddie@franklin.k12.fl.us,KAREN,PEDDIE,(850)670-2810,kpeddie@franklin.k12.fl.us,No,Yes,Yes,https://www.franklincountyschools.org/cms/lib/FL01803254/Centricity/Domain/88/2018-19%20code%20of%20conduct%20revised.pdf,No,-9,Yes,Yes,No,No,No,No,Yes,Yes,0,3,45,8,Yes,-9,-9,-9,Yes,Yes,No,No,No
FL,FLORIDA,1200630,GILCHRIST,310 NW 11TH AVE,TRENTON,32693,No,2673,43,6,Yes,Yes,Yes,JAMES,SURRENCY,(352)463-3200,Surrencyj@mygcsd.org,JAMES,SURRENCY,(352)463-3200,Surrencyj@mygcsd.org,JAMES,SURRENCY,(352)463-3200,Surrencyj@mygcsd.org,No,Yes,Yes,https://core-docs.s3.amazonaws.com/documents/asset/uploaded_file/96378/Board_Policy_Manual_FEB_2019_RP.pdf,Yes,Yes,Yes,Yes,No,No,No,Yes,Yes,Yes,0,34,104,34,Yes,-9,-9,-9,Yes,Yes,No,No,No
FL,FLORIDA,1200660,GLADES,PO BOX 459,MOORE HAVEN,33471,Yes,1675,9,9,Yes,Yes,Yes,JIM,BRICKEL,(863)946-0202,jim.brickel@gladesschools.org,JIM,BRICKEL,(863)946-0202,jim.brickel@gladesschols.org,JIM,BRICKEL,(863)946-0202,jim.brickel@gladesschols.org,No,Yes,Yes,http://www.gladesedu.org/?a=Files.Serve&File_id=E750F9A9-1A4B-45A3-8A6E-0E86096010EA,No,-9,Yes,Yes,No,No,No,No,Yes,No,0,3,12,0,Yes,-9,-9,-9,Yes,Yes,No,No,No
FL,FLORIDA,1200690,GULF,150 MIDDLE SCHOOL RD,PORT ST JOE,32456,No,1977,6,5,Yes,Yes,Yes,BILL,CARR,(850)229-8256,bcarr@gulf.k12.fl.us,BILL,CARR,(850)229-8256,bcarr@gulf.k12.fl.us,BILL,CARR,(850)229-8256,bcarr@gulf.k12.fl.us,No,Yes,Yes,https://www.gulfcoschools.com/faculty-staff/bullying/,No,-9,Yes,Yes,No,No,No,No,Yes,Yes,0,11,44,8,Yes,-9,-9,-9,Yes,Yes,No,No,No
FL,FLORIDA,1200720,HAMILTON,5683 US HIGHWAY 129 S,JASPER,32052,No,1651,26,6,Yes,Yes,Yes,IDA,DANIELS,(386)792-7805,ida.daniels@hamiltonfl.com,IDA,DANIELS,(386)792-7805,ida.daniels@hamiltonfl.com,IDA,DANIELS,(386)792-7805,ida.daniels@hamiltonfl.com,No,Yes,Yes,http://www.hamiltonfl.com/_cache/files/b/f/bfc25992-7c2d-43a4-8fbe-a4e045048ea3/75EDA2476D1280B6BB80652CC722D117.board-policy-manual---july-11-2016.pdf,Yes,Yes,Yes,Yes,No,No,No,Yes,Yes,Yes,2,3,56,10,Yes,-9,-9,-9,Yes,Yes,No,No,No
FL,FLORIDA,1200990,JEFFERSON,1490 W WASHINGTON ST,MONTICELLO,32344,No,726,10,4,Yes,Yes,Yes,VICKI,BOLAND,(850)342-0100,vickie.boland@jeffersonschooldistrict.org,VICKI,BOLAND,(850)342-0100,vickie.boland@jeffersonschooldistrict.org,VICKI,BOLAND,(850)342-0100,vickie.boland@jeffersonschooldistrict.org,No,Yes,Yes,http://www.jeffersonschooldistrict.org/Content/32,No,-9,Yes,Yes,No,No,No,No,No,No,0,1,2,1,No,Yes,Yes,Yes,Yes,Yes,No,No,No
FL,FLORIDA,1201020,LAFAYETTE,363 NE CRAWFORD ST,MAYO,32066,No,1216,18,4,Yes,Yes,Yes,ALISSA,HINGSON,(386)294-4137,ahingson@lcsbmail.net,ALISSA,HINGSON,(386)294-4137,ahingson@lcsbmail.net,ALISSA,HINGSON,(386)294-4137,ahingson@lcsbmail.net,Yes,Yes,Yes,http://lafayette2.schooldesk.net/Portals/Lafayette/District/docs/SB%20Policies/Chapter%205/5.101.%20Bullying%20and%20Harassment%20-%207-18-17.pdf,No,-9,Yes,Yes,No,No,No,No,Yes,Yes,0,6,39,5,Yes,-9,-9,-9,Yes,Yes,No,No,No
FL,FLORIDA,1201170,LIBERTY,PO BOX 429,BRISTOL,32321,Yes,1422,70,8,Yes,Yes,Yes,SETH,GEIGER,(850)643-2275,seth.geiger@lcsb.org,SETH,GEIGER,(850)643-2275,seth.geiger@lcsb.org,SETH,GEIGER,(850)643-2275,seth.geiger@lcsb.org,No,Yes,Yes,https://www.boarddocs.com/fl/lcsbfl/Board.nsf/vpublic?open,Yes,Yes,Yes,Yes,No,No,No,Yes,Yes,Yes,0,22,65,16,Yes,-9,-9,-9,Yes,Yes,No,No,No
FL,FLORIDA,1201200,MADISON,210 NE DUVAL AVE,MADISON,32340,Yes,2785,59,13,Yes,Yes,Yes,SAM,STALNAKER,(850)973-5796,sam.stalnaker@mcsbfl.us,SAM,STALNAKER,(850)973-5796,sam.stalnaker@mcsbfl.us,SAM,STALNAKER,(850)973-5796,sam.stalnaker@mcsbfl.us,No,Yes,Yes,https://digitalbell-bucket.s3.amazonaws.com/915FA67B-5056-907D-8DB0-7737BDE695F4.pdf,Yes,Yes,Yes,Yes,No,No,No,No,Yes,Yes,1,17,95,13,Yes,-9,-9,-9,Yes,Yes,No,No,No
FL,FLORIDA,1201860,TAYLOR,318 N CLARK ST,PERRY,32347,No,2846,7,7,Yes,Yes,Yes,MICHAEL,THOMPSON,(850)838-2512,michael.thompson@taylor.k12.fl.us,MICHAEL,THOMPSON,(850)838-2512,michael.thompson@taylor.k12.fl.us,MICHAEL,THOMPSON,(850)838-2512,michael.thompson@taylor.k12.fl.us,No,Yes,Yes,http://www.taylor.k12.fl.us/?DivisionID=15679&DepartmentID=16526&ToggleSideNav=ShowAll,Yes,Yes,Yes,Yes,No,No,No,Yes,Yes,Yes,16,41,112,15,Yes,-9,-9,-9,Yes,Yes,No,No,No
FL,FLORIDA,1201890,UNION,55 SW 6TH ST,LAKE BUTLER,32054,Yes,2328,44,5,Yes,Yes,Yes,BARRY,SAMS,(386)496-2045,samsb@union.k12.fl.us,BARRY,SAMS,(386)496-2045,samsb@union.k12.fl.us,BARRY,SAMS,(386)496-2045,samsb@union.k12.fl.us,No,Yes,Yes,https://drive.google.com/file/d/18Twxwbd7Rhcp6k7jEOjTt2J8h_53R6OS/view,No,-9,Yes,Yes,No,No,No,No,Yes,Yes,0,7,43,8,Yes,-9,-9,-9,Yes,Yes,No,No,No
FL,FLORIDA,1202012,FAU LAB SCH,777 GLADES RD BLDG 47,BOCA RATON,33431,No,2555,9,2,Yes,Yes,Yes,CHRISTINE,RICK,(561)297-2012,rickc@fau.edu,CHRISTINE,RICK,(561)297-2012,rickc@fau.edu,CHRISTINE,RICK,(561)297-2012,rickc@fau.edu,No,Yes,Yes,http://adhus.fau.edu/documents/school-policies/bullying-and-harassment-manual-2016.17-updated-1.19.17.pdf,No,-9,No,-9,-9,-9,-9,-9,-9,-9,-9,-9,-9,-9,-9,-9,-9,-9,Yes,Yes,No,No,No
FL,FLORIDA,1202013,FSU LAB SCH,3000 SCHOOL HOUSE RD,TALLAHASSEE,32311,No,2405,14,2,Yes,Yes,Yes,MEGAN,BRINK,(850)245-3894,mbrink@fsu.edu,MEGAN,BRINK,(850)245-3894,mbrink@fsu.edu,MEGAN,BRINK,(850)245-3894,mbrink@fsu.edu,No,Yes,Yes,https://www.fsus.school/Page/1519,No,-9,No,-9,-9,-9,-9,-9,-9,-9,-9,-9,-9,-9,-9,-9,-9,-9,Yes,Yes,No,No,No
FL,FLORIDA,1202014,FAMU LAB SCH,400 W ORANGE AVE,TALLAHASSEE,32307,No,586,1,1,Yes,Yes,Yes,PATRICIA,WEST,(850)412-5822,patricia.west@famu.edu,PATRICIA,WEST,(850)412-5822,patricia.west@famu.edu,PATRICIA,WEST,(850)412-5822,patricia.west@famu.edu,No,Yes,Yes,http://www.famudrs.org/docs/policies/Policy_Bullying_2016-17.pdf,No,-9,No,-9,-9,-9,-9,-9,-9,-9,-9,-9,-9,-9,-9,-9,-9,-9,Yes,Yes,No,No,No
FL,FLORIDA,1202015,UF LAB SCH,PO BOX 118530,GAINESVILLE,32611,No,1153,2,1,Yes,Yes,Yes,RUSS,FROMAN,(352)273-1094,rfroman@ufl.edu,RUSS,FROMAN,(352)273-1094,rfroman@ufl.edu,RUSS,FROMAN,(352)273-1094,rfroman@ufl.edu,No,Yes,Yes,http://pkyonge.ufl.edu/wp-content/uploads/2016/08/PKY_BullyingHarassmentPolicy_1617.pdf,No,-9,No,-9,-9,-9,-9,-9,-9,-9,-9,-9,-9,-9,-9,-9,-9,-9,Yes,Yes,No,No,No
FL,FLORIDA,1202016,DEAF/BLIND,207 N SAN MARCO AVE,ST AUGUSTINE,32084,No,545,0,5,Yes,Yes,Yes,SCOTT,TREJBAL,(904)827-2503,trejbald@fsdb.k12.fl.us,SCOTT,TREJBAL,(904)827-2503,trejbald@fsdb.k12.fl.us,SCOTT,TREJBAL,(904)827-2503,trejbald@fsdb.k12.fl.us,No,Yes,Yes,https://www.fsdbk12.org/report-bullying,No,-9,Yes,Yes,No,No,No,Yes,No,No,0,4,6,0,Yes,-9,-9,-9,Yes,Yes,No,No,No
