State Postal Code,State FIPS Code,District ID,Name,Estimated Total Population,Estimated Population 5-17,Estimated number of relevant children 5 to 17 years old in poverty who are related to the householder
NC,37,120,Alleghany County Schools,11031,1418,420
NC,37,210,Ashe County Schools,26957,3679,801
NC,37,300,Avery County Schools,17536,2021,494
NC,37,600,Camden County Schools,10581,1898,181
NC,37,13,Camp Lejeune Schools,31761,3107,416
NC,37,870,Clay County Schools,11074,1493,366
NC,37,1080,Currituck County Schools,26331,4430,603
NC,37,1110,Dare County Schools,36099,5182,751
NC,37,37099,Eastern Cherokee Reservation,8433,1727,444
NC,37,840,Edenton-Chowan Schools,14105,2202,596
NC,37,1380,Elkin City Schools,6154,911,227
NC,37,14,Fort Bragg Schools,22526,3521,564
NC,37,1680,Gates County Schools,11544,1850,362
NC,37,1770,Graham County Schools,8541,1342,327
NC,37,2280,Hyde County Schools,5363,672,189
NC,37,2400,Jones County Schools,9597,1342,413
NC,37,2820,Madison County Schools,21746,2862,631
NC,37,3000,Mitchell County Schools,15072,2046,465
NC,37,3120,Mooresville City Schools,30329,5611,770
NC,37,3210,Mount Airy City Schools,10892,1540,391
NC,37,3360,Newton-Conover City Schools,18568,3011,645
NC,37,3510,Pamlico County Schools,12689,1489,416
NC,37,3600,Perquimans County Schools,13474,1910,498
NC,37,3720,Polk County Schools,20558,2640,494
NC,37,4440,Swain County Schools,9746,1311,287
NC,37,4590,Tyrrell County Schools,4052,561,193
NC,37,4800,Washington County Schools,12012,1817,699
NC,37,4830,Watauga County Schools,55121,5352,803
NC,37,4890,Weldon City Schools,7135,1116,545
NC,37,5070,Yancey County Schools,17744,2448,584
