AL,ALABAMA,100005,Albertville City,107 W Main St,Albertville,35950,No,5445,0,6,Yes,Yes.1,Yes.2,TIMOTHY,TIDMORE,256-891-1183,ttidmore@albertk12.org,TIMOTHY.1,TIDMORE.1,256-891-1183.1,ttidmore@albertk12.org.1,TIMOTHY.2,TIDMORE.2,256-891-1183.2,ttidmore@albertk12.org.2,No.1,Yes.3,Yes.4,www.albertk12.org/apps/pages/index.jsp?uREC_ID=368921&type=d&termREC_ID=&pREC_ID=689254,Yes.5,No.2,Yes.6,Yes.7,Yes.8,Yes.9,No.3,No.4,Yes.10,No.5,1,6.1,127,0.1,Yes.11,-9,-9.1,-9.2,Yes.12,Yes.13,No.6,No.7,No.8
NC,NORTH CAROLINA,3700001,NC Health and Human Services,803 Biggs Dr,Raleigh,27603,No,131,0,8,Yes,Yes,Yes,KATHY,BLANKENSHIP,(919) 855-4713,kathy.blankenship@dhhs.nc.gov,KATHY,BLANKENSHIP,(919) 855-4713,kathy.blankenship@dhhs.nc.gov,KATHY,BLANKENSHIP,(919) 855-4713,kathy.blankenship@dhhs.nc.gov,No,No,-9,-9,No,-9,No,-9,-9,-9,-9,-9,-9,-9,-9,-9,-9,-9,-9,-9,-9,-9,Yes,No,No,No,No
NC,NORTH CAROLINA,3700016,Grandfather Academy,64 Grandfather Home Drive,Banner Elk,28604,No,20,0,1,Yes,Yes,Yes,CANDACE,BUTNER,(828) 897-4500,cabutner@childrenshopealliance.org,CANDACE,BUTNER,(828) 897-4500,cabutner@childrenshopealliance.org,CANDACE,BUTNER,(828) 897-4500,cabutner@childrenshopealliance.org,No,Yes,Yes,childrenshopealliance.org/grandfather-academy,No,-9,No,-9,-9,-9,-9,-9,-9,-9,-9,-9,-9,-9,-9,-9,-9,-9,No,-9,-9,-9,-9
NC,NORTH CAROLINA,3700017,Francine Delany New School,119 Brevard Road,Asheville,28806,No,176,0,1,Yes,Yes,Yes,BUFFY,FOWLER,(828) 236-9441,buffy@fdnsc.net,BUFFY,FOWLER,(828) 236-9441,buffy@fdnsc.net,BUFFY,FOWLER,(828) 236-9441,buffy@fdnsc.net,Yes,Yes,No,-9,No,-9,No,-9,-9,-9,-9,-9,-9,-9,-9,-9,-9,-9,-9,-9,-9,-9,Yes,Yes,No,No,No
NC,NORTH CAROLINA,3700021,The Learning Center,945 Conaheeta Street,Murphy,28906,No,189,0,1,Yes,Yes,Yes,CHERYL,KIRBY,828.835.7240,kirby@naturallygrownkids.org,CHERYL,KIRBY,828.835.7240,kirby@naturallygrownkids.org,CHERYL,KIRBY,828.835.7240,kirby@naturallygrownkids.org,No,Yes,Yes,http://www.naturallygrownkids.org/policies-and-forms,No,-9,No,-9,-9,-9,-9,-9,-9,-9,-9,-9,-9,-9,-9,-9,-9,-9,Yes,Yes,No,No,No
NC,NORTH CAROLINA,3700023,Healthy Start Academy,807 West Chapel Hill Street,Durham,27701,No,365,0,1,Yes,Yes,Yes,ARONDA,HILL,(919) 956-5599,ahill@healthystartacademy.org,ARONDA,HILL,(919) 956-5599,ahill@healthystartacademy.org,ARONDA,HILL,(919) 956-5599,ahill@healthystartacademy.org,No,Yes,Yes,https://www.healthystartacademy.org/apps/pages/index.jsp?uREC_ID=1190134&type=d&pREC_ID=1433742,No,-9,No,-9,-9,-9,-9,-9,-9,-9,-9,-9,-9,-9,-9,-9,-9,-9,Yes,Yes,No,No,No
NC,NORTH CAROLINA,3700029,Summit Charter,370 Mitten Lane,Cashiers,28717,No,241,0,1,Yes,Yes,Yes,ANDREA,CHALKER,(828) 743-5755,achalker@summitschool.org,ANDREA,CHALKER,(828) 743-5755,achalker@summitschool.org,ANDREA,CHALKER,(828) 743-5755,achalker@summitschool.org,No,Yes,Yes,https://summitschool.org/about/admissions,No,-9,No,-9,-9,-9,-9,-9,-9,-9,-9,-9,-9,-9,-9,-9,-9,-9,Yes,Yes,No,No,No
NC,NORTH CAROLINA,3700031,Children's Village Academy,701 North Adkin Street,Kinston,28501,No,189,0,1,Yes,Yes,Yes,REGINA,GREENE,(252) 520-4536,rhendricks1@cvatigers.com,JESSICA,JONES,(252) 939-1958,jnjones01@cvatigers.com,WILMA,TRORUBLEFIELD,(252) 520-4536,troublefieldec1@cvatigers.com,No,Yes,No,-9,No,-9,No,-9,-9,-9,-9,-9,-9,-9,-9,-9,-9,-9,-9,-9,-9,-9,Yes,Yes,No,No,No
NC,NORTH CAROLINA,3700033,The Academy of Moore County,12588 US 15-501 Hwy,Aberdeen,28315,No,340,0,1,Yes,Yes,Yes,ALLYSON,SCHOEN,9107570401,aschoen@academyofmoorecounty.org,ALLYSON,SCHOEN,9107570401,aschoen@acdemyofmoorecounty.org,CHRISTINA,SINGH,9107570401,csingh@academyofmoorecounty.org,No,No,-9,-9,No,-9,No,-9,-9,-9,-9,-9,-9,-9,-9,-9,-9,-9,-9,-9,-9,-9,No,-9,-9,-9,-9
NC,NORTH CAROLINA,3700040,CIS Academy,818 West 3rd Street,Pembroke,28372,No,116,0,1,Yes,Yes,Yes,BILLY,HAGGANS,(910) 521-1669,bhaggans@cisacademy.us,BILLY,HAGGANS,(910) 521-1669,bhaggans@cisacademy.us,BILLY,HAGGANS,(910) 521-1669,bhaggas@cisacademy.us,No,Yes,No,-9,No,-9,No,-9,-9,-9,-9,-9,-9,-9,-9,-9,-9,-9,-9,-9,-9,-9,No,-9,-9,-9,-9
NC,NORTH CAROLINA,3700041,Bridges Academy,2587 Pleasant Ridge Road,State Road,28676,No,177,0,1,Yes,Yes,Yes,KIM,WHITE,(336)874-2721,kwhite@bridgesacademy.us,MERRY,LOWE,(336)874-2721,mlowe@bridgesacademy.us,MELISSA,ISAACS,(336)874-2721,misaacs@bridgesacademy.us,No,Yes,Yes,bridgesacademy.us,Yes,No,No,-9,-9,-9,-9,-9,-9,-9,-9,-9,-9,-9,-9,-9,-9,-9,Yes,Yes,No,No,No
NC,NORTH CAROLINA,3700052,Tiller School,1950 Hwy 70E,Beaufort,28516,No,206,0,1,Yes,Yes,Yes,KELLY,RILEY,(252) 728-1995,executivedirector@tillerschool.org,KELLY,RILEY,(252) 728-1995,executivedirector@tillerschool.org,KELLY,RILEY,(252) 728-1995,executivedirector@tillerschool.org,No,Yes,Yes,http://tillerschool.org/wp-content/uploads/2017/02/Community-Policy-Manual-edited-2.21.17.pdf,No,-9,No,-9,-9,-9,-9,-9,-9,-9,-9,-9,-9,-9,-9,-9,-9,-9,Yes,Yes,No,No,No
NC,NORTH CAROLINA,3700054,Carter Community Charter,1955 West Cornwallis Road,Durham,27705,No,253,0,1,Yes,Yes,Yes,OLUFEMI,ADENIYI,(919) 797-2340,OAdeniyi@carterschool.org,OLUFEMI,ADENIYI,(919) 797-2340,OAdeniyi@carterschool.org,OLUFEMI,ADENIYI,(919) 797-2340,OAdeniyi@carterschool.org,No,Yes,Yes,http://carterschool.org/about/policies/,No,-9,No,-9,-9,-9,-9,-9,-9,-9,-9,-9,-9,-9,-9,-9,-9,-9,Yes,Yes,No,No,No
NC,NORTH CAROLINA,3700068,Brevard Academy,1110 Highway 64,Pisgah Forest,28768,No,381,0,1,Yes,Yes,Yes,TED,DUNCAN,(828) 885-2665,tduncan@brevardacademy.school,TED,DUNCAN,(828) 885-2665,tduncan@brevardacademy.school,TED,DUNCAN,(828) 885-2665,tduncan@brevardacademy.school,No,Yes,Yes,https://docs.google.com/document/d/1l25YURdbqVs4ARY_sekvIHxiexmTD1u03DY-mZ-r9Cw/edit?usp=sharing,No,-9,No,-9,-9,-9,-9,-9,-9,-9,-9,-9,-9,-9,-9,-9,-9,-9,Yes,Yes,Yes,No,No
NC,NORTH CAROLINA,3700074,Dillard Academy,504 West Elm Street,Goldsboro,27530,No,273,0,1,Yes,Yes,Yes,PEARLIE,WHITFIELD,9195810166 x 1126,pwhitfield@dillardacademy.org,PEARLIE,WHITFIELD,9195810166x1126,pwhitfield@dillardacademy.org,PEARLIE,WHITFIELD,9195810166x1126,pwhitfield@dillardacademy.org,No,No,-9,-9,No,-9,No,-9,-9,-9,-9,-9,-9,-9,-9,-9,-9,-9,-9,-9,-9,-9,No,-9,-9,-9,-9
NC,NORTH CAROLINA,3700077,Williams Academy,129 Allen Circle,Crossnore,28616,No,118,0,1,Yes,Yes,Yes,STACEY,CLARK,(828) 733-5241 x205,sclark@williamsacademy.org,STACEY,CLARK,(828) 733-5241 x205,sclark@williamsacademy.org,STACEY,CLARK,(828) 733-5241 x205,sclark@williamsacademy.org,No,Yes,Yes,https://docs.wixstatic.com/ugd/fe568d_f5a7dc777e1743628b89338336e8e203.pdf,No,-9,No,-9,-9,-9,-9,-9,-9,-9,-9,-9,-9,-9,-9,-9,-9,-9,Yes,Yes,No,No,No
NC,NORTH CAROLINA,3700085,The Mountain Community Sch,613 Glover Street,Hendersonville,28792,No,199,0,1,Yes,Yes,Yes,DENISE,PESCE,(828) 696-8480,dpesce@morrisbb.net,DENISE,PESCE,(828) 696-8480,dpesce@morrisbb.net,DENISE,PESCE,(828) 696-8480,dpesce@morrisbb.net,No,Yes,Yes,http://www.themountaincommunityschool.com/wp-content/uploads/2017/08/StudentHandbook2017-18.pdf,No,-9,No,-9,-9,-9,-9,-9,-9,-9,-9,-9,-9,-9,-9,-9,-9,-9,Yes,Yes,No,No,No
NC,NORTH CAROLINA,3700099,Quest Academy,10908 Strickland Road,Raleigh,27615,No,140,0,1,Yes,Yes,Yes,ALLUISI,JACKIE,(919) 841-0441,jalluisi@questcharter.org,ALLUISI,JACKIE,(919) 841-0441,jalluisi@questcharter.org,ALLUISI,JACKIE,(919) 841-0441,jalluisi@questcharter.org,No,Yes,No,-9,No,-9,No,-9,-9,-9,-9,-9,-9,-9,-9,-9,-9,-9,-9,-9,-9,-9,Yes,No,No,No,No
NC,NORTH CAROLINA,3700106,Success Charter School,1424-2 Rickert St,Statesville,28677,No,93,0,1,Yes,Yes,Yes,TENNA,WILLIAMS,(704) 223-4460,faithtdw10@gmail.com,TENNA,WILLIAMS,(704) 223-4460,faithtdw10@gmail.com,TENNA,WILLIAMS,(704) 223-4460,faithtdw10@gmail.com,No,Yes,No,-9,No,-9,No,-9,-9,-9,-9,-9,-9,-9,-9,-9,-9,-9,-9,-9,-9,-9,Yes,Yes,No,No,No
NC,NORTH CAROLINA,3700107,Metrolina Regional Scholars Academy,5225 Seventy-seven Center Dr,Charlotte,28217,No,374,0,1,Yes,Yes,Yes,ARI,PIEPER,7045031112,APIEPER@SCHOLARSACADEMY.ORG,ARI,PIEPER,7045031112,APIEPER@SCHOLARSACADEMY.ORG,KAREN,ELY,7045031112,KELY@SCHOLARSACADEMY.ORG,No,No,-9,-9,No,-9,No,-9,-9,-9,-9,-9,-9,-9,-9,-9,-9,-9,-9,-9,-9,-9,No,-9,-9,-9,-9
NC,NORTH CAROLINA,3700110,Bethany Community Middle,1288 Hudson Rd,Summerfield,27358,No,361,0,1,Yes,Yes,Yes,JENNIFER,VAUGHAN,(336) 951-2500,jvaughan@bcmschool.org,JENNIFER,VAUGHAN,(336) 951-2500,jvaughan@bcmschool.org,JENNIFER,VAUGHAN,(336) 951-2500,jvaughan@bcmschool.org,No,Yes,No,-9,No,-9,No,-9,-9,-9,-9,-9,-9,-9,-9,-9,-9,-9,-9,-9,-9,-9,No,-9,-9,-9,-9
NC,NORTH CAROLINA,3700115,Haliwa-Saponi Tribal School,130 Haliwa-Saponi Trail,Hollister,27844,No,134,0,1,Yes,Yes,Yes,WARREN,BELL,(252) 257-5853,warren.bell@hstsedu.org,WARREN,BELL,(252) 257-5853,warren.bell@hstsedu.org,WARREN,BELL,(252) 257-5853,warren.bell@hststedu.org,No,Yes,Yes,www.hstsedu.org,No,-9,No,-9,-9,-9,-9,-9,-9,-9,-9,-9,-9,-9,-9,-9,-9,-9,Yes,Yes,No,No,No
NC,NORTH CAROLINA,3700118,The New Dimensions School,550 Lenoir Rd,Morganton,28655,No,282,0,1,Yes,Yes,Yes,DANIELLE,HATFIELD,(828) 437-5753,dhatfield@ndschool.org,HATFIELD,DANIELLE,(828) 437-5753,dhatfield@ndschool.org,DANIELLE,HATFIELD,(828) 437-5753,dhatfield@ndschool.org,No,Yes,Yes,http://newdimensions.teamcfa.school/student-life/parent-student-info/,No,-9,No,-9,-9,-9,-9,-9,-9,-9,-9,-9,-9,-9,-9,-9,-9,-9,Yes,Yes,No,No,No
NC,NORTH CAROLINA,3700119,Crosscreek Charter School,306 Sandalwood Ave,Louisburg,27549,No,219,0,1,Yes,Yes,Yes,ROBIN,JACKSON,(919) 497-3198,rjackson@crosscreekcharterschool.com,ROBIN,JACKSON,(919) 497-3198,rjackson@crosscreekcharterschool.com,ROBIN,JACKSON,(919) 497-3198,rjackson@crosscreekcharterschool.com,No,Yes,No,-9,No,-9,No,-9,-9,-9,-9,-9,-9,-9,-9,-9,-9,-9,-9,-9,-9,-9,Yes,Yes,No,No,No
NC,NORTH CAROLINA,3700121,Guilford Preparatory Academy,2210 East Cone Blvd,Greensboro,27405,No,253,0,1,Yes,Yes,Yes,ROBIN,BUCKRHAM,(336) 954-1344,rbuck@guilfordprep.org,ROBIN,BUCKRHAM,(336) 954-1344,rbuck@guilfordprep.org,ROBIN,BUCKRHAM,(336) 954-1344,rbuck@guilfordprep.org,No,Yes,Yes,www.guilfordprep.org,No,-9,No,-9,-9,-9,-9,-9,-9,-9,-9,-9,-9,-9,-9,-9,-9,-9,Yes,Yes,No,No,No
NC,NORTH CAROLINA,3700124,Hope Charter Leadership Academy,1116 N Blount St,Raleigh,27604,No,121,0,1,Yes,Yes,Yes,ANNIE,SINGLETARY,919-834-0941,asingletary@hopecharterschool.org,ANNIE,SINGLETARY,919-834-0941,asingletary@hopecharterschool.org,ANNIE,SINGLETARY,919-834-0941,asingletary@hopecharterschool.org,No,No,-9,-9,No,-9,No,-9,-9,-9,-9,-9,-9,-9,-9,-9,-9,-9,-9,-9,-9,-9,No,-9,-9,-9,-9
NC,NORTH CAROLINA,3700129,Mountain Discovery Charter School,890 Jenkins Branch Rd N,Bryson City,28713,No,180,0,1,Yes,Yes,Yes,CARTER,PETTY,(828) 488-1222,cpetty@mountaindiscovery.org,CARTER,PETTY,(828) 488-1222,cpetty@mountaindiscovery.org,CARTER,PETTY,(828) 488-1222,cpetty@mountaindiscovery.org,No,Yes,Yes,http://mountaindiscovery.org/documents/Current-MDCS-Family-Handbook.pdf,No,-9,No,-9,-9,-9,-9,-9,-9,-9,-9,-9,-9,-9,-9,-9,-9,-9,Yes,Yes,No,No,No
NC,NORTH CAROLINA,3700132,The Hawbridge School,1735 Saxapahaw Bethlehem Church Rd,Saxapahaw,27340,No,317,0,1,Yes,Yes,Yes,MYA,CICCOTTI,(336)376-1122 x120,mciccotti@hawbridgeschool.org,MYA,CICCOTTI,(336)376-1122 x120,mciccotti@hawbridgeschool.org,MYA,CICCOTTI,(336)376-1122 x120,mciccotti@hawbridgeschool.org,No,Yes,Yes,http://thehawbridgeschool.org/students/,No,-9,No,-9,-9,-9,-9,-9,-9,-9,-9,-9,-9,-9,-9,-9,-9,-9,No,-9,-9,-9,-9
NC,NORTH CAROLINA,3700138,Two Rivers Community School,1018 Archie Carroll Road,Boone,28607,No,174,0,1,Yes,Yes,Yes,DAVID,RIZOR,(828) 262-5411,drizor@trcsboone.org,DAVID,RIZOR,(828) 262-5411,drizor@trcsboone.org,RIZOR,DAVID,(828) 262-5411,drizor@trcsboone.org,No,Yes,No,-9,No,-9,No,-9,-9,-9,-9,-9,-9,-9,-9,-9,-9,-9,-9,-9,-9,-9,Yes,Yes,No,No,No
NC,NORTH CAROLINA,3700141,Wilmington Preparatory Academy,134 Cinema Dr,Wilmington,28403,No,139,0,1,No,No,No,-9,-9,-9,-9,-9,-9,-9,-9,-9,-9,-9,-9,No,No,-9,-9,No,-9,No,-9,-9,-9,-9,-9,-9,-9,-9,-9,-9,-9,-9,-9,-9,-9,No,-9,-9,-9,-9
NC,NORTH CAROLINA,3700143,Charlotte Secondary School,8601 McAlpine Park Dr,Charlotte,28211,No,369,369,1,Yes,Yes,Yes,KRYSTLE,MCKNIGHT,(704) 295-0137,krystle.mcknight@charlottesecondar.org,KRYSTLE,MCKNIGHT,(704) 295-0137,krystle.mcknight@charlottesecondary.org,KRYSTLE,MCKNIGHT,(704) 295-0137,krystle.mcknight@charlottesecondary.org,No,Yes,Yes,https://docs.wixstatic.com/ugd/1f75dd_c2d91a2fa8964dddac4f8e90b9667e71.pdf,No,-9,No,-9,-9,-9,-9,-9,-9,-9,-9,-9,-9,-9,-9,-9,-9,-9,No,-9,-9,-9,-9
NC,NORTH CAROLINA,3700157,NCDPS Juvenile Education Services,3010 Hammond Business Place,Raleigh,27603,Yes,251,0,13,Yes,Yes,Yes,CYNTHIA,TRICKEL,(919) 324-6422,cynthia.trickel@ncdps.gov,CYNTHIA,TRICKEL,(919) 324-6422,cynthia.trickel@ncdps.gov,CYNTHIA,TRICKEL,(919) 324-6422,cynthia.trickel@ncdps.gov,No,No,-9,-9,No,-9,No,-9,-9,-9,-9,-9,-9,-9,-9,-9,-9,-9,-9,-9,-9,-9,No,-9,-9,-9,-9
NC,NORTH CAROLINA,3700316,Global Scholars Academy,311 Dowd St,Durham,27701,No,205,0,1,Yes,Yes,Yes,KATONIA,KELLY,(919) 682-5903,kkelly@globalscholarsacademy.org,KATONIA,KELLY,(919) 682-5903,kkelly@globalscholarsacademy.org,KATONIA,KELLY,(919) 682-5903,kkelly@globalscholarsacademy.org,No,Yes,No,-9,No,-9,No,-9,-9,-9,-9,-9,-9,-9,-9,-9,-9,-9,-9,-9,-9,-9,Yes,Yes,No,No,No
NC,NORTH CAROLINA,3700320,Deaf and Blind Schools,301 Ashe Ave,Raleigh,27606,No,189,0,3,Yes,Yes,Yes,DR. JERRY,JAILALL,(984)292-3017,jerry.jailall@esdb.dpi.nc.gov,DR. JERRY,JAILALL,(984)292-3017,jerry.jailall@esdb.dpi.nc.gov,DR. JERRY,JAILALL,(984)292-3017,jerry.jailall@esdb.dpi.nc.gov,No,No,-9,-9,No,-9,Yes,Yes,No,No,No,No,No,No,0,0,0,0,No,Yes,No,No,No,-9,-9,-9,-9
NC,NORTH CAROLINA,3700321,Northeast Regional School - Biotech/Agri,1215 Saint Andrews St,Jamesville,27846,No,231,0,1,Yes,Yes,Yes,MELANIE,STANLEY,(252)792-0241,mstanley@neregionalschool.org,MELANIE,STANLEY,(252)792-0241,mstanley@neregionalschool.org,MELANIE,STANLEY,(252)792-0241,mstanley@neregionalschool.org,No,No,-9,-9,No,-9,No,-9,-9,-9,-9,-9,-9,-9,-9,-9,-9,-9,-9,-9,-9,-9,No,-9,-9,-9,-9
NC,NORTH CAROLINA,3700329,Water's Edge Village School,1126 Schoolhouse Lane,Corolla,27927,No,35,0,1,Yes,Yes,Yes,SYLVIA,WOLFF,(252) 202-8142,wolff@watersedgevillageschool.com,SYLVIA,WOLFF,(252) 202-8142,wolff@watersedgevillageschool.com,SYLVIA,WOLFF,(252) 202-8142,wolff@watersedgevillageschool.com,No,Yes,Yes,https://static1.squarespace.com/static/577eb6b9d2b857087b27865e/t/5b4bc3be352f534ffb76d43a/1531692001675/WEVS+Student+Parent+Manual+2018-2019.pdf,No,-9,No,-9,-9,-9,-9,-9,-9,-9,-9,-9,-9,-9,-9,-9,-9,-9,Yes,Yes,No,No,No
NC,NORTH CAROLINA,3700332,Island Montessori Charter,6339 Carolina Beach Rd,Wilmington,28412,No,204,0,1,Yes,Yes,Yes,LARA,HAMLET,(910) 795-4860,lhamlet@islandmontessorischool.com,LARA,HAMLET,(910) 795-4860,lhamlet@islandmontessorischool.com,ALICIA,RHEEL,(910) 795-4860,arheel@islandmontessorischool.com,No,Yes,Yes,https://docs.wixstatic.com/ugd/6b2e50_f070725f04174dd2a5fb23559bb90bc3.pdf,No,-9,No,-9,-9,-9,-9,-9,-9,-9,-9,-9,-9,-9,-9,-9,-9,-9,Yes,Yes,No,No,No
NC,NORTH CAROLINA,3700337,Longleaf School of the Arts,322 Chapanoke Rd,Raleigh,27603,No,330,0,1,Yes,Yes,Yes,CONSUELO,BABB,(919) 896-8164,babb@longleafschool.com,CONSUELO,BABB,(919) 896-8164,babb@longleafschool.com,CONSUELO,BABB,(919) 896-8164,babb@longleafschool.com,No,Yes,Yes,https://docs.wixstatic.com/ugd/b49b42_d97ea8e04c4f4c8382374a179ea5dca5.pdf,No,-9,No,-9,-9,-9,-9,-9,-9,-9,-9,-9,-9,-9,-9,-9,-9,-9,No,-9,-9,-9,-9
NC,NORTH CAROLINA,3700338,Oxford Preparatory School,6041 Landis Rd,Oxford,27565,No,385,0,1,Yes,Yes,Yes,ANDREW,SWANNER,(919) 690-0360,swannerab@oxfordprep.org,ANDREW,SWANNER,(919) 690-0360,swannerab@oxfordprep.org,ANDREW,SWANNER,(919) 690-0360,swannerab@oxfordprep.org,No,Yes,Yes,https://drive.google.com/file/d/16bwTjvm7wICZZrBqoTfLw3jlcyQVN9n1/view,No,-9,No,-9,-9,-9,-9,-9,-9,-9,-9,-9,-9,-9,-9,-9,-9,-9,No,-9,-9,-9,-9
NC,NORTH CAROLINA,3700339,Charlotte Choice Charter,3124 Milton Rd,Charlotte,28215,No,201,0,1,Yes,Yes,Yes,GRAHAM,MARCUS,(980) 272-8308,marcus.graham@charlottechoicecharter.org,GRAHAM,MARCUS,(980) 272-8308,marcus.graham@charlottechoicecharter.org,GRAHAM,MARCUS,(980) 272-8308,marcus.graham@charlottechoicecharter.org,No,Yes,No,-9,No,-9,No,-9,-9,-9,-9,-9,-9,-9,-9,-9,-9,-9,-9,-9,-9,-9,Yes,Yes,No,No,No
NC,NORTH CAROLINA,3700340,Douglass Academy,507 N 6th St,Wilmington,28401,No,178,0,1,Yes,Yes,Yes,NIKKI,CHANEY,(910) 763-1976,nchaney@rogerbacon.net,NIKKI,CHANEY,(910) 763-1976,nchaney@rogerbacon.net,NIKKI,CHANEY,(910) 763-1976,nchaney@rogerbacon.net,No,Yes,Yes,http://douglassacademy.net/school/handbooks/,No,-9,No,-9,-9,-9,-9,-9,-9,-9,-9,-9,-9,-9,-9,-9,-9,-9,Yes,Yes,No,No,No
NC,NORTH CAROLINA,3700341,Willow Oak Montessori,50101 Governors Dr,Chapel Hill,27517,No,208,0,1,Yes,Yes,Yes,PETER,RUBINAS,(919) 240-7787,pete@willowoakmontessori.org,PETER,RUBINAS,(919) 240-7787,pete@willowoakmontessori.org,PETER,RUBINAS,(919) 240-7787,pete@willowoakmontessori.org,No,Yes,Yes,https://drive.google.com/a/willowoakmontessori.org/file/d/1OI9ka2ZJC5O5fEp8hOsM1O56RnDce1zK/view?usp=sharing,No,-9,No,-9,-9,-9,-9,-9,-9,-9,-9,-9,-9,-9,-9,-9,-9,-9,No,-9,-9,-9,-9
NC,NORTH CAROLINA,3700346,Southeastern Academy,12251 NC Hwy 41 N,Lumberton,28358,No,216,0,1,Yes,Yes,Yes,KRISTIN,STONE,910-738-7828,kstone@southeasternacademy.org,KRISTIN,STONE,910-738-7828,kstone@southeasternacademy.org,KRISTIN,STONE,910-738-7828,kstone@southeasternacademy.org,No,No,-9,-9,No,-9,No,-9,-9,-9,-9,-9,-9,-9,-9,-9,-9,-9,-9,-9,-9,-9,No,-9,-9,-9,-9
NC,NORTH CAROLINA,3700348,Z.E.C.A. School of Arts and Technology,1249 Hargett St,Jacksonville,28540,No,175,0,1,Yes,Yes,Yes,CRYSTAL,GRAY,(910) 219-8603,Grayc@zecaschoolofthearts.com,CRYSTAL,GRAY,(910) 219-8603,Grayc@zecaschoolofthearts.com,CRYSTAL,GRAY,(910) 219-8603,Grayc@zecaschoolofthearts.com,No,No,-9,-9,No,-9,No,-9,-9,-9,-9,-9,-9,-9,-9,-9,-9,-9,-9,-9,-9,-9,Yes,No,No,No,No
NC,NORTH CAROLINA,3700349,Thomas Academy,206-B Rube McCray Circle,Lake Waccamaw,28450,No,100,0,1,Yes,Yes,Yes,GERALDINE,BRADSHAW,(910) 646-3083,geraldine.bradshaw@thomasacademync.org,GERALDINE,BRADSHAW,(910) 646-3083,geraldine.bradshaw@thomasacademync.org,GERALDINE,BRADSHAW,(910) 646-3083,geraldine.bradshaw@thomasacademync.org,No,Yes,Yes,http://www.thomasacademync.org/PDF/PROHIBITIONAGAINSTHARASSMENTANDBULLYINGBYSTUDENTSThomasAcademy.pdf,No,-9,No,-9,-9,-9,-9,-9,-9,-9,-9,-9,-9,-9,-9,-9,-9,-9,No,-9,-9,-9,-9
NC,NORTH CAROLINA,3700350,Aristotle Preparatory Academy,8101 Fallsdale Dr,Charlotte,28214,No,121,0,1,Yes,Yes,Yes,NAOMI,FRENCH,(980) 237-0371,cfrench@aristotlepa.org,NAOMI,FRENCH,(980) 237-0371,cfrench@aristotlepa.org,NAOMI,FRENCH,(980) 237-0371,cfrench@aristotlepa.org,No,Yes,Yes,https://teamcfa.school/app/uploads/sites/15/2015/04/APA-Family-Handbook-Updated-Oct-2017.docx-1.pdf,No,-9,No,-9,-9,-9,-9,-9,-9,-9,-9,-9,-9,-9,-9,-9,-9,-9,Yes,Yes,Yes,No,No
NC,NORTH CAROLINA,3700351,Paul R Brown Leadership Academy,1300 Martin L King Jr Dr,Elizabethtown,28337,No,174,0,1,Yes,Yes,Yes,CARL,LLOYD,(910) 862-2965,clloyd@prbla.org,CARL,LLOYD,(910) 862-2965,clloyd@prbla.org,CAROLYN,MELVIN,(910) 862-2965,cemelvin@prbla.org,No,Yes,No,-9,No,-9,No,-9,-9,-9,-9,-9,-9,-9,-9,-9,-9,-9,-9,-9,-9,-9,No,-9,-9,-9,-9
NC,NORTH CAROLINA,3700352,The Institute for the Development of You,4300 S. Miami Blvd,Durham,27703,No,289,0,1,Yes,Yes,Yes,YVETTE,MUNROE,(919) 224-1240,Yvette.Munroe@theidylschool.org,YVETTE,MUNROE,(919) 224-1240,Yvette.Munroe@theidylschool.org,YVETTE,MUNROE,(919) 224-1240,Yvette.Munroe@theidylschool.org,No,Yes,Yes,www.theidylschool.org,No,-9,No,-9,-9,-9,-9,-9,-9,-9,-9,-9,-9,-9,-9,-9,-9,-9,Yes,Yes,No,No,No
NC,NORTH CAROLINA,3700354,The Expedition School,437 Dimmocks Mill Rd Ste 33,Hillsborough,27278,No,333,0,1,Yes,Yes,Yes,TAMMY,FINCH,(919) 245-8432,tammyfinch@theexpeditionschool.com,TAMMY,FINCH,(919) 245-8432,tammyfinch@theexpeditionschool.com,STACEY,CARBRE,(919) 245-8432,staceycarbre@theexpeditionschool.com,No,Yes,Yes,www.theexpeditionschool.com,No,-9,No,-9,-9,-9,-9,-9,-9,-9,-9,-9,-9,-9,-9,-9,-9,-9,Yes,Yes,No,No,No
NC,NORTH CAROLINA,3700357,Charlotte Learning Academy,800 Briar Creek Rd.,Charlotte,28205,No,271,0,1,Yes,Yes,Yes,STACEY,ROSE,(980) 355-2077,stacey.rose@charlottelearningacademy.org,STACEY,ROSE,(980) 355-2077,stacey.rose@charlottelearningacademy.org,STACEY,ROSE,(980) 355-2077,stacey.rose@charlottelearningacademy.org,Yes,Yes,Yes,https://www.charlottelearningacademy.org/apps/pages/index.jsp?uREC_ID=314184&type=d&pREC_ID=732846,No,-9,No,-9,-9,-9,-9,-9,-9,-9,-9,-9,-9,-9,-9,-9,-9,-9,No,-9,-9,-9,-9
NC,NORTH CAROLINA,3700359,Pioneer Springs Community School,9300 Bob Beatty Rd,Charlotte,28269,No,278,0,1,Yes,Yes,Yes,BECKY,FRIEND,(704) 494-0777,beckyf@pioneersprings.org,BECKY,FRIEND,(704) 494-0777,beckyf@pioneersprings.org,BECKY,FRIEND,(704) 494-0777,beckyf@pioneersprings.org,No,Yes,Yes,https://www.pioneersprings.org/uploads/1/2/0/0/120047400/pscs_family_guide_book_2018-19.pdf,No,-9,No,-9,-9,-9,-9,-9,-9,-9,-9,-9,-9,-9,-9,-9,-9,-9,Yes,Yes,No,No,No
NC,NORTH CAROLINA,3700363,Reaching All Minds Academy,2703 Holloway St,Durham,27703,No,271,0,1,Yes,Yes,Yes,ANGELA,CHEEK,(919) 596-1899,acheek@reachingallminds.com,ANGELA,CHEEK,(919) 596-1899,acheek@reachingallminds.com,ANGELA,CHEEK,(919) 596-1899,acheek@reachingallminds.com,No,Yes,Yes,http://docs.wixstatic.com/ugd/f5e055_58f504715b4e433d9a0aa24691790fde.pdf,No,-9,No,-9,-9,-9,-9,-9,-9,-9,-9,-9,-9,-9,-9,-9,-9,-9,Yes,Yes,No,No,No
NC,NORTH CAROLINA,3700365,Three Rivers Academy (fka Heritage Coll),503 East Main Street,Powellsville,27967,No,183,0,1,Yes,Yes,Yes,MELISSA,GRIMES,(252)717-9841,melissagrimes31@gmail.com,MELISSA,GRIMES,(252)717-9841,melissagrimes31@gmail.com,MELISSA,GRIMES,(252)717-9841,Melissagrimes31@gmail.com,No,No,-9,-9,No,-9,No,-9,-9,-9,-9,-9,-9,-9,-9,-9,-9,-9,-9,-9,-9,-9,No,-9,-9,-9,-9
NC,NORTH CAROLINA,3700367,United Community School,1406 Suther Road,Charlotte,28213,No,210,0,1,Yes,Yes,Yes,TIMOTHY,HEDGEPETH,(980) 819-2194,tim@ucsnc.org,TIMOTHY,HEDGEPETH,(980) 819-2194,tim@ucsnc.org,TIMOTHY,HEDGEPETH,(980) 819-2194,tim@ucsnc.org,No,Yes,Yes,https://docs.wixstatic.com/ugd/85ebf3_2825fbf7b0ca4ade8ed8b022aea14244.pdf,No,-9,No,-9,-9,-9,-9,-9,-9,-9,-9,-9,-9,-9,-9,-9,-9,-9,Yes,Yes,No,Yes,No
NC,NORTH CAROLINA,3700371,Lakeside Charter Acad  fka Thunderbird,17609 Old Statesville Rd,Cornelius,28031,No,127,0,1,Yes,Yes,Yes,JIM,MONTAGUE,(704) 896-9500,j.montague@lakesidecharteracademy.com,JIM,MONTAGUE,(704) 896-9500,j.montague@lakesidecharteracademy.com,MARY,HILL,(704) 896-9500,m.hill@lakesidecharteracademy.com,Yes,Yes,Yes,https://www.lakesidecharteracademy.com/stop-bullying-resources,No,-9,No,-9,-9,-9,-9,-9,-9,-9,-9,-9,-9,-9,-9,-9,-9,-9,Yes,Yes,No,No,No
NC,NORTH CAROLINA,3700374,Stewart Creek High School,2701-F Freedom Dr,Charlotte,28208,No,143,0,1,Yes,Yes,Yes,JONATHAN,KAY,(980) 500-3731,Jonathan.kay@als-education.com,JONATHAN,KAY,(980) 500-3731,Jonathan.kay@als-education.com,JONATHAN,KAY,(980) 500-3731,Jonathan.kay@als-education.com,No,Yes,No,-9,No,-9,No,-9,-9,-9,-9,-9,-9,-9,-9,-9,-9,-9,-9,-9,-9,-9,No,-9,-9,-9,-9
NC,NORTH CAROLINA,3700378,South Brunswick Charter School,2260 Achievement Ave SE,Bolivia,28422,No,338,0,1,Yes,Yes,Yes,MICHELLE,MENA,(910) 338-4178,mmena@rogerbacon.net,MICHELLE,MENA,(910) 338-4178,mmena@rogerbacon.net,MICHELLE,MENA,(910) 338-4178,mmena@rogerbacon.net,No,Yes,Yes,http://southbcs.org/school/handbooks/,No,-9,No,-9,-9,-9,-9,-9,-9,-9,-9,-9,-9,-9,-9,-9,-9,-9,Yes,Yes,No,No,No
NC,NORTH CAROLINA,3700381,Anderson Creek Academy,4940 Ray Rd,Spring Lake,28390,No,244,0,1,Yes,Yes,Yes,MARY,MAJORS,(910) 814-9001,majorsm@acacharter.com,MARY,MAJORS,(910) 814-9001,majorsm@acacharter.com,MARY,MAJORS,(910) 814-9001,majorsm@acacharter.com,No,Yes,Yes,acacharter.com,No,-9,No,-9,-9,-9,-9,-9,-9,-9,-9,-9,-9,-9,-9,-9,-9,-9,Yes,Yes,No,No,No
NC,NORTH CAROLINA,3700382,Commonwealth High School,5112 Central Ave,Charlotte,28205,No,236,0,1,Yes,Yes,Yes,ALISHA,RIASATI,7048994998,alisha.riasati@als-education.com,CULVER,SYDNEY,7048994998,sydney.culver@als-education.com,DAVID,SARIN,7048994998,david.sarin@als-education.com,No,No,-9,-9,No,-9,No,-9,-9,-9,-9,-9,-9,-9,-9,-9,-9,-9,-9,-9,-9,-9,No,-9,-9,-9,-9
NC,NORTH CAROLINA,3700385,KIPP Durham College Preparatory,1107 Holloway St,Durham,27701,No,259,0,1,Yes,Yes,Yes,KATE,PANUSKA,9197245172,kpanuska@kippenc.org,KATE,PANUSKA,9197245172,kpanuska@kippenc.org,KATE,PANUSKA,9197245172,kpanuska@kippenc.org,No,No,-9,-9,No,-9,No,-9,-9,-9,-9,-9,-9,-9,-9,-9,-9,-9,-9,-9,-9,-9,No,-9,-9,-9,-9
NC,NORTH CAROLINA,3700387,Youngsville Academy,249 Holden Rd,Youngsville,27596,No,262,0,1,Yes,Yes,Yes,HENSON,DAN,(984) 235-4620,dan.henson@youngsvillacademy.org,HENSON,DAN,(984) 235-4620,dan.henson@youngsvillacademy.org,HENSON,DAN,(984) 235-4620,dan.henson@youngsvillacademy.org,No,Yes,Yes,https://www.youngsvilleacademy.org/apps/pages/index.jsp?uREC_ID=450344&type=d&pREC_ID=970934,No,-9,No,-9,-9,-9,-9,-9,-9,-9,-9,-9,-9,-9,-9,-9,-9,-9,Yes,Yes,No,No,No
NC,NORTH CAROLINA,3700389,Shining Rock Classical Academy: CFA,1023 Dellwood Road,Waynesville,28786,No,396,0,1,Yes,Yes,Yes,TARA,KEILBERG,(828) 476-5150,tkeilberg@shiningrock.org,TARA,KEILBERG,(828) 476-5150,tkeilberg@shiningrock.org,TARA,KEILBERG,(828) 476-5150,tkeilberg@shiningrock.org,No,Yes,No,-9,No,-9,No,-9,-9,-9,-9,-9,-9,-9,-9,-9,-9,-9,-9,-9,-9,-9,Yes,Yes,No,No,No
NC,NORTH CAROLINA,3700393,VERITAS Community School,2600 Grimes Street,Charlotte,28206,No,177,0,1,Yes,Yes,Yes,MARK,CHUDZICKI,(980) 677-0101,mchudzicki@veritascommunityschool.org,MARK,CHUDZICKI,(980) 677-0101,mchudzicki@veritascommunityschool.org,MARK,CHUDZICKI,(980) 677-0101,mchudzicki@veritascommunityschool.org,No,Yes,Yes,http://teamcfa.school/app/uploads/sites/19/2015/06/2017-2018-Family-Handbook.pdf,No,-9,No,-9,-9,-9,-9,-9,-9,-9,-9,-9,-9,-9,-9,-9,-9,-9,Yes,Yes,No,No,No
NC,NORTH CAROLINA,3700394,Northeast Academy of Aerospace & AdvTech,"1810 Weeksville Road, ITC building, ECSU",Elizabeth City,27909,No,346,0,1,Yes,Yes,Yes,TIMOTHY,WORRELL,(252) 562-0643,tjworrell@northeastacademy.org,WORRELL,TIMOTHY,(252) 562-0643,tjworrell@northeastacademy.org,WORRELL,TIMOTHY,(252) 562-0643,tjworrell@northeastacademy.org,No,Yes,Yes,http://www.northeastacademy.org/about/neaaat-policies/,No,-9,No,-9,-9,-9,-9,-9,-9,-9,-9,-9,-9,-9,-9,-9,-9,-9,No,-9,-9,-9,-9
NC,NORTH CAROLINA,3700395,Ignite Innovation Academy - Pitt,901 Staton Rd,Greenville,27834,No,258,0,1,Yes,Yes,Yes,THOMAS,MCCARTHY,(252) 626-4587,tmccarthy@ignitepitt.org,THOMAS,MCCARTHY,(252) 626-4587,tmccarthy@ignitepitt.org,THOMAS,MCCARTHY,(252) 626-4587,tmccarthy@ignitepitt.org,No,Yes,No,-9,No,-9,No,-9,-9,-9,-9,-9,-9,-9,-9,-9,-9,-9,-9,-9,-9,-9,Yes,Yes,No,No,No
NC,NORTH CAROLINA,3700397,PAVE Southeast Raleigh Charter School,3420 Idlewood Village Dr,Raleigh,27610,No,318,0,1,Yes,Yes,Yes,CHRISTINA,ALAMO,(919) 446-4777,info.se@paveschools.org,CHRISTINA,ALAMO,(919) 446-4777,info.se@paveschools.org,CHRISTINA,ALAMO,(919) 446-4777,info.se@paveschools.org,No,Yes,No,-9,No,-9,No,-9,-9,-9,-9,-9,-9,-9,-9,-9,-9,-9,-9,-9,-9,-9,Yes,Yes,No,No,No
NC,NORTH CAROLINA,3700404,FernLeaf Community Charter School,58 Howard Gap Rd,Fletcher,28732,No,225,0,1,Yes,Yes,Yes,MOLLY,LUPLOW,(828) 684-3645,molly.luplow@fernleafccs.org,MOLLY,LUPLOW,(828) 684-3645,molly.luplow@fernleafccs.org,MOLLY,LUPLOW,(828) 684-3645,molly.luplow@fernleafccs.org,No,Yes,Yes,https://drive.google.com/file/d/1AvsBQUh11F_F5qKrQ2L53dxzFA0T3hu9/view,No,-9,No,-9,-9,-9,-9,-9,-9,-9,-9,-9,-9,-9,-9,-9,-9,-9,Yes,Yes,No,No,No
NC,NORTH CAROLINA,3700406,Central Wake Charter High School,1425 Rock Quarry Rd,Raleigh,27610,No,190,0,1,Yes,Yes,Yes,THOMAS,HANLEY,5132907370,tom.hanley@als-education.com,THOMAS,HANLEY,5132907370,tom.hanley@als-education.com,THOMAS,HANLEY,5132907370,tom.hanley@als-education.com,No,No,-9,-9,No,-9,No,-9,-9,-9,-9,-9,-9,-9,-9,-9,-9,-9,-9,-9,-9,-9,No,-9,-9,-9,-9
NC,NORTH CAROLINA,3700407,Girls Leadership Academy of Wilmington,606 South College Rd,Wilmington,28403,No,200,0,1,Yes,Yes,Yes,LAURA,HUNTER,(910) 338-5258,lhunter@glowacademy.net,LAURA,HUNTER,(910) 338-5258,lhunter@glowacademy.net,LAURA,JENNINGS,(910) 338-5258,ljennings@glowacademy.net,No,Yes,Yes,www.glowacademy.net,No,-9,No,-9,-9,-9,-9,-9,-9,-9,-9,-9,-9,-9,-9,-9,-9,-9,No,-9,-9,-9,-9
NC,NORTH CAROLINA,3700409,Unity Classical Charter School,1929 W Arrowood Rd,Charlotte,28217,No,106,0,1,Yes,Yes,Yes,ERICA,BLACKSON,(980) 202-5937,eblackson@unityclassical.org,ERICAK,BLACKSON,(980) 202-5937,eblackson@unityclassical.org,ERICA,BLACKSON,(980) 202-5937,eblackson@unityclassical.org,No,Yes,Yes,https://teamcfa.school/app/uploads/sites/21/2018/04/Parent-Student-Handbook-070218.pdf,No,-9,No,-9,-9,-9,-9,-9,-9,-9,-9,-9,-9,-9,-9,-9,-9,-9,Yes,Yes,No,No,No
NC,NORTH CAROLINA,3700411,Movement Charter School,2701-b Freedom Dr,Charlotte,28208,No,291,0,1,Yes,Yes,Yes,GABRIELLE,MCCALL,(704) 299-6349,gabrielle.mccall@movementschool.com,GABRIELLE,MCCALL,(704) 299-6349,gabrielle.mccall@movementschool.com,GABRIELLE,MCCALL,(704) 299-6349,gabrielle.mccall@movementschool.com,No,Yes,No,-9,No,-9,No,-9,-9,-9,-9,-9,-9,-9,-9,-9,-9,-9,-9,-9,-9,-9,Yes,Yes,No,No,No
NC,NORTH CAROLINA,3700413,Emereau: Bladen,995 Airport Rd,Elizabethtown,28337,No,303,0,1,Yes,Yes,Yes,CARLA,FISHER,(910) 247-6595,carlafisher@emereau.org,CARLA,FISHER,(910) 247-6595,carlafisher@emereau.org,CARLA,FISHER,(910) 247-6595,carlafisher@emereau.org,No,Yes,Yes,www.emereau.org,No,-9,No,-9,-9,-9,-9,-9,-9,-9,-9,-9,-9,-9,-9,-9,-9,-9,Yes,Yes,Yes,No,No
NC,NORTH CAROLINA,3700416,Uproar Leadership Academy,5500 North Tryon St,Charlotte,28213,No,173,0,1,Yes,Yes,Yes,ESTELL,GAVIN,(980) 585-3722,egavin@uproarleadership.org,ESTELL,GAVIN,(980) 585-3722,egavin@uproarleadership.org,KEVIN,BINKLEY,(980) 585-3722,kevinbinkley@uproarleadership.org,No,Yes,No,-9,No,-9,No,-9,-9,-9,-9,-9,-9,-9,-9,-9,-9,-9,-9,-9,-9,-9,No,-9,-9,-9,-9
NC,NORTH CAROLINA,3700419,East Carolina Laboratory School,811 Howell St,Greenville,27834,No,72,0,1,Yes,Yes,Yes,LAKESHA,ALSTON FORBES,(252) 328-6804,ALSTONL@ecu.edu,LAKESHA,ALSTON FORBES,(252) 328-6804,ALSTONL@ecu.edu,ELIZABETH,JOHNSTON,(252) 737-1016,JOHNSTONE@ecu.edu,No,Yes,Yes,https://education.ecu.edu/ecucs/policy/,No,-9,No,-9,-9,-9,-9,-9,-9,-9,-9,-9,-9,-9,-9,-9,-9,-9,Yes,Yes,No,No,No
NC,NORTH CAROLINA,3700421,Catamount School,100 Smoky Mountain Dr,Sylva,28779,No,57,0,1,Yes,Yes,Yes,SHEA,BROWNING,(828) 227-7116,srbrowning@email.wcu.edu,SHEA,BROWNING,(828) 227-7116,srbrowning@email.wcu.edu,SHEA,BROWNING,(828) 227-7116,srbrowning@email.wcu.edu,No,Yes,Yes,https://www.wcu.edu/WebFiles/Non-Discrimination-V2.pdf,No,-9,No,-9,-9,-9,-9,-9,-9,-9,-9,-9,-9,-9,-9,-9,-9,-9,No,-9,-9,-9,-9
