State Postal Code,State FIPS Code,District ID,Name,Estimated Total Population,Estimated Population 5-17,Estimated number of relevant children 5 to 17 years old in poverty who are related to the householder
NC,37,30,Alamance-Burlington Schools,162391,27169,5205
NC,37,90,Alexander County Schools,37286,5773,874
NC,37,120,Alleghany County Schools,11031,1418,420
NC,37,180,Anson County Schools,24991,3662,1109
NC,37,210,Ashe County Schools,26957,3679,801
NC,37,240,Asheboro City Schools,28310,4681,1243
NC,37,270,Asheville City Schools,42298,4361,822
NC,37,300,Avery County Schools,17536,2021,494
NC,37,330,Beaufort County Schools,47088,7359,2073
NC,37,360,Bertie County Schools,19224,2606,919
NC,37,390,Bladen County Schools,33478,5313,1359
NC,37,420,Brunswick County Schools,130897,15244,2870
NC,37,450,Buncombe County Schools,215309,30959,5009
NC,37,480,Burke County Schools,89293,12791,2495
NC,37,530,Cabarrus County Schools,180704,35697,3779
NC,37,580,Caldwell County Schools,81981,12670,2337
NC,37,600,Camden County Schools,10581,1898,181
NC,37,13,Camp Lejeune Schools,31761,3107,416
NC,37,630,Carteret County Schools,68881,9398,1776
NC,37,660,Caswell County Schools,22646,3182,847
NC,37,690,Catawba County Schools,107287,18699,2793
NC,37,720,Chapel Hill-Carrboro Schools,91025,13065,1151
NC,37,2970,Charlotte-Mecklenburg Schools,1076837,184813,28182
NC,37,750,Chatham County Schools,71472,10985,1539
NC,37,780,Cherokee County Schools,28087,3665,975
NC,37,870,Clay County Schools,11074,1493,366
NC,37,900,Cleveland County Schools,97334,16128,3965
NC,37,930,Clinton City Schools,15800,2740,825
NC,37,960,Columbus County Schools,41629,6707,2076
NC,37,3310,Craven County Schools,102578,15938,4043
NC,37,11,Cumberland County Schools,310020,53343,12797
NC,37,1080,Currituck County Schools,26331,4430,603
NC,37,1110,Dare County Schools,36099,5182,751
NC,37,1140,Davidson County Schools,129670,21834,3442
NC,37,1170,Davie County Schools,42456,6928,1124
NC,37,1200,Duplin County Schools,59039,10505,2889
NC,37,1260,Durham Public Schools,311640,45413,10964
NC,37,37099,Eastern Cherokee Reservation,8433,1727,444
NC,37,840,Edenton-Chowan Schools,14105,2202,596
NC,37,1320,Edgecombe County Schools,42579,7206,2089
NC,37,1380,Elkin City Schools,6154,911,227
NC,37,1500,Forsyth County Schools,376320,64686,15082
NC,37,14,Fort Bragg Schools,22526,3521,564
NC,37,1530,Franklin County Schools,66168,11091,2526
NC,37,1620,Gaston County Schools,220182,36960,7646
NC,37,1680,Gates County Schools,11544,1850,362
NC,37,1770,Graham County Schools,8541,1342,327
NC,37,1800,Granville County Schools,59557,9226,1464
NC,37,1830,Greene County Schools,21015,3286,1334
NC,37,1920,Guilford County Schools,526953,86781,15429
NC,37,1950,Halifax County Schools,30466,4430,1681
NC,37,2010,Harnett County Schools,132754,25270,5478
NC,37,2040,Haywood County Schools,61084,8217,1702
NC,37,2100,Henderson County Schools,115708,16602,2681
NC,37,2160,Hertford County Schools,23906,3451,1098
NC,37,2190,Hickory City Schools,32119,4893,1022
NC,37,2250,Hoke County Schools,54116,10275,2341
NC,37,2280,Hyde County Schools,5363,672,189
NC,37,2310,Iredell-Statesville Schools,145382,25452,3814
NC,37,2340,Jackson County Schools,39088,4546,863
NC,37,2370,Johnston County Schools,196708,37952,7304
NC,37,2400,Jones County Schools,9597,1342,413
NC,37,2430,Kannapolis City Schools,34352,5926,1509
NC,37,2560,Lee County Schools,60430,10890,2337
NC,37,2610,Lenoir County Schools,56883,9484,3138
NC,37,2640,Lexington City Schools,20563,3198,1010
NC,37,2680,Lincoln County Schools,82403,13322,1887
NC,37,2760,Macon County Schools,34732,4777,1188
NC,37,2820,Madison County Schools,21746,2862,631
NC,37,2880,Martin County Schools,22789,3399,954
NC,37,2940,McDowell County Schools,45159,6928,1649
NC,37,3000,Mitchell County Schools,15072,2046,465
NC,37,3060,Montgomery County Schools,27435,4649,1170
NC,37,3090,Moore County Schools,97264,15088,2085
NC,37,3120,Mooresville City Schools,30329,5611,770
NC,37,3210,Mount Airy City Schools,10892,1540,391
NC,37,3270,Nash-Rocky Mount Schools,104159,17488,4247
NC,37,3330,New Hanover County Schools,227198,31370,5966
NC,37,3360,Newton-Conover City Schools,18568,3011,645
NC,37,3420,Northampton County Schools,19862,2683,1028
NC,37,3450,Onslow County Schools,162132,26932,4662
NC,37,3480,Orange County Schools,53921,9016,1045
NC,37,3510,Pamlico County Schools,12689,1489,416
NC,37,3540,Pasquotank County Schools,39743,6338,1842
NC,37,3570,Pender County Schools,60958,10179,1640
NC,37,3600,Perquimans County Schools,13474,1910,498
NC,37,3630,Person County Schools,39370,6281,1212
NC,37,12,Pitt County Schools,179042,28155,7572
NC,37,3720,Polk County Schools,20558,2640,494
NC,37,3780,Randolph County Schools,114972,20055,3739
NC,37,3870,Richmond County Schools,44798,7630,2501
NC,37,3900,Roanoke Rapids City Schools,13709,2621,829
NC,37,3930,Robeson County Schools,132606,24448,10260
NC,37,3990,Rockingham County Schools,90949,13868,2958
NC,37,4050,Rowan-Salisbury Schools,132460,21950,4563
NC,37,4080,Rutherford County Schools,66551,10465,2306
NC,37,4140,Sampson County Schools,47630,8844,2370
NC,37,4200,Scotland County Schools,35093,5837,2164
NC,37,4320,Stanly County Schools,61482,9870,1854
NC,37,4380,Stokes County Schools,45717,6623,1175
NC,37,4410,Surry County Schools,55178,9151,1819
NC,37,4440,Swain County Schools,9746,1311,287
NC,37,4500,Thomasville City Schools,15233,2531,907
NC,37,4530,Transylvania County Schools,33956,3912,903
NC,37,4590,Tyrrell County Schools,4052,561,193
NC,37,4620,Union County Public Schools,231366,49764,5310
NC,37,4650,Vance County Schools,44211,7772,2739
NC,37,4720,Wake County Schools,1072203,191972,21260
NC,37,4740,Warren County Schools,19883,2685,842
NC,37,4800,Washington County Schools,12012,1817,699
NC,37,4830,Watauga County Schools,55121,5352,803
NC,37,4880,Wayne County Public Schools,124172,20958,6011
NC,37,4890,Weldon City Schools,7135,1116,545
NC,37,4920,Whiteville City Schools,14307,2233,837
NC,37,4950,Wilkes County Schools,68576,10680,2422
NC,37,5020,Wilson County Schools,81671,14207,3691
NC,37,5040,Yadkin County Schools,37774,5993,1177
NC,37,5070,Yancey County Schools,17744,2448,584
