State Postal Code,State FIPS Code,District ID,Name,Estimated Total Population,Estimated Population 5-17,Estimated number of relevant children 5 to 17 years old in poverty who are related to the householder
AZ,4,630,Alpine Elementary District,464,45,13
AZ,4,750,Apache Elementary District,158,22,8
AZ,4,870,Ash Creek Elementary District,669,47,11
AZ,4,1160,Bicentennial Union High School District,10981,305,45
AZ,4,1230,Blue Elementary District,43,0,0
AZ,4,1260,Bonita Elementary District,1205,53,8
AZ,4,1290,Bouse Elementary District,1189,45,8
AZ,4,1330,Bowie Unified District,573,79,10
AZ,4,1920,Chevelon Butte School District,681,27,2
AZ,4,4,Clarkdale-Jerome Elementary District,4089,331,45
AZ,4,2130,Cochise Elementary District,249,31,7
AZ,4,2220,Congress Elementary District,2637,205,28
AZ,4,2460,Crown King Elementary District,188,14,3
AZ,4,2490,Double Adobe Elementary District,458,81,29
AZ,4,2710,Eagle Elementary District,40,2,0
AZ,4,2760,Elfrida Elementary District,1065,116,16
AZ,4,2820,Empire Elementary District,464,69,16
AZ,4,3550,Grand Canyon Unified District,2751,201,28
AZ,4,3660,Hackberry School District,1251,100,24
AZ,4,8460,Hillside Elementary District,139,22,3
AZ,4,3900,Hyder Elementary District,779,108,19
AZ,4,4200,Klondyke Elementary District,66,6,4
AZ,4,4530,Maine Consolidated School District,1339,155,31
AZ,4,4920,McNeal Elementary District,482,102,14
AZ,4,5100,Mobile Elementary District,140,25,4
AZ,4,5220,Mohawk Valley Elementary District,1691,172,45
AZ,4,5340,Morristown Elementary District,2028,282,32
AZ,4,5730,Owens-Whitney Elementary District,629,57,7
AZ,4,8430,Paloma School District,340,85,11
AZ,4,6000,Patagonia Elementary District,1494,120,27
AZ,4,6030,Patagonia Union High School District,3299,124,14
AZ,4,6150,Pearce Elementary District,1967,112,20
AZ,4,6360,Picacho Elementary District,9463,134,41
AZ,4,6510,Pine Strawberry Elementary District,2945,219,45
AZ,4,6630,Pomerene Elementary District,959,158,43
AZ,4,6930,Redington Elementary District,100,15,15
AZ,4,7140,Rucker Elementary District,26,0,0
AZ,4,5,Salome Consolidated Elementary District,2780,126,41
AZ,4,7380,San Fernando Elementary District,54,6,0
AZ,4,7430,San Simon Unified District,652,79,8
AZ,4,7630,Seligman Unified District,1422,141,26
AZ,4,7680,Sentinel Elementary District,144,26,11
AZ,4,7770,Skull Valley Elementary District,661,107,13
AZ,4,7920,Sonoita Elementary District,1805,115,24
AZ,4,5760,Tonto Basin Elementary District,1631,102,33
AZ,4,8640,Topock Elementary District,2589,153,34
AZ,4,8880,Valentine Elementary District,258,37,7
AZ,4,8910,Valley Union High School District,3700,170,16
AZ,4,9030,Walnut Grove Elementary District,110,1,0
AZ,4,9360,Williamson Valley Elementary School District,656,58,13
AZ,4,9510,Yarnell Elementary District,1278,65,24
AZ,4,9540,Young Elementary School District,883,94,30
AZ,4,9570,Yucca Elementary District,710,47,7
