State Postal Code,State FIPS Code,District ID,Name,Estimated Total Population,Estimated Population 5-17,Estimated number of relevant children 5 to 17 years old in poverty who are related to the householder
AK,2,10,Aleutian Region School District,626,29,14
AK,2,7,Aleutians East Borough School District,3370,206,22
AK,2,30,Bristol Bay Borough School District,867,113,22
AK,2,800,Chugach School District,451,58,20
AK,2,60,Cordova City School District,2156,354,18
AK,2,130,Galena City School District,451,103,17
AK,2,360,Kake City School District,582,95,19
AK,2,540,Nenana City School District,363,68,13
AK,2,630,Pelican City School District,84,12,3
AK,2,670,Pribilof School District,602,89,7
AK,2,690,Skagway School District,1157,108,10
AK,2,715,Tanana City School District,236,48,7
AK,2,720,Unalaska City School District,4535,379,13
