AL,ALABAMA,100005,Albertville City,107 W Main St,Albertville,35950,No,5445,0,6,Yes,Yes.1,Yes.2,TIMOTHY,TIDMORE,256-891-1183,ttidmore@albertk12.org,TIMOTHY.1,TIDMORE.1,256-891-1183.1,ttidmore@albertk12.org.1,TIMOTHY.2,TIDMORE.2,256-891-1183.2,ttidmore@albertk12.org.2,No.1,Yes.3,Yes.4,www.albertk12.org/apps/pages/index.jsp?uREC_ID=368921&type=d&termREC_ID=&pREC_ID=689254,Yes.5,No.2,Yes.6,Yes.7,Yes.8,Yes.9,No.3,No.4,Yes.10,No.5,1,6.1,127,0.1,Yes.11,-9,-9.1,-9.2,Yes.12,Yes.13,No.6,No.7,No.8
AK,ALASKA,200010,Aleutian Region School District,PO Box 92230,Anchorage,99509,No,29,0,2,Yes,Yes,Yes,JOSEPH,BECKFORD,907-277-2648,jbeckford@aleutregion.org,JOSEPH,BECKFORD,907-277-2648,jbeckford@aleutregion.org,JOSEPH,BECKFORD,907-277-2648,jbeckford@aleutregion.org,No,Yes,No,-9,No,-9,Yes,No,No,Yes,No,No,No,No,0,1,0,1,No,Yes,No,No,Yes,Yes,No,No,No
AK,ALASKA,200030,Bristol Bay Borough School District,P0 BOX 169,Naknek,99633,No,119,0,3,Yes,Yes,Yes,BILL,HILL,(909)246-4208,BHILL@BBBSD.NET,BILL,HILL,(907)246-4208,BHILL@BBBSD.NET,MARJORIE,WAGGONER,(907)244-1658,MWAGGONER@BBBSD.NET,No,Yes,Yes,https://boardpolicyonline.com/?b=bristol_bay,No,-9,Yes,No,No,Yes,No,No,Yes,Yes,0,0,8,1,Yes,-9,-9,-9,Yes,Yes,No,No,No
AK,ALASKA,200300,Hoonah City School District,PO Box 157,Hoonah,99829,No,133,0,2,Yes,Yes,Yes,CAROL,WILLIAMS,(907)723-0723,williamsc@hoonahschools.org,RALPH,WATKINS,(907)723-0660,watkinsr@hoonahschools.org,SHERYL,ROSS,(541)613-7374,rosss@hoonahschools.org,No,Yes,Yes,hoonahschools.org,No,-9,Yes,No,No,Yes,No,Yes,Yes,No,0,0,6,0,No,Yes,Yes,Yes,Yes,Yes,No,No,No
AK,ALASKA,200330,Hydaburg City School District,PO Box 109,Hydaburg,99922,No,92,0,2,Yes,Yes,Yes,BART,MWAREY,9074013359,bmwarey@hydaburg.k12.ak.us,BART,MWAREY,9074013359,bmwarey@hydaburg.k12.ak.us,BART,MWAREY,9074013359,bmwarey@hydaburg.k12.ak.us,No,Yes,Yes,www.hydaburg.k12.ak.us,No,-9,Yes,No,No,Yes,No,Yes,Yes,Yes,0,8,4,7,Yes,-9,-9,-9,Yes,Yes,No,No,No
AK,ALASKA,200360,Kake City School District,PO Box 450,Kake,99830,No,103,1,1,Yes,Yes,Yes,RICHARD,CATAHAY,9077853741,rcatahay@kakeschools.com,RICHARD,CATAHAY,9077853741,rcatahay@kakeschools.com,RICHARD,CATAHAY,9077853741,rcatahay@kakeschools.com,No,Yes,Yes,https://docs.google.com/document/d/1nfOcFt3Dcq9-IfauYP-6-ZFjy0uQUF-bLlr_dfkiY5c/edit#heading=h.y5v4fgqjpxz4,No,-9,Yes,No,No,Yes,No,No,No,Yes,0,0,0,1,Yes,-9,-9,-9,Yes,Yes,No,No,No
AK,ALASKA,200450,Klawock City School District,PO Box 9,Klawock,99925,No,126,0,1,Yes,Yes,Yes,JAMES,HOLIEN,(907) 755-2917,jim.holien@klawockschool.com,JAMES,HOLIEN,(907) 755-2917,jim.holien@klawockschool.com,JAMES,HOLIEN,(907) 755-2917,jim.holien@klawockschool.com,No,Yes,Yes,www.klawockschool.com,No,-9,No,-9,-9,-9,-9,-9,-9,-9,-9,-9,-9,-9,-9,-9,-9,-9,Yes,Yes,No,No,No
AK,ALASKA,200630,Pelican City School District,PO Box 90,Pelican,99832,No,11,11,1,Yes,Yes,Yes,BETTY,WALTERS,9077352236,bwalters@pelicanschool.org,BETTY,WALTERS,9077352236,bwalters@pelicanschool.org,BETTY,WALTERS,9077352236,bwalters@pelicanschool.org,No,Yes,Yes,pelicanschool.org,No,-9,No,-9,-9,-9,-9,-9,-9,-9,-9,-9,-9,-9,-9,-9,-9,-9,No,-9,-9,-9,-9
AK,ALASKA,200670,Pribilof School District,PO Box 207,St. Paul Island,99660,No,69,0,2,Yes,Yes,Yes,BRETT,AGENBROAD,907-546-3323,agenbroadb@pribilof.org,BRETT,AGENBROAD,907-546-3323,agenbroadb@pribilof.org,BRETT,AGENBROAD,907-546-3323,agenbroadb@pribilof.org,No,Yes,Yes,www.pribilof.org,No,-9,Yes,Yes,Yes,No,No,No,No,No,0,0,0,0,No,Yes,Yes,Yes,Yes,Yes,No,No,No
AK,ALASKA,200680,Saint Mary's School District,PO Box 9,Saint Mary's,99658,No,200,0,1,Yes,Yes,Yes,DAVID,HERBERT,907-438-2411,dherbert@smcsd.us,DAVID,HERBERT,907-438-2411,dherbert@smcsd.us,DAVID,HERBERT,907-438-2411,dherbert@smcsd.us,No,Yes,No,-9,No,-9,Yes,No,No,Yes,No,Yes,Yes,Yes,0,1,10,0,Yes,-9,-9,-9,Yes,Yes,No,No,No
AK,ALASKA,200690,Skagway School District,PO Box 497,Skagway,99840,No,141,0,1,Yes,Yes,Yes,JOSH,COUGHRAN,9079832960,jcoughran@skagwayschool.org,JOSH,COUGHRAN,9079832960,jcoughran@skagwayschool.org,HEIDI,SUTTER,9079832960,hsutter@skagwayschool.org,No,Yes,Yes,https://boardpolicyonline.com/?b=skagway,No,-9,Yes,No,No,Yes,No,Yes,Yes,No,0,9,16,0,Yes,-9,-9,-9,Yes,Yes,No,No,No
AK,ALASKA,200700,Southeast Island School District,PO Box 19569,Thorne Bay,99919,No,175,0,8,Yes,Yes,Yes,ALAN,SCHWAB,(907) 828-3921,aschwab@sisd.org,ALAN,SCHWAB,(907) 828-3921,aschwab@sisd.org,JANET,STOUT,(907) 828-8254,jstout@sisd.org,No,Yes,Yes,http://www.sisd.org/files/user/4/file/Student%20Handbook%20FY19.pdf,No,-9,Yes,No,No,Yes,No,No,Yes,No,0,1,6,0,Yes,-9,-9,-9,Yes,Yes,No,Yes,No
AK,ALASKA,200715,Tanana City School District,PO Box 89,Tanana,99777,No,49,0,1,Yes,Yes,Yes,MARIE,ASHTON,9073667203,tashton@aktcsd.org,MARIE,ASHTON,9073667203,tashton@aktcsd.org,MARIE,ASHTON,9073667203,tashton@aktcsd.org,No,Yes,No,-9,No,-9,No,-9,-9,-9,-9,-9,-9,-9,-9,-9,-9,-9,-9,-9,-9,-9,Yes,Yes,No,No,No
AK,ALASKA,200730,Chatham School District,PO Box 109,Angoon,99820,No,174,0,3,Yes,Yes,Yes,BERNIE,GRIEVE,9077883302,bgrieve@chathamsd.org,BERNIE,GRIEVE,9077883302,bgrieve@chathamsd.org,BERNIE,GRIEVE,9077883302,bgrieve@chathamsd.org,No,Yes,Yes,https://boardpolicyonline.com/?b=chatham&s=8042,No,-9,No,-9,-9,-9,-9,-9,-9,-9,-9,-9,-9,-9,-9,-9,-9,-9,Yes,Yes,No,Yes,No
AK,ALASKA,200840,Yakutat School District,PO Box 429,Yakutat,99689,No,83,0,1,Yes,Yes,Yes,PATRICK,MAYER,9077843317,patrickm@yakutatschools.org,PATRICK,MAYER,9077843317,patrickm@yakutataschools.org,PATRICK,MAYER,9077843317,patrickm@yakutatschools.org,No,Yes,No,-9,No,-9,No,-9,-9,-9,-9,-9,-9,-9,-9,-9,-9,-9,-9,-9,-9,-9,Yes,No,No,Yes,No
