AL,ALABAMA,100005,Albertville City,107 W Main St,Albertville,35950,No,5445,0,6,Yes,Yes.1,Yes.2,TIMOTHY,TIDMORE,256-891-1183,ttidmore@albertk12.org,TIMOTHY.1,TIDMORE.1,256-891-1183.1,ttidmore@albertk12.org.1,TIMOTHY.2,TIDMORE.2,256-891-1183.2,ttidmore@albertk12.org.2,No.1,Yes.3,Yes.4,www.albertk12.org/apps/pages/index.jsp?uREC_ID=368921&type=d&termREC_ID=&pREC_ID=689254,Yes.5,No.2,Yes.6,Yes.7,Yes.8,Yes.9,No.3,No.4,Yes.10,No.5,1,6.1,127,0.1,Yes.11,-9,-9.1,-9.2,Yes.12,Yes.13,No.6,No.7,No.8
AK,ALASKA,200001,Lower Kuskokwim School District,PO Box 305,Bethel,99559,Yes,4241,0,28,Yes,Yes,Yes,MEGHAN,CROW,(907)543-4800,meghan_crow@lksd.org,MEGHAN,CROW,(907)543-4800,meghan_crow@lksd.org,MEGHAN,CROW,(907)543-4800,meghan_crow@lksd.org,No,Yes,Yes,www.lksd.org,No,-9,Yes,Yes,No,Yes,Yes,Yes,Yes,No,0,112,111,0,Yes,-9,-9,-9,Yes,Yes,No,No,No
AK,ALASKA,200003,Lower Yukon School District,PO Box 32089,Mountain Village,99632,No,1930,0,10,Yes,Yes,Yes,PETER,JOHNSON,907-591-2411,pjohnson@lysd.org,PETER,JOHNSON,907-591-2411,pjohnson@lysd.org,PETER,JOHNSON,907-591-2411,pjohnson@lysd.org,No,Yes,Yes,https://boardpolicyonline.com/?b=lower_yukon,No,-9,Yes,No,No,Yes,No,Yes,Yes,Yes,0,2,0,4,Yes,-9,-9,-9,Yes,Yes,No,No,No
AK,ALASKA,200004,Yupiit School District,PO Box 51190,Akiachak,99551,No,462,0,3,Yes,Yes,Yes,CASSANDRA,BENNETT,(907) 825-3600,cbennett@yupiit.org,CASSANDRA,BENNETT,(907) 825-3600,cbennett@yupiit.org,CASSANDRA,BENNETT,(907) 825-3600,cbennett@yupiit.org,No,Yes,Yes,https://boardpolicyonline.com/?b=yupiit,No,-9,No,-9,-9,-9,-9,-9,-9,-9,-9,-9,-9,-9,-9,-9,-9,-9,Yes,Yes,No,No,No
AK,ALASKA,200005,Kashunamiut School District,PO Box 345,Chevak,99563,No,336,1,1,Yes,Yes,Yes,COREY,WEISS,907-858-7713,cweiss@chevakschool.org,COREY,WEISS,907-858-7713,cweiss@chevakschool.org,DAVID,LOUGEE,907-858-7712,dlougee@chevakschool.org,No,Yes,Yes,www.chevakschool.org,No,-9,Yes,Yes,No,No,No,No,Yes,Yes,0,0,8,3,Yes,-9,-9,-9,Yes,Yes,No,No,No
AK,ALASKA,200006,Mount Edgecumbe High School Agency,1330 Seward Ave,Sitka,99835,No,430,0,1,Yes,Yes,Yes,BERNIE,GURULE,9079663202,bernieg@mehs.us,BERNIE,GURULE,9079663202,bernieg@mehs.us,BERNIE,GURULE,9079663202,bernieg@mehs.us,No,Yes,No,-9,No,-9,No,-9,-9,-9,-9,-9,-9,-9,-9,-9,-9,-9,-9,-9,-9,-9,No,-9,-9,-9,-9
AK,ALASKA,200007,Aleutians East Borough School District,PO Box 429,Sand Point,99661,No,207,0,4,Yes,Yes,Yes,MICHAEL,SEIFERT,(907)383-5222 x7000,mseifert@aebsd.org,MICHAEL,SEIFERT,(907)383-5222 x7000,mseifert@aebsd.org,MICHAEL,SEIFERT,(907)383-5222 x7000,mseifert@aebsd.org,No,Yes,Yes,https://www.boardpolicyonline.com/?b=aleutians_east%20,No,-9,Yes,No,No,Yes,No,Yes,Yes,Yes,0,13,12,4,Yes,-9,-9,-9,Yes,Yes,No,No,No
AK,ALASKA,200010,Aleutian Region School District,PO Box 92230,Anchorage,99509,No,29,0,2,Yes,Yes,Yes,JOSEPH,BECKFORD,907-277-2648,jbeckford@aleutregion.org,JOSEPH,BECKFORD,907-277-2648,jbeckford@aleutregion.org,JOSEPH,BECKFORD,907-277-2648,jbeckford@aleutregion.org,No,Yes,No,-9,No,-9,Yes,No,No,Yes,No,No,No,No,0,1,0,1,No,Yes,No,No,Yes,Yes,No,No,No
AK,ALASKA,200020,Bering Strait School District,PO Box 225,Unalakleet,99684,No,2003,0,15,Yes,Yes,Yes,PERRY,CORSETTI,(907) 624-4309,pcorsetti@bssd.org,PERRY,CORSETTI,(907) 624-4309,pcorsetti@bssd.org,PERRY,CORSETTI,(907) 624-4309,pcorsetti@bssd.org,No,Yes,Yes,https://boardpolicyonline.com/?b=bering_strait,No,-9,Yes,Yes,No,Yes,No,Yes,Yes,No,0,89,112,0,Yes,-9,-9,-9,Yes,Yes,No,No,No
AK,ALASKA,200030,Bristol Bay Borough School District,P0 BOX 169,Naknek,99633,No,119,0,3,Yes,Yes,Yes,BILL,HILL,(909)246-4208,BHILL@BBBSD.NET,BILL,HILL,(907)246-4208,BHILL@BBBSD.NET,MARJORIE,WAGGONER,(907)244-1658,MWAGGONER@BBBSD.NET,No,Yes,Yes,https://boardpolicyonline.com/?b=bristol_bay,No,-9,Yes,No,No,Yes,No,No,Yes,Yes,0,0,8,1,Yes,-9,-9,-9,Yes,Yes,No,No,No
AK,ALASKA,200050,Alaska Gateway School District,PO Box 226,Tok,99780,No,398,371,8,Yes,Yes,Yes,LEANN,YOUNG,907-883-5151,lyoung@agsd.us,LEANN,YOUNG,907-883-5151,lyoung@agsd.us,LEANN,YOUNG,907-883-5151,lyoung@agsd.us,No,Yes,Yes,https://boardpolicyonline.com,No,-9,Yes,No,No,Yes,No,No,Yes,No,0,0,9,0,Yes,-9,-9,-9,Yes,Yes,No,No,No
AK,ALASKA,200060,Cordova City School District,PO Box 1330,Cordova,99574,No,364,0,3,Yes,Yes,Yes,ALEX,RUSSIN,(907)424-3265,arussin@cordovasd.org,ALEX,RUSSIN,(907)424-3265,arussin@cordovasd.org,ALEX,RUSSIN,(907)424-3265,arussin@cordovasd.org,No,Yes,Yes,https://boardpolicyonline.com/?b=cordova,Yes,No,Yes,No,No,No,Yes,Yes,Yes,Yes,1,3,12,1,Yes,-9,-9,-9,Yes,Yes,No,No,No
AK,ALASKA,200070,Copper River School District,PO Box 108,Glennallen,99588,No,448,0,5,Yes,Yes,Yes,SHAUN,STREYLE,(907) 822-3234,sstreyle@crsd.us,SHAUN,STREYLE,(907) 922-3234,sstreyle@crsd.us,KATHLEEN,EVERETT,(907) 822-5356,keverett@crsd.us,No,Yes,Yes,https://boardpolicyonline.com/?b=copper_river,No,-9,Yes,Yes,No,Yes,No,No,No,No,0,5,4,1,No,Yes,No,No,Yes,Yes,No,No,No
AK,ALASKA,200090,Craig City School District,PO Box 800,Craig,99921,No,546,0,4,Yes,Yes,Yes,BRAD,KING,907-826-3274,bking@craigschools.com,BRAD,KING,907-826-3274,bking@craigschools.com,BRAD,KING,907-826-3274,bking@craigschools.com,No,Yes,Yes,www.ccsd.k12.ak.us,No,-9,No,-9,-9,-9,-9,-9,-9,-9,-9,-9,-9,-9,-9,-9,-9,-9,Yes,Yes,No,No,No
AK,ALASKA,200100,Delta-Greely School District,PO Box 527,Delta Junction,99737,No,827,0,5,Yes,Yes,Yes,LAURAL,JACKSON,(907)895-4657,ljackson@dgsd.us,LAURAL,JACKSON,(907)895-4657,ljackson@dgsd.us,LAURAL,JACKSON,(907)895-4657,ljackson@dgsd.us,No,Yes,Yes,www.dgsd.us,No,-9,Yes,No,No,Yes,No,No,Yes,No,0,4,14,1,No,Yes,No,No,Yes,Yes,No,No,No
AK,ALASKA,200120,Dillingham City School District,PO Box 170,Dillingham,99576,No,490,0,3,Yes,Yes,Yes,ROBYN,CHANEY,9078426779,rchaney@dlgsd.org,ROBYN,CHANEY,9078426779,rchaney@dlgsd.org,ROBYN,CHANEY,9078426779,rchaney@dlgsd.org,No,Yes,No,-9,No,-9,Yes,No,No,Yes,No,No,Yes,Yes,0,0,4,1,No,Yes,No,No,Yes,Yes,No,No,No
AK,ALASKA,200130,Galena City School District,PO Box 299,Galena,99741,No,4775,0,4,Yes,Yes,Yes,JAMES,MERRINER,(907)656-1883 x107,jim.merriner@ideafamilies.org,JAMES,MERRINER,(907)656-1883 x107,jim.merriner@ideafamilies.org,JAMES,MERRINER,(907)656-1883 x107,jim.merriner@ideafamilies.org,No,Yes,Yes,https://www.galenaalaska.org/wp-content/uploads/2017/02/GCSD-Board-Policy-Manual-as-of-2-22-2017.pdf,No,-9,Yes,Yes,No,No,No,No,Yes,Yes,0,0,7,0,Yes,-9,-9,-9,Yes,Yes,No,No,No
AK,ALASKA,200150,Ketchikan Gateway Borough School District,333 Schoenbar Rd,Ketchikan,99901,Yes,2363,0,9,Yes,Yes,Yes,ELIZABETH,LOUGEE,9072472137,elizabeth.lougee@k21schools.org,ELIZABETH,LOUGEE,9072472137,elizabeth.lougee@k21schools.org,ELIZABETH,LOUGEE,9072472137,elizabeth.lougee@k21schools.org,No,Yes,Yes,https://www.kgbsd.org/Page/2707,No,-9,Yes,Yes,No,Yes,No,No,Yes,Yes,0,14,51,51,No,Yes,No,No,Yes,Yes,No,No,No
AK,ALASKA,200180,Anchorage School District,5530 E Northern Lights Blvd,Anchorage,99504,Yes,47393,0,100,Yes,Yes,Yes,MATTHEW,TEAFORD,(907) 742-4130,Teaford_Matthew@asdk12.org,MATTHEW,TEAFORD,(907) 742-4130,Teaford_Matthew@asdk12.org,MATTHEW,TEAFORD,(907) 742-4130,Teaford_Matthew@asdk12.org,No,Yes,Yes,http://www.boarddocs.com/ak/asdk12/Board.nsf/goto?open&id=8Y9PX6666C71,No,-9,Yes,No,No,Yes,No,Yes,Yes,Yes,0,218,504,57,No,Yes,Yes,Yes,Yes,Yes,No,Yes,No
AK,ALASKA,200210,Juneau Borough School District,10014 Crazy Horse Dr,Juneau,99801,Yes,4771,0,15,Yes,Yes,Yes,DARRYL,SMITH,907-523-1710,darryl.smith@juneauschools.org,DARRYL,SMITH,907-523-1710,darryl.smith@juneauschools.org,BRIDGET,WEISS,907-523-1701,bridget.weiss@juneauschools.org,No,Yes,Yes,https://docs.google.com/document/d/1HJECow6DUlGiU9O4M59ki1_5y_nX8KDJEm-fqRkHvv0/edit,No,-9,Yes,No,Yes,Yes,Yes,Yes,Yes,Yes,0,50,93,19,Yes,-9,-9,-9,Yes,Yes,No,No,No
AK,ALASKA,200240,Sitka School District,300 Kostrometinoff St,Sitka,99835,No,1271,8,6,Yes,Yes,Yes,SARAH,FERRENCY,907-966-1264,ferrencys@sitkaschools.org,NANCY,DOUGLAS,907-966-1242,douglasn@sitkaschools.org,MATT,POTTER,907-966-1404,potterm@sitkaschools.org,No,Yes,Yes,http://www.sitkaschools.org/site/default.aspx?pageid=804,No,-9,No,-9,-9,-9,-9,-9,-9,-9,-9,-9,-9,-9,-9,-9,-9,-9,Yes,No,No,Yes,No
AK,ALASKA,200270,Haines Borough School District,PO Box 1289,Haines,99827,No,276,0,3,Yes,Yes,Yes,RICHARD,CARLSON,907-766-6725,rcarlson@hbsd.net,RICHARD,CARLSON,907-766-6725,rcarlson@hbsd.net,RICHARD,CARLSON,907-766-6725,rcarlson@hbsd.net,No,Yes,Yes,hbsd.net,No,-9,No,-9,-9,-9,-9,-9,-9,-9,-9,-9,-9,-9,-9,-9,-9,-9,Yes,Yes,No,No,No
AK,ALASKA,200300,Hoonah City School District,PO Box 157,Hoonah,99829,No,133,0,2,Yes,Yes,Yes,CAROL,WILLIAMS,(907)723-0723,williamsc@hoonahschools.org,RALPH,WATKINS,(907)723-0660,watkinsr@hoonahschools.org,SHERYL,ROSS,(541)613-7374,rosss@hoonahschools.org,No,Yes,Yes,hoonahschools.org,No,-9,Yes,No,No,Yes,No,Yes,Yes,No,0,0,6,0,No,Yes,Yes,Yes,Yes,Yes,No,No,No
AK,ALASKA,200330,Hydaburg City School District,PO Box 109,Hydaburg,99922,No,92,0,2,Yes,Yes,Yes,BART,MWAREY,9074013359,bmwarey@hydaburg.k12.ak.us,BART,MWAREY,9074013359,bmwarey@hydaburg.k12.ak.us,BART,MWAREY,9074013359,bmwarey@hydaburg.k12.ak.us,No,Yes,Yes,www.hydaburg.k12.ak.us,No,-9,Yes,No,No,Yes,No,Yes,Yes,Yes,0,8,4,7,Yes,-9,-9,-9,Yes,Yes,No,No,No
AK,ALASKA,200360,Kake City School District,PO Box 450,Kake,99830,No,103,1,1,Yes,Yes,Yes,RICHARD,CATAHAY,9077853741,rcatahay@kakeschools.com,RICHARD,CATAHAY,9077853741,rcatahay@kakeschools.com,RICHARD,CATAHAY,9077853741,rcatahay@kakeschools.com,No,Yes,Yes,https://docs.google.com/document/d/1nfOcFt3Dcq9-IfauYP-6-ZFjy0uQUF-bLlr_dfkiY5c/edit#heading=h.y5v4fgqjpxz4,No,-9,Yes,No,No,Yes,No,No,No,Yes,0,0,0,1,Yes,-9,-9,-9,Yes,Yes,No,No,No
AK,ALASKA,200390,Kenai Peninsula Borough School District,148 N Binkley St,Soldotna,99669,Yes,8895,0,43,Yes,Yes,Yes,JOHN,O'BRIEN,(907)714-8888,jo'brien@kpbsd.k12.ak.us,JOHN,O'BRIEN,(907)714-8888,jo'brien@kpbsd.k12.ak.us,CLAYTON,HOLLAND,(907)714-8888,cholland@kpbsd.k12.ak.us,No,Yes,Yes,http://www.kpbsd.k12.ak.us/board.aspx?id=3444&terms=discrimination,No,-9,Yes,Yes,No,Yes,No,No,Yes,Yes,0,23,187,22,No,Yes,Yes,Yes,Yes,Yes,No,Yes,No
AK,ALASKA,200450,Klawock City School District,PO Box 9,Klawock,99925,No,126,0,1,Yes,Yes,Yes,JAMES,HOLIEN,(907) 755-2917,jim.holien@klawockschool.com,JAMES,HOLIEN,(907) 755-2917,jim.holien@klawockschool.com,JAMES,HOLIEN,(907) 755-2917,jim.holien@klawockschool.com,No,Yes,Yes,www.klawockschool.com,No,-9,No,-9,-9,-9,-9,-9,-9,-9,-9,-9,-9,-9,-9,-9,-9,-9,Yes,Yes,No,No,No
AK,ALASKA,200480,Kodiak Island Borough School District,722 Mill Bay Rd,Kodiak,99615,No,2461,0,14,Yes,Yes,Yes,DAMON,HARGRAVES,(907)486-7573,dhargraves01@kibsd.org,DAMON,HARGRAVES,(907)486-7573,dhargraves01@kibsd.org,GEOFFERY,SMITH,(907)486-7574,gsmith01@kibsd.org,No,Yes,Yes,https://www.boarddocs.com/ak/kodiak/Board.nsf/Public?open&id=AD5SCJ71BEF7#,No,-9,Yes,No,No,Yes,Yes,Yes,Yes,Yes,5,24,34,9,Yes,-9,-9,-9,Yes,Yes,No,Yes,No
AK,ALASKA,200485,Lake and Peninsula Borough School District,PO Box 498,King Salmon,99613,No,348,0,13,Yes,Yes,Yes,TY,MASE,907-246-4280,TMASE@LPSD.COM,TY,MASE,907-246-4280,TMASE@LPSD.COM,MARJORIE,WAGGONER,907-246-4280,MWAGGONER@LPSD.COM,No,Yes,Yes,https://boardpolicyonline.com/?b=lake_and_peninsula,Yes,Yes,Yes,No,No,Yes,No,Yes,Yes,Yes,0,23,17,3,Yes,-9,-9,-9,Yes,Yes,No,No,No
AK,ALASKA,200510,Matanuska-Susitna Borough School District,501 N Gulkana St,Palmer,99645,Yes,19299,0,47,Yes,Yes,Yes,MATTHEW,TEAFORD,(907)746-9200,mathew.teaford@matsuk12.us,MATTHEW,TEAFORD,(907)746-9200,mathew.teaford@matsuk12.us,MATTHEW,TEAFORD,(907)746-9200,mathew.teaford@matsuk12.us,No,Yes,Yes,https://www.boardpolicyonline.com/?b=mat_su&s=18778,No,-9,Yes,No,No,Yes,No,Yes,Yes,Yes,0,74,265,36,No,Yes,Yes,Yes,Yes,Yes,No,Yes,No
AK,ALASKA,200520,Iditarod Area School District,PO Box 90,McGrath,99627,No,340,0,8,Yes,Yes,Yes,BRITTANY,ANDERSON,9075241226,banderson@iditarodsd.org,BRITTANY,ANDERSON,9075241226,banderson@iditarodsd.org,JONI,MCCARTY,9075241226,jmccarty@iditarodsd.org,No,Yes,Yes,https://www.iditarodsd.org/iasd-mission-statement-and-policy,No,-9,Yes,No,No,Yes,No,Yes,Yes,Yes,0,3,6,2,Yes,-9,-9,-9,Yes,No,No,Yes,No
AK,ALASKA,200525,Annette Island School District,PO Box 7,Metlakatla,99926,No,324,0,3,Yes,Yes,Yes,MATTHEW,LINDSEY,(907) 886-6332,tlindsey@aisdk12.org,MATTHEW,LINDSEY,(907) 886-6332,tlindsey@aisdk12.org,MATTHEW,LINDSEY,(907) 886-6332,tlindsey@aisdk12.org,No,Yes,Yes,aisdk12.org,No,-9,Yes,No,No,No,No,No,No,No,0,0,0,0,No,Yes,No,No,Yes,Yes,No,No,No
AK,ALASKA,200540,Nenana City School District,PO Box 10,Nenana,99760,No,1218,0,2,Yes,Yes,Yes,JAMES,MANNING,(907) 832-5464 x 144,supt@nenanalynx.org,JAMES,MANNING,(907) 832-5464 x 144,supt@nenanalynx.org,ANNALEE,COY,(907) 832-5464 x 123,acoy@nenanalynx.org,No,Yes,Yes,https://boardpolicyonline.com/?b=nenana&s=14272,No,-9,No,-9,-9,-9,-9,-9,-9,-9,-9,-9,-9,-9,-9,-9,-9,-9,Yes,Yes,No,No,No
AK,ALASKA,200570,Nome Public Schools,PO Box 131,Nome,99762,Yes,706,0,5,Yes,Yes,Yes,JAMIE,BURGESS,907-443-2231,jburgess@nomeschools.org,JAMIE,BURGESS,907-443-2231,jburgess@nomeschools.org,MINDI,BURFORD,907-443-2231,mburford@nomeschools.org,No,Yes,Yes,https://boardpolicyonline.com/?b=nome&s=14687,No,-9,No,-9,-9,-9,-9,-9,-9,-9,-9,-9,-9,-9,-9,-9,-9,-9,Yes,Yes,No,No,No
AK,ALASKA,200600,Fairbanks North Star Borough School District,520 Fifth Ave,Fairbanks,99701,Yes,13828,0,36,Yes,Yes,Yes,TANYA,COTY,907-452-2000  x11466,Tanya.coty@k12northstar.org,TANYA,COTY,907-452-2000  x11466,Tanya.coty@k12northstar.org,TANYA,COTY,907-452-2000  x11466,Tanya.coty@k12northstar.org,No,Yes,Yes,http://www.boarddocs.com/ak/fbns/Board.nsf/goto?open&id=ACYHMN492F79,No,-9,Yes,Yes,No,Yes,No,Yes,Yes,Yes,0,88,133,8,No,Yes,No,No,Yes,Yes,No,Yes,No
AK,ALASKA,200610,North Slope Borough School District,PO Box 169,Utqiagvik,99723,No,2187,0,11,Yes,Yes,Yes,CHRISTOPHER,AGUIRRE,9078529508,christopher.aguirre@nsbsd.org,CHRISTOPHER,AGUIRRE,9078529508,christopher.aguirre@nsbsd.org,LORI,ROTH,9078529636,lori.roth@nsbsd.org,No,Yes,Yes,https://docs.google.com/viewerng/viewer?url=https://www.nsbsd.org//cms/lib/AK01001879/Centricity/Domain/882/2018-2023+StudentParent+HandbookWorking.pdf,No,-9,Yes,No,No,Yes,No,Yes,Yes,Yes,0,126,134,20,Yes,-9,-9,-9,Yes,Yes,No,No,No
AK,ALASKA,200625,Northwest Arctic Borough School District,PO Box 51,Kotzebue,99752,No,2127,0,13,Yes,Yes,Yes,TERRY,MARTIN,907-442-1810,tmartin@nwarctic.org,TERRY,MARTIN,907-442-1810,tmartin@nwarctic.org,TERRY,MARTIN,907-442-1810,tmartin@nwarctic.org,No,Yes,Yes,https://www.boardpolicyonline.com/?b=northwest_arctic,Yes,No,Yes,Yes,No,Yes,No,No,Yes,Yes,0,10,122,180,Yes,-9,-9,-9,Yes,Yes,No,No,No
AK,ALASKA,200630,Pelican City School District,PO Box 90,Pelican,99832,No,11,11,1,Yes,Yes,Yes,BETTY,WALTERS,9077352236,bwalters@pelicanschool.org,BETTY,WALTERS,9077352236,bwalters@pelicanschool.org,BETTY,WALTERS,9077352236,bwalters@pelicanschool.org,No,Yes,Yes,pelicanschool.org,No,-9,No,-9,-9,-9,-9,-9,-9,-9,-9,-9,-9,-9,-9,-9,-9,-9,No,-9,-9,-9,-9
AK,ALASKA,200660,Petersburg Borough School District,PO Box 289,Petersburg,99833,No,467,0,3,Yes,Yes,Yes,ERICA,KLUDT-PAINTER,877-526-7656,supt@pcsd.us,ERICA,KLUDT-PAINTER,877-526-7656,supt@pcsd.us,BRIDGET,WITTSTOCK,877-526-7656,bwittstock@pcsd.us,No,Yes,Yes,https://boardpolicyonline.com/?b=petersburg,No,-9,Yes,No,No,Yes,No,Yes,Yes,Yes,0,2,4,2,No,Yes,No,No,Yes,Yes,No,No,No
AK,ALASKA,200670,Pribilof School District,PO Box 207,St. Paul Island,99660,No,69,0,2,Yes,Yes,Yes,BRETT,AGENBROAD,907-546-3323,agenbroadb@pribilof.org,BRETT,AGENBROAD,907-546-3323,agenbroadb@pribilof.org,BRETT,AGENBROAD,907-546-3323,agenbroadb@pribilof.org,No,Yes,Yes,www.pribilof.org,No,-9,Yes,Yes,Yes,No,No,No,No,No,0,0,0,0,No,Yes,Yes,Yes,Yes,Yes,No,No,No
AK,ALASKA,200680,Saint Mary's School District,PO Box 9,Saint Mary's,99658,No,200,0,1,Yes,Yes,Yes,DAVID,HERBERT,907-438-2411,dherbert@smcsd.us,DAVID,HERBERT,907-438-2411,dherbert@smcsd.us,DAVID,HERBERT,907-438-2411,dherbert@smcsd.us,No,Yes,No,-9,No,-9,Yes,No,No,Yes,No,Yes,Yes,Yes,0,1,10,0,Yes,-9,-9,-9,Yes,Yes,No,No,No
AK,ALASKA,200690,Skagway School District,PO Box 497,Skagway,99840,No,141,0,1,Yes,Yes,Yes,JOSH,COUGHRAN,9079832960,jcoughran@skagwayschool.org,JOSH,COUGHRAN,9079832960,jcoughran@skagwayschool.org,HEIDI,SUTTER,9079832960,hsutter@skagwayschool.org,No,Yes,Yes,https://boardpolicyonline.com/?b=skagway,No,-9,Yes,No,No,Yes,No,Yes,Yes,No,0,9,16,0,Yes,-9,-9,-9,Yes,Yes,No,No,No
AK,ALASKA,200700,Southeast Island School District,PO Box 19569,Thorne Bay,99919,No,175,0,8,Yes,Yes,Yes,ALAN,SCHWAB,(907) 828-3921,aschwab@sisd.org,ALAN,SCHWAB,(907) 828-3921,aschwab@sisd.org,JANET,STOUT,(907) 828-8254,jstout@sisd.org,No,Yes,Yes,http://www.sisd.org/files/user/4/file/Student%20Handbook%20FY19.pdf,No,-9,Yes,No,No,Yes,No,No,Yes,No,0,1,6,0,Yes,-9,-9,-9,Yes,Yes,No,Yes,No
AK,ALASKA,200710,Southwest Region School District,PO Box 90,Dillingham,99576,No,605,0,8,Yes,Yes,Yes,STEVE,NOONKESSER,907-842-5287,snoonkesser@swrsd.org,STEVE,NOONKESSER,907-842-5287,snoonkesser@swrsd.org,LEESIA,O'SULLIVAN,907-842-5287,losullivan@swrsd.org,No,Yes,Yes,https://www.boardpolicyonline.com/?b=southwest_region&s=305913,No,-9,Yes,No,No,Yes,No,No,No,No,4,6,11,1,No,Yes,No,No,Yes,Yes,No,No,No
AK,ALASKA,200715,Tanana City School District,PO Box 89,Tanana,99777,No,49,0,1,Yes,Yes,Yes,MARIE,ASHTON,9073667203,tashton@aktcsd.org,MARIE,ASHTON,9073667203,tashton@aktcsd.org,MARIE,ASHTON,9073667203,tashton@aktcsd.org,No,Yes,No,-9,No,-9,No,-9,-9,-9,-9,-9,-9,-9,-9,-9,-9,-9,-9,-9,-9,-9,Yes,Yes,No,No,No
AK,ALASKA,200720,Unalaska City School District,PO Box 570,Unalaska,99685,No,476,0,2,Yes,Yes,Yes,JOHN,CONWELL,(907)581-3151,jconwell@ucsd.net,JOHN,CONWELL,(907)581-3151,jconwell@ucsd.net,JOHN,CONWELL,(907)581-3151,jconwell@ucsd.net,No,Yes,Yes,www.ucsd.net,No,-9,Yes,No,No,Yes,Yes,Yes,Yes,Yes,0,15,23,0,Yes,-9,-9,-9,Yes,No,No,Yes,No
AK,ALASKA,200730,Chatham School District,PO Box 109,Angoon,99820,No,174,0,3,Yes,Yes,Yes,BERNIE,GRIEVE,9077883302,bgrieve@chathamsd.org,BERNIE,GRIEVE,9077883302,bgrieve@chathamsd.org,BERNIE,GRIEVE,9077883302,bgrieve@chathamsd.org,No,Yes,Yes,https://boardpolicyonline.com/?b=chatham&s=8042,No,-9,No,-9,-9,-9,-9,-9,-9,-9,-9,-9,-9,-9,-9,-9,-9,-9,Yes,Yes,No,Yes,No
AK,ALASKA,200760,Kuspuk School District,PO Box 49,Aniak,99557,No,410,0,9,Yes,Yes,Yes,BERNARD,GRIEVE,907-675-4250,bgrieve@kuspuk.org,BERNARD,GRIEVE,907-675-4250,bgrieve@kuspuk.org,BERNARD,GRIEVE,907-675-4250,bgrieve@kuspuk.org,No,Yes,Yes,http://www.kuspuk.org,No,-9,Yes,No,No,Yes,No,Yes,Yes,Yes,0,34,23,0,Yes,-9,-9,-9,Yes,Yes,No,Yes,No
AK,ALASKA,200770,Denali Borough School District,PO Box 280,Healy,99743,No,974,0,4,Yes,Yes,Yes,ALESHA,FERGUSON,(907)683-2278,aleshaferguson@dbsd.org,ALESHA,FERGUSON,(907)683-2278,aleshaferguson@dbsd.org,ALESHA,FERGUSON,(907)683-2278,aleshaferguson@dbsd.org,No,Yes,No,-9,No,-9,No,-9,-9,-9,-9,-9,-9,-9,-9,-9,-9,-9,-9,-9,-9,-9,Yes,No,No,Yes,No
AK,ALASKA,200775,Yukon Flats School District,PO Box 350,Fort Yukon,99740,No,236,0,6,Yes,Yes,Yes,LANCE,BOWIE,907 662 2515,lance.bowie@yukonflats.net,LANCE,BOWIE,907 662 2515,lance.bowie@yukonflats.net,GALE,PRATT,907 712 4060,gale.pratt@yukonflats.net,No,Yes,Yes,www.yfsd.org,No,-9,No,-9,-9,-9,-9,-9,-9,-9,-9,-9,-9,-9,-9,-9,-9,-9,Yes,Yes,No,No,No
AK,ALASKA,200780,Valdez City School District,PO Box 398,Valdez,99686,No,649,29,4,Yes,Yes,Yes,LEA,COCKERHAM,(907)834-2305,lcockerham@valdezcityschools.org,LEA,COCKERHAM,(907)834-2305,lcockerham@valdezcityschools.org,SUZIE,MICHAUD,(907)83404714,smichaud@valdezcityschools.org,No,Yes,Yes,http://policy.microscribepub.com/cgi-bin/om_isapi.dll?clientID=460327650&depth=2&infobase=valdez_schools.nfo&record={14BF}&softpage=PL_frame,No,-9,Yes,No,No,No,Yes,No,Yes,Yes,0,5,3,0,No,Yes,No,Yes,Yes,Yes,No,No,No
AK,ALASKA,200800,Chugach School District,9312 Vanguard Dr Ste 100,Anchorage,99507,No,445,0,4,Yes,Yes,Yes,MIKE,HANLEY,9075227400,mhanley@chugachschools.com,MIKE,HANLEY,9075227400,mhanley@chugachschools.com,MIKE,HANLEY,9075227400,mhanley@chugachschools.com,No,Yes,Yes,https://www.boardpolicyonline.com/?b=chugach,No,-9,Yes,No,No,Yes,No,Yes,Yes,Yes,0,8,29,4,Yes,-9,-9,-9,Yes,No,No,Yes,No
AK,ALASKA,200810,Wrangell Public School District,PO Box 2319,Wrangell,99929,No,303,0,3,Yes,Yes,Yes,GAIL,TAYLOR,907-874-2321,gtaylor@wpsd.us,PATRICK,MAYER,907-874-2347,pmayer@wpsd.us,GAIL,TAYLOR,907-874-2321,gtaylor@wpsd.us,No,Yes,Yes,https://www.wpsd.us/cms/lib/AK01901527/Centricity/Domain/24/BP-5131.43%20Bullying.pdf,No,-9,Yes,No,No,Yes,No,No,Yes,Yes,0,0,1,0,No,Yes,No,No,Yes,Yes,No,No,No
AK,ALASKA,200840,Yakutat School District,PO Box 429,Yakutat,99689,No,83,0,1,Yes,Yes,Yes,PATRICK,MAYER,9077843317,patrickm@yakutatschools.org,PATRICK,MAYER,9077843317,patrickm@yakutataschools.org,PATRICK,MAYER,9077843317,patrickm@yakutatschools.org,No,Yes,No,-9,No,-9,No,-9,-9,-9,-9,-9,-9,-9,-9,-9,-9,-9,-9,-9,-9,-9,Yes,No,No,Yes,No
AK,ALASKA,200862,Yukon-Koyukuk School District,4762 Old Airport Way,Fairbanks,99709,No,293,0,10,Yes,Yes,Yes,KERRY,BOYD,9073749416,kboyd@yksd.com,KERRY,BOYD,9073749416,kboyd@yksd.com,KERRY,BOYD,9073749416,kboyd@yksd.com,No,Yes,Yes,https://www.boardpolicyonline.com/?b=yukon_koyukuk,No,-9,Yes,No,No,Yes,No,Yes,Yes,Yes,0,3,15,3,Yes,-9,-9,-9,Yes,Yes,No,No,No
