AL,ALABAMA,100005,Albertville City,107 W Main St,Albertville,35950,No,5445,0,6,Yes,Yes.1,Yes.2,TIMOTHY,TIDMORE,256-891-1183,ttidmore@albertk12.org,TIMOTHY.1,TIDMORE.1,256-891-1183.1,ttidmore@albertk12.org.1,TIMOTHY.2,TIDMORE.2,256-891-1183.2,ttidmore@albertk12.org.2,No.1,Yes.3,Yes.4,www.albertk12.org/apps/pages/index.jsp?uREC_ID=368921&type=d&termREC_ID=&pREC_ID=689254,Yes.5,No.2,Yes.6,Yes.7,Yes.8,Yes.9,No.3,No.4,Yes.10,No.5,1,6.1,127,0.1,Yes.11,-9,-9.1,-9.2,Yes.12,Yes.13,No.6,No.7,No.8
AL,ALABAMA,100009,Al Inst Deaf And Blind,P.O. Box 698 (35161),East  Talladega,35161,No,400,0,3,Yes,Yes,Yes,TRACI,MARTIN,2567613358,Martin.traci@aidb.org,VERA,HENDRIX,2567613331,hendrix.vera@aidb.org,DENNIS,GILLIAM,2567613737,Gilliam.dennis@aidb.org,No,Yes,No,-9,Yes,No,Yes,Yes,No,Yes,No,No,No,No,0,4,10,13,Yes,-9,-9,-9,Yes,Yes,No,No,No
AL,ALABAMA,100018,Alabama School of Fine Arts,"1800 Reverend Abraham Woods, Jr. Blvd.",Birmingham,35203,No,294,0,1,Yes,Yes,Yes,STUART,FLYNN,(205)242-9241,sflynn@asfa.k12.al.us,STUART,FLYNN,(205)242-9241,sflynn@asfa.k12.al.us,STUART,FLYNN,(205)242-9241,sflynn@asfa.k12.al.us,No,Yes,Yes,www.asfa.k12.al.us,No,-9,No,-9,-9,-9,-9,-9,-9,-9,-9,-9,-9,-9,-9,-9,-9,-9,No,-9,-9,-9,-9
AL,ALABAMA,100019,United Ability,100 Oslo Circle,Birmingham,35211,No,56,56,1,Yes,Yes,Yes,GARY,EDWARADS,205-944-3939,gedwards@unitedability.org,GARY,EDWARDS,205-944-3939,gedwards@unitedability.org,GARY,EDWARDS,205-944-3939,gedwards@unitedability.org,No,Yes,No,-9,Yes,Yes,Yes,No,Yes,No,No,Yes,Yes,Yes,0,5,6,1,Yes,-9,-9,-9,No,-9,-9,-9,-9
AL,ALABAMA,100020,Boyd School,P O Box 127,Green Pond,35074,No,6,0,0,No,Yes,Yes,-9,-9,-9,-9,JOEY,LEE,205-938-7663,jlee@theboydschool.org,MICHAEL,NIX,205-938-7663,mikeanix@yahoo.com,No,Yes,No,-9,No,-9,No,-9,-9,-9,-9,-9,-9,-9,-9,-9,-9,-9,-9,-9,-9,-9,No,-9,-9,-9,-9
AL,ALABAMA,100021,Brewer-Porch Childrens Center,P O Box 870156,Tuscaloosa,35487,No,97,0,1,Yes,Yes,Yes,GWENDOLYN,HOOD,205-348-5855,ghood@aalan.ua.edu,GWENDOLYN,HOOD,205-348-5855,ghood@aalan.ua.edu,LISA,DORR,205-348-7007,lisa.dorr@ua.edu,No,Yes,Yes,https://eop.ua.edu/harassment.html,No,-9,Yes,Yes,No,No,No,Yes,Yes,Yes,0,2,9,6,No,Yes,Yes,Yes,No,-9,-9,-9,-9
AL,ALABAMA,100022,Sequel TSI Courtland,P O Box 370,Courtland,35618,No,42,0,1,Yes,Yes,Yes,LONNIE,RANDALL,(256)637-2199,lonnie.randall@sequelyouthservices.com,LONNIE,RANDALL,(256)637-2199,lonnie.randall@sequelyouthservices.com,LONNIE,RANDALL,(256)637-2199,lonnie.randall@sequelyouthservices.com,No,Yes,Yes,http://courtland.sequelschools.com/common/files/Education_Manual_2017-2019.docx,No,-9,No,-9,-9,-9,-9,-9,-9,-9,-9,-9,-9,-9,-9,-9,-9,-9,No,-9,-9,-9,-9
AL,ALABAMA,100023,Sequel Madison TSI School of Alabama,1329 Browns Ferry Road,Madison,35758,No,54,0,1,Yes,Yes,Yes,JASON,SCRIVNER,(256)895-0710,jason.scrivner@sequelyouthservices.com,JASON,SCRIVNER,(256)895-0710,jason.scrivner@sequelyouthservices.com,JASON,SCRIVNER,(256)895-0710,jason.scrivner@sequelyouthservices.com,No,Yes,Yes,https://us6-broadcast.officeapps.live.com/m/Broadcast.aspx?Fi=94e9c73d6d0463cc%5F982b492f%2D2390%2D4250%2Dbacd%2D2ee865e813fd%2Dasync%2Edocx,No,-9,No,-9,-9,-9,-9,-9,-9,-9,-9,-9,-9,-9,-9,-9,-9,-9,No,-9,-9,-9,-9
AL,ALABAMA,100024,Sequel TSI- New Beginnings School/ Owens Crossroads,318 Hamer Road,Owens Cross Roads,35763,No,35,0,1,Yes,Yes,Yes,MAHALIAN,BOYKIN,256-725-7170,mahalian.boykin@sequelyouthservices.com,MAHALIAN,BOYKIN,256-725-7170,mahalian.boykin@sequelyouthservices.com,MAHALIAN,BOYKIN,256-725-7170,mahalian.boykin@sequelyouthservices.com,No,Yes,Yes,http://owenscrossroads.sequelschools.com.php56-17.dfw3-1.websitetestlink.com/common/files/Education_Manual_2017-2019.docx,No,-9,No,-9,-9,-9,-9,-9,-9,-9,-9,-9,-9,-9,-9,-9,-9,-9,No,-9,-9,-9,-9
AL,ALABAMA,100026,Sequel TSI Tuskegee,4280 U S Highway 29 South,Tuskegee,36083,No,39,0,1,Yes,Yes,Yes,MICHAEL,PROVITT,(334)727-2216,michael.provitt@sequelyouthservices.com,MICHAEL,PROVITT,(334)727-2216,michael.provitt@sequelyouthservices.com,MICHAEL,PROVITT,(334)727-2216,michael.provitt@sequelyouthservices.com,No,Yes,Yes,http://tuskegee.sequelschools.com.php56-17.dfw3-1.websitetestlink.com/common/files/Education_Manual_2017-2019.docx,No,-9,No,-9,-9,-9,-9,-9,-9,-9,-9,-9,-9,-9,-9,-9,-9,-9,No,-9,-9,-9,-9
AL,ALABAMA,100033,Glenwood Mental Health Services,150 Glenwood Lane,Birmingham,35242,No,47,47,2,Yes,Yes,Yes,DORA,GUNN,(205)795-3241,dgunn@glenwood.org,DORA,GUNN,(205)795-3241,dgunn@glenwood.org,DORA,GUNN,(205)795-3241,dgunn@glenwood.org,No,Yes,No,-9,No,-9,No,-9,-9,-9,-9,-9,-9,-9,-9,-9,-9,-9,-9,-9,-9,-9,No,-9,-9,-9,-9
AL,ALABAMA,100035,Learning Tree Inc,101 S Dubois Street,Tallassee,36078,No,112,0,3,Yes,Yes,Yes,BENJAMIN,ROGERS,(251)649-4420,brogers@learning-tree.org,BENJAMIN,ROGERS,(251)649-4420,brogers@learning-tree.org,BENJAMIN,ROGERS,(251)649-4420,brogers@learning-tree.org,No,Yes,No,-9,No,-9,Yes,Yes,Yes,No,No,Yes,Yes,No,0,22,19,0,Yes,-9,-9,-9,No,-9,-9,-9,-9
AL,ALABAMA,100036,Lee Co Youth Development Ctr,1109 Spring Drive Drive,Opelika,36801,No,80,87,1,Yes,Yes,Yes,SHERRY,COOK,3342031096,scook@lcydc.org,KUWONNA,INGRAM,3342031883,kingram@lcydc.org,KRISTA,COLLINS,3342031302,kholmes@lcydc.org,No,Yes,No,-9,No,-9,No,-9,-9,-9,-9,-9,-9,-9,-9,-9,-9,-9,-9,-9,-9,-9,No,-9,-9,-9,-9
AL,ALABAMA,100038,Pathway Inc,P O Box 311206,Enterprise,36331,No,162,162,0,Yes,Yes,Yes,BARBARA,MORRISON,(334)445-1285,barbara.m@pathway-inc.com,JOE,PEEPLES,(334)894-5591,jpeeples@pathway-inc.com,MARK,SULLIVAN,(334)894-5405,msullivan@pathway-inc.com,No,Yes,No,-9,No,-9,No,-9,-9,-9,-9,-9,-9,-9,-9,-9,-9,-9,-9,-9,-9,-9,No,-9,-9,-9,-9
AL,ALABAMA,100039,Presbyterian Home For Children,905 Ashland Highway,Talladega,35160,No,34,0,1,Yes,Yes,Yes,FELICIA,STOREY,(256)299-0292,fstorey@phfc.org,FELICIA,STOREY,(256)299-0292,fstorey@phfc.org,LINDA,HARRIS,(256)362-4314,lgharris@phfc.org,No,Yes,No,-9,No,-9,No,-9,-9,-9,-9,-9,-9,-9,-9,-9,-9,-9,-9,-9,-9,-9,Yes,Yes,Yes,No,No
AL,ALABAMA,100041,"Developing Alabama Youth Foundation, (DAY) Inc.",P O Box 1811,Alabaster,35007,No,59,0,1,Yes,Yes,Yes,CHRISTY,HAYES,2056641600,CHRISTY.HAYES@THEDAYPROGRAM.COM,CHRISTY,HAYES,2056641600,CHRISTY.HAYES@THEDAYPROGRAM.COM,CHRISTY,HAYES,2056641600,CHRISTY.HAYES@THEDAYPROGRAM.COM,No,Yes,No,-9,No,-9,No,-9,-9,-9,-9,-9,-9,-9,-9,-9,-9,-9,-9,-9,-9,-9,No,-9,-9,-9,-9
AL,ALABAMA,100044,The Rushton School,5201 Airport Highway,Birmingham,35212,No,67,0,1,Yes,Yes,Yes,JEFF,TOLBERT,205-705-1025,jtolbert@gway.org,JEFF,TOLBERT,2057051025,jtolbert@gway.org,DEBRA,SCRUGGS,2055102691,dscruggs@gway.org,No,Yes,No,-9,No,-9,No,-9,-9,-9,-9,-9,-9,-9,-9,-9,-9,-9,-9,-9,-9,-9,No,-9,-9,-9,-9
AL,ALABAMA,100178,Higdon Hill School,6869 5th Ave S,Birmingham,35212,No,252,130,0,Yes,No,Yes,STACY,MCQUEEN,205 8339000,stacy.mcqueen@uhsinc.com,-9,-9,-9,-9,STACY,MCQUEEN,205 8382057,stacy.mcqueen@uhsinc.com,No,No,-9,-9,No,-9,No,-9,-9,-9,-9,-9,-9,-9,-9,-9,-9,-9,-9,-9,-9,-9,No,-9,-9,-9,-9
AL,ALABAMA,100183,Alabama Clinical School,1221 Alton Drive,Birmingham,35210,Yes,75,0,1,Yes,Yes,Yes,CINDI,TAPSCOTT,205-836-9923,cynthia.tapscott@uhsinc.com,CINDI,TAPSCOTT,205-836-9923,cynthia.tapscott@uhsinc.com,CINDI,TAPSCOTT,205-836-9923,cynthia.tapscott@uhsinc.com,No,Yes,No,-9,No,-9,No,-9,-9,-9,-9,-9,-9,-9,-9,-9,-9,-9,-9,-9,-9,-9,Yes,Yes,No,No,No
AL,ALABAMA,100184,Excel Institute,1147 Walnut St,Gadsden,35901,No,1,1,1,Yes,Yes,Yes,MAEGAN,BURDINE,256-485-0498,mburdine@enrestorationinc.com,MAEGAN,BURDINE,256-485-0498,mburdine@enrestorationinc.com,MAEGAN,BURDINE,256-485-0498,mburdine@enrestorationinc.com,No,Yes,No,-9,Yes,No,No,-9,-9,-9,-9,-9,-9,-9,-9,-9,-9,-9,-9,-9,-9,-9,No,-9,-9,-9,-9
AL,ALABAMA,100188,Chickasaw City,201 N. Craft Hwy.,Chickasaw,36611,No,1217,1155,3,Yes,Yes,Yes,JODIE,MCPHERSON,251-452-2256,jmcpherson@chickasawschools.com,JODIE,MCPHERSON,251-452-2256,jmcpherson@chickasawschools.com,ANGIE,LEWIS,251-452-2256,alewis@chickasawschools.com,No,No,-9,-9,No,-9,No,-9,-9,-9,-9,-9,-9,-9,-9,-9,-9,-9,-9,-9,-9,-9,Yes,Yes,No,No,No
AL,ALABAMA,100198,Sequel TSI School of Montgomery,135 Mildred St,Montgomery,36104,No,20,0,1,Yes,Yes,Yes,THERESA,MITCHELL,(334)647-1780,theresa.mitchell@sequelyouthservices.com,THERESA,MITCHELL,(334)647-1780,theresa.mitchell@sequelyouthservices.com,THERESA,MITCHELL,(334)647-1780,theresa.mitchell@sequelyouthservices.com,No,Yes,Yes,http://montgomery.sequelschools.com.php56-17.dfw3-1.websitetestlink.com/common/files/Education_Manual_2017-2019.docx,No,-9,No,-9,-9,-9,-9,-9,-9,-9,-9,-9,-9,-9,-9,-9,-9,-9,No,-9,-9,-9,-9
AL,ALABAMA,100450,Brewton City,811 Belleville Ave,Brewton,36426,No,1114,0,3,Yes,Yes,Yes,HEIDI,KNAPP,(251)867-8400,hknapp@brewtoncityschools.org,HEIDI,KNAPP,(251)867-8400,hknapp@brewtoncityschools.org,HEIDI,KNAPP,(251)867-8400,hknapp@brewtoncityschools.org,No,Yes,Yes,www.brewtoncityschools.org,No,-9,Yes,No,No,Yes,No,No,No,No,0,4,2,4,No,Yes,Yes,Yes,Yes,Yes,No,No,No
AL,ALABAMA,100690,Choctaw County Board of Education,107 Tom Orr Dr.,Butler,36904,No,1363,0,4,Yes,Yes,Yes,ANGELA,PHILLIPS,205-459-3031 x2005,aphillips@choctawal.org,ANGELA,PHILLIPS,205-459-3031 x2005,aphillips@choctawal.prg,LESLIE,ALEXANDER,205-459-3031 x2025,lalexander@choctawal.org,Yes,Yes,Yes,http://www.choctawal.org/LinkClick.aspx?fileticket=MPrQNbr5A0E%3d&tabid=80994&portalid=580&mid=196968,No,-9,Yes,Yes,No,No,No,No,Yes,No,0,0,36,0,Yes,-9,-9,-9,Yes,Yes,No,No,No
AL,ALABAMA,100900,Coosa County,PO Box 37,Rockford,35136,No,878,0,3,Yes,Yes,Yes,ANDI,WILSON,256-377-4913,awilson@coosaschools.org,ANDI,WILSON,256-377-4913,awilson@coosaschools.org,ANDI,WILSON,256-377-4913,awilson@coosaschools.org,No,Yes,Yes,http://coosaschools.k12.al.us,No,-9,No,-9,-9,-9,-9,-9,-9,-9,-9,-9,-9,-9,-9,-9,-9,-9,Yes,Yes,No,No,No
AL,ALABAMA,101080,Daleville City,626 N Daleville Ave,Daleville,36322,No,939,6,2,Yes,Yes,Yes,KATHERYNE,HORACE,(334) 598 2456 #2216,horacek@daleville.k12.al.us,KATHERYNE,HORACE,(334) 598-2456 #2216,horacek@daleville.k12.al.us,KATHERYNE,HORACE,(334) 598-2456 #2216,horacek@daleville.k12.al.us,No,Yes,Yes,http://images.pcmac.org/Uploads/DalevilleCitySD/DalevilleCitySD/Divisions/DocumentsCategories/Documents/Policy_5.28__Student_Harassment_Prevention.pdf,No,-9,Yes,Yes,No,Yes,No,No,Yes,Yes,0,0,16,1,Yes,-9,-9,-9,Yes,Yes,No,No,No
AL,ALABAMA,101260,Elba City,131 Tiger Dr,Elba,36323,No,616,0,2,Yes,Yes,Yes,CHRIS,MOSELEY,334-897-3000 x108,cmoseley@elbaed.com,CHRIS,MOSELEY,334-897-3000 x108,cmoseley@elbaed.com,AMANDA,WILLIAMSON,334-897-3000 x104,awilliamson@elbaed.com,No,Yes,Yes,http://www.elbaed.com/Default.asp?PN=Pages&SubP=Level1&DivisionID=15505&DepartmentID=0&SubDepartmentID=0&PageID=22373&keyword=policy,No,-9,Yes,Yes,No,No,No,No,Yes,Yes,0,0,13,6,Yes,-9,-9,-9,Yes,Yes,No,No,No
AL,ALABAMA,101640,Geneva City,511 Panther Dr,Geneva,36340,No,1149,4,3,Yes,Yes,Yes,RON,SNELL,(334) 684-1090,snellr@gck12.com,RON,SNELL,(334) 684-1090,snellr@gck12.com,ERICA,WRIGHT,(334) 684-1090,wrighte@gck12.com,No,Yes,Yes,www.genevacity.schoolinsites.com/?DivisionID=13874,No,-9,Yes,Yes,Yes,Yes,Yes,No,No,No,0,2,2,1,No,Yes,No,No,Yes,Yes,No,No,No
AL,ALABAMA,101680,Greene County,220 Main St,Eutaw,35462,No,1083,0,3,Yes,Yes,Yes,CHARLAYNE,JORDAN RILEY,205.372.2101,cjordan@greene.k12.al.us,CHARLAYNE,JORDAN RILEY,205.372.2101,cjordan@greene.k12.al.us,ANGELIA,HOOD,205.372.2101,ahood@greene.k12.al.us,No,Yes,Yes,www.greene.k12.al.us,No,-9,Yes,Yes,No,No,No,Yes,Yes,Yes,0,0,36,67,Yes,-9,-9,-9,Yes,Yes,No,No,No
AL,ALABAMA,101980,Lanett City,105 North Lanier Ave,Lanett,36863,No,935,0,3,Yes,Yes,Yes,KATRINA,GOSS,3346445900,kgoss@lanettcityschools.org,KATRINA,GOSS,3346445900,kgoss@lanettcityschools.org,CHRISTY,CARPENTER,3346445900,kgoss@lanettcityschools.org,Yes,Yes,No,-9,No,-9,Yes,Yes,No,No,No,No,Yes,Yes,0,3,4,1,Yes,-9,-9,-9,Yes,Yes,No,No,No
AL,ALABAMA,102130,Linden City,PO Box 480609,Linden,36748,No,462,0,3,Yes,Yes,Yes,TERRY,GOSA,334-295-8802,tgosa@lindencity.org,TERRY,GOSA,334-295-8802,tgosa@lindencity.org,TERRY,GOSA,334-295-8802,tgosa@lindencity.org,No,Yes,Yes,www.lindencity.org,No,-9,Yes,Yes,No,No,No,No,Yes,Yes,0,0,10,8,Yes,-9,-9,-9,Yes,Yes,No,No,No
AL,ALABAMA,102250,Marengo County,PO Box 480339,Linden,36748,No,1054,0,3,Yes,Yes,Yes,LUTHER,HALLMARK,(334)295-4123,lhallmark@marengo.k12.al.us,LUTHER,HALLMARK,(334)295-4123,lhallmark@marengo.k12.al.us,KATHY,PRITCHETT,(334) 295-2271,kpritchett@marengo.k12.al.us,No,Yes,Yes,http://images.pcmac.org/Uploads/MarengoCounty/MarengoCounty/Sites/DocumentsCategories/Documents/HarrassmentPolicy.pdf,No,-9,Yes,No,Yes,No,No,No,Yes,Yes,0,0,32,5,Yes,-9,-9,-9,Yes,Yes,No,No,No
AL,ALABAMA,102350,Midfield City,417 Parkwood St,Midfield,35228,No,1047,0,3,Yes,Yes,Yes,RODERIC,ISSAC,209-923-2833,rissac@midfield.k12.al.us,KECIA,MATHEWS,"205-923-2262, Ext 1015",kmathews@midfield.k12.al.us,STEPHANIE,MATTHEWS,"205-923-2262, Ext 1008",smatthews@midfield.k12.al.us,No,Yes,Yes,midfield.k12.al.us/bullying,No,-9,Yes,Yes,No,No,No,No,No,Yes,0,0,0,0,No,No,No,No,Yes,Yes,No,No,No
AL,ALABAMA,102610,Opp City,PO Box 840,Opp,36467,No,1337,0,3,Yes,Yes,Yes,MICHAEL,SMITHART,(334) 493-3173,msmithart@oppboe.com,MICHAEL,SMITHART,(334) 493-3173,msmithart@oppboe.com,MICHAEL,SMITHART,(334) 493-3173,msmithart@oppboe.com,No,Yes,Yes,www.oppcityschools.com,No,-9,Yes,Yes,No,Yes,No,No,Yes,Yes,0,12,36,9,No,Yes,Yes,Yes,Yes,Yes,No,No,No
AL,ALABAMA,102670,Perry County,PO Box 900,Marion,36756,No,1312,0,2,Yes,Yes,Yes,COREY,JONES,334-683-6528 ext 53013,cljones@perrycountyal.org,COREY,JONES,334-683-6528 ext 53013,cljones@perrycountyal.org,COREY,JONES,334-683-6528 ext 53013,cljones@perrycountyal.org,No,Yes,Yes,www.perrycountyal.org,No,-9,No,-9,-9,-9,-9,-9,-9,-9,-9,-9,-9,-9,-9,-9,-9,-9,Yes,Yes,No,No,No
AL,ALABAMA,102760,Piedmont City,502 Hood St W,Piedmont,36272,No,1188,0,3,Yes,Yes,Yes,MIKE,HAYES,256-447-8831,mhayes@pcsboe.us,MIKE,HAYES,256-447-8831,mhayes@pcsboe.us,REVONDA,PRUITT,256-447-8831,rpruitt@pcsboe.us,Yes,Yes,Yes,http://www.piedmont.k12.al.us/?DivisionID=15413&ToggleSideNav=ShowAll,No,-9,Yes,Yes,No,No,No,Yes,Yes,Yes,0,1,8,1,Yes,-9,-9,-9,Yes,Yes,No,No,No
AL,ALABAMA,103000,Sheffield City,300 W 6th St,Sheffield,35660,No,1032,0,4,Yes,Yes,Yes,CARLOS,NELSON,(256)383-0400 x205,cnelson@scs.k12.al.us,CARLOS,NELSON,(256)383-0400 x205,cnelson@scs.k12.al.us,JULIE,BOX,(256)383-0400 x209,jbox@scs.k12.al.us,No,Yes,Yes,scs.k12.al.us,No,-9,Yes,No,Yes,No,No,No,Yes,Yes,0,0,49,85,No,Yes,Yes,Yes,Yes,Yes,No,No,No
AL,ALABAMA,103270,Tarrant City,1318 Alabama St,Tarrant,35217,No,1185,0,3,Yes,Yes,Yes,ANDREW,SMITH,205-849-3700,smitha@tarrant.k12.al.us,ANDREW,SMITH,205-849-3700,smitha@tarrant.k12.al.us,ANDREW,SMITH,205-849-3700,smitha@tarrant.k12.al.us,No,Yes,Yes,https://www.tarrant.k12.al.us/,No,-9,Yes,Yes,No,No,No,Yes,Yes,Yes,0,3,30,1,No,Yes,Yes,Yes,Yes,Yes,No,No,No
AL,ALABAMA,103300,Thomasville City,PO Box 458,Thomasville,36784,No,1154,1,3,Yes,Yes,Yes,GARTH,MOSS,334-636-9955,gmoss@thomasvilleschools.org,GARTH,MOSS,334-636-99558,gmoss@thomasvilleschools.org,DONNA,CALHOUN,334-636-9955,dcalhoun@thomasvilleschools.org,No,Yes,Yes,www.thomasvilleschools.org,Yes,Yes,Yes,Yes,No,No,No,Yes,Yes,Yes,1,5,30,0,Yes,-9,-9,-9,Yes,Yes,No,No,No
AL,ALABAMA,103540,Winfield City,PO Box 70,Winfield,35594,No,1249,0,3,Yes,Yes,Yes,RANDY,THOMLEY,205-487-6900,rthomley@winfield.k12.al.us,RANDY,THOMLEY,205-487-6900,rthomley@winfield.k12.al.us,JENNIFER,SIMMONS,205-487-4255,jsimmons@winfield.k12.al.us,No,Yes,Yes,winfield.k12.al.us,No,-9,Yes,No,Yes,No,No,No,Yes,Yes,0,0,32,0,No,Yes,Yes,Yes,Yes,Yes,No,No,No
