AL,ALABAMA,100005,Albertville City,107 W Main St,Albertville,35950,No,5445,0,6,Yes,Yes.1,Yes.2,TIMOTHY,TIDMORE,256-891-1183,ttidmore@albertk12.org,TIMOTHY.1,TIDMORE.1,256-891-1183.1,ttidmore@albertk12.org.1,TIMOTHY.2,TIDMORE.2,256-891-1183.2,ttidmore@albertk12.org.2,No.1,Yes.3,Yes.4,www.albertk12.org/apps/pages/index.jsp?uREC_ID=368921&type=d&termREC_ID=&pREC_ID=689254,Yes.5,No.2,Yes.6,Yes.7,Yes.8,Yes.9,No.3,No.4,Yes.10,No.5,1,6.1,127,0.1,Yes.11,-9,-9.1,-9.2,Yes.12,Yes.13,No.6,No.7,No.8
DE,DELAWARE,1000005,Positive Outcomes Charter School,3337 South DuPont Highway,Camden,19934,No,126,0,1,Yes,Yes,Yes,EDWARD,EMMETT,3026978805 x115,ed.emmett@pocs.k12.de.us,EDWARD,EMMETT,3026978805 x115,ed.emmett@pocs.k12.de.us,MEGAN,YEAGER,3026978805 x109,megan.yeager@pocs.k12.de.us,No,Yes,Yes,https://www.positiveoutcomescs.org/ourpages/auto/2017/4/5/48258088/Student%20Handbook%20FY2019.pdf,No,-9,No,-9,-9,-9,-9,-9,-9,-9,-9,-9,-9,-9,-9,-9,-9,-9,No,-9,-9,-9,-9
DE,DELAWARE,1000006,East Side Charter School,3000 North Claymont Street,Wilmington,19802,No,469,13,1,Yes,Yes,Yes,NICHOLAS,MEDAGLIO,267-261-4171,nicholas.medaglio@escs.k12.de.us,NICHOLAS,MEDAGLIO,267-261-4171,nicholas.medaglio@escs.k12.de.us,NICHOLAS,MEDAGLIO,267-261-4171,nicholas.medaglio@escs.k12.de.us,No,Yes,Yes,https://drive.google.com/file/d/15gLnBTwHkbO0yHFwNRvip3-7zfCBdUKi/view,No,-9,Yes,Yes,Yes,No,No,Yes,Yes,Yes,0,3,41,1,Yes,-9,-9,-9,Yes,Yes,No,No,No
DE,DELAWARE,1000007,Campus Community Charter School,350 Pear Street,Dover,19904,No,417,0,1,Yes,Yes,Yes,LEROY,TRAVERS,302-736-0403,Carolin.Lyon@ccs.k12.de.us,LEROY,TRAVERS,302-736-0403,carolin.lyon@ccs.k12.de.us,LEROY,TRAVERS,302-736-0403,carolin.lyon@ccs.k12.de.us,No,Yes,Yes,http://www.campuscommunityschool.com/content/about-us-campus-community-school,No,-9,No,-9,-9,-9,-9,-9,-9,-9,-9,-9,-9,-9,-9,-9,-9,-9,Yes,Yes,No,No,No
DE,DELAWARE,1000017,Academy of Dover Charter School,104 Saulsbury Road,Dover,19904,No,270,0,1,Yes,Yes,Yes,CHERI,MARSHALL,3026740684,cheri.marshall@aod.k12.de.us,CHERI,MARSHALL,3026740684,cheri.marshall@aod.k12.de.us,CHERI,MARSHALL,3026740684,cheri.marshall@aod.k12.de.us,No,Yes,Yes,http://www.aodcharter.org/content_pages/view/non_discrimination_stmt,No,-9,No,-9,-9,-9,-9,-9,-9,-9,-9,-9,-9,-9,-9,-9,-9,-9,Yes,Yes,No,No,No
DE,DELAWARE,1000022,Dept. of Svs. for Children Youth & Their Families,1825 Faulkland Road,Wilmington,19805,Yes,139,0,6,Yes,Yes,Yes,JACK,MCDONOUGH,(302)633-2626,john.r.mcdonough@state.de.us,JACK,MCDONOUGH,(302)633-2626,john.r.mcdonough@state.de.us,JACK,MCDONOUGH,(302)633-2626,john.r.mcdonough@state.de.us,No,Yes,Yes,https://dhr.delaware.gov/policies/,No,-9,No,-9,-9,-9,-9,-9,-9,-9,-9,-9,-9,-9,-9,-9,-9,-9,Yes,Yes,No,No,No
DE,DELAWARE,1000052,Gateway Lab School,2501 Centerville Road,Wilmington,19808,No,191,2,1,Yes,Yes,Yes,TIM,GRIFFITHS,302-633-4091,tim.griffiths@gls.k12.de.us,TIM,GRIFFITHS,302-633-4091,tim.griffiths@gls.k12.de.us,CARRIANNE,VANDRUZA,3026334091,carianne.vandruza@gls.k12.de.us,No,Yes,Yes,https://www.gatewaylabschool.org/apps/pages/index.jsp?uREC_ID=286863&type=d&pREC_ID=686777,No,-9,No,-9,-9,-9,-9,-9,-9,-9,-9,-9,-9,-9,-9,-9,-9,-9,No,-9,-9,-9,-9
DE,DELAWARE,1000054,First State Montessori Academy,1000  N. French Street,Wilmington,19801,No,509,0,1,Yes,Yes,Yes,COURTNEY,FOX,302-576-1500,courtney.fox@fsma.k12.de.us,COURTNEY,FOX,302-576-1500,courtney.fox@fsma.k12.de.us,LIZ,MADDEN,302-576-1500,liz.madden@fsma.k12.de.us,No,Yes,Yes,firststatemontessori.org,No,-9,No,-9,-9,-9,-9,-9,-9,-9,-9,-9,-9,-9,-9,-9,-9,-9,Yes,Yes,No,No,No
DE,DELAWARE,1000055,Early College High School at Delaware State University,1570 North DuPont Highway,Dover,19901,No,423,0,1,Yes,Yes,Yes,EVELYN,EDNEY,(302) 857-3510,evelyn.edney@echs.k12.de.us,EVELYN,EDNEY,(302) 857-3510,evelyn.edney@echs.k12.de.us,EVELYN,EDNEY,(302) 857-3510,evelyn.edney@echs.k12.de.us,No,Yes,Yes,https://echs.desu.edu/sites/desu.edu.echs/files/document/31/2016-17_echs_student_and_parent_handbook.pdf,No,-9,No,-9,-9,-9,-9,-9,-9,-9,-9,-9,-9,-9,-9,-9,-9,-9,No,-9,-9,-9,-9
DE,DELAWARE,1000057,First State Military Academy,355 West Duck Creek Road,Clayton,19938,No,315,0,1,Yes,Yes,Yes,STACEY,CLARK,302-223-2150,sclark@fsmilitary.org,AMBER,MILLER,302-223-2150,amiller@fsmilitary.org,ADAM,MCCARTHY,302-223-2150,amccarthy@fsmilitary.org,No,Yes,Yes,www.fsmilitary.org,No,-9,No,-9,-9,-9,-9,-9,-9,-9,-9,-9,-9,-9,-9,-9,-9,-9,No,-9,-9,-9,-9
DE,DELAWARE,1000059,Freire Charter School,201 W 14th St,Wilmington,19801,No,411,0,1,Yes,Yes,Yes,MAX,MATTHEWS,2675834456,max.matthews@buildthefuture.org,MAX,MATTHEWS,2675834456,max.matthews@buildthefuture.org,MAX,MATTHEWS,2675834456,max.matthews@buildthefuture.org,No,Yes,Yes,http://freirewilmington.org/wp-content/uploads/2018/08/2018-19-FCSW-Student-Family-Handbook-FINAL.pdf,No,-9,No,-9,-9,-9,-9,-9,-9,-9,-9,-9,-9,-9,-9,-9,-9,-9,No,-9,-9,-9,-9
DE,DELAWARE,1000062,Great Oaks Charter School,1200 North French St,Wilmington,19801,No,448,2,1,Yes,Yes,Yes,KIA,JOHNSON,(302)660-4790,kjohnson@greatoakscharter.org,KIA,JOHNSON,(302)660-4790,kjohnson@greatoakscharter.org,STEPHANIE,TORNONTO,(302)660-4790,storonto@greatoakscharter.org,No,Yes,Yes,https://greatoakscharter.org/wilmington/wp-content/uploads/sites/6/2017/01/GO-WIL-Student-Handbook-16-17.pdf,No,-9,No,-9,-9,-9,-9,-9,-9,-9,-9,-9,-9,-9,-9,-9,-9,-9,No,-9,-9,-9,-9
