AL,ALABAMA,100005,Albertville City,107 W Main St,Albertville,35950,No,5445,0,6,Yes,Yes.1,Yes.2,TIMOTHY,TIDMORE,256-891-1183,ttidmore@albertk12.org,TIMOTHY.1,TIDMORE.1,256-891-1183.1,ttidmore@albertk12.org.1,TIMOTHY.2,TIDMORE.2,256-891-1183.2,ttidmore@albertk12.org.2,No.1,Yes.3,Yes.4,www.albertk12.org/apps/pages/index.jsp?uREC_ID=368921&type=d&termREC_ID=&pREC_ID=689254,Yes.5,No.2,Yes.6,Yes.7,Yes.8,Yes.9,No.3,No.4,Yes.10,No.5,1,6.1,127,0.1,Yes.11,-9,-9.1,-9.2,Yes.12,Yes.13,No.6,No.7,No.8
DE,DELAWARE,1000004,Charter School of Wilmington,100 North duPont Road,Wilmington,19807,No,970,0,1,Yes,Yes,Yes,MARCY,SHINE,302-651-2727,mshine@charterschool.org,MARCH,SHINE,302-651-2727,mshine@charterschool.org,XUAN,BUI,302-651-2727,xbui@charterschool.org,No,Yes,Yes,http://www.charterschool.org/aboutus/boardofdirectors/downloads/policies/csw-bullying-prevention-policy2015.pdf,No,-9,No,-9,-9,-9,-9,-9,-9,-9,-9,-9,-9,-9,-9,-9,-9,-9,No,-9,-9,-9,-9
DE,DELAWARE,1000005,Positive Outcomes Charter School,3337 South DuPont Highway,Camden,19934,No,126,0,1,Yes,Yes,Yes,EDWARD,EMMETT,3026978805 x115,ed.emmett@pocs.k12.de.us,EDWARD,EMMETT,3026978805 x115,ed.emmett@pocs.k12.de.us,MEGAN,YEAGER,3026978805 x109,megan.yeager@pocs.k12.de.us,No,Yes,Yes,https://www.positiveoutcomescs.org/ourpages/auto/2017/4/5/48258088/Student%20Handbook%20FY2019.pdf,No,-9,No,-9,-9,-9,-9,-9,-9,-9,-9,-9,-9,-9,-9,-9,-9,-9,No,-9,-9,-9,-9
DE,DELAWARE,1000006,East Side Charter School,3000 North Claymont Street,Wilmington,19802,No,469,13,1,Yes,Yes,Yes,NICHOLAS,MEDAGLIO,267-261-4171,nicholas.medaglio@escs.k12.de.us,NICHOLAS,MEDAGLIO,267-261-4171,nicholas.medaglio@escs.k12.de.us,NICHOLAS,MEDAGLIO,267-261-4171,nicholas.medaglio@escs.k12.de.us,No,Yes,Yes,https://drive.google.com/file/d/15gLnBTwHkbO0yHFwNRvip3-7zfCBdUKi/view,No,-9,Yes,Yes,Yes,No,No,Yes,Yes,Yes,0,3,41,1,Yes,-9,-9,-9,Yes,Yes,No,No,No
DE,DELAWARE,1000007,Campus Community Charter School,350 Pear Street,Dover,19904,No,417,0,1,Yes,Yes,Yes,LEROY,TRAVERS,302-736-0403,Carolin.Lyon@ccs.k12.de.us,LEROY,TRAVERS,302-736-0403,carolin.lyon@ccs.k12.de.us,LEROY,TRAVERS,302-736-0403,carolin.lyon@ccs.k12.de.us,No,Yes,Yes,http://www.campuscommunityschool.com/content/about-us-campus-community-school,No,-9,No,-9,-9,-9,-9,-9,-9,-9,-9,-9,-9,-9,-9,-9,-9,-9,Yes,Yes,No,No,No
DE,DELAWARE,1000010,Edison (Thomas A.) Charter School,2200 North Locust Street,Wilmington,19802,No,730,0,1,Yes,Yes,Yes,LIZ,YATES,3027781101,LIZ.YATES@TECS.K12.DE.US,LIZ,YATES,3027781101,LIZ.YATES@TECS.K12.DE.US,MEGAN,BROWN,302-7781101,MEGAN.BROWN@TECS.K12.DE.US,No,Yes,Yes,http://thomasedison.charter.k12.de.us/Student-Life/Bullying-Prevention,No,-9,No,-9,-9,-9,-9,-9,-9,-9,-9,-9,-9,-9,-9,-9,-9,-9,Yes,Yes,No,No,No
DE,DELAWARE,1000011,Sussex Academy,21150 Airport Rd,Georgetown,19947,No,759,0,1,Yes,Yes,Yes,ANDREA,ROGERS,3028563636,andrea.rogers@saas.k12.de.us,ANDREA,ROGERS,3028563636,Andrea.Rogers@saas.k12.de.us,THOMAS,PEET,3028563636,thomas.peet@saas.k12.de.us,No,Yes,Yes,sussexacademy.org,No,-9,No,-9,-9,-9,-9,-9,-9,-9,-9,-9,-9,-9,-9,-9,-9,-9,No,-9,-9,-9,-9
DE,DELAWARE,1000014,Kuumba Academy Charter School,1200 North French Street,Wilmington,19801,No,655,0,1,Yes,Yes,Yes,SALLY,MALDONADO,302-660-4750,sally.maldonado@kummba.k12.de.us,SALLY,MALDONADO,302-660-4750,sally.maldonado@kummba.k12.de.us,SALLY,MALDONADO,302-660-4750,sally.maldonado@kummba.k12.de.us,No,Yes,Yes,https://drive.google.com/file/d/0Bw7OQP1K7udwUGNRQlZDRzF0MkU/view,No,-9,No,-9,-9,-9,-9,-9,-9,-9,-9,-9,-9,-9,-9,-9,-9,-9,Yes,Yes,No,No,No
DE,DELAWARE,1000015,Newark Charter School,2001 Patriot Way,Newark,19711,No,2354,1,1,Yes,Yes,Yes,CINDY,COYNE,3023692001,cindy.coyne@ncs.k12.de.us,GREG,MEECE,3023692001,gregory.meece@ncs.k12.de.us,JILL,SCANNELL,3023692001,jill.scannell@ncs.k12.de.us,No,Yes,Yes,www.newarkcharter.org,No,-9,No,-9,-9,-9,-9,-9,-9,-9,-9,-9,-9,-9,-9,-9,-9,-9,Yes,Yes,No,No,No
DE,DELAWARE,1000016,Delaware Military Academy,112 Middleboro Road,Wilmington,19804,No,582,0,1,Yes,Yes,Yes,MORGAN,BAHR,302-998-0745,morgan.bahr@dma.k12.de.us,MORGAN,BAHR,302-998-0745,morgan.bahr@dma.k12.de.us,ASHLEY,URQUHART,302-998-0745,ashley.urquhart@dma.k12.de.us,No,Yes,Yes,http://demilacad.org/policies.htm,No,-9,No,-9,-9,-9,-9,-9,-9,-9,-9,-9,-9,-9,-9,-9,-9,-9,No,-9,-9,-9,-9
DE,DELAWARE,1000017,Academy of Dover Charter School,104 Saulsbury Road,Dover,19904,No,270,0,1,Yes,Yes,Yes,CHERI,MARSHALL,3026740684,cheri.marshall@aod.k12.de.us,CHERI,MARSHALL,3026740684,cheri.marshall@aod.k12.de.us,CHERI,MARSHALL,3026740684,cheri.marshall@aod.k12.de.us,No,Yes,Yes,http://www.aodcharter.org/content_pages/view/non_discrimination_stmt,No,-9,No,-9,-9,-9,-9,-9,-9,-9,-9,-9,-9,-9,-9,-9,-9,-9,Yes,Yes,No,No,No
DE,DELAWARE,1000018,Providence Creek Academy Charter School,273 West Duck Creek Road,Clayton,19938,No,691,0,1,Yes,Yes,Yes,JENNIFER,DURHAM,(302)653-6276 x104,jennifer.durham@pca.k12.de.us,AUDREY,ERSCHEN,(302)653-6276 x106,audrey.erschen@pca.k12.de.us,JOAN,MESSICK,(302)653-6276 x234,joan.messick@pca.k12.de.us,No,Yes,Yes,http://www.pcasaints.org/wp-content/uploads/2016/02/Bully-Prev-Cyber-Bullying-Model-PolicyTemplate-2013-Final.docx,No,-9,No,-9,-9,-9,-9,-9,-9,-9,-9,-9,-9,-9,-9,-9,-9,-9,Yes,Yes,No,No,No
DE,DELAWARE,1000019,MOT Charter School,1156 Levels Road,Middletown,19709,No,1312,0,1,Yes,Yes,Yes,MERYL,HEWETT,(302)376-5125x1105,mhewett@motcharter.com,MERYL,HEWETT,(302)376-5125x1105,mhewett@motcharter.com,MERYL,HEWETT,(302)376-5125x1105,mhewett@motcharter.com,No,Yes,Yes,https://motcharter.com/wp-content/uploads/2015/01/MOT-Policy-on-Bullying-Prevention,No,-9,No,-9,-9,-9,-9,-9,-9,-9,-9,-9,-9,-9,-9,-9,-9,-9,Yes,Yes,No,No,No
DE,DELAWARE,1000021,Corrections - DOE,"35 Commerce Way, Suite 1",Dover,19904,No,933,916,4,Yes,Yes,Yes,MAUREEN,WHELAN,(302) 857-3342,maureen.whelan@doe.k12.de.us,MAUREEN,WHELAN,(302) 857-3342,maureen.whelan@doe.k12.de.us,MAUREEN,WHELAN,(302) 857-3342,maureen.whelan@doe.k12.de.us,No,Yes,Yes,https://www.doe.k12.de.us/page/2950,No,-9,No,-9,-9,-9,-9,-9,-9,-9,-9,-9,-9,-9,-9,-9,-9,-9,No,-9,-9,-9,-9
DE,DELAWARE,1000022,Dept. of Svs. for Children Youth & Their Families,1825 Faulkland Road,Wilmington,19805,Yes,139,0,6,Yes,Yes,Yes,JACK,MCDONOUGH,(302)633-2626,john.r.mcdonough@state.de.us,JACK,MCDONOUGH,(302)633-2626,john.r.mcdonough@state.de.us,JACK,MCDONOUGH,(302)633-2626,john.r.mcdonough@state.de.us,No,Yes,Yes,https://dhr.delaware.gov/policies/,No,-9,No,-9,-9,-9,-9,-9,-9,-9,-9,-9,-9,-9,-9,-9,-9,-9,Yes,Yes,No,No,No
DE,DELAWARE,1000024,Charter School of New Castle,170 Lukens Drive,New Castle,19720,No,754,0,1,Yes,Yes,Yes,NICHOLAS,MEDAGLIO,267-261-4171,nicholas.medaglio@escs.k12.de.us,NICHOLAS,MEDAGLIO,267-261-4171,nicholas.medaglio@escs.k12.de.us,NICHOLAS,MEDAGLIO,267-261-4171,nicholas.medaglio@escs.k12.de.us,No,Yes,Yes,https://drive.google.com/file/d/1F3RR2GyHJKGJiNPvCnWnLYU8O45FvuX-/view,No,-9,No,-9,-9,-9,-9,-9,-9,-9,-9,-9,-9,-9,-9,-9,-9,-9,Yes,Yes,No,No,No
DE,DELAWARE,1000026,Odyssey Charter School,4311 Lancaster Pike,Wilmington,19805,No,1661,0,1,Yes,Yes,Yes,RENEE,BEAMER,302-516-8000 x477,Renee.Beamer@Odyssey.k12.de.us,RENEE,BEAMER,302-516-8000 x477,Renee.Beamer@Odyssey.k12.de.us,RENEE,ICKES,302-516-8000 x428,Renee.Ickes@odyssey.k12.de.us,No,Yes,Yes,http://odysseycharterschooldel.com/school-overview/#codeofconduct,No,-9,No,-9,-9,-9,-9,-9,-9,-9,-9,-9,-9,-9,-9,-9,-9,-9,Yes,Yes,No,No,No
DE,DELAWARE,1000050,Las Americas Aspira Academy,326 Ruthar Drive,Newark,19711,No,746,0,1,Yes,Yes,Yes,MARGIE,LOPEZ-WAITE,302-292-1463,Margie.lopez-waite@laaa.k12.de.us,MARGIE,LOPEZ-WAITE,302-292-1463,Margie.lopez-waite@laaa.k12.de.us,MARGIE,LOPEZ-WAITE,302-292-1463,Margie.lopez-waite@laaa.k12.de.us,No,Yes,Yes,https://1.cdn.edl.io/hQWRWdGq36lQO0WO2X2ls9wAT0OrQoo4yvNuhaoM2bxrO3ww.pdf,Yes,Yes,Yes,No,Yes,No,No,Yes,Yes,Yes,0,3,3,1,No,Yes,Yes,Yes,Yes,Yes,No,No,No
DE,DELAWARE,1000052,Gateway Lab School,2501 Centerville Road,Wilmington,19808,No,191,2,1,Yes,Yes,Yes,TIM,GRIFFITHS,302-633-4091,tim.griffiths@gls.k12.de.us,TIM,GRIFFITHS,302-633-4091,tim.griffiths@gls.k12.de.us,CARRIANNE,VANDRUZA,3026334091,carianne.vandruza@gls.k12.de.us,No,Yes,Yes,https://www.gatewaylabschool.org/apps/pages/index.jsp?uREC_ID=286863&type=d&pREC_ID=686777,No,-9,No,-9,-9,-9,-9,-9,-9,-9,-9,-9,-9,-9,-9,-9,-9,-9,No,-9,-9,-9,-9
DE,DELAWARE,1000053,Academia Antonia Alonso,4403 Lancaster Pike,Wilmington,19805,No,589,0,1,Yes,Yes,Yes,MERCEDES,ALONSO,(302)351-8200,mercedes.alonso@academia.k12.de.us,MERCEDES,ALONSO,(302)351-8200,mercedes.alonso@academia.k12.de.us,MERCEDES,ALONSO,(302)351-8200,mercedes.alonso@academia.k12.de.us,No,Yes,Yes,http://academiacharterschool.com/wp-content/uploads/2017/03/aaa-anti-bullying-policy.pdf,No,-9,No,-9,-9,-9,-9,-9,-9,-9,-9,-9,-9,-9,-9,-9,-9,-9,Yes,Yes,No,No,No
DE,DELAWARE,1000054,First State Montessori Academy,1000  N. French Street,Wilmington,19801,No,509,0,1,Yes,Yes,Yes,COURTNEY,FOX,302-576-1500,courtney.fox@fsma.k12.de.us,COURTNEY,FOX,302-576-1500,courtney.fox@fsma.k12.de.us,LIZ,MADDEN,302-576-1500,liz.madden@fsma.k12.de.us,No,Yes,Yes,firststatemontessori.org,No,-9,No,-9,-9,-9,-9,-9,-9,-9,-9,-9,-9,-9,-9,-9,-9,-9,Yes,Yes,No,No,No
DE,DELAWARE,1000055,Early College High School at Delaware State University,1570 North DuPont Highway,Dover,19901,No,423,0,1,Yes,Yes,Yes,EVELYN,EDNEY,(302) 857-3510,evelyn.edney@echs.k12.de.us,EVELYN,EDNEY,(302) 857-3510,evelyn.edney@echs.k12.de.us,EVELYN,EDNEY,(302) 857-3510,evelyn.edney@echs.k12.de.us,No,Yes,Yes,https://echs.desu.edu/sites/desu.edu.echs/files/document/31/2016-17_echs_student_and_parent_handbook.pdf,No,-9,No,-9,-9,-9,-9,-9,-9,-9,-9,-9,-9,-9,-9,-9,-9,-9,No,-9,-9,-9,-9
DE,DELAWARE,1000057,First State Military Academy,355 West Duck Creek Road,Clayton,19938,No,315,0,1,Yes,Yes,Yes,STACEY,CLARK,302-223-2150,sclark@fsmilitary.org,AMBER,MILLER,302-223-2150,amiller@fsmilitary.org,ADAM,MCCARTHY,302-223-2150,amccarthy@fsmilitary.org,No,Yes,Yes,www.fsmilitary.org,No,-9,No,-9,-9,-9,-9,-9,-9,-9,-9,-9,-9,-9,-9,-9,-9,-9,No,-9,-9,-9,-9
DE,DELAWARE,1000059,Freire Charter School,201 W 14th St,Wilmington,19801,No,411,0,1,Yes,Yes,Yes,MAX,MATTHEWS,2675834456,max.matthews@buildthefuture.org,MAX,MATTHEWS,2675834456,max.matthews@buildthefuture.org,MAX,MATTHEWS,2675834456,max.matthews@buildthefuture.org,No,Yes,Yes,http://freirewilmington.org/wp-content/uploads/2018/08/2018-19-FCSW-Student-Family-Handbook-FINAL.pdf,No,-9,No,-9,-9,-9,-9,-9,-9,-9,-9,-9,-9,-9,-9,-9,-9,-9,No,-9,-9,-9,-9
DE,DELAWARE,1000062,Great Oaks Charter School,1200 North French St,Wilmington,19801,No,448,2,1,Yes,Yes,Yes,KIA,JOHNSON,(302)660-4790,kjohnson@greatoakscharter.org,KIA,JOHNSON,(302)660-4790,kjohnson@greatoakscharter.org,STEPHANIE,TORNONTO,(302)660-4790,storonto@greatoakscharter.org,No,Yes,Yes,https://greatoakscharter.org/wilmington/wp-content/uploads/sites/6/2017/01/GO-WIL-Student-Handbook-16-17.pdf,No,-9,No,-9,-9,-9,-9,-9,-9,-9,-9,-9,-9,-9,-9,-9,-9,-9,No,-9,-9,-9,-9
DE,DELAWARE,1000080,Appoquinimink School District,Tony Marchio Building,Odessa,19730,No,10876,0,16,Yes,Yes,Yes,STANLEY,SPOOR,3023764128,stanley.spoor@appo.k12.de.us,STANLEY,SPOOR,3023764128,stanley.spoor@appo.k12.de.us,ALBERT,VOLPE,3023764128,albert.volpe@appo.k12.de.us,No,Yes,Yes,https://secure.educationalnetworks.net/apps/s/index.jsp?ech=www.apposchooldistrict.com&f=2148,No,-9,Yes,Yes,No,Yes,No,No,No,No,0,50,41,7,No,Yes,No,No,Yes,Yes,No,No,No
DE,DELAWARE,1000170,Cape Henlopen School District,820 Savannah Road,Lewes,19958,No,5448,8,9,Yes,Yes,Yes,EDWARD,WAPLES,302-645-6686,Edward.waples@cape.k12.de.us,EDWARD,WAPLES,302-645-6686,Edward.waples@cape.k12.de.us,JEFFERY,CONRAD,302-645-6686,Jeff.conrad@cape.k12.de.us,No,Yes,Yes,Capehenlopenschool.com,No,-9,Yes,Yes,No,No,No,Yes,Yes,Yes,0,50,58,66,No,Yes,No,No,Yes,Yes,No,No,No
DE,DELAWARE,1000180,Caesar Rodney School District,7 Front Street,Wyoming,19934,No,7932,23,13,Yes,Yes,Yes,TAMARA,TOLES TORAIN,302-698-4800,tamara.tolestorain@cr.k12.de.us,TAMARA,TOLES TORAIN,302-698-4800,tamara.tolestorain@cr.k12.de.us,KEVIN,THOMPSON,302-698-4800,kevin.thompson@cr.k12.de.us,No,Yes,Yes,www.crk12.org/Page/1802,Yes,No,Yes,Yes,Yes,Yes,No,No,Yes,Yes,2,39,53,2,No,Yes,Yes,Yes,Yes,Yes,No,No,No
DE,DELAWARE,1000190,Capital School District,198 Commerce Way,Dover,19904,No,6487,28,12,Yes,Yes,Yes,MARY,COOKE,302-857-4214,mary.cooke@capital.k12.de.us,MARY,COOKE,302-857-4214,mary.cooke@capital.k12.de.us,JOYCE,DENMAN,302-857-4239,joyce.denman@capital.k12.de.us,No,Yes,Yes,http://www.boarddocs.com/de/csd/Board.nsf/goto?open&id=8AJ5G5721A95,Yes,Yes,Yes,Yes,No,Yes,No,Yes,Yes,Yes,20,78,36,2,No,Yes,Yes,Yes,Yes,Yes,No,No,No
DE,DELAWARE,1000200,Christina School District,Drew Educational Support Build,Wilmington,19801,No,14229,392,30,Yes,Yes,Yes,EDWARD,MAYFIELD,(302)552-2601,edward.mayfield@christina.k12.de.us,EDWARD,MAYFIELD,(302)552-2601,edward.mayfield@christina.k12.de.us,MICHELE,MARINUCCI,(302)552-2685,michele.marinucci@christina.k12.de.us,No,Yes,Yes,http://www.christinak12.org/district-policy/section-2000/ps-02-25.pdf,Yes,No,Yes,Yes,Yes,Yes,Yes,Yes,Yes,Yes,19,196,331,52,No,Yes,Yes,Yes,Yes,Yes,No,No,No
DE,DELAWARE,1000230,Colonial School District,318 East Basin Road,New Castle,19720,No,9870,52,15,Yes,Yes,Yes,ELIZABETH,FLEETWOOD,302-323-2712,elizabeth.fleetwood@colonial.k12.de.us,ELIZABETH,FLEETWOOD,302-323-2712,elizabeth.fleetwood@colonial.k12.de.us,JON,COOPER,302-323-2872,jon.cooper@colonial.k12.de.us,No,Yes,Yes,http://www.colonialschooldistrict.org/wp-content/uploads/2018/08/2018-2019-Colonial-School-District-Student-Code-of-Conduct-Board-Approved-ENG-7-26-18-1.pdf,No,-9,Yes,Yes,Yes,Yes,Yes,Yes,Yes,Yes,9,57,99,6,No,Yes,Yes,Yes,Yes,Yes,No,No,No
DE,DELAWARE,1000270,Delmar School District,200 North Eighth Street,Delmar,19940,No,1360,0,2,Yes,Yes,Yes,ADA,PUZZO,302-846-9544 x177,ada.puzzo@delmar.k12.de.us,ADA,PUZZO,302-846-9544 x177,ada.puzzo@delmar.k12.de.us,ADA,PUZZO,302-846-9544 x177,ada.puzzo@delmar.k12.de.us,No,Yes,Yes,https://www.delmar.k12.de.us/apps/pages/index.jsp?uREC_ID=276264&type=d,No,-9,Yes,No,No,Yes,No,No,No,No,0,1,2,0,No,Yes,No,No,No,-9,-9,-9,-9
DE,DELAWARE,1000680,Indian River School District,31 Hosier Street,Selbyville,19975,No,10654,0,17,Yes,Yes,Yes,JACK,"OWENS, JR",3024361000,jack.owens@irsd.k12.de.us,JACK,"OWENS, JR",3024361000,jack.owens@irsd.k12.de.us,JACK,"OWENS, JR",3024361000,jack.owns@irsd.k12.de.us,No,Yes,Yes,www.irsd.net,Yes,Yes,Yes,Yes,Yes,Yes,Yes,Yes,Yes,Yes,8,58,168,18,Yes,-9,-9,-9,Yes,Yes,No,No,No
DE,DELAWARE,1000750,POLYTECH School District,PO Box 22,Woodside,19980,No,1194,1,1,Yes,Yes,Yes,ANDREW,WOOTTEN,302-697-4535,andrew.wootten@polytech.k12.de.us,ANDREW,WOOTTEN,302-697-4535,andrew.wootten@polytech.k12.de.us,VIENNA,WALKER,302-697-3255 x2020,vienna.walker@polytech.k12.de.us,No,Yes,Yes,https://polytechschooldistrict.com/apps/pages/?uREC_ID=172622&type=d,No,-9,No,-9,-9,-9,-9,-9,-9,-9,-9,-9,-9,-9,-9,-9,-9,-9,No,-9,-9,-9,-9
DE,DELAWARE,1000790,Lake Forest School District,5423 Killens Pond Road,Felton,19943,No,3892,15,7,Yes,Yes,Yes,TRAVIS,MOORMAN,302-284-3020 x123,travis.moorman@lf.k12.de.us,TRAVIS,MOORMAN,302-284-3020 x123,travis.moorman@lf.k12.de.us,BERNARDETTE,MAXWELL,302-284-3020 x109,bernardette.maxwell@lf.k12.de.us,No,Yes,Yes,https://www.lf.k12.de.us/?page_id=719/,No,-9,Yes,No,No,Yes,Yes,No,Yes,No,0,0,33,0,No,Yes,Yes,Yes,Yes,Yes,No,No,No
DE,DELAWARE,1000810,Laurel School District,1160 South Central Avenue,Laurel,19956,No,2449,3,4,Yes,Yes,Yes,ASHLEY,GISKA,302-875-6100,ashley.giska@laurel.k12.de.us,ASHLEY,GISKA,302-875-6100,ashley.giska@laurel.k12.de.us,TODD,SIMPSON,302-875-6100,todd.simpson@laurel.k12.de.us,No,Yes,No,-9,No,-9,Yes,No,No,Yes,Yes,Yes,Yes,Yes,0,35,39,1,Yes,-9,-9,-9,Yes,Yes,No,No,No
DE,DELAWARE,1001080,Milford School District,906 Lakeview Avenue,Milford,19963,No,4019,0,6,Yes,Yes,Yes,JASON,PEEL,(302)422-1600 X222,JPEEL@MSD.K12.DE.US,JASON,PEEL,(302)422-1600 X222,JPEEL@MSD.K12.DE.US,LAURA,MANGES,(302)422-1600 X216,LMANGES@MSD.K12.DE.US,No,Yes,Yes,https://www.milfordschooldistrict.org/district/board/policies.jsp,Yes,No,Yes,No,No,Yes,No,No,No,No,0,29,38,0,No,Yes,No,No,Yes,Yes,No,No,No
DE,DELAWARE,1001240,Brandywine School District,1311 Brandywine Boulevard,Wilmington,19809,No,10479,192,17,Yes,Yes,Yes,KIM,DOHERTY,(302)793-5000,kim.doherty@bsd.k12.de.us,KIM,DOHERTY,(302)793-5000,kim.doherty@bsd.k12.de.us,LISA,LAWSON,(302)793-5000,lisa.lawson@bsd.k12.de.us,No,Yes,Yes,www.brandywineschools.org,No,-9,Yes,Yes,Yes,Yes,Yes,Yes,Yes,Yes,0,0,192,717,Yes,-9,-9,-9,Yes,Yes,No,No,No
DE,DELAWARE,1001280,New Castle County Vocational-Technical School District,1417 Newport Road,Wilmington,19804,No,4725,0,4,Yes,Yes,Yes,GERALD,ALLEN,302-995-8043,gerald.allen@nccvt.k12.de.us,GERALD,ALLEN,302-995-8043,gerald.allen@nccvt.k12.de.u,DAVID,JEZYK,302-683-3657,david.jezyk@nccvt.k12.de.us,No,Yes,Yes,www.nccvt.k12.de.us/wp/wp-content/uploads/2018/06/Student-Parent-Handbook-2018-19.pdf,No,-9,No,-9,-9,-9,-9,-9,-9,-9,-9,-9,-9,-9,-9,-9,-9,-9,No,-9,-9,-9,-9
DE,DELAWARE,1001300,Red Clay Consolidated School District,1502 Spruce Avenue,Wilmington,19805,No,15741,148,27,Yes,Yes,Yes,CHRISTINE,SMITH,(302)552-3778,Christine.smith@redclay.k12.de.us,CHRISTINE,SMITH,(302)552-3778,Christine.smith@redclay.k12.de.us,SARAH,CELESTIN,(302) 552-3778,sarah.celestin@redclay.k12.de.us,No,Yes,Yes,https://www.redclayschools.com/domain/1278,Yes,Yes,Yes,Yes,Yes,Yes,Yes,Yes,Yes,Yes,15,106,178,22,Yes,-9,-9,-9,Yes,Yes,No,Yes,No
DE,DELAWARE,1001530,Seaford School District,390 North Market Street Extend,Seaford,19973,No,3464,12,6,Yes,Yes,Yes,CHESTER,COX,3026294587,chester.cox@seaford.k12.de.us,DUNCAN,SMITH,3026294587,duncan.smith@seaford.k12.de.us,SHARON,DIGIROLAMO,3026294587,sharon.digirolamo@seaford.k12.de.us,No,Yes,Yes,https://4.files.edl.io/d343/10/15/18/151202-db10e026-8948-4131-800d-c93068dfa034.pdf,No,-9,Yes,Yes,No,Yes,No,Yes,Yes,No,0,42,26,0,No,Yes,No,No,Yes,Yes,No,No,No
DE,DELAWARE,1001620,Smyrna School District,82 Monrovia Avenue,Smyrna,19977,No,5489,0,8,Yes,Yes,Yes,PATRIK,WILLIAMS,3026538585,patrik.williams@smyrna.k12.de.us,PATRIK,WILLIAMS,3026538585,patrik.williams@smyrna.k12.de.us,RACHAEL,RUDINOFF,3026538585,Rachael.Rudinoff@smyrna.k12.de.us,No,Yes,Yes,https://www.smyrna.k12.de.us/apps/pages/index.jsp?uREC_ID=339793&type=d,Yes,No,Yes,No,No,Yes,Yes,Yes,Yes,Yes,6,28,34,7,No,Yes,No,No,Yes,Yes,No,No,No
DE,DELAWARE,1001680,Sussex Technical School District,PO Box 351,Georgetown,19947,No,1233,0,1,Yes,Yes,Yes,JOHN,SELL,302-856-9509,john.sell@sussexvt.k12.de.us,JOHN,SELL,302-856-9509,john.sell@sussexvt.k12.de.us,JOHN,SELL,302-856-9509,john.sell@sussexvt.k12.de.us,No,Yes,Yes,https://www.sussexvt.k12.de.us/highschool/bullying-and-cyberbullying-prevention-policy/,No,-9,No,-9,-9,-9,-9,-9,-9,-9,-9,-9,-9,-9,-9,-9,-9,-9,No,-9,-9,-9,-9
DE,DELAWARE,1001850,Woodbridge School District,16359 Sussex Highway,Bridgeville,19933,No,2537,0,4,Yes,Yes,Yes,DEREK,PRILLAMAN,302-337-7990,DEREK.PRILLAMAN@WSD.K12.DE.US,DEREK,PRILLAMAN,302-337-7990,DEREK.PRILLAMAN@WSD.K12.DE.US,ELYSE,BAERGA,302-337-7990,ELYSE.BAERGA@WSD.K12.DE.US,No,Yes,Yes,https://www.woodbridgeraiders.net/uploads/4/6/2/4/46241301/801_code_of_conduct.pdf,Yes,Yes,Yes,No,No,Yes,Yes,Yes,Yes,Yes,0,19,16,0,Yes,-9,-9,-9,Yes,Yes,No,No,No
