State Postal Code,State FIPS Code,District ID,Name,Estimated Total Population,Estimated Population 5-17,Estimated number of relevant children 5 to 17 years old in poverty who are related to the householder
VA,51,180,Amelia County Public Schools,13020,1998,273
VA,51,330,Bath County Public Schools,4297,466,65
VA,51,390,Bland County Public Schools,6350,775,114
VA,51,560,Buena Vista City Public Schools,6327,967,174
VA,51,720,Charles City County Public Schools,7004,793,135
VA,51,870,Clarke County Public Schools,14508,2272,157
VA,51,930,Colonial Beach Town Public Schools,3561,464,185
VA,51,990,Covington City Public Schools,5531,850,172
VA,51,1020,Craig County Public Schools,5062,711,127
VA,51,22,Dahlgren Department of Defense School District,669,116,7
VA,51,1230,Fairfax City Public Schools,24097,3419,282
VA,51,1290,Falls Church City Public Schools,14583,2662,69
VA,51,1380,Fluvanna County Public Schools,26452,4081,325
VA,51,1650,Goochland County Public Schools,22685,3172,228
VA,51,1950,Highland County Public Schools,2212,216,37
VA,51,2120,King William County Public Schools,13240,2246,222
VA,51,2070,King and Queen County Public Schools,7003,962,161
VA,51,2160,Lancaster County Public Schools,10788,1201,272
VA,51,2220,Lexington City Public Schools,7106,562,56
VA,51,2370,Madison County Public Schools,13277,2032,279
VA,51,2390,Manassas Park City Public Schools,16591,3222,313
VA,51,2430,Mathews County Public Schools,8779,1054,164
VA,51,2490,Middlesex County Public Schools,10679,1238,272
VA,51,2610,New Kent County Public Schools,21682,3289,230
VA,51,2760,Norton City Public Schools,3936,624,181
VA,51,2980,Poquoson City Public Schools,12053,2095,100
VA,51,3030,Powhatan County Public Schools,28601,4071,247
VA,51,23,Quantico Marine Corps Center School District,7879,927,27
VA,51,3180,Radford City Public Schools,17658,1605,254
VA,51,3210,Rappahannock County Public Schools,7321,962,136
VA,51,3270,Richmond County Public Schools,8939,1151,241
VA,51,3750,Surry County Public Schools,6540,859,162
VA,51,3950,West Point Town Public Schools,3468,625,34
VA,51,4020,Williamsburg City Public Schools,15031,1157,255
