AL,ALABAMA,100005,Albertville City,107 W Main St,Albertville,35950,No,5445,0,6,Yes,Yes.1,Yes.2,TIMOTHY,TIDMORE,256-891-1183,ttidmore@albertk12.org,TIMOTHY.1,TIDMORE.1,256-891-1183.1,ttidmore@albertk12.org.1,TIMOTHY.2,TIDMORE.2,256-891-1183.2,ttidmore@albertk12.org.2,No.1,Yes.3,Yes.4,www.albertk12.org/apps/pages/index.jsp?uREC_ID=368921&type=d&termREC_ID=&pREC_ID=689254,Yes.5,No.2,Yes.6,Yes.7,Yes.8,Yes.9,No.3,No.4,Yes.10,No.5,1,6.1,127,0.1,Yes.11,-9,-9.1,-9.2,Yes.12,Yes.13,No.6,No.7,No.8
VA,VIRGINIA,5100017,NEW HORIZONS REGIONAL EDUC CTR-SPEC ED,13400 Woodside Lane,Newport News,23608,No,245,0,2,Yes,Yes,Yes,CIWAKA,JOHNSON,757-874-4444 x3377,ciwaka.johnson@nhrec.org,CIWAKA,JOHNSON,757-874-4444 x3377,ciwaka.johnson@nhrec.org,CIWAKA,JOHNSON,757-874-4444 x3377,ciwaka.johnson@nhrec.org,No,Yes,Yes,nhrec.org/na/students/student-handbook,No,-9,No,-9,-9,-9,-9,-9,-9,-9,-9,-9,-9,-9,-9,-9,-9,-9,Yes,Yes,No,No,No
VA,VIRGINIA,5100018,Piedmont Regional ED.,"1434 Rolkin Court, Suite 201",Charlottesville,22911,No,83,621,1,Yes,Yes,Yes,TONI,ELITHARP,(434)975-9400,telitharp@k12albemarle.org,TONI,ELITHARP,(434)975-9400,telitharp@k12albemarle.org,TONI,ELITHARP,(434)975-9400,telitharp@k12albemarle.org,No,Yes,No,-9,No,-9,No,-9,-9,-9,-9,-9,-9,-9,-9,-9,-9,-9,-9,-9,-9,-9,Yes,Yes,No,No,No
VA,VIRGINIA,5100020,SOUTHEASTERN COOP ED PGM,6160 Kempsville Cir,Norfolk,23502,No,365,0,5,Yes,Yes,Yes,CHRISTOPHER,OLD,7578926100,old.christopher@secep.net,CHRISTOPHER,OLD,7578926100,old.christopher@secep.net,CHRISTOPHER,OLD,7578926100,old.christopher@secep.net,No,Yes,Yes,https://www.secep.net/domain/77,No,-9,No,-9,-9,-9,-9,-9,-9,-9,-9,-9,-9,-9,-9,-9,-9,-9,No,-9,-9,-9,-9
VA,VIRGINIA,5100032,APPOMATTOX REGIONAL GOV SCH,512 W. Washington Street,Petersburg,23803,No,350,0,1,Yes,Yes,Yes,SUSANN,WHITTIER,(804) 722-0200,swhittier@args.us,SUSANN,WHITTIER,(804) 722-0200,swhittier@args.us,VERONICA,KOUASSI,(804) 722-0200,vkouassi@args.us,No,Yes,Yes,www.args.us,No,-9,No,-9,-9,-9,-9,-9,-9,-9,-9,-9,-9,-9,-9,-9,-9,-9,No,-9,-9,-9,-9
VA,VIRGINIA,5100042,DOE SOP EDUC PROGRAMS,PO Box 2120,Richmond,23218,Yes,647,0,23,Yes,Yes,Yes,LAURIE,COOPER,804-786-1812,laurie.cooper@doe.virginia.gov,LAURIE,COOPER,804-786-1812,laurie.cooper@doe.virginia.gov,LAURIE,COOPER,804-786-1812,laurie.cooper@doe.virginia.gov,No,No,-9,-9,No,-9,No,-9,-9,-9,-9,-9,-9,-9,-9,-9,-9,-9,-9,-9,-9,-9,No,-9,-9,-9,-9
VA,VIRGINIA,5100058,The Virginia School for the Deaf and the Blind,PO Box 2069,Staunton,24402,No,84,0,2,Yes,Yes,Yes,TESSY,SCHLEMMER,540-332-9065,tessy.schlemmer@vsdbs.virginia.gov,TESSY,SCHLEMMER,540-332-9065,tessy.schlemmer@vsdbs.virginia.gov,TESSY,SCHLEMMER,540-332-9065,tessy.schlemmer@vsdbs.virginia.gov,No,Yes,Yes,https://www.vsdb.k12.va.us/vsdb/about/policies/,No,-9,Yes,Yes,No,Yes,No,No,No,No,0,0,0,0,No,Yes,No,Yes,Yes,Yes,No,Yes,No
VA,VIRGINIA,5100061,MAGGIE L. WALKER GOV SCH,1000 N. Lombardy St.,Richmond,23220,No,749,0,1,Yes,Yes,Yes,ROBERT,LOWERRE,(804)354-6800 x2180,rlowerre@gsgis.k12.va.us,ROBERT,LOWERRE,(804)354-6800 x2180,rlowerre@gsgis.k12.va.us,ROBERT,LOWERRE,(804)354-6800 x2180,rlowerre@gsgis.k12.va.us,No,Yes,Yes,https://mlwgs.com/wp-content/uploads/2018/10/Pol-8000-Prohibition-Against-Harassment-Amended-Final-2018.pdf,No,-9,No,-9,-9,-9,-9,-9,-9,-9,-9,-9,-9,-9,-9,-9,-9,-9,No,-9,-9,-9,-9
VA,VIRGINIA,5100070,DEPARTMENT OF JUVENILE JUSTICE,600 East Main Street,Richmond,23219,Yes,118,8,1,Yes,Yes,Yes,LISA,FLOYD,(804)371-0700,lisa.floyd@djj.virginia.gov,LISA,FLOYD,(804)371-0700,lisa.floyd@djj.virginia.gov,JILL,BECKER,(804)371-0700,jill.becker@djj.virginia.gov,No,Yes,No,-9,No,-9,No,-9,-9,-9,-9,-9,-9,-9,-9,-9,-9,-9,-9,-9,-9,-9,No,-9,-9,-9,-9
VA,VIRGINIA,5100072,LYNCHBURG CITY SECONDARY ALTERNATIVE,1200-1208 Polk Street,Lynchburg,24504,No,107,0,1,Yes,Yes,Yes,APRIL,BRUCE,434 515-5039,bruceam@lcsedu.net,APRIL,BRUCE,434 515-5039,bruceam@lcsedu.net,APRIL,BRUCE,434 515-5039,bruceam@lcsedu.net,Yes,Yes,Yes,www.lcsedu.net/schoolboard/policymanual/jfhaz,No,-9,No,-9,-9,-9,-9,-9,-9,-9,-9,-9,-9,-9,-9,-9,-9,-9,No,-9,-9,-9,-9
VA,VIRGINIA,5100073,ENTERPRISE ACADEMY/NEWPORT NEWS CITY,813 Diligence Dr Ste 110,Newport News,23606,No,32,0,1,Yes,Yes,Yes,NINA,FARRISH,7578815061,nina.farrish@nn.k12.va.us,NINA,FARRISH,7578815061,nina.farrish@nn.k12.va.us,NINA,FARRISH,7578815061,nina.farrish@nn.k12.va.us,Yes,Yes,Yes,sbo.nn.k12.va.us/resources/handbook/rights_resp.pdf,No,-9,No,-9,-9,-9,-9,-9,-9,-9,-9,-9,-9,-9,-9,-9,-9,-9,No,-9,-9,-9,-9
VA,VIRGINIA,5100074,TIDEWATER REGIONAL ALTERNATIVE ED PROJECT,C/O SECEP,Norfolk,23502,No,104,0,1,Yes,Yes,Yes,CHRISTOPHER,OLD,7578916100,old.christopher@secep.net,CHRISTOPHER,OLD,7578926100,old.christopher@secep.net,CHRISTOPHER,OLD,7578929100,old.christopher@secep.net,No,Yes,Yes,https://www.secep.net/domain/77,No,-9,No,-9,-9,-9,-9,-9,-9,-9,-9,-9,-9,-9,-9,-9,-9,-9,No,-9,-9,-9,-9
VA,VIRGINIA,5100075,REG ALTERNATIVE PLUS SELF PROJECT/ROANOKE CITY,40 Douglass Avenue,Roanoke,24012,No,81,0,1,Yes,Yes,Yes,TIMOTHY,HAHN,(540)853-1393,thahn@rcps.info,TIMOTHY,HAHN,(540)853-1393,thahn@rcps.info,HAYLEY,POLAND,(540)853-1437,hpoland@rcps.info,No,Yes,Yes,https://www.rcps.info/common/pages/DisplayFile.aspx?itemId=11611765,No,-9,No,-9,-9,-9,-9,-9,-9,-9,-9,-9,-9,-9,-9,-9,-9,-9,No,-9,-9,-9,-9
VA,VIRGINIA,5100078,ALT ED PRGM/BEHAV DISORD YOUTH/MONTGOMERY,C/O Montgomery Co Public Schls,Christiansburg,24073,No,177,0,1,Yes,Yes,Yes,ANNIE,WHITAKER,(540)382-5100,ANNIEWHITAKER@MCPS.ORG,ANNIE,WHITAKER,(540)382-5100,ANNIEWHITAKER@MCPS.ORG,ANNIE,WHITAKER,(540)382-5100,ANNIEWHITAKER@MCPS.ORG,No,Yes,Yes,http://www.boarddocs.com/vsba/mcps/Board.nsf/goto?open&id=8TVKYG542627,No,-9,No,-9,-9,-9,-9,-9,-9,-9,-9,-9,-9,-9,-9,-9,-9,-9,No,-9,-9,-9,-9
VA,VIRGINIA,5100080,REGIONAL ALTERNATIVE/PITTSLVANIA CO,C/O Pittsylvania Co Pub Schls,Chatham,24531,No,111,76,20,Yes,Yes,Yes,STEVEN,MAYHEW,434-432-2761,steven.mayhew@pcs.k12.va.us,JEFF,EARLY,434-432-2761,jeff.early@pcs.k12.va.us,JEFF,EARLY,434-432-2761,jeff.early@pcs.k12.va.us,No,Yes,Yes,https://www.boarddocs.com/vsba/pcsva/Board.nsf/Public,Yes,No,Yes,Yes,No,No,No,No,Yes,No,2,16,293,9,Yes,-9,-9,-9,Yes,Yes,No,No,No
VA,VIRGINIA,5100082,THE REGIONAL COMMUNITY ALTERNATIVE ED CONTINUUM,C/O Southeastern Alt School,Midland,22728,No,74,0,1,Yes,Yes,Yes,FRANK,FINN,540-422-7100,ffinn@fcps1.org,FRANK,FINN,540-422-7100,ffinn@fcps1.org,RANDY,CORPENING,540-422-7100,rcorpening@fcps1.org,No,Yes,Yes,https://www.boarddocs.com/va/fcps/Board.nsf/Public,No,-9,No,-9,-9,-9,-9,-9,-9,-9,-9,-9,-9,-9,-9,-9,-9,-9,No,-9,-9,-9,-9
VA,VIRGINIA,5100083,PROJECT RENEW/NORTHAMPTON CO,Northampton CO Public Schools,Machipongo,23405,No,21,3,1,Yes,Yes,Yes,MELINDA,PHILLIPS,(757)678-5151,mphillips@ncpsk12.com,MELINDA,PHILLIPS,(757) 678-5151,mphillips@ncpsk12.com,KEREN,PLOWDEN,(757) 678-5151,kplowden@ncpsk12.com,No,Yes,Yes,https://www.ncpsk12.com/,Yes,No,No,-9,-9,-9,-9,-9,-9,-9,-9,-9,-9,-9,-9,-9,-9,-9,Yes,Yes,No,No,No
VA,VIRGINIA,5100084,RENAISSANCE/SCOTT CO,C/O Scott Co Public Schls,Gate City,24251,No,34,0,1,Yes,Yes,Yes,BRENDA,ROBINETTE,(276)386-6118,brenda.robinette@scottschools.com,BRENDA,ROBINETTE,(276)386-6118,brenda.robinette@scottschools.com,BRENDA,ROBINETTE,(276)386-6118,brenda.robinette@scottschools.com,No,Yes,Yes,www.scottschools.com,No,-9,No,-9,-9,-9,-9,-9,-9,-9,-9,-9,-9,-9,-9,-9,-9,-9,No,-9,-9,-9,-9
VA,VIRGINIA,5100086,CROSSROADS ALTERNATIVE/BRISTOL CITY,C/O Bristol City Public Schls,Bristol,24201,No,10,0,1,Yes,Yes,Yes,GARY,RITCHIE,276-821-5645,gritchie@bvps.org,GARY,RITCHIE,276-821-5645,gritchie@bvps.org,MEGAN,DENOBRIGA,276-821-5635,mdenobriga@bvps.org,No,Yes,Yes,https://www.bvps.org/ourpages/auto/2017/10/23/31027387557284738932/JFHA-GBA%20-%20Prohibition%20Against%20Harassment%20and%20Retaliation.pdf,No,-9,No,-9,-9,-9,-9,-9,-9,-9,-9,-9,-9,-9,-9,-9,-9,-9,No,-9,-9,-9,-9
VA,VIRGINIA,5100087,METRO RICHMOND ALTERNATIVE ED,C/O Richmond City Public Schls,Richmond,23219,No,39,0,1,Yes,Yes,No,SHEILA,ASHLEY,8045533227,sashley@sjvmail.net,SHEILA,ASHLEY,8045533227,sashley@sjvmail.net,-9,-9,-9,-9,No,Yes,No,-9,No,-9,No,-9,-9,-9,-9,-9,-9,-9,-9,-9,-9,-9,-9,-9,-9,-9,No,-9,-9,-9,-9
VA,VIRGINIA,5100088,REGIONAL ALTERNATIVE ED/STAFFORD CO,C/O Stafford Co Public Schls,Fredericksburg,22405,No,30,0,1,Yes,Yes,Yes,LISA,BOATWRIGHT,540-658-6560,lboatwright@staffordschools.net,LISA,BOATWRIGHT,540-658-6560,lboatwright@staffordschools.net,LISA,BOATWRIGHT,540-658-6560,lboatwright@staffordschools.net,No,Yes,Yes,https://docs.google.com/viewerng/viewer?url=https://www.staffordschools.net//cms/lib/VA01818723/Centricity/Domain/3322/Code+of+Conduct+-+English+2018+-+Fillable.pdf,No,-9,No,-9,-9,-9,-9,-9,-9,-9,-9,-9,-9,-9,-9,-9,-9,-9,No,-9,-9,-9,-9
VA,VIRGINIA,5100091,REGIONAL ALTERNATIVE ED/KING WILLIAM,C/O King William Co Pub Schls,King William,23086,No,45,45,1,Yes,Yes,Yes,ROSALIN,BALL,804-769-3434 ext. 505,reb@kwcps.k12.va.us,ROSALIN,BALL,804-769-3434 ext.505,reb@kwcps.k12.va.us,ROSALIN,BALL,804-769-3434 ect. 505,reb@kwcps.k12.va.us,No,Yes,Yes,http://www.kwcps.k12.va.us/Administration/2,No,-9,No,-9,-9,-9,-9,-9,-9,-9,-9,-9,-9,-9,-9,-9,-9,-9,No,-9,-9,-9,-9
VA,VIRGINIA,5100092,NEW DOMINION ALT. CTR./PRINCE WILLIAM CO.,C/O Pr William Co Pub Schls,Manassas,20112,No,46,0,1,Yes,Yes,Yes,VALERIE,LEWIS,7037918515,lewisvt@pwcs.edu,CAROLYN,CUSTARD,7037917257,custarcm@pwcs.edu,CAROLYN,CUSTARD,7037917257,custarcm@pwcs.edu,No,Yes,Yes,https://www.pwcs.edu/UserFiles/Servers/Server_340140/File/Migration/Policies%20&%20Regulations/Regulations/R738-3.pdf,No,-9,No,-9,-9,-9,-9,-9,-9,-9,-9,-9,-9,-9,-9,-9,-9,-9,No,-9,-9,-9,-9
VA,VIRGINIA,5100093,PROJECT BRIDGE/RUSSELL CO,PO Box 8,Lebanon,24266,No,19,0,1,Yes,Yes,Yes,MICHAEL,ROBERSON,276-889-6521,mroberson@russell.k12.va.us,MICHAEL,ROBERSON,276-889-6521,mroberson@russell.k12.va.us,MICHAEL,ROBERSON,276-889-6521,mroberson@russell.k12.va.us,No,Yes,Yes,https://www.russell.k12.va.us/,No,-9,No,-9,-9,-9,-9,-9,-9,-9,-9,-9,-9,-9,-9,-9,-9,-9,No,-9,-9,-9,-9
VA,VIRGINIA,5100094,REGIONAL ALTERNATIVE/WYTHE CO,C/O Wythe Co Public Schls,Wytheville,24382,No,21,0,1,Yes,Yes,Yes,RICHIE,THOMAS,276-228-5411,rdthomas@wythek12.org,RICHIE,THOMAS,276-228-5411,rdthomas@wythek12.org,RICHIE,THOMAS,276-228-5411,rdthomas@wythek12.org,No,Yes,Yes,https://wythe.k12.va.us/,No,-9,No,-9,-9,-9,-9,-9,-9,-9,-9,-9,-9,-9,-9,-9,-9,-9,No,-9,-9,-9,-9
VA,VIRGINIA,5100096,PIEDMONT ALTERNATIVE SCHOOL,148 Vo-Tech Road,Jetersville,23083,No,5,5,1,Yes,Yes,Yes,SHERRY,SAUNDERS,(434)645-7854,Saunders.Sherry@Nottowayschools.org,SHERRY,SAUNDERS,(434)645-7854,Saunders.Sherry@Nottowayschools.org,JOAN,DOOLEY,(434)645-7854,Dooley.Joan@Nottowayschools.org,No,Yes,Yes,www.nottowayschools.org,No,-9,No,-9,-9,-9,-9,-9,-9,-9,-9,-9,-9,-9,-9,-9,-9,-9,No,-9,-9,-9,-9
VA,VIRGINIA,5100097,NORTHERN NECK REGIONAL ALTERNATIVE ED,PO Box 787,Warsaw,22572,No,8,0,3,Yes,Yes,Yes,BERNARD,DAVIS,(804)333-4940,bdavis@northernnecktech.org,BERNARD,DAVIS,(804)333-4940,s@northernnecktech.org,BERNARD,DAVIS,(804)333-4940,s@northernnecktech.org,No,Yes,Yes,www.northernnecktech.org,No,-9,No,-9,-9,-9,-9,-9,-9,-9,-9,-9,-9,-9,-9,-9,-9,-9,No,-9,-9,-9,-9
VA,VIRGINIA,5100098,SHENANDOAH VALLEY REG ALTERNATIVE ED/GENESIS,1751 Shutterlee Mill Rd.,Staunton,24401,No,30,0,1,Yes,Yes,Yes,JELISA,WOLFE,5403323934,jwolfe@staunton.k12.va.us,JELISA,WOLFE,5403323934,jwolfe@staunton.k12.va.us,JELISA,WOLFE,5403323934,jwolfe@staunton.k12.va.us,No,Yes,No,-9,No,-9,No,-9,-9,-9,-9,-9,-9,-9,-9,-9,-9,-9,-9,-9,-9,-9,No,-9,-9,-9,-9
VA,VIRGINIA,5100099,BREAKING BARRIERS ALTERNATIVE ED/HENRY CO,C/O Henry Co Public Schls,Collinsville,24078,No,12,0,1,Yes,Yes,Yes,DAVID,SCOTT,276-634-4710,dscott@henry.k12.va.us,DAVID,SCOTT,276-634-4710,dscott@henry.k12.va.us,DAVID,SCOTT,276-634-4710,dscott@henry.k12.va.us,No,Yes,Yes,https://www.henry.k12.va.us/Page/16673,No,-9,No,-9,-9,-9,-9,-9,-9,-9,-9,-9,-9,-9,-9,-9,-9,-9,No,-9,-9,-9,-9
VA,VIRGINIA,5100100,CARROLL-GALAX REG ALT ED PRGM/THE RAE CENTER,C/O Carroll Co Public Schls,Hillsville,24343,No,18,0,1,Yes,Yes,Yes,SUSAN,CARICO,2767283191,sbcarico@ccpsd.k12.va.us,SUSAN,CARICO,2767283191,sbcarico@ccpsd.k12.va.us,SUSAN,CARICO,2767283191,sbcarico@ccpsd.k12.va.us,No,Yes,Yes,https://www.boarddocs.com/vsba/ccpsd/Board.nsf/Public,No,-9,No,-9,-9,-9,-9,-9,-9,-9,-9,-9,-9,-9,-9,-9,-9,-9,No,-9,-9,-9,-9
VA,VIRGINIA,5100102,REGIONAL LEARNING ACADEMY/WISE CO,C/O Wise Co Public Schools,Wise,24293,No,67,2,1,Yes,Yes,Yes,MARCIA,SHORTT,276-328-8017,mshortt@wisek12.org,MARCIA,SHORTT,276-328-8017,mshortt@wisek12.org,JERRIE,ADAMS,276-328-8017,jadams@wisek12.org,No,Yes,Yes,www.wisek12.org,No,-9,No,-9,-9,-9,-9,-9,-9,-9,-9,-9,-9,-9,-9,-9,-9,-9,No,-9,-9,-9,-9
VA,VIRGINIA,5100256,CODERVA REGIONAL HIGH SCHOOL,1405 Cummings Drive Suite 10,Richmond,23220,No,91,0,1,No,No,No,-9,-9,-9,-9,-9,-9,-9,-9,-9,-9,-9,-9,No,Yes,Yes,http://coderva.org/parentguardian-information-forms/,No,-9,No,-9,-9,-9,-9,-9,-9,-9,-9,-9,-9,-9,-9,-9,-9,-9,No,-9,-9,-9,-9
VA,VIRGINIA,5100330,BATH CO PBLC SCHS,PO Box 67,Warm Springs,24484,No,559,0,3,Yes,Yes,Yes,ALLISON,HICKLIN,5409975452,allisonh@bath.k12.va.us,ALLISON,HICKLIN,5409975452,allisonh@bath.k12.va.us,ALLISON,HICKLIN,5409975452,allisonh@bath.k12.va.us,No,Yes,Yes,http://www.bath.k12.va.us/school-board/school-board-policy-regulations/a-foundations-and-basic-commitment/,No,-9,Yes,Yes,No,No,No,Yes,Yes,No,0,10,27,0,Yes,-9,-9,-9,Yes,Yes,No,No,No
VA,VIRGINIA,5100390,BLAND CO PBLC SCHS,361 Bears Trail,Bastian,24314,No,730,0,2,Yes,Yes,Yes,BRIAN,HALL,(276) 688-3361,bhall@bland.k12.va.us,BRIAN,HALL,(276) 688-3361,bhall@bland.k12.va.us,BRIAN,HALL,(276) 688-3361,bhall@bland.k12.va.us,No,Yes,Yes,www.bland.k12.va.us/pdf/policy,No,-9,Yes,Yes,No,No,No,No,Yes,Yes,0,0,6,1,Yes,-9,-9,-9,Yes,Yes,No,No,No
VA,VIRGINIA,5100720,CHARLES CITY CO PBLC SCHS,10035 Courthouse Rd,Charles City,23030,No,650,21,2,Yes,Yes,Yes,DAVID,"GASTON, ED.D.",804-652-4612,dwgaston@ccps.net,DAVID,"GASTON, ED.D.",804-652-4612,dwgaston@ccps.net,TODD,"PERELLI, ED.D.",804-652-4651,tperelli@ccps.net,No,Yes,Yes,http://ccps.net/wp-content/uploads/2019/02/Section-J-Students.pdf,No,-9,Yes,Yes,No,No,No,No,Yes,Yes,0,4,26,0,Yes,-9,-9,-9,Yes,Yes,No,No,No
VA,VIRGINIA,5100930,COLONIAL BEACH PBLC SCHS,16 N. Irving Ave,Colonial Beach,22443,No,637,5,2,Yes,Yes,Yes,DASHAN,TURNER,8042240906,dturner@cbschools.net,DASHAN,TURNER,8042240906,dturner@cbschools.net,DASHAN,TURNER,8042240906,dturner@cbschools.net,No,Yes,Yes,http://cbschools.sharpschool.net/contact_school_board/school_board/policy_regulation_manual,No,-9,Yes,Yes,No,No,No,Yes,Yes,Yes,0,1,24,6,Yes,-9,-9,-9,Yes,Yes,No,No,No
VA,VIRGINIA,5101020,CRAIG CO PBLC SCHS,PO Box 245,New Castle,24127,No,617,6,2,Yes,Yes,Yes,SAMUEL,FOSTER,540-864-5191,sfoster@craig.k12.va.us,SAMUEL,FOSTER,540-864-5191,sfoster@craig.k12.va.us,GERRI,VAN DYKE,540-864-5173,gvandyke@craig.k12.va.us,No,Yes,Yes,http://www.craig.k12.va.us/home/school-board/non-discrimination-statement,No,-9,Yes,Yes,No,Yes,No,Yes,Yes,Yes,0,2,4,1,No,Yes,Yes,Yes,Yes,Yes,No,No,No
VA,VIRGINIA,5101950,HIGHLAND CO PBLC SCHS,P.O. Box 250,Monterey,24465,No,209,0,2,Yes,Yes,Yes,THOMAS,SCHOTT,540-468-6300,tschott@highland.k12.va.us,THOMAS,SCHOTT,540-468-6300,tschott@highland.k12.va.us,THOMAS,SCHOTT,540-468-6300,tschott@highland.k12.va.us,No,Yes,Yes,http://www.highland.k12.va.uscmslib011/VA02207826/Centricity/Domain/13/Section_A.pdf,No,-9,No,-9,-9,-9,-9,-9,-9,-9,-9,-9,-9,-9,-9,-9,-9,-9,Yes,Yes,No,No,No
VA,VIRGINIA,5102220,LEXINGTON CITY PBLC SCHS,300 Diamond St,Lexington,24450,No,522,0,2,Yes,Yes,Yes,REBECCA,WALTERS,(540)463-7146,rwalters@lexedu.org,REBECCA,WALTERS,(540)463-7146,rwalters@lexedu.org,REBECCA,WALTERS,(540)463-7146,rwalters@lexedu.org,No,Yes,Yes,https://lexedu.org/files/docs/POLICY%20MANUAL%20-%20MAY%202015.pdf,No,-9,Yes,No,No,No,No,No,No,No,1,3,5,1,No,Yes,No,No,Yes,Yes,No,No,No
VA,VIRGINIA,5102760,NORTON CITY PBLC SCHS,P. O. Box 498,Norton,24273,No,798,12,2,Yes,Yes,Yes,KAYE,MINK,(276)679-2330,kmink@nortoncityschools.org,KAYE,MINK,(276)679-2330,kmink@nortoncityschools.org,KAYE,MINK,(276)679-2330,kmink@nortoncityschools.org,No,Yes,Yes,https://www.boarddocs.com/vsba/norton/Board.nsf/goto?open&id=AQ2NPK60EBE1,Yes,No,Yes,Yes,No,No,No,No,Yes,No,1,5,32,0,No,Yes,No,Yes,Yes,Yes,No,No,No
VA,VIRGINIA,5103750,SURRY CO PBLC SCHS,P. O. Box 317,Surry,23883,No,796,0,3,Yes,Yes,Yes,SEBRENIA,SIMS,(757)294-5229,sebrenia_sims@surryschools.net,SEBRENIA,SIMS,(757)294-5229,sebrenia_sims@surryschools.net,SEBRENIA,SIMS,(757)294-5229,sebrenia_sims@surryschools.net,No,Yes,No,-9,No,-9,Yes,Yes,No,No,No,No,Yes,No,1,2,38,0,No,Yes,Yes,Yes,Yes,Yes,No,No,No
VA,VIRGINIA,5103950,WEST POINT PBLC SCHS,PO Box T,West Point,23181,No,810,1,3,Yes,Yes,Yes,LARRY,FRAZIER,(804)843-4368,lfrazier@wpschools.net,LARRY,FRAZIER,(804)843-4368,lfrazier@wpschools.net,LARRY,FRAZIER,(804)843-4368,lfrazier@wpschools.net,No,Yes,Yes,https://drive.google.com/drive/folders/1zoTO66_I1IgwUnd3liLTUxrtz2HaDhOh,No,-9,Yes,Yes,No,Yes,No,No,No,No,1,6,4,2,No,Yes,No,No,Yes,Yes,No,No,No
