State Postal Code,State FIPS Code,District ID,Name,Estimated Total Population,Estimated Population 5-17,Estimated number of relevant children 5 to 17 years old in poverty who are related to the householder
VA,51,60,Accomack County Public Schools,32545,4929,1336
VA,51,90,Albemarle County Public Schools,107702,15947,1284
VA,51,120,Alexandria City Public Schools,160035,17417,3113
VA,51,152,Alleghany County Public Schools,15122,2184,416
VA,51,180,Amelia County Public Schools,13020,1998,273
VA,51,210,Amherst County Public Schools,31594,4608,769
VA,51,240,Appomattox County Public Schools,15681,2490,405
VA,51,270,Arlington County Public Schools,234965,27892,2094
VA,51,300,Augusta County Public Schools,75144,10991,1180
VA,51,330,Bath County Public Schools,4297,466,65
VA,51,360,Bedford County Public Schools,77974,11924,1343
VA,51,390,Bland County Public Schools,6350,775,114
VA,51,420,Botetourt County Public Schools,33192,4928,373
VA,51,450,Bristol City Public Schools,16790,2556,697
VA,51,480,Brunswick County Public Schools,16244,2092,562
VA,51,510,Buchanan County Public Schools,21514,2871,943
VA,51,540,Buckingham County Public Schools,17065,2297,488
VA,51,560,Buena Vista City Public Schools,6327,967,174
VA,51,600,Campbell County Public Schools,55010,8154,1175
VA,51,660,Caroline County Public Schools,30461,5040,707
VA,51,690,Carroll County Public Schools,29708,4202,816
VA,51,720,Charles City County Public Schools,7004,793,135
VA,51,750,Charlotte County Public Schools,12119,1893,482
VA,51,780,Charlottesville City Public Schools,48019,4927,978
VA,51,810,Chesapeake City Public Schools,240397,43055,5594
VA,51,840,Chesterfield County Public Schools,343599,61459,4853
VA,51,870,Clarke County Public Schools,14508,2272,157
VA,51,930,Colonial Beach Town Public Schools,3561,464,185
VA,51,960,Colonial Heights City Public Schools,17830,2964,504
VA,51,990,Covington City Public Schools,5531,850,172
VA,51,1020,Craig County Public Schools,5062,711,127
VA,51,1050,Culpeper County Public Schools,51282,9383,1154
VA,51,1080,Cumberland County Public Schools,9811,1460,327
VA,51,22,Dahlgren Department of Defense School District,669,116,7
VA,51,1110,Danville City Public Schools,41130,6458,2397
VA,51,1140,Dickenson County Public Schools,14782,2200,632
VA,51,1170,Dinwiddie County Public Schools,28208,4297,646
VA,51,1190,Emporia City Public Schools,5282,1019,336
VA,51,1200,Essex County Public Schools,11028,1536,351
VA,51,1230,Fairfax City Public Schools,24097,3419,282
VA,51,1260,Fairfax County Public Schools,1148433,196227,14755
VA,51,1290,Falls Church City Public Schools,14583,2662,69
VA,51,1320,Fauquier County Public Schools,69465,12214,718
VA,51,1350,Floyd County Public Schools,15755,2411,396
VA,51,1380,Fluvanna County Public Schools,26452,4081,325
VA,51,1410,Franklin City Public Schools,8176,1465,489
VA,51,1440,Franklin County Public Schools,56445,8236,1356
VA,51,1470,Frederick County Public Schools,86484,14783,1219
VA,51,1510,Fredericksburg City Public Schools,28360,3960,803
VA,51,1560,Galax City Public Schools,6625,1074,362
VA,51,1590,Giles County Public Schools,16837,2595,383
VA,51,1620,Gloucester County Public Schools,37292,5570,725
VA,51,1650,Goochland County Public Schools,22685,3172,228
VA,51,1690,Grayson County Public Schools,15665,1930,498
VA,51,1710,Greene County Public Schools,19612,3582,419
VA,51,1740,Greensville County Public Schools,11679,1420,353
VA,51,1770,Halifax County Public Schools,34563,5219,1215
VA,51,1800,Hampton City Public Schools,134669,20319,4691
VA,51,1830,Hanover County Public Schools,105923,18113,969
VA,51,1860,Harrisonburg City Public Schools,54215,6083,1183
VA,51,1890,Henrico County Public Schools,327898,55138,7367
VA,51,1920,Henry County Public Schools,51227,7623,1747
VA,51,1950,Highland County Public Schools,2212,216,37
VA,51,1980,Hopewell City Public Schools,22621,4099,1235
VA,51,2010,Isle of Wight County Public Schools,36552,5741,586
VA,51,36,James City County Public Schools,75524,11568,983
VA,51,2100,King George County Public Schools,25668,4879,377
VA,51,2120,King William County Public Schools,13240,2246,222
VA,51,2070,King and Queen County Public Schools,7003,962,161
VA,51,2160,Lancaster County Public Schools,10788,1201,272
VA,51,2190,Lee County Public Schools,23758,3364,981
VA,51,2220,Lexington City Public Schools,7106,562,56
VA,51,2250,Loudoun County Public Schools,398080,84760,2223
VA,51,2280,Louisa County Public Schools,35860,5373,712
VA,51,2310,Lunenburg County Public Schools,12235,1679,423
VA,51,2340,Lynchburg City Public Schools,80995,10653,2594
VA,51,2370,Madison County Public Schools,13277,2032,279
VA,51,2360,Manassas City Public Schools,41501,7588,1045
VA,51,2390,Manassas Park City Public Schools,16591,3222,313
VA,51,2400,Martinsville City Public Schools,13142,2208,740
VA,51,2430,Mathews County Public Schools,8779,1054,164
VA,51,2460,Mecklenburg County Public Schools,30686,4316,1073
VA,51,2490,Middlesex County Public Schools,10679,1238,272
VA,51,2520,Montgomery County Public Schools,98559,11054,1510
VA,51,2580,Nelson County Public Schools,14943,2124,409
VA,51,2610,New Kent County Public Schools,21682,3289,230
VA,51,2640,Newport News City Public Schools,179388,28552,7437
VA,51,2670,Norfolk City Public Schools,244703,32285,8613
VA,51,2710,Northampton County Public Schools,11846,1727,466
VA,51,2730,Northumberland County Public Schools,12275,1388,365
VA,51,2760,Norton City Public Schools,3936,624,181
VA,51,2790,Nottoway County Public Schools,15434,2189,576
VA,51,2820,Orange County Public Schools,36073,5677,642
VA,51,2850,Page County Public Schools,23731,3539,700
VA,51,2880,Patrick County Public Schools,17665,2411,459
VA,51,2910,Petersburg City Public Schools,31750,4399,1651
VA,51,2940,Pittsylvania County Public Schools,61258,9206,1575
VA,51,2980,Poquoson City Public Schools,12053,2095,100
VA,51,3000,Portsmouth City Public Schools,94572,15142,4363
VA,51,3030,Powhatan County Public Schools,28601,4071,247
VA,51,3060,Prince Edward County Public Schools,22703,2637,666
VA,51,3090,Prince George County Public Schools,37809,6046,619
VA,51,3130,Prince William County Public Schools,457342,90866,7282
VA,51,3150,Pulaski County Public Schools,34184,4462,835
VA,51,23,Quantico Marine Corps Center School District,7879,927,27
VA,51,3180,Radford City Public Schools,17658,1605,254
VA,51,3210,Rappahannock County Public Schools,7321,962,136
VA,51,3240,Richmond City Public Schools,227032,26787,9908
VA,51,3270,Richmond County Public Schools,8939,1151,241
VA,51,3300,Roanoke City Public Schools,99837,15318,4380
VA,51,3330,Roanoke County Public Schools,93730,14527,1132
VA,51,3370,Rockbridge County Public Schools,22659,2924,450
VA,51,3390,Rockingham County Public Schools,80227,13223,1336
VA,51,3420,Russell County Public Schools,27048,3852,880
VA,51,3460,Salem City Public Schools,25862,3708,512
VA,51,3480,Scott County Public Schools,21865,3036,613
VA,51,3510,Shenandoah County Public Schools,43225,6764,879
VA,51,3520,Smyth County Public Schools,30656,4505,965
VA,51,3600,Southampton County Public Schools,17750,2572,467
VA,51,3640,Spotsylvania County Public Schools,133033,24927,2344
VA,51,3660,Stafford County Public Schools,144451,29122,1568
VA,51,3690,Staunton City Public Schools,24528,3197,652
VA,51,3710,Suffolk City Public Schools,90237,16019,2569
VA,51,3750,Surry County Public Schools,6540,859,162
VA,51,3780,Sussex County Public Schools,11373,1282,363
VA,51,3810,Tazewell County Public Schools,41095,5892,1330
VA,51,3840,Virginia Beach City Public Schools,450435,71521,7635
VA,51,3870,Warren County Public Schools,39563,6360,767
VA,51,3900,Washington County Public Schools,54387,7635,1310
VA,51,3930,Waynesboro City Public Schools,22327,3616,766
VA,51,3950,West Point Town Public Schools,3468,625,34
VA,51,3980,Westmoreland County Public Schools,14219,1917,410
VA,51,4020,Williamsburg City Public Schools,15031,1157,255
VA,51,4050,Winchester City Public Schools,27932,4514,823
VA,51,4080,Wise County Public Schools,38586,5603,1535
VA,51,4110,Wythe County Public Schools,28882,4345,799
VA,51,4150,York County Public Schools,67739,12425,649
