AL,ALABAMA,100005,Albertville City,107 W Main St,Albertville,35950,No,5445,0,6,Yes,Yes.1,Yes.2,TIMOTHY,TIDMORE,256-891-1183,ttidmore@albertk12.org,TIMOTHY.1,TIDMORE.1,256-891-1183.1,ttidmore@albertk12.org.1,TIMOTHY.2,TIDMORE.2,256-891-1183.2,ttidmore@albertk12.org.2,No.1,Yes.3,Yes.4,www.albertk12.org/apps/pages/index.jsp?uREC_ID=368921&type=d&termREC_ID=&pREC_ID=689254,Yes.5,No.2,Yes.6,Yes.7,Yes.8,Yes.9,No.3,No.4,Yes.10,No.5,1,6.1,127,0.1,Yes.11,-9,-9.1,-9.2,Yes.12,Yes.13,No.6,No.7,No.8
VA,VIRGINIA,5100017,NEW HORIZONS REGIONAL EDUC CTR-SPEC ED,13400 Woodside Lane,Newport News,23608,No,245,0,2,Yes,Yes,Yes,CIWAKA,JOHNSON,757-874-4444 x3377,ciwaka.johnson@nhrec.org,CIWAKA,JOHNSON,757-874-4444 x3377,ciwaka.johnson@nhrec.org,CIWAKA,JOHNSON,757-874-4444 x3377,ciwaka.johnson@nhrec.org,No,Yes,Yes,nhrec.org/na/students/student-handbook,No,-9,No,-9,-9,-9,-9,-9,-9,-9,-9,-9,-9,-9,-9,-9,-9,-9,Yes,Yes,No,No,No
VA,VIRGINIA,5100018,Piedmont Regional ED.,"1434 Rolkin Court, Suite 201",Charlottesville,22911,No,83,621,1,Yes,Yes,Yes,TONI,ELITHARP,(434)975-9400,telitharp@k12albemarle.org,TONI,ELITHARP,(434)975-9400,telitharp@k12albemarle.org,TONI,ELITHARP,(434)975-9400,telitharp@k12albemarle.org,No,Yes,No,-9,No,-9,No,-9,-9,-9,-9,-9,-9,-9,-9,-9,-9,-9,-9,-9,-9,-9,Yes,Yes,No,No,No
VA,VIRGINIA,5100020,SOUTHEASTERN COOP ED PGM,6160 Kempsville Cir,Norfolk,23502,No,365,0,5,Yes,Yes,Yes,CHRISTOPHER,OLD,7578926100,old.christopher@secep.net,CHRISTOPHER,OLD,7578926100,old.christopher@secep.net,CHRISTOPHER,OLD,7578926100,old.christopher@secep.net,No,Yes,Yes,https://www.secep.net/domain/77,No,-9,No,-9,-9,-9,-9,-9,-9,-9,-9,-9,-9,-9,-9,-9,-9,-9,No,-9,-9,-9,-9
VA,VIRGINIA,5100032,APPOMATTOX REGIONAL GOV SCH,512 W. Washington Street,Petersburg,23803,No,350,0,1,Yes,Yes,Yes,SUSANN,WHITTIER,(804) 722-0200,swhittier@args.us,SUSANN,WHITTIER,(804) 722-0200,swhittier@args.us,VERONICA,KOUASSI,(804) 722-0200,vkouassi@args.us,No,Yes,Yes,www.args.us,No,-9,No,-9,-9,-9,-9,-9,-9,-9,-9,-9,-9,-9,-9,-9,-9,-9,No,-9,-9,-9,-9
VA,VIRGINIA,5100042,DOE SOP EDUC PROGRAMS,PO Box 2120,Richmond,23218,Yes,647,0,23,Yes,Yes,Yes,LAURIE,COOPER,804-786-1812,laurie.cooper@doe.virginia.gov,LAURIE,COOPER,804-786-1812,laurie.cooper@doe.virginia.gov,LAURIE,COOPER,804-786-1812,laurie.cooper@doe.virginia.gov,No,No,-9,-9,No,-9,No,-9,-9,-9,-9,-9,-9,-9,-9,-9,-9,-9,-9,-9,-9,-9,No,-9,-9,-9,-9
VA,VIRGINIA,5100058,The Virginia School for the Deaf and the Blind,PO Box 2069,Staunton,24402,No,84,0,2,Yes,Yes,Yes,TESSY,SCHLEMMER,540-332-9065,tessy.schlemmer@vsdbs.virginia.gov,TESSY,SCHLEMMER,540-332-9065,tessy.schlemmer@vsdbs.virginia.gov,TESSY,SCHLEMMER,540-332-9065,tessy.schlemmer@vsdbs.virginia.gov,No,Yes,Yes,https://www.vsdb.k12.va.us/vsdb/about/policies/,No,-9,Yes,Yes,No,Yes,No,No,No,No,0,0,0,0,No,Yes,No,Yes,Yes,Yes,No,Yes,No
VA,VIRGINIA,5100060,ACCOMACK CO PBLC SCHS,PO Box 330,Accomac,23301,No,5209,2,11,Yes,Yes,Yes,CLARA,CHANDLER,7577875754,clara.chandler@accomack.k12.va.us,CHESTER,HALL,7577875754,chester.hall@accomack.k12.va.us,JENNIFER,ANNIS,7578243360,jennifer.annis@accomack.k12.va.us,No,Yes,Yes,http://www.boarddocs.com/vsba/accomack/Board.nsf/goto?open&id=9N6K7R4CD5AA,No,-9,Yes,Yes,Yes,No,No,No,Yes,No,0,0,207,0,No,Yes,Yes,Yes,Yes,Yes,No,No,No
VA,VIRGINIA,5100061,MAGGIE L. WALKER GOV SCH,1000 N. Lombardy St.,Richmond,23220,No,749,0,1,Yes,Yes,Yes,ROBERT,LOWERRE,(804)354-6800 x2180,rlowerre@gsgis.k12.va.us,ROBERT,LOWERRE,(804)354-6800 x2180,rlowerre@gsgis.k12.va.us,ROBERT,LOWERRE,(804)354-6800 x2180,rlowerre@gsgis.k12.va.us,No,Yes,Yes,https://mlwgs.com/wp-content/uploads/2018/10/Pol-8000-Prohibition-Against-Harassment-Amended-Final-2018.pdf,No,-9,No,-9,-9,-9,-9,-9,-9,-9,-9,-9,-9,-9,-9,-9,-9,-9,No,-9,-9,-9,-9
VA,VIRGINIA,5100070,DEPARTMENT OF JUVENILE JUSTICE,600 East Main Street,Richmond,23219,Yes,118,8,1,Yes,Yes,Yes,LISA,FLOYD,(804)371-0700,lisa.floyd@djj.virginia.gov,LISA,FLOYD,(804)371-0700,lisa.floyd@djj.virginia.gov,JILL,BECKER,(804)371-0700,jill.becker@djj.virginia.gov,No,Yes,No,-9,No,-9,No,-9,-9,-9,-9,-9,-9,-9,-9,-9,-9,-9,-9,-9,-9,-9,No,-9,-9,-9,-9
VA,VIRGINIA,5100072,LYNCHBURG CITY SECONDARY ALTERNATIVE,1200-1208 Polk Street,Lynchburg,24504,No,107,0,1,Yes,Yes,Yes,APRIL,BRUCE,434 515-5039,bruceam@lcsedu.net,APRIL,BRUCE,434 515-5039,bruceam@lcsedu.net,APRIL,BRUCE,434 515-5039,bruceam@lcsedu.net,Yes,Yes,Yes,www.lcsedu.net/schoolboard/policymanual/jfhaz,No,-9,No,-9,-9,-9,-9,-9,-9,-9,-9,-9,-9,-9,-9,-9,-9,-9,No,-9,-9,-9,-9
VA,VIRGINIA,5100073,ENTERPRISE ACADEMY/NEWPORT NEWS CITY,813 Diligence Dr Ste 110,Newport News,23606,No,32,0,1,Yes,Yes,Yes,NINA,FARRISH,7578815061,nina.farrish@nn.k12.va.us,NINA,FARRISH,7578815061,nina.farrish@nn.k12.va.us,NINA,FARRISH,7578815061,nina.farrish@nn.k12.va.us,Yes,Yes,Yes,sbo.nn.k12.va.us/resources/handbook/rights_resp.pdf,No,-9,No,-9,-9,-9,-9,-9,-9,-9,-9,-9,-9,-9,-9,-9,-9,-9,No,-9,-9,-9,-9
VA,VIRGINIA,5100074,TIDEWATER REGIONAL ALTERNATIVE ED PROJECT,C/O SECEP,Norfolk,23502,No,104,0,1,Yes,Yes,Yes,CHRISTOPHER,OLD,7578916100,old.christopher@secep.net,CHRISTOPHER,OLD,7578926100,old.christopher@secep.net,CHRISTOPHER,OLD,7578929100,old.christopher@secep.net,No,Yes,Yes,https://www.secep.net/domain/77,No,-9,No,-9,-9,-9,-9,-9,-9,-9,-9,-9,-9,-9,-9,-9,-9,-9,No,-9,-9,-9,-9
VA,VIRGINIA,5100075,REG ALTERNATIVE PLUS SELF PROJECT/ROANOKE CITY,40 Douglass Avenue,Roanoke,24012,No,81,0,1,Yes,Yes,Yes,TIMOTHY,HAHN,(540)853-1393,thahn@rcps.info,TIMOTHY,HAHN,(540)853-1393,thahn@rcps.info,HAYLEY,POLAND,(540)853-1437,hpoland@rcps.info,No,Yes,Yes,https://www.rcps.info/common/pages/DisplayFile.aspx?itemId=11611765,No,-9,No,-9,-9,-9,-9,-9,-9,-9,-9,-9,-9,-9,-9,-9,-9,-9,No,-9,-9,-9,-9
VA,VIRGINIA,5100078,ALT ED PRGM/BEHAV DISORD YOUTH/MONTGOMERY,C/O Montgomery Co Public Schls,Christiansburg,24073,No,177,0,1,Yes,Yes,Yes,ANNIE,WHITAKER,(540)382-5100,ANNIEWHITAKER@MCPS.ORG,ANNIE,WHITAKER,(540)382-5100,ANNIEWHITAKER@MCPS.ORG,ANNIE,WHITAKER,(540)382-5100,ANNIEWHITAKER@MCPS.ORG,No,Yes,Yes,http://www.boarddocs.com/vsba/mcps/Board.nsf/goto?open&id=8TVKYG542627,No,-9,No,-9,-9,-9,-9,-9,-9,-9,-9,-9,-9,-9,-9,-9,-9,-9,No,-9,-9,-9,-9
VA,VIRGINIA,5100080,REGIONAL ALTERNATIVE/PITTSLVANIA CO,C/O Pittsylvania Co Pub Schls,Chatham,24531,No,111,76,20,Yes,Yes,Yes,STEVEN,MAYHEW,434-432-2761,steven.mayhew@pcs.k12.va.us,JEFF,EARLY,434-432-2761,jeff.early@pcs.k12.va.us,JEFF,EARLY,434-432-2761,jeff.early@pcs.k12.va.us,No,Yes,Yes,https://www.boarddocs.com/vsba/pcsva/Board.nsf/Public,Yes,No,Yes,Yes,No,No,No,No,Yes,No,2,16,293,9,Yes,-9,-9,-9,Yes,Yes,No,No,No
VA,VIRGINIA,5100082,THE REGIONAL COMMUNITY ALTERNATIVE ED CONTINUUM,C/O Southeastern Alt School,Midland,22728,No,74,0,1,Yes,Yes,Yes,FRANK,FINN,540-422-7100,ffinn@fcps1.org,FRANK,FINN,540-422-7100,ffinn@fcps1.org,RANDY,CORPENING,540-422-7100,rcorpening@fcps1.org,No,Yes,Yes,https://www.boarddocs.com/va/fcps/Board.nsf/Public,No,-9,No,-9,-9,-9,-9,-9,-9,-9,-9,-9,-9,-9,-9,-9,-9,-9,No,-9,-9,-9,-9
VA,VIRGINIA,5100083,PROJECT RENEW/NORTHAMPTON CO,Northampton CO Public Schools,Machipongo,23405,No,21,3,1,Yes,Yes,Yes,MELINDA,PHILLIPS,(757)678-5151,mphillips@ncpsk12.com,MELINDA,PHILLIPS,(757) 678-5151,mphillips@ncpsk12.com,KEREN,PLOWDEN,(757) 678-5151,kplowden@ncpsk12.com,No,Yes,Yes,https://www.ncpsk12.com/,Yes,No,No,-9,-9,-9,-9,-9,-9,-9,-9,-9,-9,-9,-9,-9,-9,-9,Yes,Yes,No,No,No
VA,VIRGINIA,5100084,RENAISSANCE/SCOTT CO,C/O Scott Co Public Schls,Gate City,24251,No,34,0,1,Yes,Yes,Yes,BRENDA,ROBINETTE,(276)386-6118,brenda.robinette@scottschools.com,BRENDA,ROBINETTE,(276)386-6118,brenda.robinette@scottschools.com,BRENDA,ROBINETTE,(276)386-6118,brenda.robinette@scottschools.com,No,Yes,Yes,www.scottschools.com,No,-9,No,-9,-9,-9,-9,-9,-9,-9,-9,-9,-9,-9,-9,-9,-9,-9,No,-9,-9,-9,-9
VA,VIRGINIA,5100086,CROSSROADS ALTERNATIVE/BRISTOL CITY,C/O Bristol City Public Schls,Bristol,24201,No,10,0,1,Yes,Yes,Yes,GARY,RITCHIE,276-821-5645,gritchie@bvps.org,GARY,RITCHIE,276-821-5645,gritchie@bvps.org,MEGAN,DENOBRIGA,276-821-5635,mdenobriga@bvps.org,No,Yes,Yes,https://www.bvps.org/ourpages/auto/2017/10/23/31027387557284738932/JFHA-GBA%20-%20Prohibition%20Against%20Harassment%20and%20Retaliation.pdf,No,-9,No,-9,-9,-9,-9,-9,-9,-9,-9,-9,-9,-9,-9,-9,-9,-9,No,-9,-9,-9,-9
VA,VIRGINIA,5100087,METRO RICHMOND ALTERNATIVE ED,C/O Richmond City Public Schls,Richmond,23219,No,39,0,1,Yes,Yes,No,SHEILA,ASHLEY,8045533227,sashley@sjvmail.net,SHEILA,ASHLEY,8045533227,sashley@sjvmail.net,-9,-9,-9,-9,No,Yes,No,-9,No,-9,No,-9,-9,-9,-9,-9,-9,-9,-9,-9,-9,-9,-9,-9,-9,-9,No,-9,-9,-9,-9
VA,VIRGINIA,5100088,REGIONAL ALTERNATIVE ED/STAFFORD CO,C/O Stafford Co Public Schls,Fredericksburg,22405,No,30,0,1,Yes,Yes,Yes,LISA,BOATWRIGHT,540-658-6560,lboatwright@staffordschools.net,LISA,BOATWRIGHT,540-658-6560,lboatwright@staffordschools.net,LISA,BOATWRIGHT,540-658-6560,lboatwright@staffordschools.net,No,Yes,Yes,https://docs.google.com/viewerng/viewer?url=https://www.staffordschools.net//cms/lib/VA01818723/Centricity/Domain/3322/Code+of+Conduct+-+English+2018+-+Fillable.pdf,No,-9,No,-9,-9,-9,-9,-9,-9,-9,-9,-9,-9,-9,-9,-9,-9,-9,No,-9,-9,-9,-9
VA,VIRGINIA,5100090,ALBEMARLE CO PBLC SCHS,401 McIntire Road,Charlottesville,22902,No,13915,82,25,Yes,Yes,Yes,KEVIN,KIRST,434-296-5885,kkirst@k12albemarle.org,BERNARD,HAIRSTON,434-293-0288,hairston@k12albemarle.org,KEVIN,KIRST,434-296-5885,kkirst@k12albemarle.org,No,Yes,Yes,http://esb.k12albemarle.org/reference_library/esb_policies_and_regulations/policies/jfha_0216.pdf,Yes,No,Yes,Yes,No,Yes,No,Yes,Yes,No,1,31,226,0,Yes,-9,-9,-9,Yes,Yes,No,No,Yes
VA,VIRGINIA,5100091,REGIONAL ALTERNATIVE ED/KING WILLIAM,C/O King William Co Pub Schls,King William,23086,No,45,45,1,Yes,Yes,Yes,ROSALIN,BALL,804-769-3434 ext. 505,reb@kwcps.k12.va.us,ROSALIN,BALL,804-769-3434 ext.505,reb@kwcps.k12.va.us,ROSALIN,BALL,804-769-3434 ect. 505,reb@kwcps.k12.va.us,No,Yes,Yes,http://www.kwcps.k12.va.us/Administration/2,No,-9,No,-9,-9,-9,-9,-9,-9,-9,-9,-9,-9,-9,-9,-9,-9,-9,No,-9,-9,-9,-9
VA,VIRGINIA,5100092,NEW DOMINION ALT. CTR./PRINCE WILLIAM CO.,C/O Pr William Co Pub Schls,Manassas,20112,No,46,0,1,Yes,Yes,Yes,VALERIE,LEWIS,7037918515,lewisvt@pwcs.edu,CAROLYN,CUSTARD,7037917257,custarcm@pwcs.edu,CAROLYN,CUSTARD,7037917257,custarcm@pwcs.edu,No,Yes,Yes,https://www.pwcs.edu/UserFiles/Servers/Server_340140/File/Migration/Policies%20&%20Regulations/Regulations/R738-3.pdf,No,-9,No,-9,-9,-9,-9,-9,-9,-9,-9,-9,-9,-9,-9,-9,-9,-9,No,-9,-9,-9,-9
VA,VIRGINIA,5100093,PROJECT BRIDGE/RUSSELL CO,PO Box 8,Lebanon,24266,No,19,0,1,Yes,Yes,Yes,MICHAEL,ROBERSON,276-889-6521,mroberson@russell.k12.va.us,MICHAEL,ROBERSON,276-889-6521,mroberson@russell.k12.va.us,MICHAEL,ROBERSON,276-889-6521,mroberson@russell.k12.va.us,No,Yes,Yes,https://www.russell.k12.va.us/,No,-9,No,-9,-9,-9,-9,-9,-9,-9,-9,-9,-9,-9,-9,-9,-9,-9,No,-9,-9,-9,-9
VA,VIRGINIA,5100094,REGIONAL ALTERNATIVE/WYTHE CO,C/O Wythe Co Public Schls,Wytheville,24382,No,21,0,1,Yes,Yes,Yes,RICHIE,THOMAS,276-228-5411,rdthomas@wythek12.org,RICHIE,THOMAS,276-228-5411,rdthomas@wythek12.org,RICHIE,THOMAS,276-228-5411,rdthomas@wythek12.org,No,Yes,Yes,https://wythe.k12.va.us/,No,-9,No,-9,-9,-9,-9,-9,-9,-9,-9,-9,-9,-9,-9,-9,-9,-9,No,-9,-9,-9,-9
VA,VIRGINIA,5100096,PIEDMONT ALTERNATIVE SCHOOL,148 Vo-Tech Road,Jetersville,23083,No,5,5,1,Yes,Yes,Yes,SHERRY,SAUNDERS,(434)645-7854,Saunders.Sherry@Nottowayschools.org,SHERRY,SAUNDERS,(434)645-7854,Saunders.Sherry@Nottowayschools.org,JOAN,DOOLEY,(434)645-7854,Dooley.Joan@Nottowayschools.org,No,Yes,Yes,www.nottowayschools.org,No,-9,No,-9,-9,-9,-9,-9,-9,-9,-9,-9,-9,-9,-9,-9,-9,-9,No,-9,-9,-9,-9
VA,VIRGINIA,5100097,NORTHERN NECK REGIONAL ALTERNATIVE ED,PO Box 787,Warsaw,22572,No,8,0,3,Yes,Yes,Yes,BERNARD,DAVIS,(804)333-4940,bdavis@northernnecktech.org,BERNARD,DAVIS,(804)333-4940,s@northernnecktech.org,BERNARD,DAVIS,(804)333-4940,s@northernnecktech.org,No,Yes,Yes,www.northernnecktech.org,No,-9,No,-9,-9,-9,-9,-9,-9,-9,-9,-9,-9,-9,-9,-9,-9,-9,No,-9,-9,-9,-9
VA,VIRGINIA,5100098,SHENANDOAH VALLEY REG ALTERNATIVE ED/GENESIS,1751 Shutterlee Mill Rd.,Staunton,24401,No,30,0,1,Yes,Yes,Yes,JELISA,WOLFE,5403323934,jwolfe@staunton.k12.va.us,JELISA,WOLFE,5403323934,jwolfe@staunton.k12.va.us,JELISA,WOLFE,5403323934,jwolfe@staunton.k12.va.us,No,Yes,No,-9,No,-9,No,-9,-9,-9,-9,-9,-9,-9,-9,-9,-9,-9,-9,-9,-9,-9,No,-9,-9,-9,-9
VA,VIRGINIA,5100099,BREAKING BARRIERS ALTERNATIVE ED/HENRY CO,C/O Henry Co Public Schls,Collinsville,24078,No,12,0,1,Yes,Yes,Yes,DAVID,SCOTT,276-634-4710,dscott@henry.k12.va.us,DAVID,SCOTT,276-634-4710,dscott@henry.k12.va.us,DAVID,SCOTT,276-634-4710,dscott@henry.k12.va.us,No,Yes,Yes,https://www.henry.k12.va.us/Page/16673,No,-9,No,-9,-9,-9,-9,-9,-9,-9,-9,-9,-9,-9,-9,-9,-9,-9,No,-9,-9,-9,-9
VA,VIRGINIA,5100100,CARROLL-GALAX REG ALT ED PRGM/THE RAE CENTER,C/O Carroll Co Public Schls,Hillsville,24343,No,18,0,1,Yes,Yes,Yes,SUSAN,CARICO,2767283191,sbcarico@ccpsd.k12.va.us,SUSAN,CARICO,2767283191,sbcarico@ccpsd.k12.va.us,SUSAN,CARICO,2767283191,sbcarico@ccpsd.k12.va.us,No,Yes,Yes,https://www.boarddocs.com/vsba/ccpsd/Board.nsf/Public,No,-9,No,-9,-9,-9,-9,-9,-9,-9,-9,-9,-9,-9,-9,-9,-9,-9,No,-9,-9,-9,-9
VA,VIRGINIA,5100102,REGIONAL LEARNING ACADEMY/WISE CO,C/O Wise Co Public Schools,Wise,24293,No,67,2,1,Yes,Yes,Yes,MARCIA,SHORTT,276-328-8017,mshortt@wisek12.org,MARCIA,SHORTT,276-328-8017,mshortt@wisek12.org,JERRIE,ADAMS,276-328-8017,jadams@wisek12.org,No,Yes,Yes,www.wisek12.org,No,-9,No,-9,-9,-9,-9,-9,-9,-9,-9,-9,-9,-9,-9,-9,-9,-9,No,-9,-9,-9,-9
VA,VIRGINIA,5100120,ALEXANDRIA CITY PBLC SCHS,1340 Braddock Place,Alexandria,22314,No,15802,286,16,Yes,Yes,Yes,KENNETRA,WOOD,703-619-8034,kennetra.wood@acps.k12.va.us,DR. JULIE,CRAWFORD,703-619-8034,julie.crawford@acps.k12.va.us,JEFFREY,CARPENTER,703-619-8034,jeffrey.carpenter@acps.k12.va.us,No,Yes,Yes,https://www.google.com/url?q=https://www.acps.k12.va.us/cms/lib/VA01918616/Centricity/Shared/documents/school-board-policies/GBA-JFHA.pdf&sa=U&ved=0ahUKEwjM8ZTRnMjgAhUmnOAKHeKdD1sQFggGMAE&client=internal-uds-cse&cx=008822122445186151738:tv7dz13irza&usg=A,No,-9,Yes,Yes,No,Yes,No,Yes,Yes,Yes,12,93,472,16,No,Yes,Yes,Yes,Yes,Yes,No,No,No
VA,VIRGINIA,5100152,ALLEGHANY CO PBLC SCHS,100 Central Circle,Low Moor,24457,No,2185,0,5,Yes,Yes,Yes,FRED,VAUGHAN,(540)863-1814,fvaughan@alleghany.k12.va.us,FRED,VAUGHAN,(540)863-1814,fvaughan@alleghany.k12.va.us,ELIZABETH,HEATH,(540)863-1809,eheath@alleghany.k12.va.us,No,Yes,Yes,http://www.alleghany.k12.va.us/UserFiles/Servers/Server_8986/File/Superintendent/Policy%20Manual/Section%20J/JFC-R.pdf,No,-9,Yes,Yes,No,Yes,No,No,Yes,Yes,9,26,51,1,No,Yes,No,Yes,Yes,Yes,No,No,No
VA,VIRGINIA,5100180,AMELIA CO PBLC SCHS,8701 Otterburn Road Suite 101,Amelia,23002,No,1793,7,3,Yes,Yes,Yes,ANU,UPADHYAYA,804-561-2621,upadhyayaa@ameliaschools.com,ANU,UPADHYAYA,804-561-2621,upadhyayaa@ameliaschools.com,ANU,UPADHYAYA,804-561-2621,upadhyayaa@ameliaschools.com,No,Yes,Yes,http://amelia.k12.va.us/UserFiles/Servers/Server_60458/File/Webmaster/Board/Policy%20Manual/POLICY_SECTION_J-STUDENTS.pdf,No,-9,Yes,Yes,No,Yes,No,No,No,No,0,2,4,0,Yes,-9,-9,-9,Yes,Yes,No,No,No
VA,VIRGINIA,5100210,AMHERST CO PBLC SCHS,P. O. Box 1257,Amherst,24521,No,4048,0,9,Yes,Yes,Yes,MARYMARGARET,CARDWELL,(434)946-9386,mcardwell@amherst.k12.va.us,MARYMARGARET,CARDWELL,(434)946-9386,mcardwell@amherst.k12.va.us,JOSHUA,NEIGHBORS,(434)946-9386,jneighbors@amherst.k12.va.us,No,Yes,Yes,http://www.amherst.k12.va.us/Search/node/bullying,No,-9,Yes,No,No,Yes,No,No,Yes,Yes,0,16,99,5,Yes,-9,-9,-9,Yes,Yes,No,No,No
VA,VIRGINIA,5100240,APPOMATTOX CO PBLC SCHS,P.O. Box 548,Appomattox,24522,No,2281,0,4,Yes,Yes,Yes,BRUCE,MCMILLAN,(434) 352-8251,brmcmillan@acpsweb.com,BRUCE,MCMILLAN,(434) 352-8251,brmcmillan@acpsweb.com,ELIZABETH,HAUGHT,(434) 352-8251,brhaught@acpsweb.com,No,Yes,Yes,https://www.acpsweb.net/site/handlers/filedownload.ashx?moduleinstanceid=139&dataid=302&FileName=Section_J.pdf,Yes,No,Yes,Yes,No,No,No,No,Yes,Yes,1,22,69,0,No,Yes,No,Yes,Yes,Yes,No,No,No
VA,VIRGINIA,5100256,CODERVA REGIONAL HIGH SCHOOL,1405 Cummings Drive Suite 10,Richmond,23220,No,91,0,1,No,No,No,-9,-9,-9,-9,-9,-9,-9,-9,-9,-9,-9,-9,No,Yes,Yes,http://coderva.org/parentguardian-information-forms/,No,-9,No,-9,-9,-9,-9,-9,-9,-9,-9,-9,-9,-9,-9,-9,-9,-9,No,-9,-9,-9,-9
VA,VIRGINIA,5100270,ARLINGTON CO PBLC SCHS,2110 Washington Blvd,Arlington,22204,No,26891,55,38,Yes,Yes,Yes,CINTIA,JOHNSON,(703)228-6007,cintia.johnson@apsva.us,LAURA,NEWTON,(703)228-6058,laura.newton@apsva.us,PAUL,JAMELSKE,(703)228-6042,paul.jamelske@apsva.us,No,Yes,Yes,https://www.boarddocs.com/vsba/arlington/Board.nsf/files/AZ3NM3602DD4/$file/J-2%20Student%20Equal%20Educational%20Opportunities-Nondiscrimination.pdf,Yes,No,Yes,Yes,Yes,No,No,Yes,Yes,Yes,12,124,540,464,Yes,-9,-9,-9,Yes,Yes,No,No,No
VA,VIRGINIA,5100300,AUGUSTA CO PBLC SCHS,P O Box 960,Verona,24482,No,10255,107,18,Yes,Yes,Yes,JILL,MARTIN,(540)245-5107,jmartin@augusta.k12.va.us,JILL,MARTIN,(540)245-5107,jmartin@augusta.k12.va.us,DOUGLAS,SHIFFLETT,(540)245-5108,dwshiffl@augusta.k2.va.us,No,Yes,Yes,https://www.augusta.k12.va.us/domain/66,Yes,Yes,Yes,Yes,No,No,No,No,No,No,13,143,115,4,Yes,-9,-9,-9,Yes,Yes,No,No,No
VA,VIRGINIA,5100330,BATH CO PBLC SCHS,PO Box 67,Warm Springs,24484,No,559,0,3,Yes,Yes,Yes,ALLISON,HICKLIN,5409975452,allisonh@bath.k12.va.us,ALLISON,HICKLIN,5409975452,allisonh@bath.k12.va.us,ALLISON,HICKLIN,5409975452,allisonh@bath.k12.va.us,No,Yes,Yes,http://www.bath.k12.va.us/school-board/school-board-policy-regulations/a-foundations-and-basic-commitment/,No,-9,Yes,Yes,No,No,No,Yes,Yes,No,0,10,27,0,Yes,-9,-9,-9,Yes,Yes,No,No,No
VA,VIRGINIA,5100360,BEDFORD CO PBLC SCHS,310 S. Bridge St,Bedford,24523,No,9802,0,19,Yes,Yes,Yes,TONY,FRANCIS,(540)586-1045 x10236,tfrancis@bedford.k12.va.us,TIM,OVERSTREET,(540)586-1045 x10235,toverstreet@bedford.k12.va.us,SARAH,STATON,(540)586-1045 x10231,sstaton@bedford.k12.va.us,No,Yes,Yes,http://bedford.sharpschool.net/UserFiles/Servers/Server_1057178/File/Parents_Students/Code_of_Conduct/Code_of_Conduct2018-19.pdf,No,-9,Yes,Yes,No,No,No,No,Yes,Yes,5,37,215,15,Yes,-9,-9,-9,Yes,Yes,No,No,No
VA,VIRGINIA,5100390,BLAND CO PBLC SCHS,361 Bears Trail,Bastian,24314,No,730,0,2,Yes,Yes,Yes,BRIAN,HALL,(276) 688-3361,bhall@bland.k12.va.us,BRIAN,HALL,(276) 688-3361,bhall@bland.k12.va.us,BRIAN,HALL,(276) 688-3361,bhall@bland.k12.va.us,No,Yes,Yes,www.bland.k12.va.us/pdf/policy,No,-9,Yes,Yes,No,No,No,No,Yes,Yes,0,0,6,1,Yes,-9,-9,-9,Yes,Yes,No,No,No
VA,VIRGINIA,5100420,BOTETOURT CO PBLC SCHS,143 Poor Farm Rd,Fincastle,24090,No,4671,0,13,Yes,Yes,Yes,MIKE,KETRON,(540)473-8263,mketron@bcps.k12.va.us,MIKE,KETRON,(540)473-8263,mketron@bcps.k12.va.us,MIKE,KETRON,(540)473-8263,mketron@bcps.k12.va.us,No,Yes,Yes,https://73e4a5a6-a-8cf4e4c4-s-sites.googlegroups.com/a/bcps.k12.va.us/bcps-policy/home/-section-j-students/JFHA%20GBA%20Prohibition%20Against%20Harassment%20%26%20Retaliation.pdf?attachauth=ANoY7cqVgRWw_y7TpIakqbUsOtF0-,Yes,No,Yes,Yes,Yes,No,No,Yes,Yes,No,7,19,50,5,No,Yes,Yes,Yes,Yes,Yes,Yes,No,No
VA,VIRGINIA,5100450,BRISTOL CITY PBLC SCHS,220 Lee Street,Bristol,24201,No,2266,7,6,Yes,Yes,Yes,GARY,RITCHIE,276-821-5645,gritchie@bvps.org,GARY,RITCHIE,276-821-5645,gritchie@bvps.org,MEGAN,DE NOBRIGA,276-821-5635,mdenobriga@bvps.org,No,Yes,Yes,https://www.bvps.org/ourpages/auto/2017/10/23/31027387557284738932/JFHA-GBA%20-%20Prohibition%20Against%20Harassment%20and%20Retaliation.pdf,No,-9,Yes,Yes,No,No,No,No,Yes,No,0,14,102,2,Yes,-9,-9,-9,Yes,Yes,No,No,No
VA,VIRGINIA,5100480,BRUNSWICK CO PBLC SCHS,1718 Farmer's Field Road,Lawrenceville,23868,No,1632,21,5,Yes,Yes,Yes,DR. JERRY,CONGLETON,"4348483138, x. 4005",congletonj@brunswickcps.org,REBECCA,AKERS,4348483138,akersr@brunswickcps.org,LEORIE,MALLORY,4348483138,malloryl@brunswickcps.org,No,Yes,Yes,www.brunswickcps.org/apps/pages/index.jsp?uREC_ID=249216&type=d,No,-9,Yes,Yes,No,No,No,No,Yes,No,0,0,77,0,No,Yes,Yes,Yes,Yes,Yes,No,No,No
VA,VIRGINIA,5100510,BUCHANAN CO PBLC SCHS,1176 Booth Branch,Grundy,24614,No,2856,4,10,Yes,Yes,Yes,MELINDA,SKEENS,(276)935-4551 x225,melinda.skeens@bcpsk12.com,KAREN,TAYLOR,(276)935-4551 x227,karen.taylor@bcpsk12.com,KAREN,TAYLOR,(276)935-4551 x227,karen.taylor@bcpsk12.com,No,Yes,Yes,https://www.boarddocs.com/vsba/buchanan/Board.nsf/files/AQTPH764A803/$file/JFC-R%20Standards%20of%20Student%20Conduct%207.16.2015.pdf,No,-9,Yes,Yes,No,No,No,Yes,Yes,Yes,0,20,79,1,Yes,-9,-9,-9,Yes,Yes,No,No,No
VA,VIRGINIA,5100540,BUCKINGHAM CO PBLC SCHS,15595 West James Anderson Rd.,Buckingham,23921,No,2101,0,5,Yes,Yes,Yes,EMILY,HOGGE,4349696100,ehogge@bcpschools.org,EMILY,HOGGE,4349696100,ehogge@bcpschools.org,EMILY,HOGGE,4349696100,ehogge@bcpschools.org,No,Yes,Yes,https://www.bcpschools.org/school_board/school_board_policies_page,No,-9,Yes,Yes,No,No,No,No,Yes,Yes,2,9,113,2,Yes,-9,-9,-9,Yes,Yes,No,No,No
VA,VIRGINIA,5100560,BUENA VISTA CITY PBLC SCHS,2329 Chestnut Ave. Suite A,Buena Vista,24416,No,955,0,4,Yes,Yes,Yes,SHERRIE,WHEELER,540-261-2129,sherrie.wheeler@bvcps.net,SHERRIE,WHEELER,540-261-2129,sherrie.wheeler@bvcps.net,JULI,GIBSON,540-261-2129,juli.gibson@bvcps.net,No,Yes,Yes,https://docs.google.com/file/d/0B_Ei_fXO1H7WWHZWQXBqcXRSZm8/edit?pli=1,Yes,No,Yes,Yes,No,No,No,Yes,Yes,No,2,5,19,0,No,Yes,Yes,Yes,Yes,Yes,No,No,No
VA,VIRGINIA,5100600,CAMPBELL CO PBLC SCHS,P.O. Box 99,Rustburg,24588,No,8111,82,15,Yes,Yes,Yes,DENTON,SISK,434-332-8228,DentonSisk@campbell.k12.va.us,DENTON,SISK,434-332-8228,DentonSisk@campbell.k12.va.us,NICK,PONTIUS,434-332-8231,npontius@campbell.k12.va.us,No,Yes,Yes,http://www.campbell.k12.va.us/parents-students/campbell-county-schools-policy-manual,No,-9,Yes,Yes,No,No,No,No,Yes,Yes,14,34,245,4,Yes,-9,-9,-9,Yes,Yes,No,No,No
VA,VIRGINIA,5100660,CAROLINE CO PBLC SCHS,16261 Richmond Turnpike,Bowling Green,22427,No,4252,23,5,Yes,Yes,Yes,DEBORAH,HOLT,(804)633-5088,DHOLT@CCPS.US,DEBORAH,HOLT,(804)633-5088,DHOLT@CCPS.US,LORA,GLASS,(804)633-5088,LGLASS@CCPS.US,No,Yes,Yes,https://www.ccps.us/wp-content/uploads/2015/12/AC-Nondiscrimination.pdf,Yes,No,Yes,Yes,No,No,No,Yes,Yes,Yes,9,15,123,1,No,Yes,Yes,Yes,Yes,Yes,No,No,No
VA,VIRGINIA,5100690,CARROLL CO PBLC SCHS,605-9  Pine St,Hillsville,24343,No,3815,57,10,Yes,Yes,Yes,SUSAN,CARICO,2767283191,sbcarico@ccpsd.k12.va.us,SUSAN,CARICO,2767283191,sbcarico@ccpsd.k12.va.us,SUSAN,CARICO,2767283191,sbcarico@ccpsd.k12.va.us,No,Yes,Yes,https://www.boarddocs.com/vsba/ccpsd/Board.nsf/Public#,Yes,Yes,Yes,Yes,No,No,No,No,Yes,Yes,0,0,158,0,Yes,-9,-9,-9,Yes,Yes,No,No,No
VA,VIRGINIA,5100720,CHARLES CITY CO PBLC SCHS,10035 Courthouse Rd,Charles City,23030,No,650,21,2,Yes,Yes,Yes,DAVID,"GASTON, ED.D.",804-652-4612,dwgaston@ccps.net,DAVID,"GASTON, ED.D.",804-652-4612,dwgaston@ccps.net,TODD,"PERELLI, ED.D.",804-652-4651,tperelli@ccps.net,No,Yes,Yes,http://ccps.net/wp-content/uploads/2019/02/Section-J-Students.pdf,No,-9,Yes,Yes,No,No,No,No,Yes,Yes,0,4,26,0,Yes,-9,-9,-9,Yes,Yes,No,No,No
VA,VIRGINIA,5100750,CHARLOTTE CO PBLC SCHS,PO Box 790,Charlotte Court House,23923,No,1881,18,5,Yes,Yes,Yes,ROBBIE,MASON,434-542-5151,masonr@ccps.k12.va.us,ROBBIE,MASON,434-542-5659,masonr@ccps.k12.va.us,LAWRENCE,RANDOLPH,434-542-9503,randolphl@ccps.k12.va.us,No,Yes,Yes,http://ccpsk12.org/students___families/prevention_resources/internet_safety_tips/cyber_bullying,Yes,Yes,Yes,Yes,No,No,No,Yes,Yes,Yes,1,1,88,113,No,Yes,Yes,Yes,Yes,Yes,No,No,No
VA,VIRGINIA,5100780,CHARLOTTESVILLE CTY PBLC SCHS,1562 Dairy Rd,Charlottesville,22903,Yes,4541,44,10,Yes,Yes,Yes,KENDRA,KING,434-245-2400,kendra.king@charlottesvilleschools.org,KENDRA,KING,434-245-2400,kendra.king@charlottesvilleschools.org,KENDRA,KING,434-245-2400,kendra.king@charlottesvilleschools.org,No,Yes,Yes,http://charlottesvilleschools.org/conduct,No,-9,Yes,Yes,No,No,No,No,No,No,0,74,149,1,No,Yes,Yes,Yes,Yes,Yes,No,No,No
VA,VIRGINIA,5100810,CHESAPEAKE CITY PBLC SCHS,312 Cedar Rd,Chesapeake,23322,No,40223,381,47,Yes,Yes,Yes,WAYNE,MARTIN,757-547-0585,wayne.martin@cpschools.com,WAYNE,MARTIN,757-547-0585,wayne.martin@cpschools.com,CRAIG,PINELLO,757-494-7600,craig.pinello@cpschools.com,No,Yes,Yes,http://www.cpschools.com,Yes,No,Yes,Yes,No,Yes,Yes,Yes,Yes,Yes,37,198,619,9,No,Yes,Yes,Yes,Yes,Yes,No,Yes,No
VA,VIRGINIA,5100840,CHESTERFIELD CO PBLC SCHS,P.O. Box 10,Chesterfield,23832,No,61361,150,64,Yes,Yes,Yes,WENDELL,ROBERTS,(804)748-1483,wendell_roberts@ccpsnet.net,WENDELL,ROBERTS,(804)748-1483,wendell_roberts@ccpsnet.net,WENDELL,ROBERTS,(804)748-1483,wendell_roberts@ccpsnet.net,No,Yes,Yes,http://mychesterfieldschools.com/about/compliance-guidelines/,Yes,No,Yes,Yes,No,No,No,Yes,Yes,Yes,17,179,798,13,No,Yes,Yes,Yes,Yes,Yes,No,No,No
VA,VIRGINIA,5100870,CLARKE CO PBLC SCHS,317 W Main St Ste A,Berryville,22611,No,1980,0,4,Yes,Yes,Yes,RICK,CATLETT,540-955-6100,catlettr@clarke.k12.va.us,RICK,CATLETTV,540-955-6100,catlettr@clarke.k12.va.us,RICK,CATLETT,540-955-6100,catlettr@clarke.k12.va.us,No,Yes,Yes,http://www.clarke.k12.va.us/information-1/bullying,Yes,No,Yes,Yes,Yes,No,No,No,No,Yes,1,9,30,6,Yes,-9,-9,-9,Yes,Yes,No,No,No
VA,VIRGINIA,5100930,COLONIAL BEACH PBLC SCHS,16 N. Irving Ave,Colonial Beach,22443,No,637,5,2,Yes,Yes,Yes,DASHAN,TURNER,8042240906,dturner@cbschools.net,DASHAN,TURNER,8042240906,dturner@cbschools.net,DASHAN,TURNER,8042240906,dturner@cbschools.net,No,Yes,Yes,http://cbschools.sharpschool.net/contact_school_board/school_board/policy_regulation_manual,No,-9,Yes,Yes,No,No,No,Yes,Yes,Yes,0,1,24,6,Yes,-9,-9,-9,Yes,Yes,No,No,No
VA,VIRGINIA,5100960,COLONIAL HEIGHTS CITY PBLC SCHS,512 Boulevard,Colonial Heights,23834,No,2843,0,5,Yes,Yes,Yes,JOSEPH,DOUGLAS,8048748155,joe_douglas@colonialhts.net,JOSEPH,DOUGLAS,8048748155,joe_douglas@colonialhts.net,CHRISTY,GEORGE,(804)524-3445,christy_george@colonialhts.net,No,Yes,Yes,https://www.colonialhts.net/documents/School%20Board/Policies/J%20-%20Students/JFHA-GBA-%20Prohibition%20Against%20Harassment%20and%20Retaliation%20-%20July%202015.pdf,Yes,No,Yes,Yes,No,No,No,Yes,Yes,Yes,2,6,50,4,No,Yes,Yes,Yes,Yes,Yes,No,No,No
VA,VIRGINIA,5100990,COVINGTON CITY PBLC SCHS,340 E Walnut St,Covington,24426,No,1051,32,3,Yes,Yes,Yes,SHANNON,FUHRMAN,5409651400,sfuhrman@covington.k12.va.us,SHANNON,FUHRMAN,5409651400,sfuhrman@covington.k12.va.us,SHANNON,FUHRMAN,5409651400,sfuhrman@covington.k12.va.us,No,Yes,Yes,www.covington.k12.va.us,No,-9,Yes,Yes,No,Yes,No,No,Yes,Yes,0,11,6,30,Yes,-9,-9,-9,Yes,Yes,No,No,No
VA,VIRGINIA,5101020,CRAIG CO PBLC SCHS,PO Box 245,New Castle,24127,No,617,6,2,Yes,Yes,Yes,SAMUEL,FOSTER,540-864-5191,sfoster@craig.k12.va.us,SAMUEL,FOSTER,540-864-5191,sfoster@craig.k12.va.us,GERRI,VAN DYKE,540-864-5173,gvandyke@craig.k12.va.us,No,Yes,Yes,http://www.craig.k12.va.us/home/school-board/non-discrimination-statement,No,-9,Yes,Yes,No,Yes,No,Yes,Yes,Yes,0,2,4,1,No,Yes,Yes,Yes,Yes,Yes,No,No,No
VA,VIRGINIA,5101050,CULPEPER CO PBLC SCHS,450 Radio Lane,Culpeper,22701,Yes,8192,21,11,Yes,Yes,Yes,RUSSELL,HOUCK,540-825-3677  x3120,rhouck@ccpsweb.org,RUSSELL,HOUCK,540-825-3677  x3120,rhouck@ccpsweb.org,RUSSELL,HOUCK,540-825-3677  x3120,rhouck@ccpsweb.org,No,Yes,Yes,https://www.boarddocs.com/vsba/culp/Board.nsf/files/B4GR3G6C0596/$file/JFHA-GBA.pdf,No,-9,Yes,Yes,No,Yes,No,No,Yes,Yes,4,13,130,1,No,Yes,Yes,Yes,Yes,Yes,No,No,No
VA,VIRGINIA,5101080,CUMBERLAND CO PBLC SCHS,PO Box 170,Cumberland,23040,No,1340,13,3,Yes,Yes,Yes,ELIZABETH,JAMERSON,(804)492-4212,ejamerson@cucps.k12.va.us,ELIZABETH,JAMERSON,(804)492-4212,ejamerson@cucps.k12.va.us,ELIZABETH,JAMERSON,(804)492-4212,ejamerson@cucps.k12.va.us,No,Yes,Yes,www.cucps.k12.va.us,Yes,Yes,Yes,Yes,No,No,No,Yes,Yes,Yes,0,18,62,84,Yes,-9,-9,-9,Yes,Yes,No,No,No
VA,VIRGINIA,5101110,DANVILLE CITY PBLC SCHS,341 MAIN STREET SUITE 100,DANVILLE,24541,No,5852,0,12,Yes,Yes,Yes,MELISSA,NEWTON,(434)799-6400,mnewton@mail.dps.k12.va.us,JULIETTE,JENNINGS,(434)799-6400,jjennning@mail.dps.k12.va.us,JULIETTE,JENNINGS,(434) 799-6400,jjenning@mail.dps.k12.va.us,No,Yes,Yes,https://www.boarddocs.com/vsba/dps/Board.nsf/Public#,Yes,No,Yes,Yes,No,No,No,Yes,Yes,Yes,6,15,236,6,Yes,-9,-9,-9,Yes,Yes,No,No,No
VA,VIRGINIA,5101140,DICKENSON CO PBLC SCHS,P.O. Box 1127,Clintwood,24228,No,2140,6,5,Yes,Yes,Yes,MIKE,SETSER,(276)926-4643,msetser@dcps.k12.va.us,MIKE,SETSER,(276)926-4643,msetser@dcps.k12.va.us,DENECHIA,EDWARDS,(276)926-4643,dedwards@dcps.k12.va.us,No,Yes,Yes,http://dcps.k12.va.us/UserFiles/Servers/Server_5990008/File/Central%20Office/Mike%20Setser/Policy%20Manual/Section%20J/GBA-JFHA1.pdf,No,-9,Yes,No,No,Yes,No,Yes,Yes,Yes,0,6,5,76,Yes,-9,-9,-9,Yes,Yes,No,Yes,No
VA,VIRGINIA,5101170,DINWIDDIE CO PBLC SCHS,14016 Boydton Plank Rd,Dinwiddie,23841,No,4336,26,7,Yes,Yes,Yes,EMILY,BRANCH,804-469-4190,ebranch@dcpsnet.org,EMILY,BRANCH,804-469-4190,ebranch@dcpsnet.org,EMILY,BRANCH,804-469-4190,ebranch@dcpsnet.org,No,Yes,Yes,https://go.boarddocs.com/vsba/dinwiddie/Board.nsf/Public,No,-9,Yes,Yes,No,No,No,Yes,Yes,No,3,8,47,0,No,Yes,Yes,Yes,Yes,Yes,No,No,No
VA,VIRGINIA,5101200,ESSEX CO PBLC SCHS,P.O. Box 756,Tappahannock,22560,No,1407,0,3,Yes,Yes,Yes,TARA,ROANE,804-443-4366,troane@essex.k12.va.us,TARA,ROANE,804-443-4366,troane@essex.k12.va.us,TARA,ROANE,804-443-4366,troane@essex.k12.va.us,No,Yes,No,-9,No,-9,Yes,Yes,No,No,No,No,Yes,No,0,0,48,0,Yes,-9,-9,-9,Yes,Yes,No,No,No
VA,VIRGINIA,5101260,FAIRFAX CO PBLC SCHS,Gatehouse Adm Ctr,Falls Church,22042,Yes,187012,296,207,Yes,Yes,Yes,BRYAN,GIBSON,5714233070,Bryan.Gibson@fcps.edu,BRYAN,GIBSON,5714233070,Bryan.Gibson@fcps.edu,DAWN,SCHAEFER,5714234470,Dawn.Schaefer@fcps.edu,No,Yes,Yes,http://www.boarddocs.com/vsba/fairfax/Board.nsf/files/9WBGD2433BDB/$file/P1450.pdf,Yes,Yes,Yes,Yes,No,Yes,No,Yes,Yes,Yes,255,949,2464,22,No,Yes,Yes,Yes,Yes,Yes,No,No,No
VA,VIRGINIA,5101290,FALLS CHURCH CITY PBLC SCHS,800 W Broad St Suite 203,Falls Church,22046,No,2686,13,5,Yes,Yes,Yes,PATRICIA,MINSON,(703)248-5600,pminson@fccps.org,PATRICIA,MINSON,(703)248-5600,pminson@fccps.org,REBECCA,SHARP,(703)248-5600,rsharp@fccps.org,No,Yes,Yes,https://www.fccps.org/cms/one.aspx?portalId=56034&pageId=1314506,No,-9,Yes,Yes,Yes,No,No,Yes,Yes,Yes,6,26,37,1,No,Yes,No,Yes,Yes,Yes,No,No,No
VA,VIRGINIA,5101320,FAUQUIER CO PBLC SCHS,320 Hospital Drive,Warrenton,20186,No,11109,42,19,Yes,Yes,Yes,FRANK,FINN,540-422-7100,ffinn@fcps1.org,FRANK,FINN,540-422-7100,ffinn@fcps1.org,RANDY,CORPENING,540-422-7100,rcorpening@fcps1.org,No,Yes,Yes,https://www.boarddocs.com/va/fcps/Board.nsf/Public#,Yes,Yes,Yes,Yes,No,Yes,Yes,Yes,Yes,Yes,6,37,114,1,Yes,-9,-9,-9,Yes,Yes,Yes,No,No
VA,VIRGINIA,5101350,FLOYD CO PBLC SCHS,140 Harris Hart Rd NE,Floyd,24091,No,2036,2,5,Yes,Yes,Yes,BARBARA,DALTON,540-745-9409,daltonb@floyd.k12.va.us,BARBARA,DALTON,540-745-9409,daltonb@floyd.k12.va.us,AMY,PHILLIPS,540-745-9400,phillipsa@floyd.k12.va.su,No,Yes,Yes,https://www.floyd.k12.va.us/Page/2242,No,-9,Yes,No,No,Yes,No,No,Yes,No,0,3,44,3,Yes,-9,-9,-9,Yes,Yes,No,No,No
VA,VIRGINIA,5101380,FLUVANNA CO PBLC SCHS,14455 James Madison Highway,Palmyra,22963,No,3589,0,5,Yes,Yes,Yes,COMPLIANCE OFFICER,DON STRIBLING,(434)589-8208,dstribling@apps.fluco.org,COMPLIANCE OFFICER,DON STRIBLING,(434)589-8208,dstribling@apps.fluco.org,DIRECTOR OF SPECIAL EDUCATION,JENNIFER VALENTINE,(434)589-8208,jvalentine@apps.fluco.org,No,Yes,Yes,www.fluco.org,Yes,No,Yes,Yes,No,Yes,No,No,Yes,Yes,1,9,61,1,No,Yes,No,Yes,Yes,Yes,No,No,No
VA,VIRGINIA,5101410,FRANKLIN CITY PBLC SCHS,207 W Second Ave,Franklin,23851,No,1118,11,3,Yes,Yes,Yes,KELVIN,EDWARDS,(757)569-8111,kedwards@fcpsva.org,KELVIN,EDWARDS,(757)569-8111,kedwards@fcpsva.org,KELVIN,EDWARDS,(757)569-8111,kedwards@fcpsva.og,No,Yes,Yes,https://www.fcpsva.org/apps/pages/index.jsp?uREC_ID=274873&type=d&pREC_ID=516064,No,-9,Yes,Yes,No,No,No,Yes,Yes,Yes,0,1,63,2,Yes,-9,-9,-9,Yes,Yes,No,No,No
VA,VIRGINIA,5101440,FRANKLIN CO PBLC SCHS,25 Bernard Road,Rocky Mount,24151,No,7230,0,16,Yes,Yes,Yes,DEREK,BRYANT,(540)483-5138,derek.bryant@frco.k12.va.us,JUDY,FALLS,(540)483-5138,judy.falls@frco.k12.va.us,JUDY,FALLS,(540)483-5138,judy.falls@frco.k12.va.us,No,Yes,Yes,http://www.boarddocs.com/vsba/frco/Board.nsf/Public,No,-9,Yes,Yes,No,No,No,No,Yes,No,5,17,288,2,Yes,-9,-9,-9,Yes,Yes,No,No,No
VA,VIRGINIA,5101470,FREDERICK CO PBLC SCHS,P O Box 3508,Winchester,22604,Yes,13529,113,18,Yes,Yes,Yes,JOHN,"LINABURG
",540-662-3888,linaburj@fcpsk12.net,"CHARLES
","PEEELING
","540-662-3888
",peelingc@fcpsk12.net,"MICHELLE
","SANDY
","540-662-3888
",sandym@fcpsk12.net,No,Yes,Yes,http://policy.frederick.k12.va.us/cms/one.aspx?portalId=8743741&pageId=14058687,No,-9,Yes,Yes,No,Yes,No,No,Yes,No,0,21,40,5,No,Yes,No,Yes,Yes,Yes,No,No,No
VA,VIRGINIA,5101510,FREDERICKSBURG CITY PBLC SCHS,210 Ferdinand Street,Fredericksburg,22401,No,3617,0,5,Yes,Yes,Yes,MARCELINE,CATLETT,(540)372-1130,mcatlett@cityschools.com,MARCELINE,CATLETT,(540)372-1130,mcatlett@cityschools.com,SUE,KEFFER,(540)372-1130,skeffer@cityschools.com,No,Yes,Yes,http://www.cityschools.com/upload/Fredericksburg%20City%20Public%20Schools/Technology%20-%20Public_Documents/FCPS_Policy_Manual/index.php?path=Section+J/,No,-9,Yes,Yes,No,No,No,Yes,Yes,Yes,0,32,120,23,Yes,-9,-9,-9,Yes,Yes,No,No,No
VA,VIRGINIA,5101560,GALAX CITY PUBLIC SCHOOLS,223 Long St,Galax,24333,No,1241,20,3,Yes,Yes,Yes,REBECCA,CARDWELL,276-236-2911,kristielegg@galaxschools.us,REBECCA,CARDWELL,276-236-2911,kristielegg@galaxschools.us,REBECCA,CARDWELL,276-236-2911,kristielegg@galaxschools.us,No,Yes,Yes,https://drive.google.com/file/d/0B9PWm4E9IeUhdVJzZEsweXlNZWg2UXkwWVgxSzAyWGRBMmNV/view,No,-9,No,-9,-9,-9,-9,-9,-9,-9,-9,-9,-9,-9,-9,-9,-9,-9,Yes,Yes,No,No,No
VA,VIRGINIA,5101590,GILES CO PBLC SCHS,151 School Rd,Pearisburg,24134,No,2492,0,5,Yes,Yes,Yes,RICHARD,FRANKLIN,540-921-1421 x 16,rfranklin@gilesk12.net,RICHARD,FRANKLIN,540-921-1421 x16,rfranklin@gilesk12.net,MICHELE,THOMPSON,540-921-1421 x21,mthompson@gilesk12.net,No,Yes,Yes,http://sbo.gilesk12.org/UserFiles/Servers/Server_349858/File/School%20Board/School%20Board%20Policies/Giles%20School%20Board%20Policy%20Manual.pdf,No,-9,Yes,Yes,Yes,No,No,No,Yes,Yes,0,6,77,22,No,Yes,Yes,Yes,Yes,Yes,No,No,No
VA,VIRGINIA,5101620,GLOUCESTER CO PBLC SCHS,6099 T.C. Walker Road,Gloucester,23061,No,5436,0,8,Yes,Yes,Yes,GWYN,CIEMNIECKI,804-693-5300,gwyn.ciemniecki@gc.k12.va.us,GWYN,CIEMNIECKI,804-693-5300,gwyn.ciemniecki@gc.k12.va.us,BRYAN,HARTLEY,804-693-7856,bhartley@gc.k12.va.us,No,Yes,Yes,http://web.gc.k12.va,Yes,Yes,Yes,Yes,Yes,No,No,Yes,Yes,Yes,7,29,85,2,Yes,-9,-9,-9,Yes,Yes,No,No,No
VA,VIRGINIA,5101650,GOOCHLAND CO PBLC SCHS,PO Box 169,Goochland,23063,Yes,2636,43,5,Yes,Yes,Yes,ANDREW,ARMSTRONG,8045565605,aarmstrong@glnd.k12.va.us,ANDREW,ARMSTRONG,8045565605,aarmstrong@glnd.k12.va.us,JENNIFER,WAGGENER,8045565625,jwaggener@glnd.k12.va.us,No,Yes,Yes,https://drive.google.com/open?id=0B8PPNbEafINgbmV4WjIwYjZQeHM,Yes,Yes,Yes,Yes,Yes,Yes,No,Yes,Yes,Yes,4,14,70,3,Yes,-9,-9,-9,Yes,Yes,No,No,No
VA,VIRGINIA,5101690,GRAYSON CO PBLC SCHS,PO Box 888,Independence,24348,No,2088,2,8,Yes,Yes,Yes,JANICE,LINKER,276-773-2832,janice.linker@gcpsva.org,JANICE,LINKER,276-773-2832,janice.linker@gcpsva.org,JANICE,LINKER,276-773-2832,janice.linker@gcpsva.org,No,Yes,Yes,https://drive.google.com/open?id=0B6H9all,No,-9,Yes,Yes,No,No,No,No,Yes,No,0,0,45,0,No,Yes,Yes,Yes,Yes,Yes,No,No,No
VA,VIRGINIA,5101710,GREENE CO PBLC SCHS,P.O. Box 1140,Stanardsville,22973,No,3121,0,5,Yes,Yes,Yes,KYLE,PURSEL,434-939-1040,kpursel@greenecountyschools.com,WENDY,MITCHEM,434-939-1019,wmitchem@greenecountyschools.com,WENDY,MITCHEM,434-939-1019,wmitchem@greenecountyschools.com,No,No,-9,-9,No,-9,No,-9,-9,-9,-9,-9,-9,-9,-9,-9,-9,-9,-9,-9,-9,-9,No,-9,-9,-9,-9
VA,VIRGINIA,5101740,GREENSVILLE CO PBLC SCHS,105 Ruffin Street,Emporia,23847,No,2390,11,4,Yes,Yes,Yes,CURTIS,YOUNG,(434)634-3748,cyoung@gcps1.com,PAIGE,CREWE,(434)634-3748,pcrewe@gcps1.com,RITA,WILLIAMS,(434)634-3748,rwilliams@gcps1.com,No,Yes,Yes,https://va02207804.schoolwires.net/domain/269,No,-9,Yes,Yes,No,No,No,No,Yes,Yes,5,21,73,30,No,Yes,Yes,Yes,Yes,Yes,No,No,No
VA,VIRGINIA,5101770,HALIFAX CO PBLC SCHS,PO Box 1849,Halifax,24558,No,5089,26,11,Yes,Yes,Yes,VALDIVIA,HALL,(434)476-3130,vhall@halifax.k12.va.us,VALDIVIA,HALL,(434)476-3130,vhall@halifax.k12.va.us,PAMELA,EAKES,(434)476-3126,peakes@halifax.k12.va.us,No,Yes,Yes,http://www.halifax.k12.va.us/documents/policies/CodeOfStudentConduct.pdf,Yes,Yes,Yes,Yes,No,No,No,Yes,Yes,Yes,13,38,246,8,No,Yes,Yes,Yes,Yes,Yes,No,No,No
VA,VIRGINIA,5101800,HAMPTON CITY PBLC SCHS,1 Franklin Street,Hampton,23669,No,19751,156,34,Yes,Yes,Yes,ROBBIN,RUTH,(757)727-2300,RRUTH@HAMPTON.K12.VA.US,ROBBIN,RUTH,(757)727-2300,RRUTH@HAMPTON.K12.VA.US,MARGARET,MATTHEWS,(757)727-2300,MMATHEWS@HAMPTON.K12.VA.US,No,Yes,Yes,http://www.boarddocs.com/vsba/hampton/Board.nsf/goto?open&id=86663D627F85,Yes,Yes,Yes,Yes,No,No,No,Yes,Yes,Yes,51,504,163,0,Yes,-9,-9,-9,Yes,Yes,No,No,No
VA,VIRGINIA,5101830,HANOVER CO PBLC SCHS,200 Berkley St,Ashland,23005,No,17902,109,24,Yes,Yes,Yes,LAURA,MATTHEWS,804-365-4616,lmatthews@hcps.us,LAURA,MATTHEWS,804-365-4616,lmatthews@hcps.us,LAURA,MATTHEWS,804-365-4616,lmatthews@hcps.us,No,Yes,Yes,http://hcps.us/about_us/policy_manual/7__students,Yes,Yes,Yes,Yes,No,Yes,No,Yes,Yes,Yes,12,97,203,20,Yes,-9,-9,-9,Yes,Yes,No,No,No
VA,VIRGINIA,5101860,HARRISONBURG CITY PBLC SCHS,One Court Square,Harrisonburg,22801,No,6295,83,9,Yes,Yes,Yes,ANDREW,ANSOORIAN,540-434-9916,aAnsoorian@harrisonburg.k12.va.us,ANDREW,ANSOORIAN,540-434-9916,aAnsoorian@harrisonburg.k12.va.us,SANDI,THORPE,540-434-9916,sthorpe@harrisonburg.k12.va.us,No,Yes,Yes,https://www.harrisonburg.k12.va.us/District/legal&mode=terms,No,-9,Yes,Yes,Yes,Yes,Yes,No,No,No,0,0,51,220,Yes,-9,-9,-9,Yes,Yes,Yes,Yes,Yes
VA,VIRGINIA,5101890,HENRICO CO PBLC SCHS,3820 Nine Mile Rd.,Henrico,23223,Yes,51604,388,75,Yes,Yes,Yes,BETH,TEIGEN,(804)652-3754,BNTEIGEN@HENRICO.K12.VA.US,NYAH,HAMLETT,(804)652-3825,NDHAMLETT@HENRICO.K12.VA.US,NYAH,HAMLETT,(804)652-3825,NDHAMLETT@HENRICO.K12.VA.US,No,Yes,Yes,https://webapps.henrico.k12.va.us/policy/chapter.asp#P6-05-015,Yes,Yes,Yes,Yes,No,Yes,No,Yes,Yes,Yes,14,123,1065,2,No,Yes,Yes,Yes,Yes,Yes,No,No,No
VA,VIRGINIA,5101920,HENRY CO PBLC SCHS,PO Box 8958,Collinsville,24078,No,7490,15,15,Yes,Yes,Yes,DAVID,SCOTT,276-634-4710,dscott@henry.k12.va.us,DAVID,SCOTT,276-634-4710,dscott@henry.k12.va.us,DAVID,SCOTT,276-634-4710,dscott@henry.k12.va.us,No,Yes,Yes,https://www.henry.k12.va.us/Page/16673,Yes,No,Yes,Yes,No,No,No,No,Yes,Yes,4,21,305,3,Yes,-9,-9,-9,Yes,Yes,No,No,No
VA,VIRGINIA,5101950,HIGHLAND CO PBLC SCHS,P.O. Box 250,Monterey,24465,No,209,0,2,Yes,Yes,Yes,THOMAS,SCHOTT,540-468-6300,tschott@highland.k12.va.us,THOMAS,SCHOTT,540-468-6300,tschott@highland.k12.va.us,THOMAS,SCHOTT,540-468-6300,tschott@highland.k12.va.us,No,Yes,Yes,http://www.highland.k12.va.uscmslib011/VA02207826/Centricity/Domain/13/Section_A.pdf,No,-9,No,-9,-9,-9,-9,-9,-9,-9,-9,-9,-9,-9,-9,-9,-9,-9,Yes,Yes,No,No,No
VA,VIRGINIA,5101980,HOPEWELL CITY PBLC SCHS,103 N. 12th Avenue,Hopewell,23860,No,4360,45,7,Yes,Yes,Yes,MISSY,SHORES,804-541-6400,mshores@hopewell.k12.va.us,MISSY,SHORES,804-541-6400,mshores@hopewell.k12.va.us,JERMAINE,HARRIS,804-541-6400,jerharris@hopewell.k12.va.us,No,Yes,Yes,http://www3.hopewell.k12.va.us,Yes,No,Yes,Yes,No,No,No,Yes,Yes,Yes,3,101,216,1,No,Yes,No,Yes,Yes,Yes,No,No,No
VA,VIRGINIA,5102010,ISLE OF WIGHT CO PBLC SCHS,820 West Main Street,Smithfield,23430,No,5496,0,9,Yes,Yes,Yes,CHERYL,ELLIOTT,757-357-4393,celliott@iwcs.k12.va.us,CHERYL,ELLIOTT,757-357-4393,celliott@iwcs.k12.va.us,CHERYL,ELLIOTT,757-357-4393,ceeliott@iwcs.k12.va.us,No,Yes,Yes,https://1.cdn.edl.io/Khkk4SxNw2W37JpOsIPimQIUZS43U929WsaX5RSPRdBM5uwQ.pdf,No,-9,Yes,Yes,No,Yes,No,No,Yes,Yes,8,13,97,0,No,Yes,No,Yes,Yes,Yes,No,No,No
VA,VIRGINIA,5102070,KING AND QUEEN CO PBLC SCHS,P.O. Box 97,King And Queen CH,23085,No,834,6,3,Yes,Yes,Yes,STEPHANIE,LAMBRECHT,804-785-5981,slambrecht@kqps.net,STEPHANIE,LAMBRECHT,804-785-5981,slambrecht@kqps.net,STEPHANIE,LAMBRECHT,804-785-5981,slambrecht@kqps.net,No,Yes,Yes,www.kqps.net,No,-9,Yes,Yes,No,No,No,Yes,Yes,Yes,1,6,33,1,Yes,-9,-9,-9,Yes,Yes,No,No,No
VA,VIRGINIA,5102100,KING GEO CO PBLC SCHS,P.O. Box 1239,King George,22485,No,4535,13,5,Yes,Yes,Yes,MARY,FISHER,540-775-8614,mfisher@kgcs.k12.va.us,ANN,BUECHE,540-775-8621,abueche@kgcs.k12.va.us,ANN,BUECHE,540-775-8621,abueche@kgcs.k12.va.us,No,Yes,Yes,https://www.kgcs.k12.va.us/departments/student_family_services/bullying_prevention,No,-9,Yes,Yes,No,Yes,No,No,Yes,Yes,2,13,49,57,Yes,-9,-9,-9,Yes,Yes,No,No,No
VA,VIRGINIA,5102120,KING WILLIAM CO PBLC SCHS,PO Box 185,King William,23086,No,2203,14,4,Yes,Yes,Yes,ROSALINE,BALL,804-769-3434,reball@kwcps.k12.va.us,ROSALINE,BALL,804-769-3434,reball@kwcps.k12.va.us,ROSALINE,BALL,804-769-3434,reball@kwcps.k12.va.us,No,Yes,Yes,http://www.kwcps.k12.va.us/,No,-9,No,-9,-9,-9,-9,-9,-9,-9,-9,-9,-9,-9,-9,-9,-9,-9,Yes,Yes,No,No,No
VA,VIRGINIA,5102160,LANCASTER CO PBLC SCHS,P.O. Box 2000,Kilmarnock,22482,No,1159,26,3,Yes,Yes,Yes,DAN,RUSSELL,"804-462-5100, x1002",drussell@lcs.k12.va.us,DAN,RUSSELL,"804-462-5100, x1002",drussell@lcs.k12.va.u,DAN,RUSSELL,"804-462-5100, x1002",drussell@lcs.k12.va.u,No,Yes,Yes,https://core-docs.s3.amazonaws.com/documents/asset/uploaded_file/239387/LANCASTER_COUNTY_PUBLIC_SCHOOLS_POLICY_MANUAL_2018.pdf,No,-9,Yes,Yes,No,No,No,Yes,Yes,Yes,0,33,53,6,Yes,-9,-9,-9,Yes,Yes,No,No,No
VA,VIRGINIA,5102190,LEE CO PBLC SCHS,155 Vo Tech Drive,Jonesville,24263,No,3266,3,10,Yes,Yes,Yes,VICKIE,BROWN,(276)383-4531,vickie.brown@lee.k12.va.us,VICKIE,BROWN,(276)383-4531,vickie.brown@lee.k12.va.us,VICKIE,BROWN,(276)383-4531,vickie.brown@lee.k12.va.us,No,Yes,Yes,https://go.boarddocs.com/vsba/lcpsva/Board.nsf/Public?open&id=policies,Yes,No,Yes,Yes,No,No,No,Yes,Yes,Yes,0,70,120,2,No,Yes,Yes,Yes,Yes,Yes,No,No,No
VA,VIRGINIA,5102220,LEXINGTON CITY PBLC SCHS,300 Diamond St,Lexington,24450,No,522,0,2,Yes,Yes,Yes,REBECCA,WALTERS,(540)463-7146,rwalters@lexedu.org,REBECCA,WALTERS,(540)463-7146,rwalters@lexedu.org,REBECCA,WALTERS,(540)463-7146,rwalters@lexedu.org,No,Yes,Yes,https://lexedu.org/files/docs/POLICY%20MANUAL%20-%20MAY%202015.pdf,No,-9,Yes,No,No,No,No,No,No,No,1,3,5,1,No,Yes,No,No,Yes,Yes,No,No,No
VA,VIRGINIA,5102250,LOUDOUN CO PBLC SCHS,21000 Education Court,Ashburn,20148,No,80126,0,88,Yes,Yes,Yes,KIMBERLY,HOUGH,(571)252-1316,Kimberly.Hough@lcps.org,KIMBERLY,HOUGH,(571)252-1316,Kimberly.Hough@lcps.org,KIMBERLY,HOUGH,(571)252-1316,Kimberly.Hough@lcps.org,No,Yes,Yes,https://www.lcps.org/cms/lib/VA01000195/Centricity/Domain/9/Chapter%208/8-41.pdf,No,-9,Yes,No,No,Yes,No,Yes,Yes,No,0,19,376,0,No,Yes,No,Yes,Yes,Yes,No,Yes,No
VA,VIRGINIA,5102280,LOUISA CO PBLC SCHS,953 Davis Hwy,Mineral,23117,No,4916,0,6,Yes,Yes,Yes,MICHAEL,PELLONI,540-894-5115,pellonmj@lcps.k12.va.us,MICHAEL,PELLONI,540-894-5115,pellonmj@lcps.k12.va.us,CARLA,ALPERN,540-894-5115,alpernca@lcps.k12.va.us,No,Yes,Yes,https://drive.google.com/file/d/106KTe7SLCdo7QXDzM2Q98R05xmgDhv0p/view,Yes,No,Yes,Yes,No,No,No,No,Yes,Yes,2,11,111,1,No,Yes,Yes,Yes,Yes,Yes,No,No,No
VA,VIRGINIA,5102310,LUNENBURG CO PBLC SCHS,P. O. Box 710,Kenbridge,23944,No,1531,16,4,Yes,Yes,Yes,SIDNEY,LONG,4346762467,sidney.long@k12lcps.org,SIDNEY,LONG,4346762467,sidney.long@k12lcps.org,FRANCES,WILSON,4346762467,frances.wilson@k12lcps.org,No,Yes,Yes,www.lunenburgcountyschools.org,No,-9,Yes,Yes,No,No,No,No,Yes,Yes,1,3,66,1,No,Yes,Yes,Yes,Yes,Yes,No,No,No
VA,VIRGINIA,5102340,LYNCHBURG CITY PBLC SCHS,P. O. Box 2497,Lynchburg,24505,Yes,8243,73,18,Yes,Yes,Yes,APRIL,BRUCE,434 515-5039,bruceam@lcsedu.net,APRIL,BRUCE,434 515-5039,bruceam@lcsedu.net,APRIL,BRUCE,434 515-5039,bruceam@lcsedu.net,Yes,Yes,Yes,https://www.lcsedu.net/schoolboard/policymanual/jfhaz,Yes,No,Yes,Yes,No,Yes,No,No,Yes,No,15,44,300,8,No,Yes,No,Yes,Yes,Yes,No,No,No
VA,VIRGINIA,5102360,MANASSAS CITY PBLC SCHS,P.O. Box 520,Manassas,20108,No,7789,0,9,Yes,Yes,Yes,REBECCA,STONE,571-377-6069,rstone@mcpsva.org,REBECCA,STONE,571-377-6069,rstone@mcpsva.org,REBECCA,STONE,571-377-6069,rstone@mcpsva.org,No,Yes,Yes,https://www.boarddocs.com/va/mcpsva/Board.nsf/Public?open&id=policies,No,-9,Yes,Yes,No,No,No,No,Yes,Yes,0,26,245,0,No,Yes,Yes,Yes,Yes,Yes,No,Yes,No
VA,VIRGINIA,5102370,MADISON CO PBLC SCHS,60 School Board Court,Madison,22727,No,1775,10,4,Yes,Yes,Yes,SAM,UTZ,(540)948-3780,SAMUTZ@MADISONSCHOOLS.K12.VA.US,SAM,UTZ,(540)948-3780,SAMUTZ@MADISONSCHOOLS.K12.VA.US,SAM,UTZ,(540)948-3780,SAMUTZ@MADISONSCHOOLS.K12.VA.US,No,Yes,Yes,https://docs.google.com/viewer?a=v&pid=sites&srcid=bWFkaXNvbnNjaG9vbHMuazEyLnZhLnVzfHBvbGljaWVzfGd4OjMwMzE2OWU1OTdjMzcxZmU,No,-9,Yes,No,No,Yes,No,No,Yes,Yes,0,0,59,1,Yes,-9,-9,-9,Yes,Yes,No,No,No
VA,VIRGINIA,5102390,MANASSAS PARK CITY PBLC SCHS,One Park Center Ct Ste A,Manassas Park,20111,No,3723,12,4,Yes,Yes,Yes,ERIC,NEFF,703-335-8850,ERIC.NEFF@MPARK.NET,ERIC,NEFF,703-335-8850,ERIC.NEFF@MPARK.NET,ERIC,NEFF,703-335-8820,ERIC.NEFF@MPARK.NET,No,Yes,Yes,https://www.mpark.net/school-board/division-policies/students/jfhagba,Yes,No,Yes,Yes,No,No,No,No,Yes,No,4,8,83,0,No,Yes,Yes,Yes,Yes,Yes,No,No,Yes
VA,VIRGINIA,5102400,MARTINSVILLE CITY PBLC SCHS,PO Box 5548,Martinsville,24115,No,2018,7,5,Yes,Yes,Yes,T.J.,SLAUGHTER,276-403-5857,tjslaugher@martinsville.k12.va.us,T.J.,SLAUGHTER,276-403-5857,tjslaugher@martinsville.k12.va.us,T.J.,SLAUGHTER,276-403-5857,tjslaugher@martinsville.k12.va.us,No,Yes,Yes,https://www.martinsville.k12.va.us/content/uploads/PDF/policy_manual/section_j/jb/jb/jb_-_equal_educational_opportunities_2-12-2018.pdf,No,-9,Yes,Yes,No,No,No,Yes,Yes,Yes,0,41,71,3,Yes,-9,-9,-9,No,-9,-9,-9,-9
VA,VIRGINIA,5102430,MATHEWS CO PBLC SCHS,PO Box 369,Mathews,23109,No,1093,2,3,Yes,Yes,Yes,NANCY,WELCH,(804)725-3909,nwelch@mathews.k12.va.us,NANCY,WELCH,(804)725-3909,nwelch@mathews.k12.va.us,NANCY,WELCH,(804)725-3909,nwelch@mathews.k12.va.us,No,Yes,Yes,www.mathews.k12.va.us/school-board-011ae9e4,Yes,No,Yes,No,No,Yes,No,No,No,No,1,5,4,0,No,Yes,No,No,Yes,Yes,No,No,No
VA,VIRGINIA,5102460,MECKLENBURG CO PBLC SCHS,P.O. Box 190,Boydton,23917,No,4338,44,9,Yes,Yes,Yes,NAN,ALGA,(434)738-6111 x21003,nalga@mcpsweb.org,NAN,ALGA,(434)738-6111 x21003,nalga@mcpsweb.org,KRISTY,SOMERVILLE-MIDGETTE,(434)738-6111 x21037,ajeffers@mcpsweb.org,No,Yes,Yes,mcpsweb.org/wp-content/uploads/2018/11/Section-J-Students-Updated-11-11-2018.pdf,No,-9,Yes,Yes,No,No,No,No,Yes,No,0,0,179,1,No,Yes,Yes,Yes,Yes,Yes,No,No,No
VA,VIRGINIA,5102490,MIDDLESEX CO PBLC SCHS,P.O. Box 205,Saluda,23149,No,1284,14,3,Yes,Yes,Yes,TRACY,SEITZ,8047582277,tseitz@mcps.k12.va.us,TRACY,SEITZ,8047582277,tseitz@mcps.k12.va.us,BETH,DUNMAN,8047582277,bdunman@mcps.k12.va.us,No,Yes,Yes,http://www.mcps.k12.va.us/school-board-59729692,No,-9,Yes,Yes,No,No,No,Yes,Yes,Yes,0,8,31,19,No,Yes,Yes,Yes,Yes,Yes,No,No,No
VA,VIRGINIA,5102520,MONTGOMERY CO PBLC SCHS,750 Imperial St.,Christiansburg,24073,No,9906,0,19,Yes,Yes,Yes,ANNIE,WHITAKER,(540)382-5100,anniewhitaker@mcps.org,ANNIE,WHITAKER,(540)382-5100,anniewhitaker@mcps.org,ANNIE,WHITAKER,(540)382-5100,anniewhitaker@mcps.org,No,Yes,Yes,http://www.boarddocs.com/vsba/mcps/Board.nsf/goto?open&id=8TVKYG542627,Yes,No,Yes,Yes,No,No,No,Yes,Yes,Yes,7,35,227,2,Yes,-9,-9,-9,Yes,Yes,No,No,No
VA,VIRGINIA,5102580,NELSON CO PBLC SCHS,PO Box 276,Lovingston,22949,No,1886,14,4,Yes,Yes,Yes,SHANNON,IRVIN,(434)260-7646 x1003,sirvin@nelson.k12.va.us,SHANNON,IRVIN,(434)260-7646 x1003,sirvin@nelson.k12.va.us,SANDRA,IRBY,(434)260-7646 x1005,sirby@nelson.k12.va.us,No,Yes,Yes,https://drive.google.com/file/d/0B0otiYKS891RVjhEWnN1M1dzUXVFVFROakI2VG9waUJ2aF9B/view,No,-9,Yes,Yes,No,Yes,No,Yes,Yes,Yes,1,10,40,0,No,Yes,Yes,Yes,Yes,Yes,No,No,No
VA,VIRGINIA,5102610,NEW KENT CO PBLC SCHS,PO Box 110,New Kent,23124,No,3242,0,4,Yes,Yes,Yes,CYNTHIA,PITTS,8049668526,cpitts@nkcps.k12.va.us,CYNTHIA,PITTS,8049668526,"cpitts@nkcps,k12.va.us",CYNTHIA,PITTS,8049668526,cpitts@nkcps.k12.va.us,No,Yes,Yes,http://www.newkentschools.org/about_nkcps/nkcps_policy_manual,No,-9,Yes,Yes,No,No,No,Yes,Yes,Yes,2,17,34,2,Yes,-9,-9,-9,Yes,Yes,No,No,No
VA,VIRGINIA,5102640,NEWPORT NEWS CITY PBLC SCHS,12465 Warwick Blvd,Newport News,23606,No,28620,205,43,Yes,Yes,Yes,NINA,FARRISH,7578815061,nina.farrish@nn.k12.va.us,NINA,FARRISH,7578815061,nina.farrish@nn.k12.va.us,NINA,FARRISH,7578815061,nina.farrish@nn.k12.va.us,Yes,Yes,Yes,sbo.nn.k12.va.us/resources/handbook/rights_resp.pdf,Yes,No,Yes,Yes,No,Yes,No,Yes,Yes,Yes,33,161,1309,3,Yes,-9,-9,-9,Yes,Yes,No,No,No
VA,VIRGINIA,5102670,NORFOLK CITY PBLC SCHS,PO Box 1357,Norfolk,23501,Yes,30612,164,51,Yes,Yes,Yes,ELSIE,HAROLD-LANS,(757) 628-3931,eharold@nps.k12.va.us,ELSIE,HAROLD-LANS,(757) 628-3931,eharold@nps.k12.va.us,JANICE,JAMES-MITCHELL,(757)628-3950,jjames-mitchell@nps.k12.va.us,No,Yes,Yes,https://www.npsk12.com/Page/10074,Yes,No,Yes,Yes,No,Yes,No,Yes,Yes,Yes,8,419,1483,2,No,Yes,Yes,Yes,Yes,Yes,Yes,No,No
VA,VIRGINIA,5102710,NORTHAMPTON CO PBLC SCHS,7207 Young St,Machipongo,23405,No,1651,3,4,Yes,Yes,Yes,MELINDA,PHILLIPS,(757)678-5151 x 2013,mphillips@ncpsk12.com,MELINDA,PHILLIPS,(757)678-5151 x 2013,mphillips@ncpsk12.com,KEREN,PLOWDEN,(757)678-5151 x 2011,kplowden@ncpsk12.com,No,Yes,Yes,https://www.ncpsk12.com/,No,-9,Yes,Yes,No,No,No,No,Yes,Yes,0,0,90,1,Yes,-9,-9,-9,Yes,Yes,No,No,No
VA,VIRGINIA,5102730,NORTHUMBERLAND CO PBLC SCHS,2172 Northumberland Hwy,Lottsburg,22511,No,1317,10,3,Yes,Yes,Yes,ADAM,LETIZIA,(804)529-6134,ALETIZIA@NUCPS.NET,ADAM,LETIZIA,(804)529-6134,ALETIZIA@NUCPS.NET,ADAM,LETIZIA,(804)529-6134,ALETIZIA@NUCPS.NET,No,Yes,Yes,http://www.nucps.net/school_board/school_board_policies,No,-9,Yes,Yes,No,No,No,No,Yes,Yes,1,12,71,3,Yes,-9,-9,-9,Yes,Yes,No,No,No
VA,VIRGINIA,5102760,NORTON CITY PBLC SCHS,P. O. Box 498,Norton,24273,No,798,12,2,Yes,Yes,Yes,KAYE,MINK,(276)679-2330,kmink@nortoncityschools.org,KAYE,MINK,(276)679-2330,kmink@nortoncityschools.org,KAYE,MINK,(276)679-2330,kmink@nortoncityschools.org,No,Yes,Yes,https://www.boarddocs.com/vsba/norton/Board.nsf/goto?open&id=AQ2NPK60EBE1,Yes,No,Yes,Yes,No,No,No,No,Yes,No,1,5,32,0,No,Yes,No,Yes,Yes,Yes,No,No,No
VA,VIRGINIA,5102790,NOTTOWAY CO PBLC SCHS,P.O. Box 47,Nottoway,23955,No,2059,0,5,Yes,Yes,Yes,SHERRY,SAUNDERS,434-645-9596,saunders.sherry@nottowayschools.org,SHERRY,SAUNDERS,434-645-9596,saunders.sherry@nottowayschools.org,SHERRY,SAUNDERS,434-645-9596,saunders.sherry@nottowayschools.org,No,Yes,Yes,www.nottowayschools.org/policymanual.htm,No,-9,Yes,Yes,No,No,No,No,Yes,No,0,16,72,0,Yes,-9,-9,-9,Yes,Yes,No,No,No
VA,VIRGINIA,5102820,ORANGE CO PBLC SCHS,200 Dailey Drive,Orange,22960,No,4836,0,9,Yes,Yes,Yes,WILLIAM,BERRY,(540)661-4550,bberry@ocss-va.org,WILLIAM,BERRY,5406614550,bberry@ocss-va.org,SUSAN,AYLOR,5406614550,saylor@ocss-va.org,No,Yes,Yes,http://www.ocss-va.org/school-board-policies/,Yes,Yes,Yes,Yes,Yes,Yes,No,Yes,Yes,No,42,66,99,1,No,Yes,No,Yes,Yes,Yes,No,No,No
VA,VIRGINIA,5102850,PAGE CO PBLC SCHS,735 W Main St,Luray,22835,No,3491,45,10,Yes,Yes,Yes,LANCE,MORAN,(540)743-6533 x2809,lmoran@pagecounty.k12.va.us,LANCE,MORAN,(540)743-6533 x2809,lmoran@pagecounty.k12.va.us,JOHN,VANWYCK,(540)743-6533 x2822,jvw4@pagecounty.k12.va.us,No,Yes,Yes,https://sites.google.com/pagecounty.k12.va.us/pagecountyschools/page-county-school-board/handbooks-and-policies?authuser=0,No,-9,Yes,Yes,No,No,No,Yes,Yes,Yes,0,6,29,15,Yes,-9,-9,-9,Yes,Yes,No,No,No
VA,VIRGINIA,5102880,PATRICK CO PBLC SCHS,P.O. Box 346,Stuart,24171,No,2716,0,7,Yes,Yes,Yes,DEAN,GILBERT,(276)694-3163,dean.gilbert@patrick.k12.va.us,DEAN,GILBERT,(276)694-3163,dean.gilbert@patrick.k12.va.us,DEAN,GILBERT,(276)694-3163,dean.gilbert@patrick.k12.va.us,No,Yes,Yes,https://d6983538-a-0c033ac1-s-sites.googlegroups.com/a/patrick.k12.va.us/pcps-policy-manual/home/JFHA-GBA-PROHIBITION%20AGAINST%20HARASSMENT%20AND%20RETALIATION.pdf?attachauth=ANo,No,-9,Yes,Yes,No,No,No,No,Yes,Yes,0,9,66,1,Yes,-9,-9,-9,Yes,Yes,No,No,No
VA,VIRGINIA,5102910,PETERSBURG CITY PBLC SCHS,255 South Boulevard East,Petersburg,23805,No,4063,118,8,Yes,Yes,Yes,APRIL,BLOUNT,(804)862-7089,APBLOUNT@PETERSBURG.K12.VA.US,APRIL,BLOUNT,(804)862-7089,APBLOUNT@PETERSBURG.K12.VA.US,TORREY,MANSON,(804)861-4563,TOMANSON@PETERSBURG.K12.VA.US,No,Yes,Yes,www.petersburg.k12.va.us,No,-9,Yes,Yes,No,No,No,Yes,Yes,No,0,102,288,0,Yes,-9,-9,-9,Yes,Yes,No,No,No
VA,VIRGINIA,5102940,PITTSYLVANIA CO PBLC SCHS,P. O. Box 232,Chatham,24531,No,9131,76,20,Yes,Yes,Yes,STEVEN,MAYHEW,(434)432-2761,steven.mayhew@pcs.k12.va.us,STEVEN,MAYHEW,(434)432-2761,steven.mayhew@pcs.k12.va.us,DR. JEFF,EARLY,(434)432-2761,jeff.early@pcs.k12.va.us,No,Yes,Yes,https://www.boarddocs.com/vsba/pcsva/Board.nsf/Public#,Yes,No,Yes,Yes,No,No,No,No,Yes,No,2,16,279,9,Yes,-9,-9,-9,Yes,Yes,No,No,No
VA,VIRGINIA,5102980,POQUOSON CITY PBLC SCHS,500 City Hall Ave,Poquoson,23662,No,2139,2,4,Yes,Yes,Yes,ASHLEY,REHYER,757-868-3055,ashley.rehyer@poquoson.k12.va.us,ASHLEY,REHYER,757-868-3055,ashley.rehyer@poquoson.k12.va.us,ASHLEY,REHYER,757-868-3055,ashley.rehyer@poquoson.k12.va.us,No,Yes,Yes,https://va02205104.schoolwires.net/site/handlers/filedownload.ashx?moduleinstanceid=407&dataid=2016&FileName=Article-I-General-Administration.pdf,No,-9,Yes,No,No,Yes,Yes,Yes,Yes,Yes,0,10,11,2,Yes,-9,-9,-9,Yes,Yes,No,No,No
VA,VIRGINIA,5103000,PORTSMOUTH CITY PBLC SCHS,PO Box 998,Portsmouth,23705,No,14360,87,22,Yes,Yes,Yes,LATISHA,RUSSELL,757-393-8701,latisha.russell@portsk12.com,LATISHA,RUSSELL,757-393-8701,latisha.russell@ports12.com,LATISHA,RUSSELL,757-393-8701,latisha.russell@portsk12.com,No,Yes,Yes,http://pps.k12.va.us/about_pps/policy_manual,No,-9,Yes,Yes,No,Yes,No,Yes,Yes,Yes,3,64,583,3,Yes,-9,-9,-9,Yes,Yes,No,Yes,No
VA,VIRGINIA,5103030,POWHATAN CO PBLC SCHS,2320 Skaggs Rd,Powhatan,23139,No,4332,19,6,Yes,Yes,Yes,LYNN,CLAYTON-PRINCE,804-598-5700 x115,lynn.prince@powhatan.k12.va.us,KATIE,WOJCICKI,804-598-5700 x114,katie.wojcicki@powhatan.k12.va.us,KATIE,WOJCICKI,804-598-5700 x114,katie.wojcicki@powhatan.k12.va.us,No,Yes,Yes,http://www.boarddocs.com/vsba/powhatan/Board.nsf/goto?open&id=APZVV68251D3,No,-9,Yes,Yes,No,No,No,Yes,Yes,Yes,2,10,22,13,No,Yes,Yes,Yes,Yes,Yes,No,No,No
VA,VIRGINIA,5103060,PRINCE EDWARD CO PBLC SCHS,35 Eagle Drive,Farmville,23901,No,2063,12,3,Yes,Yes,Yes,RICHARD,GOODE,4343152100,richard.goode@pecps.k12.va.us,RICHARD,GOODE,4343152100,richard.goode@pecps.k12.va.us,WANDA,WALKER,4343152100,wanda.walker@pecps.k12.va.us,No,Yes,Yes,http://www.pecps.k12.va.us/UserFiles/Servers/Server_1139463/File/School%20Board/Online%20Policy%20Manual/Section%20A/Sec_AC.pdf,No,-9,Yes,Yes,No,No,No,No,Yes,No,0,9,75,0,No,Yes,Yes,Yes,Yes,Yes,No,No,No
VA,VIRGINIA,5103090,PRINCE GEORGE CO PBLC SCHS,PO Box 400,Prince George,23875,No,6345,14,8,Yes,Yes,Yes,RENEE,WILLIAMS,804-733-2700,rwilliams@pgs.k12.va.us,RENEE,WILLIAMS,804-733-2700,rwilliams@pgs.k12.va.us,RENEE,WILLIAMS,804-733-2700,rwilliams@pgs.k12.va.us,No,Yes,Yes,www.pgs.k12.va.us/forms__documents,Yes,Yes,Yes,Yes,No,No,No,Yes,Yes,Yes,3,6,99,5,No,Yes,Yes,Yes,Yes,Yes,No,No,No
VA,VIRGINIA,5103130,PRINCE WILLIAM CO PBLC SCHS,P. O. Box 389,Manassas,20108,Yes,90346,231,94,Yes,Yes,Yes,VALERIE,LEWIS,7037918515,lewisvt@pwcs.edu,CAROLYN,CUSTARD,7037917257,custarcm@pwcs.edu,CAROLYN,CUSTARD,7037917257,custarcm@pwcs.edu,No,Yes,Yes,https://www.pwcs.edu/UserFiles/Servers/Server_340140/File/Migration/Policies%20&%20Regulations/Regulations/R738-3.pdf,Yes,No,Yes,Yes,No,Yes,No,Yes,Yes,Yes,80,261,1067,14,No,Yes,Yes,Yes,Yes,Yes,No,Yes,No
VA,VIRGINIA,5103150,PULASKI CO PBLC SCHS,202 N Washington Ave,Pulaski,24301,No,4224,27,8,Yes,Yes,Yes,TERESA,HARLESS,540-994-2535,tharless@pcva.us,TERESA,HARLESS,540-994-2535,tharless@pcva.us,TERESA,HARLESS,540-994-2535,tharless@pcva.us,No,Yes,Yes,http://www.boarddocs.com/vsba/pcva/Board.nsf/goto?open&id=9BTLN6575348,No,-9,Yes,Yes,No,No,No,Yes,Yes,Yes,0,7,86,45,Yes,-9,-9,-9,Yes,Yes,No,No,No
VA,VIRGINIA,5103180,RADFORD CITY PBLC SCHS,1612 Wadworth St.,Radford,24141,No,1613,0,4,Yes,Yes,Yes,ELLEN,DENNY,(540)267-3220,edenny@rcps.org,ELLEN,DENNY,(540)267-3220,edenny@rcps.org,DAVID,SABLE,(540)267-3223,dsable@rcps.org,Yes,Yes,Yes,https://www.rcps.org/ourpages/policies//School%20Board%20Policy%20Manual/Section%20J%20-%20Students.pdf,No,-9,Yes,Yes,No,No,No,No,Yes,No,0,6,54,0,No,Yes,No,Yes,Yes,Yes,No,No,No
VA,VIRGINIA,5103210,RAPPAHANNOCK CO PBLC SCHS,6 Schoolhouse Road,Washington,22747,No,851,8,2,Yes,Yes,Yes,CAROL,JOHNSON,5402270023,cjohnson@rappahannockschools.us,CAROL,JOHNSON,5402270023,cjohnson@rappahannockschools.us,CAROL,JOHNSON,5402270023,cjohnson@rappahannockschools.us,No,Yes,Yes,http://images.pcmac.org/Uploads/RappahannockCountySD/RappahannockCountySD/Sites/DocumentsCategories/Documents/SecJ%2010.18-1-1_%7BSISEDD53F3DFFD4%7D.pdf,No,-9,Yes,Yes,No,No,No,No,Yes,Yes,0,3,15,13,Yes,-9,-9,-9,Yes,Yes,No,No,No
VA,VIRGINIA,5103240,RICHMOND CITY PBLC SCHS,301 North 9th St,Richmond,23219,Yes,25077,873,49,Yes,Yes,Yes,BRAMBLE,JENNIFER,8047807325,jbramble@rvaschools.net,BRAMBLE,JENNIFER,8047807325,jbramble@rvaschools.net,BRAMBLE,JENNIFER,8047807325,jbramble@rvaschools.net,No,Yes,Yes,https://www.boarddocs.com/vsba/richmond/Board.nsf/Public?open&id=policies#,Yes,Yes,Yes,Yes,No,No,No,Yes,Yes,Yes,13,330,1227,81,No,Yes,Yes,Yes,Yes,Yes,No,No,No
VA,VIRGINIA,5103270,RICHMOND CO PBLC SCHS,PO Box 1507,Warsaw,22572,No,1322,8,2,Yes,Yes,Yes,SARAH,SCHMIDT,(804)333-3681,sschmidt@richmond-county.k12.va.us,SARAH,SCHMIDT,(804)333-3681,sschmidt@richmond-county.k12.va.us,SANDRA,HEDRICK,(804)333-3681,shedrick@richmond-county.k12.va.us,No,Yes,Yes,http://www.boarddocs.com/vsba/rcps/Board.nsf/goto?open&id=APWKTZ52A070,No,-9,Yes,Yes,No,No,No,No,Yes,No,0,0,36,0,No,Yes,No,Yes,Yes,Yes,No,No,No
VA,VIRGINIA,5103300,ROANOKE CITY PBLC SCHS,P O Box 13145,Roanoke,24012,No,13707,116,24,Yes,Yes,Yes,TIMOTHY,HAHN,(540)853-1393,thahn@rcps.info,TIMOTHY,HAHN,(540)853-1393,thahn@rcps.info,HAYLEY,POLAND,(540)853-1437,hpoland@rcps.info,No,Yes,Yes,https://www.rcps.info/common/pages/DisplayFile.aspx?itemId=11611765,No,-9,Yes,Yes,No,Yes,No,Yes,Yes,Yes,19,46,415,153,Yes,-9,-9,-9,Yes,Yes,No,No,No
VA,VIRGINIA,5103330,ROANOKE CO PBLC SCHS,5937 Cove Rd NW,Roanoke,24019,No,14131,90,26,Yes,Yes,Yes,RHONDA,STEGALL,(540)562-3900 x10121,rstegall@rcps.us,RHONDA,STEGALL,(540)562-3900 x10121,rstegall@rcps.us,BETH,HARMAN,(540)562-3900 x10186,bharman@rcps.us,No,Yes,Yes,www.rcps.us,Yes,No,Yes,Yes,Yes,Yes,No,Yes,Yes,Yes,16,56,201,30,No,Yes,Yes,Yes,Yes,Yes,No,No,No
VA,VIRGINIA,5103370,ROCKBRIDGE CO PBLC SCHS,2893 Collierstown Road,Lexington,24450,No,2830,36,6,Yes,Yes,Yes,HAYWOOD,HAND,(540)463-7386 x240,haywoodhand@gmail.com,HAYWOOD,HAND,(540)463-7386 x240,haywoodhand@gmail.com,CHRISTINE,WOOD,(540)463-7386 x237,christine_wood@rockbridge.k12.va.us,No,Yes,Yes,https://www.rockbridge.k12.va.us/cms/lib/VA02205738/Centricity/domain/39/policy%20manual%20j/JB.pdf,No,-9,Yes,Yes,No,No,No,No,Yes,No,0,6,52,5,Yes,-9,-9,-9,Yes,Yes,No,No,No
VA,VIRGINIA,5103390,ROCKINGHAM CO PBLC SCHS,100 Mount Clinton Pike,Harrisonburg,22802,No,11837,138,23,Yes,Yes,Yes,MICHELE,JUDD,5405641259,mmjudd@rockingham.k12.va.us,MICHELE,JUDD,5405641259,mmjudd@rockingham.k12.va.us,SCOTT,HAND,5405643228,shand@rockingham.k12.va.us,No,Yes,Yes,http://rcpsbullyingprevention.weebly.com/,No,-9,Yes,Yes,No,No,No,Yes,Yes,No,19,84,312,1,No,Yes,Yes,Yes,Yes,Yes,No,No,No
VA,VIRGINIA,5103420,RUSSELL CO PBLC SCHS,P. O. Box 8,Lebanon,24266,No,3826,17,11,Yes,Yes,Yes,CATHY,GENT,276-889-6505,cgent@russell.k12.va.us,CATHY,GENT,276-889-6505,cgent@russell.k12.va.us,CATHY,GENT,276-889-6505,cgent@russell.k12.va.us,No,Yes,Yes,www.boarddocs.com/vsba/russell/Board.nsf/Public#,No,-9,Yes,Yes,No,No,No,No,Yes,Yes,0,0,184,0,No,Yes,Yes,Yes,Yes,Yes,No,No,No
VA,VIRGINIA,5103460,SALEM CITY PBLC SCHS,510 South College Ave,Salem,24153,No,3953,40,6,Yes,Yes,Yes,KIRSTINE,BARBER,(540)444-0842,kbarber@salem.k12.va.us,KIRSTINE,BARBER,(540)444-0842,kbarber@salem.k12.va.us,RANDY,JENNINGS,(540)444-0830,rjennings@salem.k12.va.us,No,Yes,Yes,https://www.boarddocs.com/vsba/slmsdva/Board.nsf/goto?open&id=8ZNKVQ53BECF,Yes,Yes,Yes,No,No,Yes,No,Yes,Yes,No,5,8,35,4,No,Yes,No,Yes,Yes,Yes,No,No,No
VA,VIRGINIA,5103480,SCOTT CO PBLC SCHS,340 E Jackson St,Gate City,24251,No,3619,3,13,Yes,Yes,Yes,BRENDA,ROBINETTE,(276)386-6118x10121,brenda.robinette@scottschools.com,BRENDA,ROBINETTE,(276)386-6118x10121,brenda.robinette@scottschools.com,BRENDA,ROBINETTE,(276)386-6118x10121,brenda.robinette@scottschools.com,No,Yes,Yes,www.scottschools.com,No,-9,Yes,Yes,No,No,No,No,Yes,No,0,35,136,5,Yes,-9,-9,-9,Yes,Yes,No,No,No
VA,VIRGINIA,5103510,SHENANDOAH CO PBLC SCHS,600 N Main St Suite #200,Woodstock,22664,No,6160,64,9,Yes,Yes,Yes,LINDA,HODGES,(540)459-6222,lchodges@shenandoah.k12.va.us,LINDA,HODGES,(540)459-6222,lchodges@shenandoah.k12.va.us,GINA,STETTER,(540)459-6222,gmstetter@shenandoah.k12.va.us,No,Yes,Yes,http://www.shenandoah.k12.va.us/,Yes,No,Yes,Yes,No,No,No,Yes,Yes,Yes,3,30,142,2,No,Yes,Yes,Yes,Yes,Yes,No,No,No
VA,VIRGINIA,5103520,SMYTH CO PBLC SCHS,121 Bagley Cir Ste 300,Marion,24354,No,4445,30,13,Yes,Yes,Yes,COLE,SPENCER,(276)783-3791 x2335,colespencer@scsb.org,COLE,SPENCER,(276)783-3791 x2335,colespencer@scsb.org,STEVE,BLEVINS,(276)783-3791 x2269,steveblevins@scsb.org,No,Yes,Yes,http://www.scsb.org/policyman/g.htm#gb,Yes,No,Yes,Yes,No,Yes,No,No,Yes,Yes,2,7,142,2,No,Yes,No,Yes,Yes,Yes,No,No,No
VA,VIRGINIA,5103600,SOUTHAMPTON CO PBLC SCHS,21308 Plank Road,Courtland,23837,No,2839,35,7,Yes,Yes,Yes,GWENDOLYN,SHANNON,757-653-2692,gshannon@southampton.k12.va.us,GWENDOLYN,SHANNON,757-653-2692,gshannon@southampton.k12.va.us,TONIA,TAYLOR,757-653-2692,toniat@southampton.k12.va.us,No,Yes,Yes,https://www.southampton.k12.va.us/cms/lib/VA02208188/Centricity/shared/documents/POLICY%20MANUAL.pdf,No,-9,Yes,Yes,No,No,No,No,Yes,No,0,0,139,0,Yes,-9,-9,-9,Yes,Yes,No,No,No
VA,VIRGINIA,5103640,SPOTSYLVANIA CO PBLC SCHS,8020 River Stone Drive,Fredericksburg,22407,No,23863,85,33,Yes,Yes,Yes,DENNIS,MARTIN,5408342500,dwmartin@spotsylvania.k12.va.us,DENNIS,MARTIN,5408342500,dwmartin@spotsylvania.k12.va.us,TEDRA,RICHARDSON,5408342500,trichardson@spotsylvania.k12.va.us,No,Yes,Yes,https://www.boarddocs.com/vsba/scs/Board.nsf/files/B5NU2K677981/$file/JFC.APPROVED.06112018.pdf,Yes,No,Yes,Yes,No,Yes,No,No,Yes,Yes,16,78,372,3,No,Yes,No,Yes,Yes,Yes,No,No,No
VA,VIRGINIA,5103660,STAFFORD CO PBLC SCHS,31 Stafford Avenue,Stafford,22554,Yes,29220,94,31,Yes,Yes,Yes,LISA,BOATWRIGHT,540-658-6560,lboatwright@staffordschools.net,LISA,BOATWRIGHT,540-658-6560,lboatwright@staffordschools.net,LISA,BOATWRIGHT,540-658-6560,lboatwright@staffordschools.net,No,Yes,Yes,https://docs.google.com/viewerng/viewer?url=https://www.staffordschools.net//cms/lib/VA01818723/Centricity/Domain/3322/Code+of+Conduct+-+English+2018+-+Fillable.pdf,Yes,Yes,Yes,Yes,No,Yes,No,Yes,Yes,Yes,32,150,460,2,No,Yes,Yes,Yes,Yes,Yes,No,No,No
VA,VIRGINIA,5103690,STAUNTON CITY PBLC SCHS,116 W. Beverley Street,Staunton,24401,No,2718,30,6,Yes,Yes,Yes,JELISA,WOLFE,(540) 332-3934,jwolfe@staunton.k12.va.us,JELISA,WOLFE,(540) 332-3934,jwolfe@staunton.k12.va.us,JELISA,WOLFE,(540) 332-3934,jwolfe@staunton.k12.va.us,No,Yes,Yes,www.staunton.k12.va.us,No,-9,Yes,Yes,No,No,No,Yes,Yes,No,0,36,54,0,Yes,-9,-9,-9,Yes,Yes,No,No,No
VA,VIRGINIA,5103710,SUFFOLK CITY PBLC SCHS,PO Box 1549,Suffolk,23439,No,14362,91,18,Yes,Yes,Yes,SUZANNE,RICE,(757) 925-6750,SuzanneRice@spsk12.net,SUZANNE,RICE,(757) 925-6750,SuzanneRice@spsk12.net,DIANE,GLOVER,(757) 925-6750,DianeGlover@spsk12.net,Yes,No,-9,-9,Yes,No,Yes,Yes,No,No,No,No,Yes,No,7,38,432,44,No,Yes,No,No,Yes,Yes,No,No,No
VA,VIRGINIA,5103750,SURRY CO PBLC SCHS,P. O. Box 317,Surry,23883,No,796,0,3,Yes,Yes,Yes,SEBRENIA,SIMS,(757)294-5229,sebrenia_sims@surryschools.net,SEBRENIA,SIMS,(757)294-5229,sebrenia_sims@surryschools.net,SEBRENIA,SIMS,(757)294-5229,sebrenia_sims@surryschools.net,No,Yes,No,-9,No,-9,Yes,Yes,No,No,No,No,Yes,No,1,2,38,0,No,Yes,Yes,Yes,Yes,Yes,No,No,No
VA,VIRGINIA,5103780,SUSSEX CO PBLC SCHS,21302 Sussex Drive,Stony Creek,23882,No,1132,42,3,Yes,Yes,Yes,JULIUS,HAMLIN,(434) 246-1050,jhamlin@sussex.k12.va.us,JULIUS,HAMLIN,(434) 246-1050,jhamlin@sussex.k12.va.us,JULIUS,HAMLIN,(434) 246-1050,jhamlin@sussex.k12.va.us,No,Yes,Yes,www.sussex.k12.va.us,No,-9,Yes,Yes,No,No,No,Yes,Yes,Yes,0,0,42,0,Yes,-9,-9,-9,Yes,Yes,No,No,No
VA,VIRGINIA,5103810,TAZEWELL CO PBLC SCHS,506 Jeffersonville Street,Tazewell,24651,No,5789,6,15,Yes,Yes,Yes,DEIDRA,HILL,276-988-5511 x 2450,dhill@tazewell.k12.va.us,DEIDRA,HILL,276-988-5511 x2450,dhill@tazewell.k12.va.us,MELINDA,SMITH,276-988-5511 x2480,mksmith@tazewell.k12.va.us,No,Yes,Yes,www.tazewell.k12.va.us,No,-9,Yes,Yes,No,No,No,No,Yes,Yes,0,0,137,0,Yes,-9,-9,-9,Yes,Yes,No,No,No
VA,VIRGINIA,5103840,VA BEACH CITY PBLC SCHS,PO Box 6038,Virginia Beach,23456,Yes,68709,638,83,Yes,Yes,Yes,JOHN,MIRRA,757-263-1133,John.Mirra@vbschools.com,JOHN,MIRRA,757-263-1133,John.Mirra@vbschools.com,JOHN,MIRRA,757-263-1133,John.Mirra@vbschools.com,No,Yes,Yes,https://www.vbschools.com/cms/One.aspx?portalId=78094&pageId=321409,No,-9,Yes,Yes,No,No,No,Yes,Yes,Yes,38,218,1070,29,No,Yes,Yes,Yes,Yes,Yes,No,Yes,No
VA,VIRGINIA,5103870,WARREN CO PBLC SCHS,210 North Commerce Avenue,Front Royal,22630,No,5422,16,9,Yes,Yes,Yes,MELODY,SHEPPARD,5406352171,msheppard@wcps.k12.va.us,MELODY,SHEPPARD,5406352171,msheppard@wcps.k12.va.us,MELODY,SHEPPARD,5406352171,msheppard@wcps.k12.va.us,No,Yes,Yes,https://www.boarddocs.com/vsba/warren/Board.nsf/Public,Yes,Yes,Yes,Yes,No,No,No,Yes,Yes,Yes,1,2,26,91,Yes,-9,-9,-9,Yes,Yes,No,No,No
VA,VIRGINIA,5103900,WASHINGTON CO PBLC SCHS,812 Thompson Dr,Abingdon,24210,No,7266,0,15,Yes,Yes,Yes,BARRY,YOST,(276)739-3023,yost@wcs.k12.va.us,JUDY,HONAKER-MARTIN,(276)739-3019,honaker@wcs.k12.va.us,LISA,MCCOY,(276)739-3052,lmccoy@wcs.k12.va.us,No,Yes,Yes,https://www.boarddocs.com/vsba/wcps/Board.nsf/files/ATHSKG715FE8/$file/File%20JFHA-GBA_%20Prohibition%20Against%20Harassment%20and%20Retaliation(2).pdf,No,-9,Yes,Yes,No,No,No,No,Yes,Yes,0,18,226,9,No,Yes,Yes,Yes,Yes,Yes,No,No,No
VA,VIRGINIA,5103930,WAYNESBORO CITY PBLC SCHS,301 Pine Ave,Waynesboro,22980,No,3103,0,7,Yes,Yes,Yes,RYAN,BARBER,5409464600,rbarber@waynesboro.k12.va.us,RYAN,BARBER,5409464600,rbarber@waynesboro.k12.va.us,RYAN,BARBER,5409464600,rbarber@waynesboro.k12.va.us,No,Yes,Yes,http://waynesborops.ss9.sharpschool.com/cms/One.aspx?portalId=215210&pageId=230955,No,-9,Yes,Yes,No,No,No,No,No,Yes,1,17,111,0,Yes,-9,-9,-9,Yes,Yes,No,No,No
VA,VIRGINIA,5103950,WEST POINT PBLC SCHS,PO Box T,West Point,23181,No,810,1,3,Yes,Yes,Yes,LARRY,FRAZIER,(804)843-4368,lfrazier@wpschools.net,LARRY,FRAZIER,(804)843-4368,lfrazier@wpschools.net,LARRY,FRAZIER,(804)843-4368,lfrazier@wpschools.net,No,Yes,Yes,https://drive.google.com/drive/folders/1zoTO66_I1IgwUnd3liLTUxrtz2HaDhOh,No,-9,Yes,Yes,No,Yes,No,No,No,No,1,6,4,2,No,Yes,No,No,Yes,Yes,No,No,No
VA,VIRGINIA,5103980,WESTMORELAND CO PBLC SCHS,141 Opal Lane,Montross,22520,No,1611,18,4,Yes,Yes,Yes,CATHY,RICE,804-493-8018,ricecr@wmlcps.org,CATHY,RICE,804-493-8018,ricecr@wmlcps.org,CAROLE,KELLEY,804-493-8018,kelleycl@wmlcps.org,No,Yes,Yes,http://division.wmlcps.org/policy-manual.html,No,-9,Yes,Yes,No,No,No,No,Yes,Yes,0,6,78,0,Yes,-9,-9,-9,Yes,Yes,No,No,No
VA,VIRGINIA,5104020,WILLIAMSBURG-JAMES CITY PBLC SCHS,PO Box 8783,Williamsburg,23187,No,11946,37,15,Yes,Yes,Yes,ANITA,SWINTON,757-603-6400,anita.swinton@wjccschools.org,ANITA,SWINTON,757-603-6400,anita.swinton@wjccschools.org,STACIA,BARREAU,757-603-6400,stacia.barreau@wjccschools.org,No,Yes,Yes,https://www.boarddocs.com/vsba/wjcc/Board.nsf/goto?open&id=99HHWM4A804A,No,-9,Yes,No,No,Yes,No,Yes,Yes,Yes,30,101,207,13,No,Yes,No,Yes,Yes,Yes,No,No,No
VA,VIRGINIA,5104050,WINCHESTER CITY PBLC SCHS,12 N Washington St,Winchester,22601,No,4410,23,7,Yes,Yes,Yes,V. DOUGLAS,JOYNER,540-667-4253,joyner.doug@wps.k12.va.us,SARAH,KISH,540-667-4253,kish.sarah@wps.k12.va.us,BRIAN,WRAY,540-667-4253,wrayb@wps.k12.va.us,No,Yes,No,-9,No,-9,Yes,Yes,Yes,No,No,No,Yes,No,0,0,140,0,No,Yes,Yes,Yes,Yes,Yes,No,No,No
VA,VIRGINIA,5104080,WISE CO PBLC SCHS,628 Lake St,Wise,24293,No,5850,9,13,Yes,Yes,Yes,MARK,GILES,2763288017,mgiles@wisek12.org,MARK,GILES,2763288017,mgiles@wisek12.org,JERRIE,ADAMS,2763288017,jadams@wisek12.org,No,Yes,Yes,https://drive.google.com/file/d/0B0d_lDhnkVUdTmVGZWszN25hLTQ/view,No,-9,Yes,Yes,No,No,No,No,Yes,No,4,30,224,0,Yes,-9,-9,-9,Yes,Yes,No,No,No
VA,VIRGINIA,5104110,WYTHE CO PBLC SCHS,1570 W Reservoir St,Wytheville,24382,No,4157,29,12,Yes,Yes,Yes,RICHIE,THOMAS,(276)228-5411,rdthomas@wythek12.org,RICHIE,THOMAS,(276)228-5411,rdthomas@wythek12.org,RICHIE,THOMAS,(276)228-5411,rdthomas@wythek12.org,No,Yes,Yes,http://wythe.k12.va.us/Policy.php,No,-9,Yes,Yes,No,No,No,No,Yes,No,0,0,125,0,No,Yes,Yes,Yes,Yes,Yes,No,No,No
VA,VIRGINIA,5104150,YORK CO PBLC SCHS,302 Dare Rd,Yorktown,23692,No,12846,325,19,Yes,Yes,Yes,JAMES,CARROLL,7578330349,jcarroll@ycsd.york.va.us,JAMES,CARROLL,7578330349,jcarroll@ycsd.york.va.us,ELAINE,GOULD,7578980308,egould@ycsd.york.va.us,No,Yes,Yes,http://yorkcountyschools.org/docs/studentHandbook.pdf,Yes,No,Yes,No,No,Yes,Yes,Yes,Yes,Yes,19,48,153,0,No,Yes,Yes,Yes,Yes,Yes,No,No,No
