AL,ALABAMA,100005,Albertville City,107 W Main St,Albertville,35950,No,5445,0,6,Yes,Yes.1,Yes.2,TIMOTHY,TIDMORE,256-891-1183,ttidmore@albertk12.org,TIMOTHY.1,TIDMORE.1,256-891-1183.1,ttidmore@albertk12.org.1,TIMOTHY.2,TIDMORE.2,256-891-1183.2,ttidmore@albertk12.org.2,No.1,Yes.3,Yes.4,www.albertk12.org/apps/pages/index.jsp?uREC_ID=368921&type=d&termREC_ID=&pREC_ID=689254,Yes.5,No.2,Yes.6,Yes.7,Yes.8,Yes.9,No.3,No.4,Yes.10,No.5,1,6.1,127,0.1,Yes.11,-9,-9.1,-9.2,Yes.12,Yes.13,No.6,No.7,No.8
CT,CONNECTICUT,900002,Connecticut Technical Education and Career System,39 Woodland Street,Hartford,6105,No,10800,0,18,Yes,Yes,Yes,CHRISTINE,SPAK,(860)807-2212,Christine.Spak@ct.gov,CHRISTINE,SPAK,(860)807-2212,Christine.Spak@ct.gov,CHRISTINE,SPAK,(860)807-2212,Christine.Spak@ct.gov,Yes,Yes,Yes,http://www.cttech.org/parents-students/handbook-policies.html,No,-9,No,-9,-9,-9,-9,-9,-9,-9,-9,-9,-9,-9,-9,-9,-9,-9,No,-9,-9,-9,-9
CT,CONNECTICUT,900003,UNIFIED SCHOOL DISTRICT #1,24 Wolcott Hill Road,Wethersfield,6109,Yes,55,0,2,Yes,Yes,Yes,GABRIEL,RICCIO,(860) 692-7545,Gabriel.Riccio@ct.gov,GABRIEL,RICCIO,(860) 692-7545,Gabriel.Riccio@ct.gov,MICHAEL,NUNES,(860) 692-7543,Michael.Nunes@ct.gov,No,Yes,Yes,https://portal.ct.gov/DOC,No,-9,No,-9,-9,-9,-9,-9,-9,-9,-9,-9,-9,-9,-9,-9,-9,-9,No,-9,-9,-9,-9
CT,CONNECTICUT,900004,UNIFIED SCHOOL DISTRICT #2,505 Hudson Street,Hartford,6106,Yes,134,0,3,Yes,Yes,Yes,DAVID,WARREN,(860)673-4870,david.warren@ct.gov,DAVID,WARREN,(860)673-4870,david.warren@ct.gov,DAVID,WARREN,(860)673-4870,david.warren@ct.gov,No,Yes,No,-9,No,-9,No,-9,-9,-9,-9,-9,-9,-9,-9,-9,-9,-9,-9,-9,-9,-9,No,-9,-9,-9,-9
CT,CONNECTICUT,900005,REGIONAL SCHOOL DISTRICT 19,1235 STORRS ROAD,STORRS,6268,No,1227,83,1,Yes,Yes,Yes,KAREN,PARUOLO,(860)487-0877,kparuolo@eosmith.org,LOU,DELORETO,(860)487-0877,ldeloreto@eosmith.org,STEVE,BAYNE,(860)487-0877,sbayne@eosmith.org,No,Yes,Yes,https://eosmith.learning.powerschool.com/dtanner/parentguardianstudentresources/cms_page/view,No,-9,No,-9,-9,-9,-9,-9,-9,-9,-9,-9,-9,-9,-9,-9,-9,-9,No,-9,-9,-9,-9
CT,CONNECTICUT,900007,JUMOKE ACADEMY DISTRICT,999 Asylum Avenue,Hartford,6105,No,753,0,1,Yes,Yes,Yes,VALENA,BEWRY,860-904-5859,smithv@jumokeacdemy.org,VALENA,BEWRY,860-904-5859,smithv@jumokeacdemy.org,SAMANTHA,GUZMAN,860-216-9612,guzmans@jumokeacademy.org,No,Yes,Yes,www.jumokeacademy.org,No,-9,Yes,No,Yes,No,No,No,Yes,Yes,0,0,60,75,Yes,-9,-9,-9,Yes,Yes,No,No,No
CT,CONNECTICUT,900009,ODYSSEY COMMUNITY SCHOOL DIST,579 West Middle Turnpike,Manchester,6040,No,326,0,1,Yes,Yes,Yes,ANNIE,BUSBY,860-645-1234,abusby@odysseyschool.org,ANNIE,BUSBY,860-645-1234,abusby@odysseyschool.org,ANNIE,BUSBY,860-645-1234,abusby@odysseyschool.org,No,Yes,Yes,http://www.odysseyschool.org/for_parents/student_handbook,No,-9,No,-9,-9,-9,-9,-9,-9,-9,-9,-9,-9,-9,-9,-9,-9,-9,Yes,Yes,No,No,No
CT,CONNECTICUT,900010,INTEGRATED DAY CHARTER SCHOOL,68 Thermos Road,Norwich,6360,No,331,0,1,Yes,Yes,Yes,ANNA,JAMES,860-892-1900,annaj@idcs.org,ANNA,JAMES,860-892-1900,annaj@idcs.org,KRISTIN,MALETZ,860-892-1900,kristinm@idcs.org,No,Yes,Yes,http://www.idcs.org/UserFiles/Servers/Server_247635/File/Governing%20Board/Policies/Policy%205000-5145.5%20Sex%20Discrimination%20and%20Sexual%20Harassment%20%28students%29.pdf,No,-9,Yes,No,No,Yes,No,Yes,Yes,Yes,0,3,29,1,Yes,-9,-9,-9,Yes,Yes,No,No,No
CT,CONNECTICUT,900011,INTERDISTRICT SCHOOL FOR ARTS AND COMMUNICATION,190 Governor Winthrop Blvd.,New London,6320,No,271,0,1,Yes,Yes,Yes,CHRISTOPHER,BAXTER,860-447-1003 x309,christopher_baxter@isaacschool.org,CHRISTOPHER,BAXTER,860-447-1003 x309,christopher_baxter@isaacschool.org,CHRISTOPHER,BAXTER,860-447-1003 x309,christopher_baxter@isaacschool.org,No,Yes,Yes,www.isaacschool.org,No,-9,No,-9,-9,-9,-9,-9,-9,-9,-9,-9,-9,-9,-9,-9,-9,-9,No,-9,-9,-9,-9
CT,CONNECTICUT,900014,COMMON GROUND HIGH SCHOOL DIS,358 Springside Avenue,New Haven,6515,No,202,0,1,Yes,Yes,Yes,BETSY,SNEATH,(203)389-0823x1211,bsneath@nhep.com,BETSY,SNEATH,(203)389-0823x1211,bsneath@nhep.com,BETSY,SNEATH,(203)389-0823x1211,bsneath@nhep.com,No,Yes,Yes,http://commongroundct.org/about/policies/,No,-9,No,-9,-9,-9,-9,-9,-9,-9,-9,-9,-9,-9,-9,-9,-9,-9,No,-9,-9,-9,-9
CT,CONNECTICUT,900015,THE BRIDGE ACADEMY DISTRICT,160 Pulaski Street,Bridgeport,6608,No,279,0,1,Yes,Yes,Yes,TIMOTHY,DUTTON,203-336-9999,timothy.dutton@bridgeacademy.org,TIMOTHY,DUTTON,203-336-9999,timothy.dutton@bridgeacademy.org,TIMOTHY,DUTTON,203-336-9999,timothy.dutton@bridgeacademy.org,No,Yes,Yes,https://bridgeacademy.org/wp-content/uploads/2015/10/Student_Handbook_15-16-1.pdf,No,-9,No,-9,-9,-9,-9,-9,-9,-9,-9,-9,-9,-9,-9,-9,-9,-9,No,-9,-9,-9,-9
CT,CONNECTICUT,900016,SIDE BY SIDE COMMUNITY SCHOOL,10 Chestnut Street,Norwalk,6854,No,236,0,1,Yes,Yes,Yes,MARLENE,DEBELLIS,(203)857-0306,mdebellis@sbscharter.org,MARLENE,DEBELLIS,(203)857-0306,mdebellis@sbscharter.org,MARY,NEWBERY,(203)857-0306,mnewbery@sbscharter.org,No,Yes,No,-9,No,-9,Yes,Yes,No,No,No,Yes,Yes,Yes,0,9,10,0,Yes,-9,-9,-9,Yes,Yes,No,No,Yes
CT,CONNECTICUT,900018,EXPLORATIONS DISTRICT,71 Spencer Street,Winsted,6098,No,96,0,1,Yes,Yes,Yes,JOSEPH,WHITE,(860) 738-9070 x213,joseph@explorationscs.com,JOSEPH,WHITE,(860) 738-9070 x213,joseph@explorationscs.com,JULIE,CERRUTO,(860) 738-9070 x312,julie@explorationscs.com,No,Yes,Yes,https://docs.google.com/document/d/1UdCalvPTOA-68_rYy7Rh9bR-UjiB9iNZjfvWXrQOHHc/edit,No,-9,No,-9,-9,-9,-9,-9,-9,-9,-9,-9,-9,-9,-9,-9,-9,-9,No,-9,-9,-9,-9
CT,CONNECTICUT,900023,TRAILBLAZERS ACADEMY DISTRICT,P.O. Box 15588,Stamford,6901,No,126,0,1,Yes,Yes,Yes,CINDY,FOUNTAIN,203-326-0261,cfountain@domuskids.org,MICHAEL,MCGUIRE,203-219-4238,mmcguire@domuskids.org,MIGUEL,PICKERING,203-219-1713,mpickering@trailblazersacademy.org,No,Yes,Yes,www.trailblazersacademy.org,No,-9,No,-9,-9,-9,-9,-9,-9,-9,-9,-9,-9,-9,-9,-9,-9,-9,No,-9,-9,-9,-9
CT,CONNECTICUT,900024,AMISTAD ACADEMY DISTRICT,130 Edgewood Avenue,New Haven,6511,No,1080,0,1,Yes,Yes,Yes,MELIKA,FORBES,9147729989,externalreporting@achievementfirst.org,MELIKA,FORBES,9147729989,externalreporting@achievementfirst.org,MELIKA,FORBES,9147729989,externalreporting@achievementfirst.org,No,Yes,No,-9,No,-9,No,-9,-9,-9,-9,-9,-9,-9,-9,-9,-9,-9,-9,-9,-9,-9,Yes,Yes,No,No,No
CT,CONNECTICUT,900028,NEW BEGINNINGS INC.,510 Barnum Avenue,Bridgeport,6608,No,497,0,1,Yes,Yes,Yes,RONELLE,SWAGERTY,(203)384-2897 x118,rpswagerty@nbfacademy.org,RONELLE,SWAGERTY,(203)384-2897 x118,rpswagerty@nbfacademy.org,RONELLE,SWAGERTY,(203)384-2897 x118,rpswagerty@nbfacademy.org,No,Yes,No,-9,No,-9,Yes,Yes,No,No,No,Yes,Yes,Yes,0,0,14,40,Yes,-9,-9,-9,Yes,Yes,No,No,No
CT,CONNECTICUT,900030,ANDOVER SCHOOL DISTRICT,35 SCHOOL ROAD,ANDOVER,6232,No,204,0,1,Yes,Yes,Yes,KAREN,ZITO,(860) 742-7339,zitok@andoverelementaryct.org,HOLLY,MAIORANO,(860) 742-7339,maioranoh@andoverelementaryct.org,HOLLY,MAIORANO,(860) 742-7339,maioranoh@andoverelementaryct.org,No,Yes,Yes,www.andoverelementaryct.org,No,-9,Yes,No,Yes,No,No,Yes,Yes,No,3,12,11,0,Yes,-9,-9,-9,Yes,Yes,No,No,No
CT,CONNECTICUT,900031,Stamford Academy,229 North Street,Stamford,6092,No,149,149,1,Yes,Yes,Yes,DENISE,THOMAS,2033246300,dthomas@stamfordacademy.org,DENISE,THOMAS,2033246300,dthomas@stamfordacademy.org,DENISE,THOMAS,2033246300,dthomas@stamfordacademy.org,Yes,Yes,Yes,www.stamfordacademy.org,No,-9,No,-9,-9,-9,-9,-9,-9,-9,-9,-9,-9,-9,-9,-9,-9,-9,No,-9,-9,-9,-9
CT,CONNECTICUT,900033,Park City Prep Charter School,510 Barnum Ave.,Bridgeport,6608,No,360,0,1,Yes,Yes,Yes,DAISY,MARTINEZ-DICARLO,"2039533766, ext. 130",dmartinezdicarlo@parkcityprep.org,DAISY,MARTINEZ-DICARLO,"2039533766, ext. 130",dmartinezdicarlo@parkcityprep.org,DAISY,MARTINEZ-DICARLO,"2039533766, ext. 130",dmartinezdicarlo@parkcityprep.org,No,Yes,Yes,www.parkcityprep.org,No,-9,No,-9,-9,-9,-9,-9,-9,-9,-9,-9,-9,-9,-9,-9,-9,-9,No,-9,-9,-9,-9
CT,CONNECTICUT,900060,ANSONIA SCHOOL DISTRICT,42 GROVE STREET,ANSONIA,6401,No,2272,21,7,Yes,Yes,Yes,TERI,GOLDSON,(203)736-5060 X2003,tgoldson@ansonia.org,TERI,GOLDSON,(203)736-5060 X2003,tgoldson@ansonia.org,KATHIE,GABRIELSON,(203)736-3695,kgabrielson@ansonia.org,No,Yes,Yes,www.csde.state.ct.us/public/ed166,No,-9,Yes,Yes,Yes,Yes,Yes,Yes,Yes,Yes,0,42,49,0,Yes,-9,-9,-9,Yes,Yes,No,No,No
CT,CONNECTICUT,900070,AREA COOPERATIVE EDUCATIONAL,350 STATE STREET,NORTH HAVEN,6473,No,1942,0,8,Yes,Yes,Yes,CAROL,BUNK,203-498-6823,cbunk@aces.org,CAROL,BUNK,203-498-6823,cbunk@aces.org,CAROL,BUNK,203-498-6823,cbunk@aces.org,No,Yes,Yes,www.aces.org,Yes,Yes,Yes,Yes,Yes,No,No,Yes,Yes,No,0,0,2,0,Yes,-9,-9,-9,Yes,Yes,No,No,No
CT,CONNECTICUT,900090,ASHFORD SCHOOL DISTRICT,440 Westford Rd.,Ashford,6278,No,394,1,1,Yes,Yes,Yes,CYNTHIA,FORD,860-429-1927,cford@ashfordct.org,CYNTHIA,FORD,860-429-1927,cford@ashfordct.org,CYNTHIA,FORD,860-429-1927,cford@ashfordct.org,No,Yes,Yes,http://ashfordct.org/board-of-education-2/policies/,No,-9,Yes,No,No,Yes,No,No,Yes,No,0,14,30,0,Yes,-9,-9,-9,Yes,Yes,No,No,No
CT,CONNECTICUT,900120,AVON SCHOOL DISTRICT,34 SIMSBURY ROAD,AVON,6001,No,3208,13,6,Yes,Yes,Yes,EILEEN,O'NEIL,860-404-4740,eoneil@avon.k12.ct.us,EILEEN,O'NEIL,860-404-4740,eoneil@avon.k12.ct.us,KIMBERLY,MEARMAN,860-404-4732,kmearman@avon.k12.ct.us,No,Yes,Yes,http://z2policy.cabe.org/cabe/Z2Browser2.html?showset=avon,No,-9,Yes,Yes,Yes,Yes,No,Yes,Yes,Yes,0,26,34,1,No,Yes,Yes,Yes,Yes,Yes,Yes,No,No
CT,CONNECTICUT,900150,BARKHAMSTED SCHOOL DISTRICT,65 RIPLEY HILL ROAD,BARKHAMSTED,6063,No,248,1,3,Yes,Yes,Yes,KRISTEN,PLOCKI,860-379-2729,kplocki@barkhamstedschool.org,KRISTEN,PLOCKI,860-379-2729,kplocki@barkhamstedschool.org,KRISTEN,PLOCKI,860-379-2729,kplocki@barkhamstedschool.org,No,Yes,Yes,www.barkhamstedschool.org,No,-9,Yes,No,No,Yes,No,Yes,Yes,Yes,0,9,11,2,Yes,-9,-9,-9,Yes,Yes,No,No,No
CT,CONNECTICUT,900207,Highville Charter School,1 Science Park,New Haven,6511,No,502,0,1,Yes,Yes,Yes,SHARRON,MCCARTHY,203-287-0528,ssolomon-mccarthy@highvillecharter.com,SHARRON,MCCARTHY,203-287-0528,ssolomon-mccarthy@highvillecharter.com,SHARRON,MCCARTHY,203-287-0528,ssolomon-mccarthy@highvillecharter.com,No,Yes,Yes,highvillecharter.com,No,-9,Yes,Yes,No,No,No,Yes,Yes,No,0,62,41,0,Yes,-9,-9,-9,Yes,Yes,No,No,No
CT,CONNECTICUT,900208,Bridgeport Achievement First,655 Sillman Street,Bridgeport,6608,No,1062,0,1,Yes,Yes,Yes,MELIKA,FORBES,9147729989,externalreporting@achievementfirst.org,MELIKA,FORBES,9147729989,externalreporting@achievementfirst.org,MELIKA,FORBES,9147729989,externalreporting@achievementfirst.org,No,Yes,No,-9,No,-9,No,-9,-9,-9,-9,-9,-9,-9,-9,-9,-9,-9,-9,-9,-9,-9,Yes,Yes,No,No,No
CT,CONNECTICUT,900210,BERLIN SCHOOL DISTRICT,238 KENSINGTON ROAD,BERLIN,6037,No,2781,14,6,Yes,Yes,Yes,DENISE,PARSONS,860-828-6581,dparsons@berlinschools.org,DENISE,PARSONS,860-828-6581,dparsons@berlinschools.org,MICHELLE,ZEUSCHNER,860-828-6581,mzeuschner@berlinschools.org,No,Yes,Yes,https://www.berlinschools.org/common/pages/DisplayFile.aspx?itemId=1550382,No,-9,Yes,No,No,Yes,No,Yes,Yes,Yes,0,18,42,2,No,Yes,Yes,Yes,Yes,Yes,No,No,No
CT,CONNECTICUT,900212,Achievement First Hartford Ac,305 Greenfield Street,Hartford,6112,No,1149,0,1,Yes,Yes,Yes,MELIKA,FORBES,9147729989,externalreporting@achievementfirst.org,MELIKA,FORBES,9147729989,externalreporting@achievementfirst.org,MELIKA,FORBES,9147729989,externalreporting@achievementfirst.org,No,No,-9,-9,No,-9,No,-9,-9,-9,-9,-9,-9,-9,-9,-9,-9,-9,-9,-9,-9,-9,Yes,Yes,No,No,No
CT,CONNECTICUT,900214,Elm City College Preparatory,403 James Street,New Haven,6513,No,750,0,1,Yes,Yes,Yes,MELIKA,FORBES,9147729989,externalreporting@achievementfirst.org,MELIKA,FORBES,9147729989,externalreporting@achievementfirst.org,MELIKA,FORBES,9147729989,externalreporting@achievementfirst.org,No,No,-9,-9,No,-9,No,-9,-9,-9,-9,-9,-9,-9,-9,-9,-9,-9,-9,-9,-9,-9,Yes,Yes,No,No,No
CT,CONNECTICUT,900215,Brass City Charter School Dis,289 Willow St,Waterbury,6710,No,254,0,1,Yes,Yes,Yes,BARBARA,RUGGIERO,(203)527-5942,bruggiero@brasscitycharter.org,BARBARA,RUGGIERO,(203)527-5942,bruggiero@brasscitycharter.org,BARBARA,RUGGIERO,(203)527-5942,bruggiero@brasscitycharter.org,No,Yes,No,-9,No,-9,Yes,Yes,No,No,No,No,Yes,No,0,0,34,0,Yes,-9,-9,-9,Yes,Yes,No,No,No
CT,CONNECTICUT,900216,Elm City Montessori School District,375 Quinnipiac Avenue,New Haven,6513,No,170,0,1,Yes,Yes,Yes,JENNIFER,LANGLOIS,(203)387-9001,jennifer.langlois@elmcitymontessori.org,JENNIFER,LANGLOIS,(203)387-9001,jennifer.langlois@elmcitymontessori.org,JENNIFER,LANGLOIS,(203)387-9001,jennifer.langlois@elmcitymontessori.org,No,Yes,Yes,http://elmcitymontessori.org/family-handbook/,No,-9,Yes,Yes,No,No,No,Yes,Yes,Yes,6,34,30,30,Yes,-9,-9,-9,Yes,Yes,No,No,No
CT,CONNECTICUT,900217,Booker T Washington Academy D,246 Dixwell Avenue,New Haven,6511,No,300,0,1,Yes,Yes,Yes,JOHN,TAYLOR,4752022814,John.taylor@btwacs.org,JOHN,TAYLOR,4752022814,John.taylor@btwacs.org,LAURA,MAIN,2036916535,Laura.main@btwacs.org,No,Yes,Yes,btwanewhaven.org,No,-9,No,-9,-9,-9,-9,-9,-9,-9,-9,-9,-9,-9,-9,-9,-9,-9,Yes,Yes,No,No,No
CT,CONNECTICUT,900219,Great Oaks Charter School Bri,510 Barnum Avenue,Bridgeport,6608,No,400,0,1,Yes,Yes,Yes,TAMARA,SMITH,2038778081,tsmith@greatoakscharter.org,TAMARA,SMITH,2038778081,tsmith@greatoakscharter.org,ANGELA,ALVARADO,2038778081,aalvarado@greatoakscharter.org,No,Yes,No,-9,No,-9,No,-9,-9,-9,-9,-9,-9,-9,-9,-9,-9,-9,-9,-9,-9,-9,No,-9,-9,-9,-9
CT,CONNECTICUT,900220,Stamford Charter School for Excellence,1 Schuyler Ave.,Stamford,6902,No,273,0,1,Yes,Yes,Yes,JACQUES,MICHEL,203-989-0000,jmichel@excellenceschools.org,JACQUES,MICHEL,203-989-0000,jmichel@excellenceschools.org,ALEISHA,RODRIGUEZ,203-989-0000,arodriguez@excellenceschools.org,No,Yes,No,-9,No,-9,Yes,Yes,No,No,No,Yes,Yes,Yes,0,8,62,39,Yes,-9,-9,-9,Yes,Yes,No,No,No
CT,CONNECTICUT,900221,Capital Preparatory Harbor School,777 Main St.,Bridgeport,6604,No,439,0,1,Yes,Yes,Yes,TAMMY,CASSILE,(917)838-3684,tammy.cassile@wearecapitalprep.org,TAMMY,CASSILE,(917)838-3684,tammy.cassile@wearecapitalprep.org,TAMMY,CASSILE,(917)838-3684,tammy.cassile@wearecapitalprep.org,No,Yes,Yes,https://capitalprepharbor.org/ourpages/auto/2016/12/29/44228250/Student%20Handbook%20Harbor%20Adopted%20by%20Board%209_25_2018%20.pdf,No,-9,No,-9,-9,-9,-9,-9,-9,-9,-9,-9,-9,-9,-9,-9,-9,-9,Yes,Yes,No,No,No
CT,CONNECTICUT,900240,BETHANY SCHOOL DISTRICT,44 PECK ROAD,BETHANY,6524,No,364,0,1,Yes,Yes,Yes,KAI,BYRD,(203)393-3350,kbyrd@bethany-ed.org,COLLEEN,MURRAY,(203) 393-1170,cmurray@bethany-ed.org,COLLEEN,MURRAY,(203) 393-1170,cmurray@bethany-ed.org,No,Yes,Yes,https://www.bethany-ed.org/board-of-education/policies-regulations,No,-9,Yes,No,No,Yes,Yes,Yes,Yes,No,0,8,10,0,No,Yes,No,No,Yes,Yes,No,No,No
CT,CONNECTICUT,900270,BETHEL SCHOOL DISTRICT,P.O. Box 253,Bethel,6801,No,3047,12,6,Yes,Yes,Yes,KRISTEN,BROOKS,203-794-8613,brooksk@bethel.k12.ct.us,KRISTEN,BROOKS,203-794-8613,brooksk@bethel.k12.ct.us,SUSAN,BUDRIS,203-794-8616,budriss@bethel.k12.ct.us,No,Yes,Yes,www.bethel.k12.ct.us,No,-9,Yes,Yes,No,Yes,Yes,Yes,Yes,Yes,0,50,36,0,No,Yes,No,Yes,Yes,Yes,No,No,No
CT,CONNECTICUT,900330,BLOOMFIELD SCHOOL DISTRICT,1133  Blue Hills Avenue,BLOOMFIELD,6002,No,2135,14,8,Yes,Yes,Yes,BETHANY,SILVER,860-769-4233,bsilver@blmfld.org,BETHANY,SILVER,860-769-4233,bsilver@blmfld.org,WENDY,SHEPARD-BANNISH,860-769-4263,wshepard-bannish@blmfld.org,No,Yes,Yes,http://www.bloomfieldschools.org/UserFiles/Servers/Server_86794/File/5131.911_-_Bullying.pdf,Yes,Yes,Yes,Yes,No,No,No,Yes,Yes,Yes,19,141,112,1,No,Yes,No,No,Yes,Yes,No,No,No
CT,CONNECTICUT,900360,BOLTON SCHOOL DISTRICT,NOTCH ROAD,BOLTON,6043,No,806,3,3,Yes,Yes,Yes,BETH,GOLDSNIDER,860-643-1569,bgoldsnider@boltonct.org,BETH,GOLDSNIDER,860-643-1569,bgoldsnider@boltonct.org,BETH,GOLDSNIDER,860-643-1569,bgoldsnider@boltonct.org,No,Yes,Yes,www.boltonpublicschools.com,No,-9,Yes,No,No,No,Yes,Yes,Yes,Yes,0,2,7,0,No,Yes,Yes,Yes,Yes,Yes,No,No,No
CT,CONNECTICUT,900390,BOZRAH SCHOOL DISTRICT,P.O. Box 185,Bozrah,6334,No,183,0,1,Yes,Yes,Yes,MARK,WESTKOTT,860-887-2561,mwestkott@bozrah.org,JOHN,WELCH,860-887-2561,jwelch@bozrah.org,EILEEN,HARGREAVES,860-887-2561,ehargreaves@bozrah.org,No,Yes,Yes,www.fmsbozrah.org,No,-9,Yes,No,No,Yes,No,Yes,Yes,Yes,0,9,10,1,Yes,-9,-9,-9,Yes,Yes,No,No,No
CT,CONNECTICUT,900420,BRANFORD SCHOOL DISTRICT,1111 MAIN STREET,BRANFORD,6405,No,2900,18,7,Yes,Yes,Yes,PAULA,GLADDYS,(203)315-7804,pgladdys@branfordschools.org,PAULA,GLADDYS,(203)315-7804,pgladdys@branfordschools.org,CHARLES,CICARELLA,(203)488-7030,ccicarella@branfordschools.org,No,Yes,Yes,http://z2policy.cabe.org/cabe/Z2Browser2.html?showset=branford,No,-9,Yes,Yes,No,Yes,No,Yes,Yes,Yes,1,56,80,1,Yes,-9,-9,-9,Yes,Yes,No,No,No
CT,CONNECTICUT,900450,BRIDGEPORT SCHOOL DISTRICT,45 LYON TERRACE,Bridgeport,6604,Yes,20735,196,38,Yes,Yes,Yes,FRANK,CHESTER,(203)275-1042,fchester@bridgeportedu.net,FRANK,CHESTER,(203)275-1042,fchester@bridgeportedu.net,FRANK,CHESTER,(203)275-1042,fchester@bridgeportedu.net,No,Yes,Yes,http://www.bridgeportedu.com/Board/Policies/2013-2014/BullyingPREVENTIONandINTERVENTIONPolicy12-5-11.pdf,Yes,No,Yes,Yes,Yes,Yes,No,Yes,Yes,No,38,362,934,0,Yes,-9,-9,-9,Yes,Yes,No,No,No
CT,CONNECTICUT,900510,BRISTOL SCHOOL DISTRICT,P.O. Box 450,Bristol,6011,No,7790,638,13,Yes,Yes,Yes,CATHERINE,CARBONE,8605847002,catherinecarbone@bristolk12.org,CATHERINE,CARBONE,8605847002,catherinecarbone@bristolk12.org,CATHERINE,CARBONE,8605847002,catherinecarbone@bristolk12.org,No,Yes,Yes,http://z2policy.cabe.org/cabe/Z2Browser2.html?showset=bristol,Yes,No,Yes,No,No,Yes,Yes,Yes,Yes,Yes,16,161,122,0,No,Yes,Yes,Yes,Yes,Yes,No,No,No
CT,CONNECTICUT,900540,BROOKFIELD SCHOOL DISTRICT,100 Pocono Road,BROOKFIELD,6804,No,2628,11,4,Yes,Yes,Yes,CHRISTINE,SIPALA,(203) 775-7748,SIPALAc@brookfieldps.org,CHRISTINE,SIPALA,(203) 775-7748,SIPALAc@brookfieldps.org,CHRISTINE,SIPALA,(203) 775-7748,SIPALAc@brookfieldps.org,No,Yes,Yes,https://www.brookfield.k12.ct.us/sites/brookfieldps/files/uploads/bullying_policy_-_policy_series_5000.pdf,No,-9,Yes,No,No,Yes,Yes,Yes,Yes,No,0,19,27,0,No,Yes,No,No,Yes,Yes,No,Yes,No
CT,CONNECTICUT,900570,BROOKLYN SCHOOL DISTRICT,119 GORMAN ROAD,BROOKLYN,6234,No,894,0,2,Yes,Yes,Yes,PATRICIA,BUELL,860-774-9732,buell@brooklynschools.org,PATRICIA,BUELL,860-774-9732,buell@brooklynschools.org,PATRICIA,BUELL,860-774-9732,buell@brooklynschools.org,No,Yes,Yes,brooklynschools.org,No,-9,Yes,No,No,Yes,No,Yes,Yes,Yes,2,61,80,1,Yes,-9,-9,-9,Yes,Yes,No,No,No
CT,CONNECTICUT,900630,CANAAN SCHOOL DISTRICT,47 Main Street,FALLS VILLAGE,6031,No,70,2,1,Yes,Yes,Yes,ALEXANDRA,JUCH,8608247791,juch@kelloggschool.org,ALEXANDRA,JUCH,860 824 7791,juch@kelloggschool.org,ALEXANDRA,JUCH,8608247791,juch@kelloggschool.org,No,Yes,No,-9,No,-9,No,-9,-9,-9,-9,-9,-9,-9,-9,-9,-9,-9,-9,-9,-9,-9,Yes,Yes,No,No,No
CT,CONNECTICUT,900660,CANTERBURY SCHOOL DISTRICT,45 WESTMINSTER ROAD,Canterbury,6331,No,457,0,2,Yes,Yes,Yes,JEFF,FERRANTI,860-546-1040,jferranti@canterburypublicschools.org,JEFF,FERRANTI,860-546-1040,jferranti@canterburypublicschools.org,JEFF,FERRANTI,860-546-1040,jferranti@canterburypublicschools.org,No,Yes,Yes,www.canterburypublicschools.org,No,-9,Yes,No,No,Yes,No,Yes,Yes,No,0,18,32,0,Yes,-9,-9,-9,Yes,Yes,No,No,No
CT,CONNECTICUT,900690,CANTON SCHOOL DISTRICT,"4 Market St., Suite 100",Canton,6019,No,1588,7,4,Yes,Yes,Yes,LORI,DEVITO,(860)693-7707,ldevito@cantonschools.org,JORDAN,GROSSMAN,(860)693-7704 X 5008,jgrossman@cantonschools.org,KEVIN,CASE,(860)693-7704 X 5003,kcase@cantonschools.org,No,Yes,Yes,http://cantonschools.org/content/140/152/188/default.aspx,Yes,Yes,Yes,No,No,Yes,Yes,Yes,Yes,No,0,4,14,1,Yes,-9,-9,-9,Yes,Yes,No,No,No
CT,CONNECTICUT,900700,CAPITOL REGION EDUCATION COUN,111 CHARTER OAK AVENUE,HARTFORD,6106,No,8539,0,24,Yes,Yes,Yes,REGINA,BURGESS-TERRELL,860-509-3605,reterrell@crec.org,REGINA,BURGESS-TERRELL,860-509-3605,rterrell@crec.org,LAURIE,GONZALEZ,860-240-6645,lgonzalez@crec.org,No,Yes,Yes,http://www.crec.org/about/docs/policies/5000/5162PR%20Nondiscrimination.pdf,No,-9,Yes,Yes,No,No,No,Yes,Yes,Yes,69,423,481,571,Yes,-9,-9,-9,Yes,Yes,No,No,No
CT,CONNECTICUT,900720,CHAPLIN SCHOOL DISTRICT,P.O. Box 277,Chaplin,6235,No,147,0,1,Yes,Yes,Yes,KEVIN,CHAVEZ,(860)455-9593,kchavez@chaplinschool.org,KEVIN,CHAVEZ,(860)455-9593,kchavez@chaplinschool.org,KEVIN,CHAVEZ,(860)455-9593,kchavez@chaplinschool.org,No,Yes,Yes,https://drive.google.com/drive/folders/0B0oB86BwVTMucS1sYkVpbmZqLUE,No,-9,Yes,No,Yes,No,No,Yes,Yes,Yes,0,1,9,0,Yes,-9,-9,-9,Yes,Yes,No,No,No
CT,CONNECTICUT,900750,CHESHIRE SCHOOL DISTRICT,29 MAIN STREET,CHESHIRE,6410,No,4227,75,9,Yes,Yes,Yes,TRACY,NOLAN-HUSSEY,203-250-2428,thussey@cheshire.k12.ct.us,TRACY,NOLAN-HUSSEY,203-250-2428,thussey@cheshire.k12.ct.us,TRACY,NOLAN-HUSSEY,203-250-2428,thussey@cheshire.k12.ct.us,No,Yes,Yes,https://docs.google.com/document/d/1_CjOUG25NxhFwFsfK_XkkfYZePneC4PfZgB3RLI6rKo/edit,Yes,Yes,Yes,No,No,No,Yes,Yes,Yes,No,12,40,13,0,No,Yes,No,No,Yes,Yes,No,No,No
CT,CONNECTICUT,900780,CHESTER SCHOOL DISTRICT,P.O. Box 187,Deep River,6417,No,205,0,1,Yes,Yes,Yes,KRISTINA,MARTINEAU,(860)526-2417 x1455,kmartineau@reg4.k12.ct.us,KRISTINA,MARTINEAU,(860)526-2417 x1455,kmartineau@reg4.k12.ct.us,SARAH,SMALLEY,(860)526-2417 x1450,ssmalley@reg4.k12.ct.us,No,Yes,Yes,http://z2policy.cabe.org/cabe/Z2Browser2.html?showset=region4,No,-9,No,-9,-9,-9,-9,-9,-9,-9,-9,-9,-9,-9,-9,-9,-9,-9,Yes,Yes,No,No,No
CT,CONNECTICUT,900810,CLINTON SCHOOL DISTRICT,137 B GLENWOOD CIRCLE,CLINTON,6413,No,1761,4,4,Yes,Yes,Yes,MARCO,FAMIGLIETTI,860-664-6500 x1016,mfamiglietti@clintonpublic.net,MARCO,FAMIGLIETTI,860-664-6500 x1016,mfamiglietti@clintonpublic.net,KELLY,ENOCH,860-664-6500 x1024,kenoch@clintonpublic.net,No,Yes,Yes,https://www.clintonpublic.net/cms/One.aspx?portalId=198218&pageId=1347897,No,-9,Yes,No,Yes,No,Yes,Yes,Yes,No,0,12,30,1,No,Yes,Yes,Yes,Yes,Yes,No,No,No
CT,CONNECTICUT,900840,COLCHESTER SCHOOL DISTRICT,127 NORWICH AVENUE,Colchester,6415,No,2415,42,5,Yes,Yes,Yes,JAN,SHORTS,8605377264,jshorts@colchesterct.org,JAN,SHORTS,8605377264,jshorts@colchesterct.org,JAN,SHORTS,8605377264,jshorts@colchesterct.org,No,Yes,Yes,https://www.colchesterct.org/uploaded/Board_of_Education/Policies/Non-discrimination.pdf,No,-9,Yes,No,No,Yes,No,Yes,Yes,Yes,0,36,56,0,Yes,-9,-9,-9,Yes,Yes,No,No,No
CT,CONNECTICUT,900870,COLEBROOK SCHOOL DISTRICT,452 SMITH HILL ROAD,Colebrook,6021,No,87,1,1,Yes,Yes,Yes,ELIZABETH,DRISCOLL,860-379-2179,bdriscoll@colebrookschool.org,ELIZABETH,DRISCOLL,8603792179,bdriscoll@colebrookschool.org,JENNA,BORTUGNO,860-379-2179,jbortugno@colebrookschool.org,No,Yes,Yes,Policy5131.911(a),No,-9,Yes,No,No,Yes,No,Yes,Yes,No,0,4,0,0,No,No,No,No,Yes,Yes,No,No,No
CT,CONNECTICUT,900900,COLUMBIA SCHOOL DISTRICT,P.O. Box 166,Columbia,6237,No,430,7,1,Yes,Yes,Yes,BARBARA,WILSON,860-228-0585,bwilson@hwporter.org,BARBARA,WILSON,860-228-0585,bwilson@hwporter.org,BARBARA,WILSON,860-228-0585,bwilson@hwporter.org,No,Yes,Yes,https://www.hwporter.org/board_of_education/policies_and_regulations.php#revize_document_center_rz926,No,-9,Yes,No,No,Yes,Yes,Yes,Yes,No,0,18,12,0,No,Yes,No,Yes,Yes,Yes,No,No,No
CT,CONNECTICUT,900910,COOPERATIVE EDUCATIONAL SERVICES,40 Lindeman Drive,TRUMBULL,6611,No,833,0,6,Yes,Yes,Yes,CHRIS,LABELLE,2033658828,labellec@ces.k12.ct.us,CHRIS,LABELLE,2033658828,labellec@ces.k12.ct.us,CHRIS,LABELLE,2033658828,labellec@ces.k12.ct.us,No,Yes,Yes,https://www.ces.k12.ct.us/page.cfm?p=3574,No,-9,Yes,No,Yes,No,No,No,No,No,0,87,80,0,Yes,-9,-9,-9,Yes,Yes,No,No,No
CT,CONNECTICUT,900930,CORNWALL SCHOOL DISTRICT,5 Cream Hill Rd.,Cornwall,6796,No,74,0,1,Yes,Yes,Yes,CARL,GROSS,(860)824-5639,cgross@region1schools.org,CARL,GROSS,(860)824-5639,cgross@region1schools.org,CARL,GROSS,(860)824-5639,cgross@region1schools.org,No,Yes,Yes,https://docs.google.com/a/cornwallschool.org/viewer?a=v&pid=sites&srcid=Y29ybndhbGxzY2hvb2wub3JnfHd3d3xneDo1OTdkNDE4MTY4MzAzZWQy,No,-9,Yes,No,No,Yes,No,No,No,No,0,0,2,0,No,Yes,No,No,Yes,Yes,No,No,No
CT,CONNECTICUT,900960,COVENTRY SCHOOL DISTRICT,1700 MAIN STREET,COVENTRY,6238,No,1682,148,6,Yes,Yes,Yes,TODD,GIANSANTI,(860)742-7317 x1112,tgiansanti@coventryct.org,TODD,GIANSANTI,(860)742-7317 x1112,tgiansanti@coventryct.org,TODD,GIANSANTI,(860)742-7317 x1112,tgiansanti@coventryct.org,No,Yes,Yes,http://www.coventrypublicschools.org/boe/policies,No,-9,Yes,Yes,Yes,Yes,Yes,Yes,Yes,No,11,52,45,0,Yes,-9,-9,-9,Yes,Yes,No,No,No
CT,CONNECTICUT,900990,CROMWELL SCHOOL DISTRICT,9 MANN MEMORIAL DRIVE,CROMWELL,6416,No,1958,12,4,Yes,Yes,Yes,SARI,O'LEARY,(860)632-4836,soleary@cromwell.k12.ct.us,SARI,O'LEARY,(860)632-4836,soleary@cromwell.k12.ct.us,SARI,O'LEARY,(860)632-4836,soleary@cromwell.k12.ct.us,No,Yes,Yes,https://core-docs.s3.amazonaws.com/documents/asset/uploaded_file/266736/Students-_Hazing_-_Bullying_Policy_and_Regulation_5131.911.pdf,No,-9,Yes,Yes,Yes,Yes,Yes,Yes,Yes,Yes,0,19,46,0,Yes,-9,-9,-9,Yes,Yes,No,No,No
CT,CONNECTICUT,901020,DANBURY SCHOOL DISTRICT,63 BEAVER BROOK ROAD,DANBURY,6810,No,11429,7,19,Yes,Yes,Yes,KIM,THOMPSON,(203)797-4713,thompk@danbury.k12.ct.us,KIM,THOMPSON,(203)797-4713,thompk@danbury.k12.ct.us,KIM,THOMPSON,(203)797-4713,thompk@danbury.k12.ct.us,No,Yes,No,-9,No,-9,Yes,Yes,Yes,Yes,Yes,Yes,Yes,Yes,3,124,103,0,Yes,-9,-9,-9,Yes,Yes,No,Yes,No
CT,CONNECTICUT,901050,DARIEN SCHOOL DISTRICT,P.O. Box 1167,Darien,6820,No,4785,29,7,Yes,Yes,Yes,MARGE,CION,203-656-7406,mcion@darienps.org,MARGE,CION,203-656-7406,mcion@darienps.org,SHIRLEY,KLEIN,203-656-7474,shklein@darienps.org,No,Yes,Yes,www.darienps.org,No,-9,Yes,Yes,Yes,Yes,Yes,Yes,Yes,Yes,0,41,42,5,Yes,-9,-9,-9,No,-9,-9,-9,-9
CT,CONNECTICUT,901080,DEEP RIVER SCHOOL DISTRICT,P.O. Box 187,Deep River,6417,No,275,0,1,Yes,Yes,Yes,CHRISTIAN,STRICKLAND,860-526-5319,cstrickland@reg4.k12.ct.us,CHRISTIAN,STRICKLAND,860-526-5319,cstrickland@reg4.k12.ct.us,CHRISTIAN,STRICKLAND,860-526-5319,cstrickland@reg4.k12.ct.us,No,Yes,Yes,reg4.k12.ct.us,No,-9,No,-9,-9,-9,-9,-9,-9,-9,-9,-9,-9,-9,-9,-9,-9,-9,Yes,Yes,No,No,No
CT,CONNECTICUT,901110,DERBY SCHOOL DISTRICT,P.O. Box 373,Derby,6418,No,1357,36,5,Yes,Yes,Yes,SHELLEY,SHERIDAN,2034463925,ssheridan@derbyps.org,SHELLEY,SHERIDAN,2034463925,ssheridan@derbyps.org,SHELLEY,SHERIDAN,2014463925,ssheridan@derbyps.org,No,Yes,Yes,www.derbyps.org,No,-9,Yes,Yes,No,Yes,No,No,Yes,No,0,24,17,0,Yes,-9,-9,-9,Yes,Yes,No,No,No
CT,CONNECTICUT,901170,EAST GRANBY SCHOOL DISTRICT,P.O. Box 674,East Granby,6026,No,829,6,4,Yes,Yes,Yes,KAREN,GOGEL,(860)413-9709,kgogel@eastgranby.k12.ct.us,KAREN,GOGEL,(860)413-9709,kgogel@eastgranby.k12.ct.us,KAREN,GOGEL,(860)413-9709,kgogel@eastgranby.k12.ct.us,No,Yes,Yes,https://www.eastgranby.k12.ct.us/board-education/board-education-policies/5000-series-students/,No,-9,Yes,Yes,No,Yes,Yes,Yes,Yes,Yes,0,13,33,0,No,Yes,Yes,Yes,Yes,Yes,No,No,No
CT,CONNECTICUT,901200,EAST HADDAM SCHOOL DISTRICT,P.O. Box 401,Moodus,6469,No,1017,0,3,Yes,Yes,Yes,JOSHUA,MARTIN,8608735046,joshua.martin@easthaddamschools.org,JOSHUA,MARTIN,8608735046,joshua.martin@easthaddamschools.org,JOSHUA,MARTIN,8608735046,joshua.martin@easthaddamschools.org,No,Yes,Yes,www.easthaddamschools.org,No,-9,Yes,No,No,Yes,No,Yes,Yes,Yes,0,8,9,0,No,Yes,No,No,Yes,Yes,No,No,No
CT,CONNECTICUT,901230,EAST HAMPTON SCHOOL DISTRICT,94 MAIN STREET,EAST HAMPTON,6424,No,1861,12,5,Yes,Yes,Yes,MARY,CLARK,860-365-4000,mclark@easthamptonct.org,MARY,CLARK,860-365-4000,mclark@easthamptonct.org,RODNEY,MOSIER,860-365-4009,rmosier@easthamptonct.org,No,Yes,Yes,http://z2policy.cabe.org/cabe/Z2Browser2.html?showset=easthampton,No,-9,Yes,No,No,Yes,No,Yes,Yes,Yes,0,17,28,0,Yes,-9,-9,-9,Yes,Yes,No,No,No
CT,CONNECTICUT,901260,EAST HARTFORD SCHOOL DISTRICT,1110 Main Street,EAST HARTFORD,6108,No,6764,1938,13,Yes,Yes,Yes,SHARON,BREMNER,860 622 5110,bremner.se@easthartford.org,SHARON,BREMNER,860 622 5110,bremner.se@easthartford.org,SHARON,BREMNER,860 622 5110,bremner.se@easthartford.org,No,Yes,Yes,easthartford.org,No,-9,Yes,Yes,No,Yes,No,Yes,Yes,Yes,0,116,222,48,Yes,-9,-9,-9,No,-9,-9,-9,-9
CT,CONNECTICUT,901290,EAST HAVEN SCHOOL DISTRICT,35 WHEELBARROW LANE,EAST HAVEN,6513,No,2729,494,8,Yes,Yes,Yes,ROBERT,SWAN,203-468-3261 x24001,rswan@east-haven.k12.ct.us,CLAIRE,ELLIS,203-468-3261,cellis@east-haven.k12.ct.us,ROBERT,SWAN,203-468-3261 x24001,rswan@east-haven.k12.ct.us,No,Yes,Yes,www.east-haven.k12.ct.us,No,-9,Yes,Yes,Yes,No,No,Yes,Yes,No,0,67,95,0,Yes,-9,-9,-9,Yes,Yes,No,No,No
CT,CONNECTICUT,901320,EAST LYME PUBLIC SCHOOL DISTRICT,P.O. Box 220,East Lyme,6333,No,2772,7,7,Yes,Yes,Yes,KIMBERLY,DAVIS,8607393966 x 5609,Kimberly.Davis@elpsk12.org,KIMBERLY,DAVIS,8607393966 x 5609,Kimberly.Davis@elpsk12.org,KIMBERLY,DAVIS,8607393966 x 5609,Kimberly.Davis@elpsk12.org,No,Yes,Yes,https://www.eastlymeschools.org/offices/school-safety-and-secuity/safe-school-climate-plan,No,-9,Yes,No,No,Yes,Yes,Yes,Yes,Yes,0,17,36,14,No,Yes,No,No,Yes,Yes,No,No,No
CT,CONNECTICUT,901350,EAST WINDSOR SCHOOL DISTRICT,70 South Main Street,EAST WINDSOR,6088,No,1068,14,4,Yes,Yes,Yes,LAURIE,SLATE,860-623-3346 X7408,lslate@ewct.org,LAURIE,SLATE,860-623-3346 X7408,lslate@ewct.org,PATRICK,TUDRYN,860-623-3346 x7402,ptudryn@ewct.org,No,Yes,Yes,http://z2policy.cabe.org/cabe/Z2Browser2.html?showset=eastwindsor,Yes,Yes,Yes,No,No,Yes,Yes,Yes,Yes,Yes,0,25,33,0,Yes,-9,-9,-9,Yes,Yes,No,No,No
CT,CONNECTICUT,901360,EASTERN CONNECTICUT REGIONAL,376 HARTFORD TURNPIKE,HAMPTON,6247,No,425,0,3,Yes,Yes,Yes,STEVE,WAPEN,860-455-1554,swapen@eastconn.org,STEVE,WAPEN,860-455-1554,swapen@eastconn.org,STEVE,WAPEN,860-455-1554,swapen@eastconn.org,No,Yes,Yes,https://www.eastconn.org/images/board_of_directors/policies/Policy_5000_Student_Personnel.pdf,No,-9,No,-9,-9,-9,-9,-9,-9,-9,-9,-9,-9,-9,-9,-9,-9,-9,Yes,Yes,No,No,No
CT,CONNECTICUT,901380,EASTFORD SCHOOL DISTRICT,P.O. Box 158,Eastford,6242,No,150,1,1,Yes,Yes,Yes,LINDA,LORETZ,(860)974-1130 x102,lloretz@eastfordct.org,KYMBERLI,GAYLOR,(860)974-1130 x101,kgaylor@eastfordct.org,CAROLE,MCCOMBE,(860)974-1130 x103,cmccombe@eastfordct.org,No,Yes,Yes,https://www.eastfordct.org/cms/lib/CT02204107/Centricity/Domain/85/5131.911%20Bullying.pdf,Yes,No,Yes,Yes,Yes,Yes,Yes,Yes,Yes,No,1,4,12,0,Yes,-9,-9,-9,Yes,Yes,No,No,No
CT,CONNECTICUT,901410,EASTON SCHOOL DISTRICT,654 Morehouse Road,Easton,6612,No,904,0,2,Yes,Yes,Yes,ANN,MOHR,203-268-8651,amohr@er9.org,ANN,MOHR,203-268-8651,amohr@er9.org,ANN,MOHR,203-268-8651,amohr@er9.org,No,Yes,Yes,www.er9.org,Yes,No,Yes,No,No,Yes,Yes,Yes,Yes,Yes,1,20,10,0,No,Yes,No,Yes,Yes,Yes,No,No,No
CT,CONNECTICUT,901440,ELLINGTON SCHOOL DISTRICT,P.O. Box 179,Ellington,6029,No,2682,6,6,Yes,Yes,Yes,KRISTY,LAPORTE,860-896-2300 x115,klaporte@ellingtonschools.net,KRISTY,LAPORTE,860-896-2300 x115,klaporte@ellingtonschools.net,KRISTY,LAPORTE,860-896-2300 x115,klaporte@ellingtonschools.net,No,Yes,Yes,www.ellingtonpublicschools.org,No,-9,Yes,No,No,Yes,Yes,Yes,Yes,Yes,0,24,34,0,No,Yes,No,Yes,Yes,Yes,Yes,No,No
CT,CONNECTICUT,901470,ENFIELD SCHOOL DISTRICT,1010 Enfield Street,ENFIELD,6082,No,5174,25,20,Yes,Yes,Yes,ANDREW,LONGEY,(860)253-6533,alongey@enfieldschools.org,JULIE,CARROLL,(860)253-4709,jcarroll@enfieldschools.org,JULIE,CARROLL,(860)253-4709,jcarroll@enfieldschools.org,No,Yes,Yes,www.enfieldschools.org,No,-9,Yes,Yes,Yes,Yes,Yes,Yes,Yes,Yes,8,113,195,358,No,Yes,No,Yes,Yes,Yes,No,No,No
CT,CONNECTICUT,901500,ESSEX SCHOOL DISTRICT,P.O. Box 187,Deep River,6417,No,343,3,1,Yes,Yes,Yes,KRISTINA,MARTINEAU,860-526-2417 X1455,kmartineau@reg4.k12.ct.us,KRISTINA,MARTINEAU,860-526-2417 X1455,kmartineau@reg4.k12.ct.us,SARAH,SMALLEY,860-526-2417 X1450,ssmalley@reg4.k12.ct.us,No,Yes,Yes,http://z2policy.cabe.org/cabe/Z2Browser2.html?showset=region4,No,-9,Yes,No,No,Yes,Yes,Yes,Yes,Yes,0,12,15,3,Yes,-9,-9,-9,Yes,Yes,No,No,No
CT,CONNECTICUT,901530,FAIRFIELD SCHOOL DISTRICT,P.O. Box 222,Fairfield,6430,No,9927,86,18,Yes,Yes,Yes,COLLEEN,DEASY,203-255-8462,cdeasy@fairfieldschools.org,COLLEEN,DEASY,203-255-8462,cdeasy@fairfieldschools.org,ROBERT,MANCUSI,203-255-8379,rmancusi@fairfieldschools.org,No,Yes,Yes,http://cdn.fairfieldschools.org/boe/policies/5000/5131.911-%20Bullying.pdf,No,-9,Yes,Yes,Yes,Yes,Yes,Yes,Yes,No,0,92,97,5,Yes,-9,-9,-9,Yes,Yes,No,No,No
CT,CONNECTICUT,901560,FARMINGTON SCHOOL DISTRICT,ONE MONTEITH DRIVE,FARMINGTON,6032,No,4097,15,8,Yes,Yes,Yes,KIMBERLY,WYNNE,(860)673-8288,wynnek@fpsct.org,KIMBERLY,WYNNE,(860)673-8288,wynnek@fpsct.org,KIMBERLY,WYNNE,(860)673-8288,wynnek@fpsct.org,No,Yes,Yes,www.fpsct.org/district-information/safe-school-climate,No,-9,Yes,Yes,Yes,Yes,Yes,Yes,Yes,No,0,49,60,0,No,Yes,Yes,Yes,Yes,Yes,No,No,No
CT,CONNECTICUT,901590,FRANKLIN SCHOOL DISTRICT,206 POND ROAD,NORTH FRANKLIN,6254,No,164,1,1,Yes,Yes,Yes,ROBERT,AUSTIN,860-642-7063,baustin@franklinschoolct.org,ROBERT,AUSTIN,860-642-7063,baustin@franklinschoolct.org,LORI,GOLDSTEIN,860-642-7063,lgoldstein@franklinschoolct.org,No,Yes,Yes,www.franklinschoolct.org,No,-9,Yes,No,No,Yes,No,Yes,Yes,Yes,0,7,10,1,Yes,-9,-9,-9,Yes,Yes,No,No,No
CT,CONNECTICUT,901620,GLASTONBURY SCHOOL DISTRICT,628 Hebron Avenue,GLASTONBURY,6033,No,5904,14,13,Yes,Yes,Yes,ANN MARIE,COLEBROOK,860-652-7958,ColebrookA@glastonburyus.org,ANN MARIE,COLEBROOK,860-652-7958,ColebrookA@glastonburyus.org,ANITA,RUSSELL,860-652-7971,RussellA@glastonburyus.org,No,Yes,Yes,https://drive.google.com/file/d/0B-1IciL_buQqZW5ENEpDbVgycE0/view,No,-9,Yes,No,No,Yes,Yes,Yes,Yes,No,3,23,27,0,No,Yes,No,No,Yes,Yes,No,No,No
CT,CONNECTICUT,901680,GRANBY SCHOOL DISTRICT,15_B NORTH GRANBY ROAD,GRANBY,6035,No,1861,64,4,Yes,Yes,Yes,CHRISTOPHER,TRANBERG,860-844-5250,tranbergc@granby.k12.ct.us,CHRISTOPHER,TRANBERG,860-844-5250,tranbergc@granby.k12.ct.us,AIMEE,MARTIN,860-844-5250,martnad@granby.k12.ct.us,No,Yes,Yes,www.granby.k12.ct.us/page.cfm?p=5725,No,-9,Yes,Yes,Yes,Yes,Yes,Yes,Yes,Yes,0,20,22,1,Yes,-9,-9,-9,Yes,Yes,No,No,No
CT,CONNECTICUT,901710,GREENWICH SCHOOL DISTRICT,HAVEMEYER BUILDING,GREENWICH,6830,No,9063,9012,17,Yes,Yes,Yes,ANN,CARABILLO,203-625-7446,elizabeth-ann_carabillo@greenwich.k12.ct.us,ANN,CARABILLO,203-625-7446,elizabeth-ann_carabillo@greenwich.k12.ct.us,MARY,FORDE,203-625-7466,mary_forde@greenwich.k12.ct.us,No,Yes,Yes,www.greenwichschools.org/uploaded/district/pdfs/ssrc/e002_1_student_conduct_rev0409.pdf,No,-9,Yes,Yes,Yes,Yes,No,Yes,Yes,Yes,0,66,78,16,Yes,-9,-9,-9,Yes,Yes,Yes,Yes,Yes
CT,CONNECTICUT,901740,GRISWOLD SCHOOL DISTRICT,267 SLATER AVENUE,Griswold,6351,No,1768,10,4,Yes,Yes,Yes,SUSAN,ROURKE,860-376-7600,srourke@griswoldpublicschools.org,SUSAN,ROURKE,860-376-7600,srourke@griswoldpublicschools.org,SUSAN,ROURKE,860-376-7600,srourke@griswoldpublicschools.org,No,Yes,Yes,www.griswold.k12.ct.us/district/school-climate,No,-9,Yes,Yes,No,Yes,No,Yes,Yes,No,3,25,60,0,No,Yes,Yes,Yes,Yes,Yes,No,Yes,No
CT,CONNECTICUT,901770,GROTON SCHOOL DISTRICT,P.O. Box K,Groton,6340,No,4298,29,11,Yes,Yes,Yes,DENISE,DOOLITTLE,(860)572-2152,ddoolittle@groton.k12.ct.us,SUSAN,AUSTIN,(860)572-2125,saustin@groton.k12.ct.us,DENISE,DOOLITTLE,(860)572-2152,ddoolittle@groton.k12.ct.us,Yes,Yes,Yes,www.grotonschools.org,No,-9,Yes,Yes,No,Yes,No,Yes,Yes,Yes,13,52,108,2,Yes,-9,-9,-9,Yes,Yes,No,Yes,No
CT,CONNECTICUT,901800,GUILFORD SCHOOL DISTRICT,P.O. Box 367,Guilford,6437,No,3361,61,7,Yes,Yes,Yes,JASON,BEAUDIN,(203)458-0001,beaudinj@guilfordschools.org,JASON,BEAUDIN,(203)458-0001,beaudinj@guilfordschools.org,JASON,SCONZIANO,(203)458-0001,sconzianoj@guilfordschools.org,No,Yes,Yes,www.guilfordschools.org,No,-9,Yes,Yes,Yes,Yes,Yes,Yes,Yes,No,0,14,16,0,No,Yes,No,No,Yes,Yes,No,No,No
CT,CONNECTICUT,901860,HAMDEN SCHOOL DISTRICT,60 PUTNAM AVENUE,HAMDEN,6517,No,5348,137,19,Yes,Yes,Yes,GARY,HIGHSMITH,203-407-2059,ghighsmith@hamden.org,GARY,HIGHSMITH,203-407-2059,ghighsmith@hamden.org,GARY,HIGHSMITH,203-407-2059,ghighsmith@hamden.org,No,Yes,Yes,www.hamden.org,No,-9,Yes,Yes,Yes,Yes,Yes,Yes,Yes,No,6,89,98,0,Yes,-9,-9,-9,Yes,Yes,No,No,No
CT,CONNECTICUT,901890,HAMPTON SCHOOL DISTRICT,380 Main Street,Hampton,6247,No,93,0,1,Yes,Yes,Yes,SAM,ROBERSON,8604559409,sroberson@hamptonschool.org,SALLY,LEHOUX,8604559409,slehoux@hamptonschool.org,LAURA,SOREL,8604559409,lsorel@hampronschool.org,No,Yes,Yes,www.hamptonschool.org,No,-9,Yes,Yes,Yes,No,Yes,Yes,Yes,Yes,0,8,8,0,Yes,-9,-9,-9,Yes,Yes,No,No,No
CT,CONNECTICUT,901920,HARTFORD SCHOOL DISTRICT,153 MARKET STREET,HARTFORD,6103,Yes,19236,585,46,Yes,Yes,Yes,JOANNE,JACKSON,(860) 695-8725,jacksj001@hartfordschools.org,JOANNE,JACKSON,(860) 695-8725,jacksj001@hartfordschools.org,JOANNE,JACKSON,(860) 695-8725,jacksj001@hartfordschools.org,Yes,Yes,Yes,https://www.hartfordschools.org/non-discrimination-policy/,No,-9,Yes,Yes,Yes,Yes,No,Yes,Yes,Yes,0,354,855,31,No,Yes,Yes,Yes,Yes,Yes,No,No,No
CT,CONNECTICUT,901950,HARTLAND SCHOOL DISTRICT,30 South Road,East Hartland,6027,No,172,1,1,Yes,Yes,Yes,LAURA,HOLLINGSWORTH,(860)653-7207,lhollingsworth@hartlandschool.com,LAURA,HOLLINGSWORTH,(860)653-7207,lhollingsworth@hartlandschool.com,LAURA,HOLLINGSWORTH,(860)653-7207,lhollingsworth@hartlandschool.com,No,Yes,Yes,Hartlandschool.com,Yes,No,Yes,No,No,No,Yes,Yes,Yes,No,0,5,4,0,Yes,-9,-9,-9,Yes,Yes,No,No,No
CT,CONNECTICUT,902010,HEBRON SCHOOL DISTRICT,580 Gilead Street,Hebron,6248,No,701,1,2,Yes,Yes,Yes,DONALD,BRIERE,860-228-2577 X1204,dbriere@hebron.k12.ct.us,DONALD,BRIERE,860-228-2577 x1204,dbriere@hebron.k12.ct.us,DONALD,BRIERE,860-228-2577 x1204,dbriere@hebron.k12.ct.us,No,Yes,Yes,www.hebron.k12.ct.us/o/district-office/browse/8721,No,-9,Yes,Yes,Yes,Yes,Yes,Yes,Yes,No,0,31,40,0,No,Yes,No,Yes,Yes,Yes,No,No,No
CT,CONNECTICUT,902040,KENT SCHOOL DISTRICT,246 WARREN TURNPIKE RO,FALLS VILLAGE,6031,No,225,0,1,Yes,Yes,Yes,MICHELLE,MOTT,860-927-3537,mottm@kentcenter.com,MICHELLE,MOTT,860-927-3537,mottm@kentcenter.com,MICHELLE,MOTT,860-927-3537,mottm@kentcenter.com,No,Yes,Yes,http://www.kentcenterschool.org/k_c_s_i_n_f_o/k_c_s_civil_rights_statement,No,-9,Yes,No,No,Yes,Yes,Yes,Yes,No,0,4,5,0,Yes,-9,-9,-9,Yes,Yes,No,No,No
CT,CONNECTICUT,902070,KILLINGLY SCHOOL DISTRICT,P.O. Box 210,Danielson,6239,No,2483,115,5,Yes,Yes,Yes,KIM,BURNHAM,(860)779-6795,kburnham@killinglyschools.org,KIM,BURNHAM,(860)779-6795,kburnham@killinglyschools.org,FRANCIS,LAGACE,(860)779-6742,flagace@killinglyschools.org,No,Yes,Yes,https://www.killinglyschools.org/cms/lib/CT01001242/Centricity/Domain/521/BULLYING%20POLICY%205131.911.pdf,Yes,Yes,Yes,Yes,Yes,Yes,Yes,Yes,Yes,Yes,7,66,81,2,Yes,-9,-9,-9,Yes,Yes,Yes,Yes,Yes
CT,CONNECTICUT,902130,LEBANON SCHOOL DISTRICT,891 Exeter Road,Lebanon,6249,No,1002,57,3,Yes,Yes,Yes,CHERYL,BIEKERT,(860)642-5764,cheryl.biekert@lebanonct.org,CHERYL,BIEKERT,(860)642-5764,cheryl.biekert@lebanonct.org,CHERYL,BIEKERT,(860)642-5764,cheryl.biekert@lebanonct.org,No,Yes,Yes,www.lebanonct.org,No,-9,Yes,No,No,Yes,No,Yes,Yes,No,0,22,30,0,Yes,-9,-9,-9,Yes,Yes,No,No,No
CT,CONNECTICUT,902160,LEDYARD SCHOOL DISTRICT,4 BLONDER BOULEVARD,LEDYARD,6339,No,2392,19,6,Yes,Yes,Yes,ANN,HOGSTEN,8604649255,ahogsten@ledyard.net,JODI,DAVIS,8604649255,jdavis@ledyard.net,JODI,DAVIS,8604649255,jdavis@ledyard.net,No,Yes,Yes,http://ledyard.net/UserFiles/Servers/Server_111100/File/4118.113%20(5131.9111).pdf,No,-9,Yes,Yes,No,No,No,Yes,Yes,No,0,24,48,0,No,Yes,Yes,Yes,Yes,Yes,No,No,No
CT,CONNECTICUT,902190,LISBON SCHOOL DISTRICT,15 NEWENT ROAD,LISBON,6351,No,390,7,1,Yes,Yes,Yes,BRIAN,APPERSON,860-376-2403,bapperson@lisbonschool.org,MAGGIE,COURTER,860-376-2403,m.courter@lisbonschool.org,MAGGIE,COURTER,860-376-2403,m.courter@lisbonschool.org,No,Yes,Yes,http://lisbonschool.org,No,-9,Yes,No,No,No,Yes,Yes,Yes,No,0,9,20,0,Yes,-9,-9,-9,Yes,Yes,No,No,No
CT,CONNECTICUT,902220,LITCHFIELD SCHOOL DISTRICT,P.O. Box 110,Litchfield,6759,Yes,911,6,4,Yes,Yes,Yes,JULIE,HAGGARD,860-567-7505,haggardj@lichfieldschools.org,JULIE,HAGGARD,860-567-7505,haggardj@litchfieldschools.org,JULIE,HAGGARD,860-567-7505,haggardj@litchfieldschools.org,No,Yes,Yes,https://www.litchfieldschools.org/central-office/pupil-services,No,-9,Yes,No,No,Yes,Yes,Yes,Yes,Yes,2,15,26,9,Yes,-9,-9,-9,Yes,Yes,No,No,No
CT,CONNECTICUT,902280,MADISON SCHOOL DISTRICT,P.O. Box 71,Madison,6443,No,2829,220,7,Yes,Yes,Yes,GAIL,DAHLING-HENCH,203-245-6323,dahling-henchg@madison.k12.ct.us,GAIL,DAHLING-HENCH,203-245-6323,dahling-henchg@madison.k12.c.tus,ELIZABETH,BATTAGLIA,203-245-6341,battagliae@madison.k12.ct.us,No,Yes,Yes,https://www.madison.k12.ct.us/board-of-education/policies/section-5000-students#fs-panel-8566,No,-9,Yes,No,No,Yes,Yes,Yes,Yes,Yes,0,22,33,19,Yes,-9,-9,-9,Yes,Yes,Yes,No,Yes
CT,CONNECTICUT,902310,MANCHESTER SCHOOL DISTRICT,45 North School Street,Manchester,6040,No,6187,47,19,Yes,Yes,Yes,SARAH,BURKE,(860)647-3452,sburke@mpspride.org,SARAH,BURKE,(860)647-3452,sburke@mpspride.org,SARAH,BURKE,(860)647-3452,sburke@mpspride.org,No,Yes,Yes,https://www.mpspride.org/cms/lib/CT50000127/Centricity/domain/30/policies/5131_1.pdf,No,-9,Yes,Yes,Yes,Yes,Yes,Yes,Yes,Yes,0,83,175,3,No,Yes,No,Yes,Yes,Yes,No,No,No
CT,CONNECTICUT,902340,MANSFIELD SCHOOL DISTRICT,4 SOUTH EAGLEVILLE ROAD,STORRS,6268,No,1133,6,4,Yes,Yes,Yes,MICHELE,BEERS,860-429-3350,mboesupt@mansfieldct.org,MICHELE,BEERS,860-429-3350,mboesupt@mansfieldct.org,MICHELE,BEERS,860-429-3350,mboesupt@mansfieldct.org,No,Yes,Yes,http://mansfieldct.gov/mboe,No,-9,Yes,No,No,Yes,No,Yes,Yes,Yes,0,31,32,0,Yes,-9,-9,-9,Yes,Yes,No,No,No
CT,CONNECTICUT,902370,MARLBOROUGH SCHOOL DISTRICT,25 SCHOOL DRIVE,MARLBOROUGH,6447,No,491,0,1,Yes,Yes,Yes,KIM,KELLEY,860-295-6220,kkelley@marlborough.k12.ct.us,KIM,KELLEY,860-295-6220,kkelley@marlborough.k12.ct.us,DAN,WHITE,860-295-6220,dwhite@marlborough.k12.ct.us,No,Yes,Yes,www.marlborough.k12.ct.us,No,-9,Yes,No,No,Yes,No,Yes,Yes,No,0,10,13,0,No,Yes,No,No,Yes,Yes,No,No,No
CT,CONNECTICUT,902400,MERIDEN SCHOOL DISTRICT,P.O. Box 848,Meriden,6450,No,7699,942,14,Yes,Yes,Yes,PATRICIA,SULLIVAN-KOWALSKI,(203) 630-4177,patricia.sullivan@meridenk12.org,PATRICIA,SULLIVAN-KOWALSKI,(203) 630-4177,patricia.sullivan@meridenk12.org,PATRICIA,SULLIVAN-KOWALSKI,(203) 630-4177,patricia.sullivan@meridenk12.org,No,Yes,Yes,https://policies.meridenk12.org/policy/default.aspx?id=491,No,-9,Yes,No,No,Yes,No,No,No,No,0,42,67,0,No,Yes,Yes,Yes,Yes,Yes,No,No,No
CT,CONNECTICUT,902490,MIDDLETOWN SCHOOL DISTRICT,311 HUNTING HILL AVENU,MIDDLETOWN,6457,No,4504,69,11,Yes,Yes,Yes,MARCO,GAYLORD,8606381485,gaylordm@mpsct.org,MARCO,GAYLORD,8606381485,gaylordm@mpsct.org,AMY,CLARKE,8606381415,clarke@mpsct.rg,No,Yes,Yes,http://www.mps1.org/boe/policy/5000/5131-911.pdf,No,-9,Yes,No,No,Yes,Yes,Yes,Yes,Yes,0,0,0,0,Yes,-9,-9,-9,Yes,Yes,No,No,No
CT,CONNECTICUT,902520,MILFORD SCHOOL DISTRICT,70 WEST RIVER STREET,MILFORD,6460,No,5749,0,14,Yes,Yes,Yes,ANNALIESE,SPAZIANO,203-783-3600,aspaziano@milforded.org,ANNALIESE,SPAZIANO,203-783-3600,aspaziano@milforded.org,CAROLE,SWIFT,203-783-9410,cswift@milforded.org,No,Yes,Yes,milforded.org,No,-9,Yes,No,No,Yes,Yes,Yes,Yes,Yes,0,81,115,16,Yes,-9,-9,-9,Yes,Yes,No,No,No
CT,CONNECTICUT,902550,MONROE SCHOOL DISTRICT,375 MONROE TURNPIKE,MONROE,6468,No,3138,11,6,Yes,Yes,Yes,KAY,MOSER,203-452-2860 x2611,kmoser@monroeps.org,KAY,MOSER,203-452-2860 x2611,kmoser@monroeps.org,KAY,MOSER,203-452-2860 x2611,kmoser@monroeps.org,No,Yes,Yes,http://www.policy.cabe.org/monroe,No,-9,Yes,No,No,Yes,Yes,Yes,Yes,No,0,21,26,4,No,Yes,No,No,Yes,Yes,No,No,No
CT,CONNECTICUT,902580,MONTVILLE SCHOOL DISTRICT,OLD COLCHESTER ROAD,OAKDALE,6370,No,2164,15,8,Yes,Yes,Yes,PAULA,LACHANCE,860-848-1228,plachance@montvilleschools.org,PAULA,LACHANCE,860-848-1228,plachance@montvilleschools.org,PAULA,LACHANCE,860-848-1228,plachance@montvilleschools.org,No,Yes,Yes,https://www.montvilleschools.org/uploaded/01-BOE/PDF's/Polices/5000's/5111.1_Nondiscrimination.pdf,Yes,No,Yes,No,No,Yes,No,Yes,Yes,Yes,0,17,25,1,No,Yes,No,No,Yes,Yes,No,No,No
CT,CONNECTICUT,902640,NAUGATUCK SCHOOL DISTRICT,497 Rubber Avenue,Naugatuck,6770,No,4251,450,10,Yes,Yes,Yes,JOHN,LAWLOR,203-720-5265,john.lawlor@naugatuck.k12.ct.us,JOHN,LAWLOR,203-720-5265,john.lawlor@naugatuck.k12.ct.us,CHRISTOPHER,MONTINI,203-720-5265,christopher.montini@naugatuck.k12.ct.us,No,Yes,Yes,www.naugatuck.k12.ct.us,Yes,Yes,Yes,Yes,Yes,No,No,Yes,Yes,Yes,0,56,107,19,Yes,-9,-9,-9,Yes,Yes,No,No,No
CT,CONNECTICUT,902670,NEW BRITAIN SCHOOL DISTRICT,P.O. Box 1960,New Britain,6050,No,9923,63,23,Yes,Yes,Yes,KELLY,GRANT,8608272234,grant@csdnb.org,KELLY,GRANT,8608272234,grant@csdnb.org,KELLY,GRANT,8608272234,grant@csdnb.org,No,Yes,Yes,https://docs.google.com/document/d/1ajpXPiR7ZVZheZZdz5ahERS05hyagPTjB17LQzeHVQg/edit?ts=58dbeeee,No,-9,Yes,Yes,Yes,Yes,Yes,Yes,Yes,Yes,11,167,219,2,Yes,-9,-9,-9,Yes,Yes,No,No,No
CT,CONNECTICUT,902700,NEW CANAAN SCHOOL DISTRICT,39 LOCUST AVENUE,NEW CANAAN,6840,No,4219,17,5,Yes,Yes,Yes,GARY,KASS,(203) 594-4013,gary.kass@ncps-k12.org,GARY,KASS,(203) 594-4013,gary.kass@ncps-k12.org,DARLENE,PIANKA,(203) 594-4012,darlene.pianka@ncps-k12.org,Yes,Yes,Yes,http://bit.ly/2mTb6Lo,No,-9,Yes,Yes,Yes,No,No,Yes,Yes,No,0,7,29,3,No,Yes,No,Yes,Yes,Yes,No,No,No
CT,CONNECTICUT,902730,NEW FAIRFIELD SCHOOL DISTRICT,3 BRUSH HILL ROAD,NEW FAIRFIELD,6812,No,2300,31,5,Yes,Yes,Yes,JASON,MCKINNON,203-312-3755,mckinnon.jason@newfairfieldschools.org,ANDREA,EINHORN,203-312-5774,einhorn.andrea@newfairfieldschools.org,ANDREA,EINHORN,203-312-5774,einhorn.andrea@newfairfieldschools.org,Yes,Yes,Yes,http://z2policy.cabe.org/cabe/Z2Browser2.html?showset=newfairfield,No,-9,Yes,No,No,Yes,Yes,Yes,Yes,No,0,31,43,0,Yes,-9,-9,-9,Yes,Yes,No,No,No
CT,CONNECTICUT,902760,NEW HARTFORD SCHOOL DISTRICT,P.O. Box 315,New Hartford,6057,No,501,1,3,Yes,Yes,Yes,BARBARA,MCLEAN,860-379-1653,mcleanb@newhtfd.org,BARBARA,MCLEAN,860-379-1653,mcleanb@newhtfd.org,BARBARA,MCLEAN,860-379-1653,mcleanb@newhtfd.org,No,Yes,Yes,https://www.newhtfd.org/domain/198,No,-9,Yes,Yes,Yes,Yes,Yes,Yes,Yes,No,0,4,13,0,Yes,-9,-9,-9,Yes,Yes,No,No,No
CT,CONNECTICUT,902790,NEW HAVEN SCHOOL DISTRICT,54 Meadow Street,NEW HAVEN,6519,Yes,21135,246,45,Yes,Yes,Yes,CAROLYN,ROSS-LEE,(475)220-1161,carolyn.ross-lee@new-haven.k12.ct.us,CAROLYN,ROSS-LEE,(475)220-1161,carolyn.ross-lee@new-haven.k12.ct.us,CHAKA,FELDER-MCENTIRE,(475)220-1562,chaka.felder-mcentire@new-haven.k12.ct.us,No,Yes,Yes,http://www.nhps.net/sites/default/files/16-17_SPH_ENG.pdf,Yes,No,Yes,Yes,Yes,No,No,Yes,Yes,Yes,134,779,799,4,Yes,-9,-9,-9,Yes,Yes,No,No,No
CT,CONNECTICUT,902820,NEW LONDON SCHOOL DISTRICT,134 WILLIAMS STREET,NEW LONDON,6320,No,3645,1,6,Yes,Yes,Yes,TARYN,BONNER,860-447-6000,bonnert@newlondon.org,TARYN,BONNER,860-447-6000,bonnert@newlondon.org,TARYN,BONNER,860-447-6000,bonnert@newlondon.org,No,Yes,Yes,www.newlondon.org,No,-9,Yes,Yes,No,Yes,No,Yes,Yes,Yes,0,1,59,196,Yes,-9,-9,-9,Yes,Yes,No,No,No
CT,CONNECTICUT,902850,NEW MILFORD SCHOOL DISTRICT,50 EAST STREET,NEW MILFORD,6776,No,4103,32,5,Yes,Yes,Yes,ALISHA,DICORPO,860-354-3235,dicorpoa@newmilfordps.org,ALISHA,DICORPO,860-354-3235,dicorpoa@newmilfordps.org,ALISHA,DICORPO,860-354-3235,dicorpoa@newmilfordps.org,No,Yes,Yes,www.newmilfordps.org,No,-9,Yes,No,Yes,No,No,Yes,Yes,Yes,0,31,67,8,Yes,-9,-9,-9,Yes,Yes,No,No,No
CT,CONNECTICUT,902880,NEWINGTON SCHOOL DISTRICT,131 CEDAR STREET,NEWINGTON,6111,No,4052,25,7,Yes,Yes,Yes,STEPHEN,FORESI,(860)665-8639,SFORESI@NPSCT.ORG,STEPHEN,FORESI,(860)665-8639,SFORESI@NPSCT.ORG,STEPHEN,FORESI,(860)665-8639,SFORESI@NPSCT.ORG,No,Yes,Yes,WWW.NPSCT.ORG,No,-9,Yes,Yes,No,Yes,Yes,Yes,Yes,Yes,0,28,38,0,No,Yes,No,No,Yes,Yes,No,No,No
CT,CONNECTICUT,902910,NEWTOWN SCHOOL DISTRICT,3 Primrose Street,Newtown,6470,No,4384,37,9,Yes,Yes,Yes,JEAN,DAVILA,(203)270-6176,davilaj@newtown.k12.ct.us,JEAN,DAVILA,(203)270-6176,davilaj@newtown.k12.ct.us,DEBORAH,MAILLOUX-PETERSEN,(203)270-6176,petersend@newtown.k12.ct.us,No,Yes,Yes,http://www.newtown.k12.ct.us/District-Information/Board-of-Education/BOE-Policies/Series-5000-Students,No,-9,Yes,No,No,Yes,Yes,Yes,Yes,Yes,0,36,28,3,No,Yes,No,No,Yes,Yes,No,No,No
CT,CONNECTICUT,902940,NORFOLK SCHOOL DISTRICT,128 Greenwoods Road Ea,Norfolk,6058,No,95,0,1,Yes,Yes,Yes,LAUREN,VALENTINO,860-542-5286 x 202,valentinol@botelleschool.org,LAUREN,VALENTINO,860-542-5286 x 202,valentinol@botelleschool.org,LAUREN,VALENTINO,860-542-5286 x 202,valentinol@botelleschool.org,No,Yes,Yes,www.botelleschool.org,No,-9,Yes,No,No,Yes,No,Yes,Yes,Yes,0,0,6,0,Yes,-9,-9,-9,Yes,Yes,No,No,No
CT,CONNECTICUT,902970,NORTH BRANFORD SCHOOL DISTRIC,1388 Middletown Avenue,Northford,6472,No,1778,7,5,Yes,Yes,Yes,DONALD,WINNICKI,(203)484-1440,dwinnicki@northbranfordschools.org,DONALD,WINNICKI,(203)484-1440,dwinnicki@northbranfordschools.org,SUZANNE,WRIGHT,(203)484-1230,swright@northbranfordschools.org,No,Yes,Yes,https://www.northbranfordschools.org/images/customer-files//P1400.pdf,No,-9,Yes,Yes,No,Yes,No,Yes,Yes,No,0,10,21,0,No,Yes,No,Yes,Yes,Yes,No,No,No
CT,CONNECTICUT,903000,NORTH CANAAN SCHOOL DISTRICT,246 WARREN TURNPIKE RO,FALLS VILLAGE,6031,No,281,0,1,Yes,Yes,Yes,ALICIA,ROY,(860)824-5149 x103,aroy@nceschool.org,ALICIA,ROY,(860)824-5149 x103,aroy@nceschool.org,EVELYN,DUFFY,(860)824-5149 x123,eduffy@nceschool.org,No,Yes,Yes,nceschool.org,No,-9,Yes,No,No,Yes,Yes,Yes,Yes,No,0,1,11,0,Yes,-9,-9,-9,Yes,Yes,No,No,No
CT,CONNECTICUT,903030,NORTH HAVEN SCHOOL DISTRICT,5 LINSLEY STREET,NORTH HAVEN,6473,No,3265,76,7,Yes,Yes,Yes,DANA,CORRIVEAU,(203)239-2581,corriveau.dana@northhavenschools.org,DANA,CORRIVEAU,(203)239-2581,corriveau.dana@northhavenschools.org,DANA,CORRIVEAU,(203)239-2581,corriveau.dana@northhavenschools.org,No,Yes,Yes,http://images.pcmac.org/Uploads/NorthHaven/NorthHaven/Divisions/DocumentsCategories/Documents/5131.911%20Bullyingadp.pdf,No,-9,Yes,No,No,Yes,Yes,Yes,Yes,Yes,0,30,32,3,No,Yes,No,No,Yes,Yes,No,No,No
CT,CONNECTICUT,903060,NORTH STONINGTON SCHOOL DISTR,298 NORWICH/WESTERLY RD,NORTH STONINGTON,6359,No,749,0,2,Yes,Yes,Yes,RYAN,CHANEY,8605350377,chaneyr@northstonington.k12.ct.us,RYAN,CHANEY,8605350377,chaneyr@northstonington.k12.ct.us,RYAN,CHANEY,8605350377,chaneyr@northstonington.k12.ct.us,No,Yes,Yes,www.northstonington.k12.ct.us,Yes,Yes,Yes,Yes,No,No,No,Yes,Yes,No,0,20,22,0,No,Yes,No,No,Yes,Yes,No,No,No
CT,CONNECTICUT,903090,NORWALK SCHOOL DISTRICT,125 EAST AVENUE,Norwalk,6852,No,11480,79,21,Yes,Yes,Yes,CHRISTOPHER,SUGAR,(203)854-4019,sugarc@norwalkps.org,CHRISTOPHER,SUGAR,(203)854-4019,sugarc@norwalkps.org,RALPH,VALENZISI,(203)854-4044,valenzisir@norwalkps.org,No,Yes,Yes,https://norwalkps.org/kr/One.aspx?objectId=4644573&contextId=264228&lastCat=3266295,No,-9,Yes,Yes,Yes,Yes,Yes,Yes,Yes,No,0,15,245,0,No,Yes,Yes,Yes,Yes,Yes,No,No,No
CT,CONNECTICUT,903120,NORWICH SCHOOL DISTRICT,90 TOWN STREET,NORWICH,6360,No,3443,108,15,Yes,Yes,Yes,TOM,BAIRD,8608234200,tbaird@norwichpublicschools.org,TOM,BAIRD,8608234200,tbaird@norwichpublicschools.org,TOM,BAIRD,8608234200,tbaird@norwichpublicschools.org,No,Yes,Yes,www.norwichpublicschools.org,No,-9,Yes,Yes,Yes,Yes,No,Yes,Yes,No,0,82,180,0,Yes,-9,-9,-9,Yes,Yes,No,No,No
CT,CONNECTICUT,903180,OLD SAYBROOK SCHOOL DISTRICT,50 SHEFFIELD STREET,OLD SAYBROOK,6475,No,1260,6,3,Yes,Yes,Yes,KATHY,BAI,860-395-3167,kbai@oldsaybrookschools.org,KATHY,BAI,860-395-3167,kbai@oldsaybrookschools.org,KATHY,BAI,860-395-3157,kbai@oldsaybrookschools.org,No,Yes,Yes,http://www.oldsaybrookschools.org/page.cfm?p=1509,No,-9,Yes,Yes,Yes,No,No,Yes,Yes,Yes,0,26,28,2,No,Yes,Yes,Yes,Yes,Yes,No,No,No
CT,CONNECTICUT,903210,ORANGE SCHOOL DISTRICT,637 ORANGE CENTER ROAD,ORANGE,6477,No,1162,0,4,Yes,Yes,Yes,KAI,BYRD,203-891-8028,kbyrd@orange-ed.org,EVELYN,RUSSO,203-891-8020 x1203,erusso@orange-ed.org,ROSEMARY,SLOWIK,203-891-8023,rslowik@orange-ed.org,No,Yes,Yes,www.oess.org,No,-9,Yes,Yes,No,Yes,No,Yes,Yes,No,0,20,20,0,No,Yes,No,Yes,Yes,Yes,No,No,No
CT,CONNECTICUT,903240,OXFORD SCHOOL DISTRICT,"144 Oxford Road, Unit 1B",OXFORD,6478,No,1846,20,5,Yes,Yes,Yes,REBECCA,CAVALLARO,(203)881-2599,cavallaror@oxfordpublicschools.org,REBECCA,CAVALLARO,(203)881-2599,cavallaror@oxfordpublicschools.org,SCHUMANN,ROBERT,(203)888-2468,schumannr@oxfordpublicschools.org,No,Yes,Yes,http://www.oxfordpublicschools.org,No,-9,Yes,No,No,Yes,Yes,No,Yes,No,0,1,6,0,No,Yes,No,Yes,Yes,Yes,No,No,No
CT,CONNECTICUT,903270,PLAINFIELD SCHOOL DISTRICT,99 PUTNAM ROAD,Plainfield,6374,No,2245,0,5,Yes,Yes,Yes,AUGUSTA,GILBERTI,860-564-6401,gilbertig@plainfieldschools.org,AUGUSTA,GILBERTI,860-564-6401,gilbertig@plainfieldschools.org,AUGUSTA,GILBERTI,860-564-6401,gilbertig@plainfieldschools.org,No,Yes,Yes,www.plainfieldschools.org,Yes,Yes,Yes,No,Yes,Yes,No,Yes,Yes,No,0,25,101,0,Yes,-9,-9,-9,Yes,Yes,No,No,No
CT,CONNECTICUT,903300,PLAINVILLE SCHOOL DISTRICT,47 ROBERT HOLCOMB WAY,PLAINVILLE,6062,No,2359,0,5,Yes,Yes,Yes,STEVEN,LEPAGE,860-793-3210 X6104,lepages@plainvilleschools.org,STEVEN,LEPAGE,860-793-3210 X6104,lepages@plainvilleschools.org,STEVEN,LEPAGE,860-793-3210 X6104,lepages@plainvilleschools.org,No,Yes,Yes,www.plainvilleschools.org,Yes,Yes,Yes,No,Yes,No,No,No,Yes,Yes,0,19,98,1,Yes,-9,-9,-9,Yes,Yes,No,No,No
CT,CONNECTICUT,903330,PLYMOUTH SCHOOL DISTRICT,27 North Harwinton Avenue,TERRYVILLE,6786,No,1451,219,4,Yes,Yes,Yes,BARBARA,TRINKS,(860) 314-2765,trinksb@plymouth.k12.ct.us,BARBARA,TRINKS,(860) 314-2765,trinksb@plymouth.k12.ct.us,BARBARA,TRINKS,(860) 314-2765,trinksb@plymouth.k12.ct.us,No,Yes,Yes,https://www.plymouth.k12.ct.us/UserFiles/Servers/Server_153659/File/Board%20of%20Education/Policies%20and%20Regulations/Series%205000.pdf,No,-9,Yes,Yes,No,Yes,Yes,Yes,Yes,Yes,0,31,42,0,Yes,-9,-9,-9,Yes,Yes,No,No,No
CT,CONNECTICUT,903360,POMFRET SCHOOL DISTRICT,20 Pomfret Street,Pomfret Center,6259,No,386,0,1,Yes,Yes,Yes,MARY JO,CHRETIEN,860-928-2718,chretien.m@pomfretcommunityschool.org,MARY JO,CHRETIEN,860-928-2718,chretien.m@pomfretcommunityschool.org,MARY JO,CHRETIEN,860-928-2718,chretien.m@pomfretcommunityschool.org,No,Yes,Yes,www.pomfretcommunityschool.org,No,-9,Yes,No,No,No,Yes,Yes,Yes,Yes,0,3,16,2,Yes,-9,-9,-9,Yes,Yes,No,No,No
CT,CONNECTICUT,903390,PORTLAND SCHOOL DISTRICT,33 East Main Street,Portland,6480,No,1370,11,5,Yes,Yes,Yes,DAWN,DAVIS,860-342-2778,ddavis@portlandct.us,DAWN,DAVIS,860-342-2778,ddavis@portlandct.us,DAWN,DAVIS,860-342-2778,ddavis@portlandct.us,No,Yes,Yes,http://z2policy.cabe.org/cabe/Z2Browser2.html?showset=portland,No,-9,Yes,No,No,Yes,No,Yes,Yes,Yes,0,13,18,2,No,Yes,No,No,Yes,Yes,No,No,No
CT,CONNECTICUT,903420,PRESTON SCHOOL DISTRICT,1 Route 164,Preston,6365,No,437,17,2,Yes,Yes,Yes,ERIC,MCGLONE,860-889-6098,mcglonee@prestonschools.org,IVY,DAVIS-TOMCZUK,860-889-3831,davisi@prestonschools.org,KELLY,GRANT,860-889-6098,grantk@prestonschools.org,No,Yes,Yes,www.prestonschools.org,Yes,Yes,Yes,Yes,No,No,No,Yes,Yes,No,0,4,20,0,Yes,-9,-9,-9,Yes,Yes,No,No,No
CT,CONNECTICUT,903450,LEARN,44 HATCHETTS HILL ROAD,Old Lyme,6371,No,2484,0,7,Yes,Yes,Yes,KATE,ERICSON,860-434-4800 x345,kericson@learn.k12.ct.us,KATE,ERICSON,860-434-4800 x345,kericson@learn.k12.ct.us,KATE,ERICSON,560-434-4800 x345,kerison@learn.k12.ct.us,No,Yes,Yes,http://www.learn.k12.ct.us/UserFiles/Servers/Server_106939/File/BOD/Policies%20and%20Procedures/Series%205000/Series%205000%20Policy%205006.pdf,No,-9,Yes,Yes,Yes,No,No,Yes,Yes,No,0,215,290,0,Yes,-9,-9,-9,Yes,Yes,No,No,No
CT,CONNECTICUT,903480,PUTNAM SCHOOL DISTRICT,152 Woodstock Avenue,PUTNAM,6260,No,1174,11,5,Yes,Yes,Yes,KRISTINE,DREW,860-963-6900 x4019,drewk@putnam.k12.ct.us,KRISTINE,DREW,860-963-6900 x4019,drewk@putnam.k12.ct.us,KRISTINE,DREW,860-963-6900 x4019,drewk@putnam.k12.ct.us,No,Yes,Yes,www.putnam.k12.ct.us,No,-9,Yes,No,Yes,No,Yes,Yes,Yes,No,4,42,52,0,Yes,-9,-9,-9,Yes,Yes,No,No,No
CT,CONNECTICUT,903510,REDDING SCHOOL DISTRICT,654 MOREHOUSE ROAD,EASTON,6612,No,913,0,2,Yes,Yes,Yes,VANESSA,VISNERS,203-938-9026,vvisners@er9.org,VANESSA,VISNERS,203-938-9026,vvisners@er9.org,VANESSA,VISNERS,203-938-9026,vvisners@er9.org,No,Yes,Yes,www.er9.org,Yes,No,Yes,No,No,Yes,Yes,Yes,Yes,Yes,1,24,27,2,No,Yes,No,Yes,Yes,Yes,No,No,No
CT,CONNECTICUT,903512,EdAdvance,355 Goshen Road,Litchfield,6759,No,39,0,32,Yes,Yes,Yes,JONATHAN,COSTA,8605670863,costa@edadvance.org,JONATHAN,COSTA,8605670863,costa@edadvance.org,JONATHAN,COSTA,8605670863,costa@edadvance.org,No,Yes,Yes,edadvance.org,No,-9,Yes,No,Yes,Yes,No,Yes,Yes,No,24,56,118,0,Yes,-9,-9,-9,No,-9,-9,-9,-9
CT,CONNECTICUT,903515,REGIONAL SCHOOL DISTRICT 06,35 WAMOGO ROAD,LITCHFIELD,6759,No,917,2,4,Yes,Yes,Yes,DEBBIE,DELISLE,(860) 361-9022,ddelisle@rsd6.org,DEBBIE,DELISLE,(860) 361-9022,ddelisle@rsd6.org,DEBRA,FOLEY,860-567-6642,dfoley@rsd6.org,No,Yes,Yes,http://www.rsd6.org/board_of_education/policy,Yes,No,Yes,No,No,No,Yes,Yes,Yes,Yes,0,15,33,0,Yes,-9,-9,-9,Yes,Yes,No,No,No
CT,CONNECTICUT,903520,REGIONAL SCHOOL DISTRICT 10,24 LYON ROAD,BURLINGTON,6013,No,2393,25,4,Yes,Yes,Yes,CHERI,BURKE,860-673-2538,burkec@region10ct.org,CHERI,BURKE,860-673-2538,burkec@region10ct.org,CHERI,BURKE,860-673-2538,burkec@regoin10ct.org,No,Yes,Yes,http://www.region10ct.org/common/pages/UserFile.aspx?fileId=8079749,Yes,No,Yes,No,No,Yes,Yes,Yes,Yes,Yes,0,30,27,0,No,Yes,No,No,Yes,Yes,No,No,No
CT,CONNECTICUT,903530,REGIONAL SCHOOL DISTRICT 12,P.O. Box 386,Washington Depot,6794,No,689,6,4,Yes,Yes,Yes,TERESA,DEBRITO,860-868-6100,debritot@region-12.org,TERESA,DEBRITO,860-868-6100,debritot@region-12.org,ALLYSON,O'HARA,860-868-6100,oharaa@region-12.org,No,Yes,Yes,www.region-12.org,No,-9,Yes,No,No,Yes,Yes,Yes,Yes,Yes,0,19,22,2,Yes,-9,-9,-9,Yes,Yes,Yes,No,No
CT,CONNECTICUT,903535,REGIONAL SCHOOL DISTRICT 13,135-A PICKETT LANE,DURHAM,6422,No,1670,7,6,Yes,Yes,Yes,SCOTT,ROSSIGNOL,860-349-7208,SROSSIGNOL@RSD13.ORG,SCOTT,ROSSIGNOL,860-349-7208,SROSSIGNOL@RSD13.ORG,SCOTT,ROSSIGNOL,860-349-7208,SROSSIGNOL@RSD13.ORG,No,Yes,Yes,http://www.rsd13ct.org/documents/Policies/Bullying.%20%20Safe%20Climate%20Plan%20%205131.8.pdf,No,-9,Yes,Yes,Yes,Yes,Yes,Yes,Yes,Yes,0,15,17,1,Yes,-9,-9,-9,Yes,Yes,No,No,No
CT,CONNECTICUT,903536,REGIONAL SCHOOL DISTRICT 14,P.O. Box 469,Woodbury,6798,No,1707,9,5,Yes,Yes,Yes,KIMBERLY,CULKIN,(203) 263-4330 x1110,kculkin@ctreg14.org,KIMBERLY,CULKIN,(203) 263-4330x1110,kculkin@ctreg14.org,DONNA,MARCINEK,(203) 263-4330x1104,dmarcinek@ctreg14.org,No,Yes,Yes,https://www.ctreg14.org/board-of-education/policies,No,-9,Yes,Yes,Yes,No,No,Yes,Yes,No,0,6,15,0,No,Yes,No,No,Yes,Yes,No,No,No
CT,CONNECTICUT,903537,REGIONAL SCHOOL DISTRICT 15,P.O. Box 395,Middlebury,6762,No,3541,24,8,Yes,Yes,Yes,JON,ROMEO,203-264-5312,jromeo@region15.org,HEIDI,SZYMANSKI,203-262-3200,hszymanski@region15.org,JESSICA,SCIARRETTO,203-758-8259,jsciarretto@region15.org,No,Yes,Yes,http://www.region15.org/filestorage/158/2563/2266/2419/7418/5131.2BullyingPreventionAndIntervention.pdf,No,-9,Yes,Yes,Yes,Yes,Yes,No,Yes,Yes,0,25,41,4,Yes,-9,-9,-9,Yes,Yes,No,No,No
CT,CONNECTICUT,903538,REGIONAL SCHOOL DISTRICT 16,30 Coer Road,PROSPECT,6712,No,2183,9,5,Yes,Yes,Yes,DEREK,MUHAREM,203-758-4421,dmuharem@region16ct.org,MICHAEL,YAMIN,203-758-6671,myamin@region16ct.org,SHELLY,MCNULTY,203-758-6671,smcnulty@region16ct.org,No,Yes,Yes,www.region16ct.org,No,-9,Yes,No,No,Yes,No,Yes,Yes,No,0,11,42,0,Yes,-9,-9,-9,Yes,Yes,No,No,No
CT,CONNECTICUT,903539,REGIONAL SCHOOL DISTRICT 17,57 Little City Road,Higganum,6441,No,2038,0,5,Yes,Yes,Yes,KRIS,LINDSAY,860-345-4244,Klindsay@rsd17.org,HOLLY,HAGEMAN,860-345-4534,Hhageman@rsd17.org,KRIS,LINDSAY,860-345-4244,Klindsay@rsd17.org,No,Yes,Yes,www.rsd17.org/district2c.shtml,No,-9,Yes,Yes,No,Yes,No,Yes,Yes,Yes,0,15,18,1,Yes,-9,-9,-9,Yes,Yes,No,Yes,No
CT,CONNECTICUT,903540,REGIONAL SCHOOL DISTRICT 18,49 Lyme Street,Old Lyme,6371,No,1270,4,5,Yes,Yes,Yes,HILDA,HECK,(860)434-1651,heckh@region18.org,MELISSA,DOUGHERTY,(860)434-7238,doughertym@Region18.org,MELISSA,DOUGHERTY,(860)434-7238,doughertym@Region18.org,No,Yes,Yes,https://www.region18.org/district-information,No,-9,Yes,Yes,No,Yes,No,Yes,Yes,Yes,0,14,28,2,No,Yes,No,No,Yes,Yes,No,No,No
CT,CONNECTICUT,903570,REGIONAL SCHOOL DISTRICT 11,304 Parish Hill Road,Chaplin,6235,No,233,0,1,Yes,Yes,Yes,THOMAS,MCKENNA,860 455 9584 x101,tmckenna@parishhill.org,THOMAS,MCKENNA,860 455 9584 x101,tmckenna@parishhill.org,BRIAN,TEDESCHI,860 455 9584 x102,btedeschi@parishhill.org,No,Yes,No,-9,No,-9,No,-9,-9,-9,-9,-9,-9,-9,-9,-9,-9,-9,-9,-9,-9,-9,No,-9,-9,-9,-9
CT,CONNECTICUT,903600,REGIONAL SCHOOL DISTRICT 01,246 WARREN TURNPIKE RO,FALLS VILLAGE,6031,No,394,7,1,Yes,Yes,Yes,CARL,GROSS,860-824-5639,cgross@region1schools.org,CARL,GROSS,860-824-5639,cgross@region1schools.org,PAMELA,VOGEL,860-824-0855,pvogel@region1schools.org,No,Yes,Yes,www.region1schools.org,No,-9,No,-9,-9,-9,-9,-9,-9,-9,-9,-9,-9,-9,-9,-9,-9,-9,No,-9,-9,-9,-9
CT,CONNECTICUT,903630,REGIONAL SCHOOL DISTRICT 04,WINTHROP ROAD,Deep River,6417,Yes,914,0,3,Yes,Yes,Yes,KRISTINA,MARTINEAU,8605262417,kmartineau@reg4.k12.ct.us,KRISTINA,MARTINEAU,8605262417,kmartineau@reg4.k12.ct.us,KRISTINA,MARTINEAU,8605262417,kmartineau@reg4.k12.ct.us,No,Yes,Yes,https://drive.google.com/file/d/0Bz0AAg7oXDrJZWQ0WDV1WUdON1FnUzdQVzlSc1h0em81UHN3/view,No,-9,No,-9,-9,-9,-9,-9,-9,-9,-9,-9,-9,-9,-9,-9,-9,-9,No,-9,-9,-9,-9
CT,CONNECTICUT,903660,REGIONAL SCHOOL DISTRICT 05,25 NEWTON ROAD,WOODBRIDGE,6525,No,2197,19,3,Yes,Yes,Yes,MARY,RAIOLA,(203)397-4830 x4821,mary.raiola@amityregion5.org,MARY,RAIOLA,(203)397-4830 x4821,mary.raiola@amityregion5.org,MARY,RAIOLA,(203)397-4830 x4821,mary.raiola@amityregion5.org,No,Yes,Yes,https://www.amityregion5.org/uploaded/BOE/BOE_Policies/studentindexcomplete5000-01-14-19.pdf,No,-9,No,-9,-9,-9,-9,-9,-9,-9,-9,-9,-9,-9,-9,-9,-9,-9,No,-9,-9,-9,-9
CT,CONNECTICUT,903720,REGIONAL SCHOOL DISTRICT 07,PO BOX 656,WINSTED,6098,No,1057,52,3,Yes,Yes,Yes,KENNETH,CHICHESTER,860-379-8525,kchichester@nwr7.org,KENNETH,CHICHESTER,860-379-8525,kchichester@nwr7.org,KENNETH,CHICHESTER,860-379-8525,kchichester@nwr7.org,No,Yes,Yes,http://www.nwr7.com/Customer-Content/www/CMS/files/Policy_5131_911_Bullying_and_Teen_Dating_Violence.pdf,No,-9,No,-9,-9,-9,-9,-9,-9,-9,-9,-9,-9,-9,-9,-9,-9,-9,No,-9,-9,-9,-9
CT,CONNECTICUT,903750,REGIONAL SCHOOL DISTRICT 08,85 WALL STREET,HEBRON,6248,No,1480,0,2,Yes,Yes,Yes,THOMAS,MUELLER,860 228-9474,thomas.mueller@rhamschools.org,PATRICIA,LAW,860 228-2115,patricia.law@rhamschools.org,JENNIFER,HOFFMAN,860 228-2115,jennifer.hoffman@rhamschools.org,No,Yes,Yes,www.rhamschools.org,No,-9,No,-9,-9,-9,-9,-9,-9,-9,-9,-9,-9,-9,-9,-9,-9,-9,No,-9,-9,-9,-9
CT,CONNECTICUT,903780,REGIONAL SCHOOL DISTRICT 09,654 MOREHOUSE ROAD,EASTON,6612,No,893,1,1,Yes,Yes,Yes,JENNIFER,DESMARAIS,203-938-2508,jdesmarais@er9.org,JENNIFER,DESMARAIS,203-938-2508,jdesmarais@er9.org,JENNIFER,DESMARAIS,203-938-2508,jdesmarais@er9.org,No,Yes,Yes,www.er9.org,No,-9,No,-9,-9,-9,-9,-9,-9,-9,-9,-9,-9,-9,-9,-9,-9,-9,No,-9,-9,-9,-9
CT,CONNECTICUT,903810,RIDGEFIELD SCHOOL DISTRICT,70 PROSPECT STREET,Ridgefield,6877,No,4897,60,10,Yes,Yes,Yes,KAREN,DEWING,(203)894-5550,kdewing@ridgefieldps.net,KAREN,DEWING,(203)894-5550,kdewing@ridgefield.org,ELIZABETH,HANNAWAY,(203)894-5550,ehannaway@ridgefieldps.net,No,Yes,Yes,http://toolbox2.s3-website-us-west-2.amazonaws.com/accnt_167542/site_167543/Documents/BullyingPolicySafeSchool_RPS.pdf,No,-9,Yes,Yes,No,Yes,Yes,Yes,Yes,Yes,0,22,21,0,No,Yes,No,No,Yes,Yes,No,No,No
CT,CONNECTICUT,903840,ROCKY HILL SCHOOL DISTRICT,761 Old Main Street,ROCKY HILL,6067,No,2693,10,4,Yes,Yes,Yes,AMY,STEVENSON,860-258-7705,stevensonam@rockyhillps.com,DARLENE,LISTRO,860-258-7704,listrod@rockyhillps.com,AMY,STEVENSON,860-258-7705,stevensonam@rockyhillps.com,No,Yes,Yes,www.rockyhillps.com,No,-9,Yes,No,No,Yes,No,Yes,Yes,Yes,3,21,32,1,Yes,-9,-9,-9,Yes,Yes,No,No,No
CT,CONNECTICUT,903900,SALEM SCHOOL DISTRICT,200 HARTFORD ROAD,SALEM,6420,No,397,0,1,Yes,Yes,Yes,JOSEPH,ONOFRIO II,860-8921223,jonofrio@salem.cen.ct.gov,JOSEPH,ONOFRIO II,860-8921223,jonofrio@salem.cen.ct.gov,JOSEPH,ONOFRIO II,860-8921223,jonofrio@salem.cen.ct.gov,No,Yes,Yes,www.salemschools.org,No,-9,Yes,No,No,Yes,Yes,Yes,Yes,No,0,7,8,0,No,Yes,No,Yes,Yes,Yes,No,No,No
CT,CONNECTICUT,903930,SALISBURY SCHOOL DISTRICT,12 Lincoln City RD,Lakeville,6039,No,298,0,1,Yes,Yes,Yes,CARL,GROSS,860-824-5639,cgross@region1schools.org,CARL,GROSS,860-824-5639,cgross@region1schools.org,CARL,GROSS,860-824-5639,cgross@region1schools.org,No,Yes,Yes,salisburycentral.org,No,-9,Yes,No,No,Yes,Yes,Yes,Yes,Yes,0,6,14,0,Yes,-9,-9,-9,Yes,Yes,No,No,No
CT,CONNECTICUT,903960,SCOTLAND SCHOOL DISTRICT,P.O. Box 97,Scotland,6264,No,119,0,1,Yes,Yes,Yes,JENNIFER,RIDOLFO,(860)423-0064x104,jridolfo@scotlandes.org,JENNIFER,RIDOLFO,(860)423-0064x104,jridolfo@scotlandes.org,JENNIFER,RIDOLFO,(860)423-0064x104,jridolfo@scotlandes.org,No,Yes,Yes,https://scotlandelementaryct.com/,No,-9,Yes,Yes,Yes,No,No,Yes,Yes,No,0,2,16,0,Yes,-9,-9,-9,Yes,Yes,No,No,No
CT,CONNECTICUT,903990,SEYMOUR SCHOOL DISTRICT,98 BANK STREET,Seymour,6483,No,2167,20,4,Yes,Yes,Yes,VONDA,TENCZA,(203)888-4564 x 1902,vtencza@seymourschools.org,VONDA,TENCZA,(203)888-4564 ext 1902,vtencza@seymourschools.org,VONDA,TENCZA,(203)888-4564 ext 1902,vtencza@seymourschools.org,No,Yes,Yes,www.seymourschools.org,No,-9,Yes,Yes,No,Yes,No,No,No,No,0,8,11,0,No,Yes,No,No,Yes,Yes,No,No,No
CT,CONNECTICUT,904020,SHARON SCHOOL DISTRICT,246 WARREN TURNPIKE RO,FALLS VILLAGE,6031,No,139,0,1,Yes,Yes,Yes,CARL,GROSS,860-824-5639,cgross@region1schools.org,CARL,GROSS,860-824-5639,cgross@region1schools.org,CARL,GROSS,860-824-5639,cgross@region1schools.org,No,Yes,Yes,www.region1schools.org/common/pages/DisplayFile.aspx?itemID=24004559,No,-9,No,-9,-9,-9,-9,-9,-9,-9,-9,-9,-9,-9,-9,-9,-9,-9,Yes,Yes,No,No,No
CT,CONNECTICUT,904050,SHELTON SCHOOL DISTRICT,PO BOX 846,Shelton,6484,No,4691,39,11,Yes,Yes,Yes,CAROLE,PANNOZZO,(203)924-1023X339,cpannozzo@sheltonpublicschools.org,CAROLE,PANNOZZO,(203)924-1023X339,cpannozzo@sheltonpublicschools.org,KATHY,GABRIELSON,(203)924-1023340,kgabrielson@sheltonpublicschools.org,No,Yes,Yes,https://echalk-slate-prod.s3.amazonaws.com/private/districts/376/resources/66de815c-18c4-4668-8971-aa2bf8918cd7?AWSAccessKeyId=AKIAJSZKIBPXGFLSZTYQ&Expires=1812366697&response-cache-control=private%2C%20max-age%3D31536000&response-content-disposition=%3B,No,-9,Yes,No,No,Yes,No,No,Yes,Yes,0,32,29,0,No,Yes,No,No,Yes,Yes,No,No,No
CT,CONNECTICUT,904080,SHERMAN SCHOOL DISTRICT,2 ROUTE 37 EAST,SHERMAN,6784,No,299,2,1,Yes,Yes,Yes,JEFF,MELENDEZ,(860)355-3793,melendezj@shermanschool.com,ANDREW,SCHOEFER,(860)355-3793,schoefera@shermanschool.com,ANDREW,SCHOEFER,(860)355-3793,schoefera@shermanschool.com,No,Yes,Yes,http://www.shermanschool.com/common/pages/DisplayFile.aspx?itemId=3860240,No,-9,Yes,No,No,No,Yes,Yes,Yes,No,0,4,8,1,Yes,-9,-9,-9,Yes,Yes,No,No,No
CT,CONNECTICUT,904110,SIMSBURY SCHOOL DISTRICT,933 HOPMEADOW STREET,SIMSBURY,6070,No,4103,22,7,Yes,Yes,Yes,NEIL,SULLIVAN,860-651-3361,nsullivan@simsbury.k12.ct.us,NEIL,SULLIVAN,860-651-3361,nsullivan@simsbury.k12.ct.us,ERIN,MURRAY,860-651-3361,emurray@simsbury.k12.ct.us,No,Yes,Yes,https://www.simsbury.k12.ct.us/boe/policies,No,-9,Yes,Yes,Yes,No,Yes,Yes,Yes,Yes,0,22,49,1,Yes,-9,-9,-9,Yes,Yes,No,No,No
CT,CONNECTICUT,904140,SOMERS SCHOOL DISTRICT,1 Vision Blvd,SOMERS,6071,No,1344,7,3,Yes,Yes,Yes,IRENE,ZYTKA,(860)749-2270x2039,irene.zytka@somers.k12.ct.us,IRENE,ZYTKA,(860)749-2270x2039,irene.zytka@somers.k12.ct.us,IRENE,ZYTKA,(860)749-2270x2039,irene.zytka@somers.k12.ct.us,No,Yes,Yes,https://www.somers.k12.ct.us/district_info/non-_discrimination_statement,No,-9,Yes,Yes,Yes,Yes,Yes,Yes,Yes,Yes,0,10,22,2,Yes,-9,-9,-9,Yes,Yes,No,No,No
CT,CONNECTICUT,904170,SOUTH WINDSOR SCHOOL DISTRICT,1737 MAIN STREET,SOUTH WINDSOR,6074,No,4224,8,6,Yes,Yes,Yes,COLIN,MCNAMARA,860-291-1215,CMCNAMARA@SWINDSOR.K12.CT.US,COLIN,MCNAMARA,860-291-1215,CMCNAMARA@SWINDSOR.K12.CT.US,COLIN,MCNAMARA,860-291-1215,CMCNAMARA@SWINDSOR.K12.CT.US,No,Yes,Yes,http://www.southwindsorschools.org/UserFiles/Servers/Server_239916/File/Board%20of%20Education/2019%20Board%20Policies/Series%205000/5011%20Bullying%20Prevention%20and%20Intervention%20and%20Safe%20School%20Climate%20Plan.pdf,No,-9,Yes,No,No,No,Yes,Yes,Yes,Yes,0,27,47,10,No,Yes,No,Yes,Yes,Yes,No,No,No
CT,CONNECTICUT,904230,SOUTHINGTON SCHOOL DISTRICT,200 NORTH MAIN STREET,SOUTHINGTON,6489,No,6459,200,12,Yes,Yes,Yes,ERIN,NATTRASS,(860)628-3320,enattrass@southingtonschools.org,ERIN,NATTRASS,(860)628-3320,enattrass@southingtonschools.org,MARGARET,WALSH,(860)628-3200,mwalsh@southingtonschools.org,No,Yes,Yes,https://www.southingtonschools.org/parents-students/annual-notifications,No,-9,Yes,No,No,Yes,Yes,Yes,Yes,Yes,1,32,47,5,Yes,-9,-9,-9,Yes,Yes,No,No,No
CT,CONNECTICUT,904260,SPRAGUE SCHOOL DISTRICT,25 SCOTLAND ROAD,BALTIC,6330,No,334,182,1,Yes,Yes,Yes,DIANA,BURNS,860-822-8264 ext 106,dburns@spraguek12.org,DIANA,BURNS,860-822-8264 ext 106,dburns@spraguek12.org,DIANA,BURNS,860-822-8264 ext 106,dburns@spraguek12.org,No,Yes,Yes,saylesschool.org,No,-9,Yes,No,No,Yes,No,Yes,Yes,No,0,14,15,0,Yes,-9,-9,-9,Yes,Yes,No,No,No
CT,CONNECTICUT,904290,STAFFORD SCHOOL DISTRICT,16 Levinthal Run,Stafford Springs,6076,No,1515,13,6,Yes,Yes,Yes,JOLENE,PISCETELLO,(860)684-4212,piscetelj@stafford.k12.ct.us,JOLENE,PISCETELLO,(860)684-4212,piscetelj@stafford.k12.ct.us,JOLENE,PISCETELLO,(860)684-4212,piscetelj@stafford.k12.ct.us,No,Yes,Yes,http://www.stafford.k12.ct.us/common/pages/DisplayFile.aspx?itemId=6560234,No,-9,Yes,No,No,Yes,Yes,Yes,Yes,No,0,30,61,0,Yes,-9,-9,-9,Yes,Yes,No,No,No
CT,CONNECTICUT,904320,STAMFORD SCHOOL DISTRICT,P.O. Box 9310,Stamford,6901,No,15810,24,22,Yes,Yes,Yes,STEPHEN,FALCONE,203-977-5598,sfalcone@stamfordct.gov,STEPHEN,FALCONE,203-977-5598,sfalcone@stamfordct.gov,STEPHEN,FALCONE,203-977-5598,sfalcone@stamfordct.gov,No,Yes,Yes,http://www.stamfordpublicschools.org/district/board-of-education/pages/policy-handbook,No,-9,Yes,Yes,Yes,Yes,Yes,Yes,Yes,Yes,0,110,134,0,No,Yes,No,Yes,Yes,Yes,No,No,No
CT,CONNECTICUT,904350,STERLING SCHOOL DISTRICT,251 Sterling Road,Sterling,6377,No,380,7,1,Yes,Yes,Yes,MARY,CONWAY,860-564-2728 X3202,principal@sterlingschool.org,MARY,CONWAY,860-564-2728 x3202,principal@sterlingschool.org,GAIL,LANZA,860-564-2728 x3215,glanza@sterlingschool.org,No,Yes,Yes,www.sterlingschool.org,No,-9,Yes,No,No,Yes,No,Yes,Yes,Yes,0,5,18,2,Yes,-9,-9,-9,Yes,Yes,No,No,No
CT,CONNECTICUT,904380,STONINGTON SCHOOL DISTRICT,49 NORTH STONINGTON RD,OLD MYSTIC,6372,No,2074,22,8,Yes,Yes,Yes,ALLISON,VAN ETTEN,(860)572-0506 x2111,allison.vanetten@stoningtonschools.org,ALLISON,VAN ETTEN,(860) 572-0506 X2111,allison.vanetten@stoningtonschools.org,ALLISON,VAN ETTEN,(860) 572-0506 X2111,allison.vanetten@stoningtonschools.org,No,Yes,Yes,https://www.stoningtonschools.org/board-of-ed/district-and-board-policy,No,-9,Yes,No,No,Yes,Yes,Yes,Yes,No,0,10,13,5,No,Yes,Yes,Yes,Yes,Yes,No,No,No
CT,CONNECTICUT,904440,STRATFORD SCHOOL DISTRICT,1000 EAST BROADWAY,STRATFORD,6615,No,6771,12,14,Yes,Yes,Yes,JOAN,LIBBY,203-385-4212,libbyj@stratfordk12.org,JOAN,LIBBY,203-385-4212,libbyj@stratfordk12.org,JOAN,LIBBY,203-385-4212,libbyj@stratfordk12.org,No,Yes,Yes,stratfordk12.org,No,-9,Yes,No,Yes,No,Yes,Yes,Yes,Yes,0,97,90,0,No,Yes,Yes,Yes,Yes,Yes,No,No,No
CT,CONNECTICUT,904470,SUFFIELD SCHOOL DISTRICT,350 MOUNTAIN ROAD,SUFFIELD,6078,No,2207,10,4,Yes,Yes,Yes,MICHELLE,ZAWAWI,860-668-3800,mzawawi@suffield.org,MICHELLE,ZAWAWI,860-668-3800,mzawawi@suffield.org,MICHELLE,ZAWAWI,860-668-3800,mzawawi@suffield.org,No,Yes,Yes,http://www.suffield.org/uploaded/BOE/Policy/Series_5000_Students/5131.911bullyingRev.pdf,Yes,No,Yes,Yes,Yes,Yes,Yes,Yes,Yes,Yes,3,20,32,1,No,Yes,No,No,Yes,Yes,No,No,No
CT,CONNECTICUT,904500,THOMASTON SCHOOL DISTRICT,185 Branch Road,Thomaston,6787,No,872,15,3,Yes,Yes,Yes,AIMEE,TURNER,8602833050,aturner@thomastonschools.org,AIMEE,TURNER,8602833050,aturner@thomastonschools.org,AIMEE,TURNER,8602833050,aturner@thomastonschools.org,No,Yes,Yes,http://thomaston.schooldesk.net/Portals/Thomaston/District/docs/Series%205000/Thomaston5131.911adp.pdf?ver=2018-04-18-132428-263,No,-9,Yes,Yes,No,Yes,Yes,Yes,Yes,Yes,0,3,20,1,No,Yes,Yes,Yes,Yes,Yes,No,No,No
CT,CONNECTICUT,904530,THOMPSON SCHOOL DISTRICT,785 RIVERSIDE DRIVE,NORTH GROSVENORD,6255,No,1008,2,3,Yes,Yes,Yes,MELINDA,SMITH,860-923-9581,melindasmith@thompsonpublicschools.org,MELINDA,SMITH,860-923-9581,melindasmith@thompsonpublicschools.org,MELINDA,SMITH,860-923-9581,melindasmith@thompsonpublicschools.org,No,Yes,Yes,http://district.thompsonk12.org/policies/,No,-9,Yes,No,No,Yes,Yes,No,Yes,Yes,0,9,30,0,Yes,-9,-9,-9,Yes,Yes,No,No,No
CT,CONNECTICUT,904560,TOLLAND SCHOOL DISTRICT,51 TOLLAND GRN,TOLLAND,06084-3030,No,2440,25,4,Yes,Yes,Yes,SUZANNE,WATERHOUSE,(860) 870-6850,swaterhouse@tolland.k12.ct.us,MARGOT,MARTELLO,(860) 870-6818,mmartello@tolland.k12.ct.us,PATTI,HESS,(860) 870-6818,phess@tolland.k12.ct.us,No,Yes,Yes,http://www.tolland.k12.ct.us/UserFiles/Servers/Server_891568/File/Students_Bullying%20and%20Safe%20School%20Climate%20Plan%20Policy%20.pdf,No,-9,Yes,No,No,Yes,No,Yes,Yes,No,2,19,15,2,No,Yes,No,No,Yes,Yes,No,No,No
CT,CONNECTICUT,904590,TORRINGTON SCHOOL DISTRICT,355 MIGEON AVENUE,TORRINGTON,6790,No,3930,275,7,Yes,Yes,Yes,KIMBERLY,SCHULTE,(860)489-2327 X1636,kschulte@torrington.org,KIMBERLY,SCHULTE,(860)489-2327 X1636,kschulte@torrington.org,KIMBERLY,SCHULTE,(860)489-2327 X1636,kschulte@torrington.org,No,Yes,No,-9,Yes,Yes,Yes,Yes,No,Yes,Yes,Yes,Yes,Yes,17,43,65,0,No,Yes,No,Yes,Yes,Yes,No,Yes,No
CT,CONNECTICUT,904620,TRUMBULL SCHOOL DISTRICT,6254 MAIN STREET,TRUMBULL,6611,No,6709,38,12,Yes,Yes,Yes,MICHAEL,MCGRATH,203-452-4353,mcgrathmi@trumbullps.org,MICHAEL,MCGRATH,203-452-4353,mcgrathmi@trumbullps.org,MICHAEL,MCGRATH,203-452-4353,mcgrathmi@trumbullps.org,No,Yes,Yes,https://www.trumbullps.org/Attachments/pac/policies/5000/5131_911_BullyingandTeenDatingViolence.pdf,No,-9,Yes,Yes,Yes,Yes,Yes,Yes,Yes,No,0,92,136,0,Yes,-9,-9,-9,Yes,Yes,No,No,No
CT,CONNECTICUT,904650,UNION SCHOOL DISTRICT,18 KINNEY HOLLOW ROAD,UNION,6076,No,53,0,1,Yes,Yes,Yes,STEVEN,JACKOPSIC,8606843146,sjackopsic@unionschool.net,STEVEN,JACKOPSIC,8606843146,sjackopsic@unionschool.net,STEVEN,JACKOPSIC,8606843146,sjackopsic@unionschool.net,No,Yes,Yes,http://www.union.k12.ct.us/uploads/Union%20Documents/SafeSchoolClimatePlan.pdf,No,-9,Yes,Yes,No,Yes,No,No,Yes,Yes,0,0,3,3,Yes,-9,-9,-9,Yes,Yes,No,No,No
CT,CONNECTICUT,904680,VERNON SCHOOL DISTRICT,P.O. Box 600,Vernon,6066,No,3086,22,11,Yes,Yes,Yes,ROBERT,TESTA,860-870-6000,rtesta@vernon-ct.gov,RAYMOND,ENGLE,860-870-6000,rengle@vernon-ct.gov,MELISSA,ISLES,860-870-6000,miles@vernon-ct.gov,No,Yes,Yes,www.vernonpublicschools.org/boardofeducation/policies/5000-students,Yes,Yes,Yes,Yes,No,Yes,No,Yes,Yes,No,3,52,83,0,No,Yes,Yes,Yes,Yes,Yes,No,No,No
CT,CONNECTICUT,904710,VOLUNTOWN SCHOOL DISTRICT,P.O. Box 129,Voluntown,6384,No,276,6,1,Yes,Yes,Yes,EMILY,MACEWEN,860-376-2325,emacewen@voluntownct.org,ALYCIA,TRAKAS,860-376-2325,atrakas@voluntownct.org,LLOYD,"JOHNSON, PHD",860-376-2325,ljohnson@voluntownct.org,No,Yes,Yes,http://www.district.voluntownct.org/,No,-9,Yes,No,No,Yes,No,Yes,Yes,Yes,0,14,9,1,Yes,-9,-9,-9,Yes,Yes,No,No,No
CT,CONNECTICUT,904740,WALLINGFORD SCHOOL DISTRICT,142 HOPE HILL ROAD,WALLINGFORD,6492,No,5982,63,16,Yes,Yes,Yes,DANIELLE,BELLIZZI,(203)949-6500,dbellizzi@wallingfordschools.org,ANTHONY,LOOMIS,(203)949-6500,tloomis@wallingfordschools.org,ANTHONY,LOOMIS,(203)949-6500,tloomis@wallingfordschools.org,No,Yes,Yes,https://www.wallingford.k12.ct.us/board-of-education/district-policies/j-students,Yes,Yes,Yes,Yes,No,Yes,No,Yes,Yes,Yes,25,72,136,1,No,Yes,No,Yes,Yes,Yes,No,Yes,No
CT,CONNECTICUT,904830,WATERBURY SCHOOL DISTRICT,236 GRAND STREET,Waterbury,6702,Yes,18876,887,32,Yes,Yes,Yes,LISA,DUNN,2033462676,ldunn@waterbury.k12.ct.us,LISA,DUNN,2033462676,ldunn@waterbury.k12.ct.us,LISA,DUNN,2033462676,ldunn@waterbury.k12.ct.us,No,Yes,Yes,https://www.waterbury.k12.ct.us/userfiles/4/my%20files/boe/5131%20911_bullyingcyber-bullying%20revised%2011-06-14.pdf?id=539038,No,-9,Yes,Yes,Yes,Yes,Yes,Yes,Yes,No,15,280,475,19,Yes,-9,-9,-9,Yes,Yes,No,No,No
CT,CONNECTICUT,904860,WATERFORD SCHOOL DISTRICT,15 ROPE FERRY ROAD,WATERFORD,6385,No,2516,16,6,Yes,Yes,Yes,CRAIG,POWERS,(860)444-5854,cpowers@waterfordschools.org,CRAIG,POWERS,(860)444-5854,cpowers@waterfordschools.org,CRAIG,POWERS,(860)444-5854,cpowers@waterfordschools.org,No,Yes,Yes,https://www.waterfordschools.org/board_members/district_policies/policies/series_5000_-_students,Yes,No,Yes,Yes,No,No,No,Yes,Yes,Yes,0,22,17,1,Yes,-9,-9,-9,Yes,Yes,No,No,No
CT,CONNECTICUT,904890,WATERTOWN SCHOOL DISTRICT,10 DEFOREST STREET,WATERTOWN,6795,No,2767,24,5,Yes,Yes,Yes,JANET,PARLATO,(860)945-4803,parlatoja@watertownps.org,CHRISTOPHER,BROWN,(860)945-4821,brownch@watertownps.org,CHRISTOPHER,BROWN,(860)945-4821,brownch@watertownps.org,No,Yes,Yes,www.watertownps.org/board_of_education/policies,No,-9,Yes,No,No,Yes,Yes,Yes,Yes,Yes,4,28,44,0,No,Yes,No,No,Yes,Yes,No,No,No
CT,CONNECTICUT,904920,WEST HARTFORD SCHOOL DISTRICT,50 South Main Street,West Hartford,6107,No,9678,60,20,Yes,Yes,Yes,ANDREW,MORROW,860-561-6653,andrew_morrow@whps.org,ANDREW,MORROW,860-561-6653,andrew_morrow@whps.org,GRETCHEN,NELSON,860-561-6606,gretchen_nelson@whps.org,No,Yes,Yes,http://www.whps.org/page.cfm?p=2439,No,-9,Yes,Yes,Yes,Yes,Yes,Yes,Yes,Yes,10,102,135,0,No,Yes,Yes,Yes,Yes,Yes,No,No,No
CT,CONNECTICUT,904950,WEST HAVEN SCHOOL DISTRICT,P.O. Box 26010,WEST HAVEN,6516,No,5755,103,9,Yes,Yes,Yes,JOLENE,BARNES,(203)931-6824,JOLENE.BARNES@WHSCHOOLS.ORG,JOLENE,BARNES,(203)931-6825,JOLENE.BARNES@WHSCHOOLS.ORG,DONNA,KOSIOROWSKI,(203)937-4300,DONNA.KOSIOROWSKI@WHSCHOOLS.ORG,Yes,Yes,Yes,http://www.whschools.org/,No,-9,Yes,No,No,Yes,No,Yes,Yes,No,0,43,58,0,No,Yes,Yes,Yes,Yes,Yes,No,No,No
CT,CONNECTICUT,904980,WESTBROOK SCHOOL DISTRICT,158 McVeagh Road,WESTBROOK,6498,No,728,6,3,Yes,Yes,Yes,PATRICIA,CICCONE,8603996432,pciccone@westbrookctschools.org,PATRICIA,CICCONE,8603996432,pciccone@westbrookctschools.org,MADELINE,ILLINGER,8603996432,millinger@westbrookctschools.org,No,Yes,Yes,https://web.westbrookctschools.org/Policy/Policies/5000/5131.914%20School%20Climate.pdf#page=34,No,-9,Yes,Yes,No,Yes,Yes,Yes,Yes,Yes,0,10,17,2,Yes,-9,-9,-9,Yes,Yes,No,No,No
CT,CONNECTICUT,905010,WESTON SCHOOL DISTRICT,24 SCHOOL ROAD,WESTON,6883,No,2330,14,5,Yes,Yes,Yes,LEWIS,BREY,(203) 221-6554,lewisbrey@westonps.org,LEWIS,BREY,(203) 221-6554,lewisbrey@westonps.org,LEWIS,BREY,(203) 221-6554,lewisbrey@westonps.org,No,Yes,Yes,http://www.westonps.org/page.cfm?p=2781&pback=2775,Yes,Yes,Yes,No,No,Yes,Yes,Yes,Yes,Yes,0,9,18,0,No,Yes,Yes,No,Yes,Yes,No,No,No
CT,CONNECTICUT,905040,WESTPORT SCHOOL DISTRICT,110 MYRTLE AVENUE,WESTPORT,6880,No,5549,43,9,Yes,Yes,Yes,JOHN,BAYERS,203-341-1004,jbayers@westportps.org,JOHN,BAYERS,203-341-1004,jbayers@westportps.org,TINA,MANNARINO,203-341-1250,tmannarino@westportps.org,No,Yes,Yes,http://z2policy.cabe.org/cabe/Z2Browser2.html?showset=westport,No,-9,Yes,No,No,Yes,Yes,Yes,Yes,Yes,2,33,23,2,Yes,-9,-9,-9,Yes,Yes,No,No,No
CT,CONNECTICUT,905070,WETHERSFIELD SCHOOL DISTRICT,127 HARTFORD AVE,WETHERSFIELD,6109,No,3577,31,8,Yes,Yes,Yes,JOHN,KARZAR,860-571-8141,JKarzar@wethersfield.me,JOHN,KARZAR,860-571-8141,JKarzar@wethersfield.me,JOHN,KARZAR,860-571-8141,JKarzar@wethersfield.me,No,Yes,Yes,https://e32aaf60-a-fd0b10a2-s-sites.googlegroups.com/a/wethersfield.me/wethersfield-boe-policies-procedures/home/5000-series-students/5450%20Non-discrimination.pdf?attachauth=ANoY7con1ePFcssbIuQlOKSbjXVOb11zP1S6Dtatl8A_xC7qs-SBy3si_kbYZwVBuLcVoOZg5T8nZxt,No,-9,Yes,No,No,Yes,Yes,Yes,Yes,No,3,32,27,0,Yes,-9,-9,-9,Yes,Yes,No,No,No
CT,CONNECTICUT,905100,WILLINGTON SCHOOL DISTRICT,40 OLD FARMS ROAD,Willington,6279,No,438,4,2,Yes,Yes,Yes,HOLLY,DIBELLA-MCCARTHY,860-429-1969,hmccarthy@willingtonct.org,HOLLY,DIBELLA-MCCARTHY,860-429-1969,hmccarthy@willingtonct.org,HOLLY,DIBELLA-MCCARTHY,860-429-1969,hmccarthy@willingtonct.org,No,Yes,Yes,http://willlngtonpublicschools.org/common/pages/displayfile.aspx?itemID=793765,No,-9,Yes,No,No,Yes,No,Yes,Yes,Yes,1,7,13,1,No,Yes,No,No,Yes,Yes,No,No,No
CT,CONNECTICUT,905130,WILTON SCHOOL DISTRICT,395 DANBURY ROAD,Wilton,6897,No,4020,31,4,Yes,Yes,Yes,MARIA,COLEMAN,203-762-3381,colemanm@wiltonps.org,MARIA,COLEMAN,203-762-3381,colemanm@wiltonps.org,ANDREA,LEONARDI,203-762-3381,leonardia@wiltonps.org,No,Yes,Yes,https://www.boarddocs.com/ct/wilton/Board.nsf/Public,No,-9,Yes,No,No,Yes,Yes,Yes,Yes,Yes,0,26,27,2,Yes,-9,-9,-9,Yes,Yes,No,Yes,No
CT,CONNECTICUT,905160,WINCHESTER SCHOOL DISTRICT,338 Main Street,Winsted,6098,No,526,0,2,Yes,Yes,Yes,SEAMUS,CULLINAN,860-379-0852,seamus.cullinan@winchesterschools.org,SEAMUS,CULLINAN,860-379-0852,seamus.cullinan@winchesterschools.org,SEAMUS,CULLINAN,860-379-0852,seamus.cullinan@winchesterschools.org,No,Yes,Yes,https://www.winchesterschools.org/board-of-education/policies/5000-students,Yes,Yes,Yes,Yes,No,No,No,Yes,Yes,Yes,13,21,21,0,No,Yes,Yes,Yes,Yes,Yes,No,No,No
CT,CONNECTICUT,905190,WINDHAM SCHOOL DISTRICT,355 HIGH STREET,WILLIMANTIC,6226,No,3277,28,9,Yes,Yes,Yes,MIGUEL,PABON,8064652555,mpabon@windham.k12.ct.us,MIGUEL,PABON,8604652555,mpabon@windham.k12.ct.us,MIGUEL,PABON,8604652555,mpabon@windham.k12.ct.us,No,Yes,Yes,https://www.windhamps.org/apps/pages/index.jsp?uREC_ID=443912&type=d&pREC_ID=957422,Yes,Yes,Yes,Yes,Yes,Yes,No,Yes,Yes,No,27,95,105,0,Yes,-9,-9,-9,Yes,Yes,No,No,No
CT,CONNECTICUT,905220,WINDSOR SCHOOL DISTRICT,601 MATIANUCK AVENUE,WINDSOR,6095,No,3184,32,9,Yes,Yes,Yes,TERRELL,HILL,860-687-2000x1229,thill@windsorct.org,TERRELL,HILL,860-687-2000x1229,thill@windsorct.org,TERRELL,HILL,860-687-2000x1229,thill@windsorct.org,No,Yes,Yes,www.windsorct.org,Yes,Yes,Yes,Yes,No,Yes,No,Yes,Yes,Yes,0,59,71,0,No,Yes,Yes,Yes,Yes,Yes,No,No,No
CT,CONNECTICUT,905250,WINDSOR LOCKS SCHOOL DISTRICT,58 SOUTH ELM STREET,WINDSOR LOCKS,6096,No,1545,8,6,Yes,Yes,Yes,SHERI,LEE,(860)292-5705,slee@wlps.org,SHERI,LEE,(860)292-5705,slee@wlps.org,SHERI,LEE,(860)292-5705,slee@wlps.org,No,Yes,Yes,http://windsorlocks.cyberschool.com/view/3024.pdf,No,-9,Yes,No,No,Yes,No,Yes,Yes,No,0,51,48,0,Yes,-9,-9,-9,Yes,Yes,No,No,No
CT,CONNECTICUT,905280,WOLCOTT SCHOOL DISTRICT,1488 Woodtick Road,Wolcott,6712,No,2269,9,7,Yes,Yes,Yes,SHAWN,SIMPSON,2038798146,ssimpson@wolcottps.org,FRANK,PURCARO,2038798183,fpurcaro@wolcottps.org,WALTER,DREWRY,2038798164,wdrewry@wolcottps.org,No,Yes,Yes,http://z2policy.cabe.org/cabe/Z2Browser2.html?showset=wolcott,No,-9,Yes,No,No,Yes,No,Yes,Yes,Yes,3,25,19,0,No,Yes,Yes,Yes,Yes,Yes,No,No,No
CT,CONNECTICUT,905310,WOODBRIDGE SCHOOL DISTRICT,40 Beecher Road South,Woodbridge,6525,No,830,4,1,Yes,Yes,Yes,CLARE,KENNEDY,203-389-6598,ckennedy@woodbridgeps.org,CLARE,KENNEDY,203-389-6598,ckennedy@woodbridgeps.org,CLARE,KENNEDY,203-389-6598,ckennedy@woodbridgeps.org,No,Yes,Yes,www.woodbridge.k12.ct.us,No,-9,Yes,No,No,Yes,No,Yes,Yes,Yes,0,0,27,1,No,Yes,Yes,Yes,Yes,Yes,No,No,No
CT,CONNECTICUT,905370,WOODSTOCK SCHOOL DISTRICT,147 Route 169,WOODSTOCK,6281,No,844,9,2,Yes,Yes,Yes,VIKTOR,TOTH,(860) 928-7453,tothv@woodstockschools.net,VIKTOR,TOTH,(860) 928-7453,tothv@woodstockschools.net,VIKTOR,TOTH,(860) 928-7453,tothv@woodstockschools.net,No,Yes,Yes,http://woodstockct.apptegy.us/o/district/browse/21488,No,-9,Yes,No,No,Yes,No,Yes,Yes,No,0,1,13,0,No,Yes,Yes,No,Yes,Yes,No,No,No
CT,CONNECTICUT,905371,NORWICH FREE ACADEMY,305 Broadway,NORWICH,6360,No,2325,0,1,Yes,Yes,Yes,CYNDEE,FINGER,(860)425-5522,FINGERC@NFASCHOOL.ORG,CYNDEE,FINGER,(860)425-5522,FINGERC@NFASCHOOL.ORG,DAVID,KLEIN,(860)425-5500,KLEIND@NFASCHOOL.ORG,No,Yes,Yes,WWW.NFASCHOOL.ORG,No,-9,No,-9,-9,-9,-9,-9,-9,-9,-9,-9,-9,-9,-9,-9,-9,-9,No,-9,-9,-9,-9
CT,CONNECTICUT,905372,THE GILBERT SCHOOL,200 Williams Avenue,WINSTED,6098,No,561,0,1,Yes,Yes,Yes,SUSAN,SOJKA,860-379-8521,sojkas@gilbertschool.org,SUSAN,SOJKA,860-379-8521,sojkas@gilbertschool.org,JULIE,MCDOUGALL,860-379-8521,mcdougallj@gilbertschool.org,No,Yes,Yes,www.gilbertschool.org,No,-9,No,-9,-9,-9,-9,-9,-9,-9,-9,-9,-9,-9,-9,-9,-9,-9,No,-9,-9,-9,-9
CT,CONNECTICUT,905373,WOODSTOCK ACADEMY,57 Academy Road,WOODSTOCK,6281,No,1091,0,1,Yes,Yes,Yes,AMY,FAVREAU,860-928-6575 x1221,afavreau@woodstockacademy.org,AMY,FAVREAU,860-928-6575 x1221,afavreau@woodstockacademy.org,JOCELYN,MORSE,860-928-6575 x1132,jmorse@woodstockacademy.org,No,Yes,Yes,http://woodstockacademy.org/domain/185,No,-9,No,-9,-9,-9,-9,-9,-9,-9,-9,-9,-9,-9,-9,-9,-9,-9,No,-9,-9,-9,-9
