State Postal Code,State FIPS Code,District ID,Name,Estimated Total Population,Estimated Population 5-17,Estimated number of relevant children 5 to 17 years old in poverty who are related to the householder
CT,9,30,Andover School District,3275,280,14
CT,9,60,Ansonia School District,19210,3072,605
CT,9,90,Ashford School District,4230,416,52
CT,9,120,Avon School District,18118,3656,122
CT,9,150,Barkhamsted School District,3644,309,10
CT,9,210,Berlin School District,19903,3120,147
CT,9,240,Bethany School District,5556,489,31
CT,9,270,Bethel School District,19249,3219,211
CT,9,330,Bloomfield School District,20511,2606,320
CT,9,360,Bolton School District,4936,774,29
CT,9,390,Bozrah School District,2579,388,20
CT,9,420,Branford School District,27960,3475,252
CT,9,450,Bridgeport School District,149439,24244,6446
CT,9,510,Bristol School District,60566,8781,1318
CT,9,540,Brookfield School District,17036,3158,124
CT,9,570,Brooklyn School District,8072,1211,133
CT,9,630,Canaan School District,1069,82,4
CT,9,660,Canterbury School District,5044,793,87
CT,9,690,Canton School District,10308,1771,68
CT,9,720,Chaplin School District,2258,139,19
CT,9,750,Cheshire School District,29191,5247,143
CT,9,780,Chester School District,3940,262,18
CT,9,810,Clinton School District,13077,1851,128
CT,9,840,Colchester School District,15716,2953,186
CT,9,870,Colebrook School District,1421,99,9
CT,9,900,Columbia School District,5439,788,37
CT,9,930,Cornwall School District,1362,120,11
CT,9,960,Coventry School District,12331,1897,103
CT,9,990,Cromwell School District,13813,1851,105
CT,9,1020,Danbury School District,83824,11142,1720
CT,9,1050,Darien School District,21479,5473,196
CT,9,1080,Deep River School District,4565,326,22
CT,9,1110,Derby School District,12863,1721,274
CT,9,1170,East Granby School District,5156,900,46
CT,9,1200,East Haddam School District,9001,1360,43
CT,9,1230,East Hampton School District,12782,1870,84
CT,9,1260,East Hartford School District,51327,7945,1613
CT,9,1290,East Haven School District,29143,3791,452
CT,9,1320,East Lyme School District,18807,2634,129
CT,9,1350,East Windsor School District,11179,1454,163
CT,9,1380,Eastford School District,1739,247,14
CT,9,1410,Easton School District,7760,1140,40
CT,9,1440,Ellington School District,15462,2409,74
CT,9,1470,Enfield School District,44722,6053,668
CT,9,1500,Essex School District,6592,503,17
CT,9,1530,Fairfield School District,61546,11100,454
CT,9,1560,Farmington School District,25386,4051,221
CT,9,1590,Franklin School District,1887,292,13
CT,9,1620,Glastonbury School District,34479,6767,250
CT,9,1680,Granby School District,11305,2177,78
CT,9,1710,Greenwich School District,63413,12090,788
CT,9,1740,Griswold School District,11731,1816,186
CT,9,1770,Groton School District,39378,4874,476
CT,9,1800,Guilford School District,22338,3861,173
CT,9,1860,Hamden School District,60746,7611,777
CT,9,1890,Hampton School District,1829,115,10
CT,9,1920,Hartford School District,124959,20938,7386
CT,9,1950,Hartland School District,2117,333,23
CT,9,2010,Hebron School District,9602,989,17
CT,9,2040,Kent School District,2857,232,16
CT,9,2070,Killingly School District,17075,2506,318
CT,9,2130,Lebanon School District,7243,1245,58
CT,9,2160,Ledyard School District,14774,2491,141
CT,9,2190,Lisbon School District,4258,709,37
CT,9,2220,Litchfield School District,8121,1182,52
CT,9,2280,Madison School District,18211,3701,99
CT,9,2310,Manchester School District,58339,7837,1223
CT,9,2340,Mansfield School District,26385,1079,75
CT,9,2370,Marlborough School District,6405,626,25
CT,9,2400,Meriden School District,60698,9462,1696
CT,9,2490,Middletown School District,46996,5490,669
CT,9,2520,Milford School District,52635,7309,439
CT,9,2550,Monroe School District,20179,4051,192
CT,9,2580,Montville School District,19209,2718,218
CT,9,2640,Naugatuck School District,31810,4977,625
CT,9,2670,New Britain School District,73313,11052,3407
CT,9,2700,New Canaan School District,20460,4973,178
CT,9,2730,New Fairfield School District,14367,3005,210
CT,9,2760,New Hartford School District,6684,561,24
CT,9,2790,New Haven School District,129580,18511,5310
CT,9,2820,New London School District,27113,3522,891
CT,9,2850,New Milford School District,26989,4345,249
CT,9,2880,Newington School District,30584,4231,292
CT,9,2910,Newtown School District,28568,5996,224
CT,9,2940,Norfolk School District,1639,113,7
CT,9,2970,North Branford School District,14373,2294,97
CT,9,3000,North Canaan School District,3295,289,29
CT,9,3030,North Haven School District,24032,3611,169
CT,9,3060,North Stonington School District,5200,774,37
CT,9,3090,Norwalk School District,88710,12444,1739
CT,9,3120,Norwich School District,39753,5771,1128
CT,9,3180,Old Saybrook School District,10102,1394,72
CT,9,3210,Orange School District,13922,1187,53
CT,9,3240,Oxford School District,12660,2173,74
CT,9,3270,Plainfield School District,15145,2436,321
CT,9,3300,Plainville School District,17743,2410,322
CT,9,3330,Plymouth School District,11744,1742,138
CT,9,3360,Pomfret School District,4174,760,33
CT,9,3390,Portland School District,9378,1425,84
CT,9,3420,Preston School District,4637,664,58
CT,9,3480,Putnam School District,9401,1360,207
CT,9,3510,Redding School District,9481,1302,46
CT,9,3600,Regional High School District 01,14840,631,34
CT,9,3630,Regional High School District 04,15097,1015,48
CT,9,3660,Regional High School District 05,28445,2608,82
CT,9,3720,Regional High School District 07,13388,1045,40
CT,9,3750,Regional High School District 08,19282,1756,45
CT,9,3780,Regional High School District 09,17241,1135,31
CT,9,3570,Regional High School District 11,5783,421,31
CT,9,5,Regional High School District 19,36599,1099,92
CT,9,3515,Regional School District 06,6547,949,41
CT,9,3520,Regional School District 10,14727,2722,100
CT,9,3530,Regional School District 12,7261,965,38
CT,9,3535,Regional School District 13,11650,2025,70
CT,9,3536,Regional School District 14,13017,1903,92
CT,9,3537,Regional School District 15,27415,4388,172
CT,9,3538,Regional School District 16,15430,2494,114
CT,9,3539,Regional School District 17,14669,2361,67
CT,9,3540,Regional School District 18,9825,1478,60
CT,9,3810,Ridgefield School District,25529,5756,148
CT,9,3840,Rocky Hill School District,19739,2605,180
CT,9,3900,Salem School District,4075,746,32
CT,9,3930,Salisbury School District,3590,275,11
CT,9,3960,Scotland School District,1697,134,13
CT,9,3990,Seymour School District,16494,2495,181
CT,9,4020,Sharon School District,2667,187,45
CT,9,4050,Shelton School District,40988,6213,370
CT,9,4080,Sherman School District,3710,648,26
CT,9,4110,Simsbury School District,23547,4874,162
CT,9,4140,Somers School District,11355,1491,60
CT,9,4170,South Windsor School District,25741,4605,188
CT,9,4230,Southington School District,43153,6919,374
CT,9,4260,Sprague School District,2929,459,48
CT,9,4290,Stafford School District,11976,1742,175
CT,9,4320,Stamford School District,127054,17383,2250
CT,9,4350,Sterling School District,3760,630,50
CT,9,4380,Stonington School District,18204,2619,230
CT,9,4440,Stratford School District,53234,8164,848
CT,9,4470,Suffield School District,15759,2393,266
CT,9,4500,Thomaston School District,7565,1193,76
CT,9,4530,Thompson School District,9329,1417,101
CT,9,4560,Tolland School District,14926,2765,58
CT,9,4590,Torrington School District,34902,4589,610
CT,9,4620,Trumbull School District,37309,7047,261
CT,9,4650,Union School District,847,115,12
CT,9,4680,Vernon School District,28945,3398,414
CT,9,4710,Voluntown School District,2555,386,31
CT,9,4740,Wallingford School District,45037,6543,390
CT,9,4830,Waterbury School District,110070,18395,5130
CT,9,4860,Waterford School District,19160,2856,185
CT,9,4890,Watertown School District,21608,3138,163
CT,9,4920,West Hartford School District,63393,10387,785
CT,9,4950,West Haven School District,55434,7495,1350
CT,9,4980,Westbrook School District,6845,906,56
CT,9,5010,Weston School District,10546,2679,83
CT,9,5040,Westport School District,27340,6148,230
CT,9,5070,Wethersfield School District,26708,3884,232
CT,9,5100,Willington School District,5983,510,40
CT,9,5130,Wilton School District,18698,4423,126
CT,9,5160,Winchester School District,10784,1424,193
CT,9,5190,Windham School District,24779,3301,999
CT,9,5250,Windsor Locks School District,12517,1797,208
CT,9,5220,Windsor School District,29096,4451,429
CT,9,5280,Wolcott School District,16659,2870,149
CT,9,5310,Woodbridge School District,8967,741,36
CT,9,5370,Woodstock School District,7828,1321,148
