State Postal Code,State FIPS Code,District ID,Name,Estimated Total Population,Estimated Population 5-17,Estimated number of relevant children 5 to 17 years old in poverty who are related to the householder
KS,20,4170,Altoona-Midway Unified School District 387,1533,246,29
KS,20,3430,Argonia Public Schools Unified School District 359,986,174,20
KS,20,3510,Ashland Unified School District 220,1114,207,37
KS,20,3570,Attica Unified School District 511,784,132,18
KS,20,12,Barnes Unified School District 223,2447,382,40
KS,20,10980,Blue Valley Unified School District 384,1773,264,23
KS,20,4080,Brewster Unified School District 314,587,99,9
KS,20,4140,Bucklin Unified School District 459,1394,270,32
KS,20,4440,Canton-Galva Unified School District 419,2676,480,33
KS,20,4500,Cedar Vale Unified School District 285,831,139,26
KS,20,4650,Chase-Raymond Unified School District 401,855,157,36
KS,20,4950,Clifton-Clyde Unified School District 224,1817,280,41
KS,20,5190,Copeland Unified School District 476,805,192,14
KS,20,8040,Crest Unified School District 479,1303,230,34
KS,20,5370,Cunningham Unified School District 332,1267,149,20
KS,20,5520,Dexter Unified School District 471,639,116,21
KS,20,5550,Dighton Unified School District 482,1287,196,11
KS,20,5640,Easton Unified School District 449,3687,660,26
KS,20,5790,Elkhart Unified School District 218,2097,377,33
KS,20,5800,Ell-Saline Unified School District 307,1761,318,21
KS,20,11220,Flinthills Unified School District 492,1449,268,31
KS,20,6210,Fowler Unified School District 225,860,157,18
KS,20,6570,Goessel Unified School District 411,1523,258,25
KS,20,11040,Golden Plains Unified School District 316,782,164,24
KS,20,6690,Greeley County Schools Unified School District 200,1249,227,37
KS,20,6720,Greensburg Unified School District 422,1604,261,38
KS,20,6780,Grinnell Public Schools Unified School District 291,564,90,12
KS,20,6870,Hamilton Unified School District 390,503,83,11
KS,20,6990,Haviland Unified School District 474,874,123,29
KS,20,7080,Healy Public Schools Unified School District 468,307,60,23
KS,20,7170,Hesston Unified School District 460,4579,811,37
KS,20,7680,Ingalls Unified School District 477,838,159,11
KS,20,13020,Jefferson County North Unified School District 339,2276,397,35
KS,20,7800,Jetmore Unified School District 227,1789,285,32
KS,20,8670,Leroy-Gridley Unified School District 245,1592,249,31
KS,20,8700,Lewis Unified School District 502,725,133,24
KS,20,8880,Little River Unified School District 444,1492,316,32
KS,20,8910,Logan Unified School District 326,989,200,33
KS,20,9600,Minneola Unified School District 219,998,202,27
KS,20,9630,Montezuma Unified School District 371,1546,310,41
KS,20,9720,Moscow Public Schools Unified School District 209,724,184,24
KS,20,9780,Moundridge Unified School District 423,3462,570,32
KS,20,9930,Ness City Unified School District 303,1675,284,38
KS,20,4830,North Jackson Unified School District 335,1870,334,31
KS,20,3270,Northern Valley Unified School District 212,855,151,23
KS,20,10440,Oxford Unified School District 358,1810,287,38
KS,20,10470,Palco Unified School District 269,795,140,21
KS,20,9850,Paradise Unified School District 399,703,125,28
KS,20,11280,Pawnee Heights Unified School District 496,621,88,14
KS,20,10590,Peabody-Burns Unified School District 398,2288,400,40
KS,20,5310,Pike Valley Unified School District 426,1113,194,28
KS,20,10950,Quinter Public Schools Unified School District 293,1439,281,39
KS,20,23,Rawlins County Unified School District 105,2087,311,41
KS,20,11190,Rolla Unified School District 217,643,129,38
KS,20,11550,Sedgwick Public Schools Unified School District 439,2191,472,27
KS,20,11700,Silver Lake Unified School District 372,3408,720,27
KS,20,11430,Skyline Schools Unified School District 438,1142,233,31
KS,20,11760,Solomon Unified School District 393,1963,365,29
KS,20,8130,South Barber Unified School District 255,1485,235,28
KS,20,11790,South Haven Unified School District 509,843,165,18
KS,20,11820,Spearville Unified School District 381,1172,244,17
KS,20,12060,Stockton Unified School District 271,1908,277,36
KS,20,346,Thunder Ridge Unified School District 110,1605,266,40
KS,20,13,Triplains Unified School District 275,474,87,13
KS,20,12540,Valley Falls Unified School District 338,2300,429,23
KS,20,12600,Victoria Unified School District 432,1922,349,20
KS,20,6060,Wabaunsee East Unified School District 330,3127,515,37
KS,20,11610,Wallace County Schools Unified School District 241,1206,206,33
KS,20,12900,Weskan Unified School District 242,318,74,7
KS,20,20,Western Plains Unified School District 106,1220,182,26
KS,20,6630,Wheatland Unified School District 292,813,136,31
