State Postal Code,State FIPS Code,District ID,Name,Estimated Total Population,Estimated Population 5-17,Estimated number of relevant children 5 to 17 years old in poverty who are related to the householder
IL,17,105,A-C Central Community Unit School District 262,2398,393,47
IL,17,3210,Akin Community Consolidated School District 91,786,106,23
IL,17,3270,Albers School District 63,1399,158,9
IL,17,3420,Allen Township Community Consolidated School District 65,977,116,14
IL,17,3450,Allendale Community Consolidated School District 17,981,164,29
IL,17,3660,Alwood Community Unit School District 225,2343,357,27
IL,17,3810,Annawan Community Unit School District 226,2037,339,35
IL,17,4230,Armstrong Township High School District 225,1410,90,21
IL,17,4200,Armstrong-Ellis Consolidated School District 61,874,80,26
IL,17,4340,Ashley Community Consolidated School District 15,1950,185,28
IL,17,4740,Aviston School District 21,2517,317,8
IL,17,4800,Avoca School District 37,6288,708,33
IL,17,4950,Bannockburn School District 106,2227,190,20
IL,17,5160,Bartelso School District 57,1076,128,9
IL,17,5190,Bartonville School District 66,2050,214,37
IL,17,5820,Bement Community Unit School District 5,2377,407,41
IL,17,5880,Benjamin School District 25,7028,837,37
IL,17,6180,Bethel School District 82,1185,136,55
IL,17,6840,Braceville School District 75,1425,190,23
IL,17,6880,Bradford Community Unit School District 1,1522,291,46
IL,17,7200,Brimfield Community Unit School District 309,3862,736,33
IL,17,102,Brussels Community Unit School District 42,1261,190,12
IL,17,7740,Buncombe Consolidated School District 43,711,89,18
IL,17,7980,Butler School District 53,4988,407,18
IL,17,8790,Cass School District 63,8449,818,50
IL,17,8970,Center Cass School District 66,11305,1101,43
IL,17,9180,Central City School District 133,2167,229,56
IL,17,4770,Central Community High School District 71,16092,923,42
IL,17,9150,Central School District 51,8229,1175,47
IL,17,9330,Cerro Gordo Community Unit School District 100,3118,569,42
IL,17,9780,Chester Non-High School District 122,871,49,5
IL,17,9850,Chester-East Lincoln Community Csd 61,3096,317,33
IL,17,10290,Cissna Park Community Unit School District 6,1713,250,30
IL,17,10340,Clay City Community Unit District 10,2223,312,47
IL,17,31560,Community Consolidated School District 204,3866,174,13
IL,17,25590,Community Unit School District 4,4255,737,56
IL,17,10860,Cornell Community Consolidated School District 426,1019,116,12
IL,17,10980,Coulterville Unit School District 1,1514,226,36
IL,17,323,Crescent Iroquois Community Unit School District 249,1032,147,21
IL,17,11220,Creston Community Consolidated School District 161,918,111,5
IL,17,11520,Cypress School District 64,1010,110,21
IL,17,1388,Dallas Elementary School District 327,1939,183,54
IL,17,11700,Dalzell School District 98,727,74,14
IL,17,11730,Damiansville School District 62,833,109,6
IL,17,12030,DeLand-Weldon Community Unit School District 57,1391,206,37
IL,17,11880,Deer Creek-Mackinaw Community Unit School District 701,5935,1185,55
IL,17,11910,Deer Park Community Consolidated School District 82,723,70,10
IL,17,12060,Delavan Community Unit School District 703,2693,489,55
IL,17,12270,Dimmick Community Consolidated School District 175,1522,161,19
IL,17,12510,Donovan Community Unit School District 3,2090,371,49
IL,17,12870,Dwight Township High School District 230,6217,310,37
IL,17,1411,East Coloma-Nelson Consolidated Elementary School District 20,2819,277,49
IL,17,13370,Edgar County Community Unit District 6,2181,322,37
IL,17,13410,Edinburg Community Unit School District 4,1878,289,41
IL,17,14050,Elmwood Community Unit School District 322,3891,758,49
IL,17,14160,Elwood Community Consolidated School District 203,3849,435,25
IL,17,14250,Emmons School District 33,3321,331,16
IL,17,14350,Erie Community Unit School District 1,3589,619,52
IL,17,14410,Eswood Community Consolidated District 269,860,116,22
IL,17,14640,Ewing Northern Community Consolidated District 115,1726,224,36
IL,17,14940,Farrington Community Consolidated School District 99,600,61,10
IL,17,15090,Field Community Consolidated School District 3,2397,253,34
IL,17,15180,Fisher Community Unit School District 1,3380,619,56
IL,17,1390,Flanagan-Cornell District 74,2626,318,44
IL,17,15660,Fox River Grove Consolidated School District 3,4314,509,28
IL,17,15750,Franklin Community Unit School District 1,1884,281,51
IL,17,15840,Freeburg Community High School District 77,12525,651,40
IL,17,16230,Gardner Community Consolidated School District 72C,1842,225,17
IL,17,16260,Gardner-South Wilmington Township High School District,4168,230,15
IL,17,16320,Geff Community Consolidated School District 14,831,96,19
IL,17,16560,Germantown Hills School District 69,6618,955,36
IL,17,16530,Germantown School District 60,1915,231,11
IL,17,16650,Gifford Community Consolidated School District 188,1922,213,21
IL,17,26820,Golf Elementary School District 67,6759,553,51
IL,17,17190,Grand Prairie Community Consolidated School District 6,873,92,23
IL,17,17220,Grand Ridge Community Consolidated School District 95,2430,314,32
IL,17,17370,Grant Park Community Unit School District 6,3179,573,48
IL,17,17490,Grass Lake School District 36,2631,200,49
IL,17,17700,Greenview Community Unit School District 200,1445,221,32
IL,17,18090,Hampton School District 29,2094,249,32
IL,17,18360,Harrison School District 36,4083,431,51
IL,17,18390,Hartsburg-Emden Community Unit School District 21,1236,216,28
IL,17,19260,Hinckley-Big Rock Community Unit School District 429,4913,820,47
IL,17,19420,Hollis Consolidated School District 328,708,107,7
IL,17,19920,Hutsonville Community Unit School District 1,2143,336,56
IL,17,19960,Illini Bluffs Community Unit School District 327,5548,958,55
IL,17,20190,Irvington County Community Unit School District 11,829,83,15
IL,17,20220,Itasca School District 10,8889,965,52
IL,17,20250,Iuka Community Consolidated School District 7,1889,236,43
IL,17,20370,Jasper Community Consolidated School District 17,1460,178,37
IL,17,20790,Kansas Community Unit School District 3,1326,225,31
IL,17,20910,Kell Consolidated School District 2,982,111,18
IL,17,20970,Kenilworth School District 38,2811,497,36
IL,17,21130,Kings Consolidated School District 144,961,103,12
IL,17,1381,La Harpe Community School District 347,2078,219,49
IL,17,21680,La Moille Community Unit School District 303,1671,261,37
IL,17,19110,LaGrange Highlands School District 106,9338,989,38
IL,17,21510,Ladd Community Consolidated School District 94,1861,212,43
IL,17,21720,Lake Bluff Elementary School District 65,8900,1022,42
IL,17,21780,Lake Forest Community High School District 115,28279,1897,48
IL,17,22350,Lee Center Community Unit School District 271,1606,276,36
IL,17,22870,Leland Community Unit School District 1,1767,283,31
IL,17,22710,Lexington Community Unit School District 7,3059,546,41
IL,17,22770,Liberty Community Unit School District 2,3339,669,46
IL,17,22800,Libertyville School District 70,18901,2532,56
IL,17,22860,Lick Creek Community Consolidated School District 16,1172,119,19
IL,17,22920,Limestone Walters Community Consolidated School District 316,1842,207,7
IL,17,23090,Lincolnshire-Prairieview School District 103,12516,1609,38
IL,17,23160,Lisbon Community Consolidated School District 90,964,132,6
IL,17,120,Lostant Community Unit School District 425,881,136,21
IL,17,40920,Lowpoint-Washburn Community Unit School District 21,2479,430,49
IL,17,23700,Ludlow Community Consolidated School District 142,956,119,32
IL,17,24120,Malden Community Consolidated School District 84,716,77,12
IL,17,24270,Manhattan School District 114,9388,1239,34
IL,17,25190,Mazon-Verona-Kinsman Elementary School District 2C,2589,362,28
IL,17,25260,McClellan Community Consolidated School District 12,801,56,6
IL,17,25680,Meredosia-Chambersburg Community Unit School District 11,1651,266,42
IL,17,25770,Metamora Township High School District 122,16169,997,41
IL,17,26100,Millburn Community Consolidated School District 24,8621,1571,36
IL,17,26250,Miller Township Community Consolidated School District,2250,263,28
IL,17,26490,Monroe School District 70,3134,314,25
IL,17,26590,Montmorency Community Consolidated School District 145,2497,304,52
IL,17,26760,Morrisonville Community Unit School District 1,1809,310,33
IL,17,27290,Mount Pulaski Community Unit District 23,3518,552,52
IL,17,27740,Nashville Community High School District 99,8506,492,35
IL,17,27780,Nauvoo-Colusa Community Unit School District 325,2168,340,35
IL,17,27930,Nettle Creek Community Consolidated School District 24C,938,111,5
IL,17,103,New Holland-Middletown Elementary School District 88,1106,116,14
IL,17,28110,New Hope Community Consolidated School District 6,1508,194,23
IL,17,28270,Newark Community Consolidated School District 66,2771,339,13
IL,17,28260,Newark Community High School District 18,3852,260,14
IL,17,40680,North Wamac School District 186,898,115,32
IL,17,17850,Northbrook Elementary School District 27,11031,1199,42
IL,17,29040,Norwood Elementary School District 63,3872,409,56
IL,17,29100,Oak Grove School District 68,3882,431,43
IL,17,29130,Oak Grove School District 68,7034,991,17
IL,17,29310,Oakdale Community Consolidated School District 1,699,89,9
IL,17,29520,Odell Community Consolidated School District 435,1350,157,27
IL,17,29700,Ohio Community Consolidated School District 17,794,94,18
IL,17,29730,Ohio Community High School District 505,802,38,3
IL,17,30060,Orangeville Community Unit School District 203,2339,377,42
IL,17,30200,Orion Community Unit School District 223,5863,1071,45
IL,17,30870,Patoka Community Unit School District 100,1512,246,36
IL,17,31200,Pennoyer School District 79,5670,404,46
IL,17,31620,Pinckneyville Community High School District 101,10746,436,56
IL,17,31860,Pleasant Hill School District 69,1999,245,56
IL,17,32040,Pleasantdale School District 107,8164,789,42
IL,17,32090,Potomac Community Unit School District 10,1185,207,31
IL,17,32520,Prairie Grove Community School District 46,7358,937,36
IL,17,32550,Prairie Hill Community Consolidated School District 133,4732,710,38
IL,17,32490,Prairie du Rocher Community Consolidated School District 134,871,121,14
IL,17,330,Prairieview-Ogden Community Consolidated School District 197,2528,270,21
IL,17,32770,Princeville Community Unit School District 326,3939,796,55
IL,17,33030,Raccoon Consolidated School District 1,2277,222,39
IL,17,33120,Rankin Community School District 98,3669,227,19
IL,17,33510,Richmond-Burton Community High School District 157,11690,742,37
IL,17,33750,Riley Community Consolidated School District 18,3407,355,28
IL,17,34110,Riverview Consolidated Community School District 2,2652,256,33
IL,17,34140,Roanoke-Benson Community Unit School District 60,3451,635,33
IL,17,34170,Robein School District 85,1949,211,25
IL,17,34470,Rockdale School District 84,2240,261,53
IL,17,34590,Rome Community Consolidated School District 2,2713,305,41
IL,17,34620,Rondout School District 72,1740,207,9
IL,17,34650,Rooks Creek Community Consolidated School District 425,514,60,2
IL,17,34710,Roselle School District 12,7205,778,38
IL,17,34770,Rosemont Elementary School District 78,2367,241,35
IL,17,35100,Rutland Community Consolidated School District 230,815,79,12
IL,17,65,Saunemin Community Consolidated School District 438,955,125,21
IL,17,35610,Scales Mound Community Unit School District 211,1588,193,27
IL,17,6600,Scott-Morgan Consolidated Unit School District 2,1331,210,51
IL,17,35770,Selmaville Community Consolidated School District 10,1831,222,32
IL,17,36240,Shirland Community Consolidated School District 134,1330,144,9
IL,17,36510,Smithton Community Consolidated School District 130,4413,541,42
IL,17,36780,South Pekin School District 137,1766,252,34
IL,17,36840,South Wilmington Consolidated School District 74,897,78,6
IL,17,36960,Spoon River Valley Community Unit School District 4,2256,381,54
IL,17,37020,Spring Lake Community Consolidated School District 606,734,86,16
IL,17,37140,St. Anne Community High School District 302,4712,265,49
IL,17,37120,St. Anne Consolidated Community School District 256,2832,321,46
IL,17,37320,St. George Community Consolidated School District 258,3633,519,31
IL,17,37380,St. Joseph Community Consolidated School District 169,6447,915,45
IL,17,37410,St. Joseph-Ogden Community High School District 305,8661,535,19
IL,17,37440,St. Libory Consolidated School District 30,890,79,14
IL,17,37470,St. Rose School District 14-15,1252,149,12
IL,17,37800,Steward Elementary School District 220,598,62,14
IL,17,37830,Stewardson-Strasburg Community Unit District 5A,2504,414,50
IL,17,38190,Summersville School District 79,2137,238,41
IL,17,38520,Taft School District 90,3533,441,38
IL,17,38550,Tamaroa School District 5,847,117,17
IL,17,38910,Thornton School District 154,2830,287,50
IL,17,39180,Tonica Community Consolidated School District 79,1542,182,15
IL,17,39390,Tremont Community Unit School District 702,4952,1045,37
IL,17,39450,Tri-City Community Unit School District 1,3633,598,56
IL,17,13920,Tri-Valley Community Unit School District 3,4751,1085,30
IL,17,10830,Triopia Community Unit School District 27,2161,336,37
IL,17,39660,Union School District 81,1513,132,23
IL,17,38490,V.I.T. Community Unit School District 2,2140,325,54
IL,17,40080,Valmeyer Community Unit School District 3,2638,487,14
IL,17,40200,Venice Community Unit School District 3,1012,172,47
IL,17,40410,Virginia Community Unit School District 64,2162,345,48
IL,17,40530,Wallace Community Consolidated School District 195,2659,256,23
IL,17,40620,Waltham Community Consolidated School District 185,2419,275,20
IL,17,41040,Washington School District 52,7917,993,50
IL,17,41280,Waverly Community Unit School District 6,1987,349,48
IL,17,41600,West Lincoln-Broadwell Elementary School District 92,4664,164,15
IL,17,42450,Williamsfield Community Unit School District 210,1726,237,44
IL,17,42720,Winfield School District 34,4159,394,23
