State Postal Code,State FIPS Code,District ID,Name,Estimated Total Population,Estimated Population 5-17,Estimated number of relevant children 5 to 17 years old in poverty who are related to the householder
IL,17,105,A-C Central Community Unit School District 262,2398,393,47
IL,17,1413,Abingdon-Avon Community Unit School District 276,5845,887,234
IL,17,3150,Addison School District 4,37932,4329,596
IL,17,32580,Adlai E. Stevenson High School District 125,61159,4130,119
IL,17,3210,Akin Community Consolidated School District 91,786,106,23
IL,17,3270,Albers School District 63,1399,158,9
IL,17,3300,Alden-Hebron School District 19,3098,466,57
IL,17,3420,Allen Township Community Consolidated School District 65,977,116,14
IL,17,3450,Allendale Community Consolidated School District 17,981,164,29
IL,17,3480,Alsip-Hazelgreen-Oaklawn School District 126,17002,1732,264
IL,17,3510,Altamont Community Unit School District 10,4906,871,115
IL,17,3600,Alton Community Unit School District 11,48443,7543,1812
IL,17,3660,Alwood Community Unit School District 225,2343,357,27
IL,17,3690,Amboy Community Unit School District 272,5024,840,94
IL,17,3750,Anna Community Consolidated School District 37,6749,660,199
IL,17,3780,Anna Jonesboro Community High School District 81,10784,520,141
IL,17,3810,Annawan Community Unit School District 226,2037,339,35
IL,17,3840,Antioch Community Consolidated School District 34,23859,3167,197
IL,17,3870,Antioch Community High School District 117,45054,2713,140
IL,17,3900,Aptakisic-Tripp Community Consolidated School District,18711,1828,80
IL,17,3930,Arbor Park School District 145,13048,1410,179
IL,17,3960,Arcola Consolidated Unit School District 306,4409,951,127
IL,17,3990,Argenta-Oreana Community Unit School District 1,5646,973,105
IL,17,4020,Argo Community High School District 217,40599,2025,409
IL,17,4140,Arlington Heights School District 25,50235,5752,199
IL,17,4230,Armstrong Township High School District 225,1410,90,21
IL,17,4200,Armstrong-Ellis Consolidated School District 61,874,80,26
IL,17,4260,Arthur Community Unit School District 305,9942,2013,250
IL,17,4340,Ashley Community Consolidated School District 15,1950,185,28
IL,17,4380,Ashton Community Unit School District 275,3718,638,87
IL,17,4440,Astoria Community Unit School District 1,1988,321,70
IL,17,4470,Athens Community Unit School District 213,5515,1029,97
IL,17,4560,Atwood Heights School District 125,7628,780,106
IL,17,4620,Auburn Community Unit School District 10,6923,1356,218
IL,17,4680,Aurora East Unit School District 131,90039,18595,4224
IL,17,4710,Aurora West Unit School District 129,76049,14196,2229
IL,17,4740,Aviston School District 21,2517,317,8
IL,17,4800,Avoca School District 37,6288,708,33
IL,17,4920,Ball-Chatham Community Unit School District 5,26492,4639,336
IL,17,4950,Bannockburn School District 106,2227,190,20
IL,17,5050,Barrington Community Unit School District 220,44363,9108,595
IL,17,5160,Bartelso School District 57,1076,128,9
IL,17,5190,Bartonville School District 66,2050,214,37
IL,17,5220,Batavia Unit School District 101,33026,6899,347
IL,17,10,Beach Park Community Consolidated School District 3,20316,2486,333
IL,17,5310,Beardstown Community Unit School District 15,7381,1349,256
IL,17,5460,Beecher City Community Unit School District 20,2498,375,60
IL,17,5430,Beecher Community Unit School District 200U,6791,1196,84
IL,17,5580,Belle Valley School District 119,8191,897,201
IL,17,5610,Belleville School District 118,37758,3670,874
IL,17,5640,Belleville Township High School District 201,106594,5374,786
IL,17,5760,Bellwood School District 88,22733,2840,693
IL,17,5790,Belvidere Consolidated Unit School District 100,44692,8810,960
IL,17,5820,Bement Community Unit School District 5,2377,407,41
IL,17,5880,Benjamin School District 25,7028,837,37
IL,17,5910,Bensenville School District 2,19786,2042,248
IL,17,5950,Benton Community Consolidated School District 47,9929,968,267
IL,17,5970,Benton Consolidated High School District 103,12356,618,147
IL,17,6000,Berkeley School District 87,22084,2796,507
IL,17,6060,Berwyn North School District 98,25365,3430,714
IL,17,6090,Berwyn South School District 100,31465,3791,622
IL,17,6120,Bethalto Consolidated Unit School District 8,15519,2645,383
IL,17,6180,Bethel School District 82,1185,136,55
IL,17,6270,Big Hollow School District 38,14400,1714,103
IL,17,6390,Bismarck-Henning Consolidated Unit School District,4434,797,108
IL,17,6420,Bloom Township High School District 206,65117,4249,1034
IL,17,6450,Bloomingdale School District 13,13738,1174,66
IL,17,6480,Bloomington School District 87,45185,6477,1293
IL,17,3,Blue Ridge Community Unit School District 18,5065,781,108
IL,17,1417,Bluford Unit School District 318,3184,484,89
IL,17,17730,Bond County Community Unit School District 2,12961,1793,258
IL,17,6750,Bourbonnais School District 53,23271,2719,381
IL,17,6840,Braceville School District 75,1425,190,23
IL,17,6880,Bradford Community Unit School District 1,1522,291,46
IL,17,6930,Bradley School District 61,11937,1338,282
IL,17,6960,Bradley-Bourbonnais Consolidated High School District 307,38840,2115,250
IL,17,7010,Breese School District 12,7100,778,57
IL,17,7050,Bremen Community High School District 228,94024,5662,945
IL,17,7200,Brimfield Community Unit School District 309,3862,736,33
IL,17,7320,Brookfield School District 95,10921,1111,69
IL,17,23640,Brooklyn Community Unit School District 188,728,135,89
IL,17,16950,Brookwood School District 167,10889,1273,326
IL,17,27300,Brown County Community Unit School District 1,6705,755,108
IL,17,7440,Brownstown Community Unit School District 201,2237,368,87
IL,17,102,Brussels Community Unit School District 42,1261,190,12
IL,17,7740,Buncombe Consolidated School District 43,711,89,18
IL,17,7770,Bunker Hill Community Unit School District 8,4072,664,117
IL,17,36810,Burbank School District 111,30455,3397,724
IL,17,125,Bureau Valley Community Unit School District 340,6446,1103,137
IL,17,7860,Burnham School District 154-5,1550,205,64
IL,17,7950,Bushnell-Prairie City Community Unit School District 170,4188,800,130
IL,17,7980,Butler School District 53,4988,407,18
IL,17,8010,Byron Community Unit School District 226,7389,1397,95
IL,17,8040,Cahokia Community Unit School District 187,18847,4189,1795
IL,17,8070,Cairo Community Unit School District 1,2464,475,255
IL,17,18180,Calhoun Community Unit School District 40,3324,519,79
IL,17,41520,Calumet City School District 155,11629,1502,365
IL,17,8130,Calumet Public School District 132,10782,1276,386
IL,17,8160,Cambridge Community Unit School District 227,2939,464,68
IL,17,8220,Camp Point Community Unit School District 3,4963,904,123
IL,17,8280,Canton Union School District 66,17135,2360,488
IL,17,8310,Carbon Cliff-Barstow School District 36,1731,262,75
IL,17,8370,Carbondale Community High School District 165,36330,1192,383
IL,17,8340,Carbondale Elementary School District 95,26046,1451,555
IL,17,8430,Carlinville Community Unit School District 1,9001,1351,252
IL,17,8460,Carlyle Community Unit School District 1,10142,1289,175
IL,17,8500,Carmi-White County Community Unit School District 5,8822,1422,300
IL,17,8580,Carrier Mills-Stonefort Community Unit School District,2782,406,112
IL,17,8610,Carrollton Community Unit School District 1,4066,673,86
IL,17,8640,Carterville Community Unit School District 5,11476,1961,331
IL,17,1385,Carthage Elementary School District 317,4008,406,68
IL,17,8730,Cary Community Consolidated School District 26,22828,3080,207
IL,17,2,Casey-Westfield Community Unit School District 4C,5881,998,145
IL,17,8790,Cass School District 63,8449,818,50
IL,17,8970,Center Cass School District 66,11305,1101,43
IL,17,9100,Central A & M Community Unit School District 21,4605,831,96
IL,17,9180,Central City School District 133,2167,229,56
IL,17,4770,Central Community High School District 71,16092,923,42
IL,17,7830,Central Community Unit School District 301,18828,3650,290
IL,17,10410,Central Community Unit School District 4,6079,1037,121
IL,17,9170,Central School District 104,4776,498,87
IL,17,9150,Central School District 51,8229,1175,47
IL,17,37860,Central Stickney School District 110,2950,382,73
IL,17,9300,Centralia High School District 200,20904,1084,238
IL,17,9270,Centralia School District 135,13124,1349,439
IL,17,39630,Century Community Unit School District 100,2468,389,137
IL,17,9330,Cerro Gordo Community Unit School District 100,3118,569,42
IL,17,9400,Chadwick-Milledgeville Community Unit School District 399,2855,453,63
IL,17,9420,Champaign Community Unit School District 4,97123,11771,2006
IL,17,9510,Chaney-Monge School District 88,7880,536,82
IL,17,9540,Channahon School District 17,10409,1406,140
IL,17,9600,Charleston Community Unit School District 1,27141,2917,597
IL,17,9810,Chester Community Unit School District 139,10808,1156,190
IL,17,9780,Chester Non-High School District 122,871,49,5
IL,17,9850,Chester-East Lincoln Community Csd 61,3096,317,33
IL,17,9960,Chicago Heights School District 170,24636,3407,1268
IL,17,9930,Chicago Public School District 299,2704044,402830,100533
IL,17,9990,Chicago Ridge School District 127-5,13354,1305,421
IL,17,217,Christopher Community Unit School District 99,4905,846,234
IL,17,10200,Cicero School District 99,85166,13214,2990
IL,17,10290,Cissna Park Community Unit School District 6,1713,250,30
IL,17,10340,Clay City Community Unit District 10,2223,312,47
IL,17,10440,Clinton Community Unit School District 15,11631,1909,308
IL,17,10530,Coal City Community Unit School District 1,11376,2111,154
IL,17,10570,Cobden School Unit District 17,3378,564,102
IL,17,10650,Collinsville Community Unit School District 10,47572,7218,1323
IL,17,10690,Colona School District 190,3882,402,62
IL,17,10740,Columbia Community Unit School District 4,12687,2223,87
IL,17,39030,Community Consolidated School District 146,26536,2474,291
IL,17,35460,Community Consolidated School District 168,10410,1650,518
IL,17,30510,Community Consolidated School District 180,6338,782,220
IL,17,31560,Community Consolidated School District 204,3866,174,13
IL,17,13770,Community Consolidated School District 59,65577,6210,821
IL,17,10470,Community Consolidated School District 93,34889,3706,330
IL,17,11370,Community High School District 155,97439,6607,276
IL,17,6540,Community High School District 218,121937,6378,1014
IL,17,40440,Community High School District 94,42565,2403,259
IL,17,12570,Community High School District 99,111159,5402,293
IL,17,27990,Community Unit School District 16,5711,922,98
IL,17,15880,Community Unit School District 2,6112,826,160
IL,17,42180,Community Unit School District 200,79979,13972,912
IL,17,8550,Community Unit School District 300,112845,21080,2184
IL,17,25590,Community Unit School District 4,4255,737,56
IL,17,8400,Consolidated High School District 230,156412,8886,874
IL,17,6510,Cook County School District 130,30199,3591,725
IL,17,10860,Cornell Community Consolidated School District 426,1019,116,12
IL,17,10980,Coulterville Unit School District 1,1514,226,36
IL,17,11010,Country Club Hills School District 160,12724,1607,391
IL,17,176,Cowden-Herrick Community Unit School District 3A,2548,432,83
IL,17,11100,Crab Orchard Community Unit School District 3,2321,411,58
IL,17,323,Crescent Iroquois Community Unit School District 249,1032,147,21
IL,17,11220,Creston Community Consolidated School District 161,918,111,5
IL,17,11250,Crete-Monee Community Unit School District 201-U,33961,5581,836
IL,17,11290,Creve Coeur School District 76,6177,656,146
IL,17,11350,Crystal Lake Community Consolidated School District 47,62939,8164,460
IL,17,39090,Cumberland Community Unit School District 77,6104,938,139
IL,17,11520,Cypress School District 64,1010,110,21
IL,17,11610,Dakota Community Unit School District 201,4686,807,91
IL,17,1388,Dallas Elementary School District 327,1939,183,54
IL,17,11700,Dalzell School District 98,727,74,14
IL,17,11730,Damiansville School District 62,833,109,6
IL,17,11790,Danville Community Consolidated School District 118,38105,6401,2302
IL,17,21450,Darien School District 61,16796,1654,147
IL,17,12150,De Soto Consolidated School District 86,1958,249,81
IL,17,12000,DeKalb Community Unit School District 428,52521,6425,1144
IL,17,12030,DeLand-Weldon Community Unit School District 57,1391,206,37
IL,17,11850,Decatur School District 61,67160,9890,2772
IL,17,11880,Deer Creek-Mackinaw Community Unit School District 701,5935,1185,55
IL,17,11910,Deer Park Community Consolidated School District 82,723,70,10
IL,17,11980,Deerfield School District 109,20704,3012,81
IL,17,12060,Delavan Community Unit School District 703,2693,489,55
IL,17,12090,Depue Community Unit School District 103,1933,401,71
IL,17,12120,Des Plaines Community Consolidated School District 62,51775,4756,724
IL,17,12210,Diamond Lake School District 76,9190,1087,189
IL,17,12240,Dieterich Community Unit School District 30,2301,412,59
IL,17,12270,Dimmick Community Consolidated School District 175,1522,161,19
IL,17,41010,District 50 Schools,6974,803,133
IL,17,12330,Dixon Unit School District 170,22117,2911,446
IL,17,12450,Dolton School District 148,21896,2881,989
IL,17,12420,Dolton School District 149,28371,3447,1005
IL,17,12480,Dongola School Unit District 66,1819,303,61
IL,17,12510,Donovan Community Unit School District 3,2090,371,49
IL,17,12540,Downers Grove Grade School District 58,52681,5666,252
IL,17,12760,Du Quoin Community Unit School District 300,8905,1432,295
IL,17,13940,DuPage High School District 88,83551,4100,404
IL,17,12700,Dunlap Community Unit School District 323,20963,4164,287
IL,17,12720,Dupo Community Unit School District 196,6892,1071,211
IL,17,12810,Durand Community Unit School District 322,3866,653,59
IL,17,12840,Dwight Common School District 232,5944,533,84
IL,17,12870,Dwight Township High School District 230,6217,310,37
IL,17,12930,Earlville Community Unit School District 9,2618,439,84
IL,17,12960,East Alton School District 13,7858,744,222
IL,17,12990,East Alton-Wood River Community High School District 14,13830,660,139
IL,17,1411,East Coloma-Nelson Consolidated Elementary School District 20,2819,277,49
IL,17,13050,East Dubuque Community Unit School District 119,4319,764,73
IL,17,13140,East Maine School District 63,46963,3793,620
IL,17,13170,East Moline School District 37,26268,2751,620
IL,17,13230,East Peoria Community High School District 309,26018,1282,147
IL,17,13240,East Peoria School District 86,18422,1937,257
IL,17,13260,East Prairie School District 73,4631,465,59
IL,17,13290,East Richland Community Unit School District 1,15969,2626,496
IL,17,13320,East St. Louis School District 189,37437,6982,3370
IL,17,7,Eastland Community Unit School District 308,4026,590,92
IL,17,13370,Edgar County Community Unit District 6,2181,322,37
IL,17,13410,Edinburg Community Unit School District 4,1878,289,41
IL,17,13500,Edwards County Community Unit School District 1,5777,967,141
IL,17,13530,Edwardsville Community Unit School District 7,50689,8126,518
IL,17,13560,Effingham Community Unit School District 40,20220,3268,446
IL,17,13590,Egyptian Community Unit School District 5,2977,449,181
IL,17,326,El Paso-Gridley Community Unit School District 11,7046,1276,120
IL,17,13660,Eldorado Community Unit School District 4,6998,1019,298
IL,17,36300,Elementary School District 159,19857,2156,422
IL,17,13970,Elmhurst School District 205,47481,8940,346
IL,17,14050,Elmwood Community Unit School District 322,3891,758,49
IL,17,14100,Elmwood Park Community Unit School District 401,24961,3486,459
IL,17,13860,Elverado Community Unit School District 196,3009,524,126
IL,17,14160,Elwood Community Consolidated School District 203,3849,435,25
IL,17,14250,Emmons School District 33,3321,331,16
IL,17,14350,Erie Community Unit School District 1,3589,619,52
IL,17,14410,Eswood Community Consolidated District 269,860,116,22
IL,17,14430,Eureka Community Unit District 140,9694,1717,110
IL,17,14460,Evanston Community Consolidated School District 65,82624,7569,792
IL,17,14490,Evanston Township High School District 202,82624,3207,270
IL,17,14580,Evergreen Park Community High School District 231,19910,1268,88
IL,17,14550,Evergreen Park Elementary School District 124,19910,2295,222
IL,17,14640,Ewing Northern Community Consolidated District 115,1726,224,36
IL,17,26180,Fairfield Community High School District 225,9820,454,78
IL,17,14710,Fairfield Public School District 112,6021,569,164
IL,17,14760,Fairmont School District 89,3765,316,81
IL,17,44,Farmington Central Community Unit School District 265,7922,1311,130
IL,17,14940,Farrington Community Consolidated School District 99,600,61,10
IL,17,15030,Fenton Community High School District 100,30432,1551,152
IL,17,15090,Field Community Consolidated School District 3,2397,253,34
IL,17,15100,Fieldcrest Community Unit School District 6,6409,1092,136
IL,17,15180,Fisher Community Unit School District 1,3380,619,56
IL,17,1390,Flanagan-Cornell District 74,2626,318,44
IL,17,15400,Flora Community Unit School District 35,7891,1340,254
IL,17,15420,Flossmoor School District 161,21460,2535,309
IL,17,10950,Ford Heights School District 169,2833,473,187
IL,17,15450,Forest Park School District 91,14009,991,150
IL,17,15480,Forest Ridge School District 142,16226,1677,249
IL,17,15490,Forrestville Valley Community Unit School District 221,4901,804,96
IL,17,15630,Fox Lake Grade School District 114,8927,739,104
IL,17,15660,Fox River Grove Consolidated School District 3,4314,509,28
IL,17,15700,Frankfort Community Consolidated School District 157C,17622,2363,62
IL,17,41580,Frankfort Community Unit School District 168,11709,1938,489
IL,17,15750,Franklin Community Unit School District 1,1884,281,51
IL,17,15780,Franklin Park School District 84,11311,1213,165
IL,17,15820,Freeburg Community Consolidated School District 70,7122,749,71
IL,17,15840,Freeburg Community High School District 77,12525,651,40
IL,17,15900,Freeport School District 145,28972,4434,1239
IL,17,15930,Fremont School District 79,19230,2406,78
IL,17,11400,Fulton County Community Unit School District 3,3265,510,85
IL,17,16020,Galatia Community Unit School District 1,2308,358,63
IL,17,16050,Galena Unit School District 120,5765,805,86
IL,17,16080,Galesburg Community Unit School District 205,33427,4376,1159
IL,17,45,Gallatin Community Unit School District 7,4797,717,204
IL,17,16140,Galva Community Unit School District 224,3483,547,94
IL,17,16230,Gardner Community Consolidated School District 72C,1842,225,17
IL,17,16260,Gardner-South Wilmington Township High School District,4168,230,15
IL,17,16290,Gavin School District 37,8236,875,98
IL,17,16320,Geff Community Consolidated School District 14,831,96,19
IL,17,30900,General George Patton School District 133,2348,450,132
IL,17,16350,Geneseo Community Unit School District 228,15749,2654,237
IL,17,16380,Geneva Community Unit School District 304,29920,6424,362
IL,17,16410,Genoa-Kingston Community Unit School District 424,9181,2029,151
IL,17,92,Georgetown-Ridge Farm Consolidated Unit School District 4,6285,1190,257
IL,17,16560,Germantown Hills School District 69,6618,955,36
IL,17,16530,Germantown School District 60,1915,231,11
IL,17,16590,Giant City Community Consolidated School District 130,2383,292,59
IL,17,41,Gibson City-Melvin-Sibley Community Unit School District 5,5754,1013,165
IL,17,16650,Gifford Community Consolidated School District 188,1922,213,21
IL,17,16680,Gillespie Community Unit School District 7,7756,1264,303
IL,17,40500,Glen Ellyn Community Consolidated School District 89,22727,2125,120
IL,17,16800,Glen Ellyn School District 41,29246,4041,292
IL,17,16830,Glenbard Township High School District 87,166356,9032,666
IL,17,16860,Glencoe School District 35,8561,1435,67
IL,17,16920,Glenview Community Consolidated School District 34,40221,5211,367
IL,17,26820,Golf Elementary School District 67,6759,553,51
IL,17,14,Goreville Community Unit School District 1,3838,581,62
IL,17,17160,Gower School District 62,9769,909,72
IL,17,17190,Grand Prairie Community Consolidated School District 6,873,92,23
IL,17,17220,Grand Ridge Community Consolidated School District 95,2430,314,32
IL,17,17280,Granite City Community Unit School District 9,43312,6929,1683
IL,17,17310,Grant Community Consolidated School District 110,7752,769,140
IL,17,17340,Grant Community High School District 124,37031,1756,124
IL,17,17370,Grant Park Community Unit School District 6,3179,573,48
IL,17,17490,Grass Lake School District 36,2631,200,49
IL,17,17550,Grayslake Community High School District 127,44541,2743,118
IL,17,17520,Grayslake Consolidated Community School District 46,30071,4274,237
IL,17,17580,Grayville Community Unit School District 1,1990,303,68
IL,17,17670,Greenfield Community Unit School District 10,2618,441,63
IL,17,17700,Greenview Community Unit School District 200,1445,221,32
IL,17,17790,Griggsville-Perry Community Unit School District 4,2365,408,74
IL,17,17800,Gurnee School District 56,18214,2091,216
IL,17,18030,Hall High School District 502,9057,434,97
IL,17,18060,Hamilton Community Consolidated School District 328,3809,620,124
IL,17,10790,Hamilton County Community Unit School District 10,7730,1326,228
IL,17,18090,Hampton School District 29,2094,249,32
IL,17,18200,Hardin County Community Unit School District 1,4053,551,172
IL,17,18240,Harlem Unit School District 122,42700,7139,1003
IL,17,14220,Harmony Emge School District 175,10542,943,165
IL,17,18270,Harrisburg Community Unit School District 3,12372,1998,552
IL,17,18360,Harrison School District 36,4083,431,51
IL,17,18390,Hartsburg-Emden Community Unit School District 21,1236,216,28
IL,17,18420,Harvard Community Unit School District 50,13498,2346,323
IL,17,18450,Harvey School District 152,16105,2403,889
IL,17,18510,Havana Community Unit School District 126,6197,925,182
IL,17,18570,Hawthorn Community Consolidated School District 73,29671,3477,228
IL,17,18600,Hazel Crest School District 152-5,8002,1149,378
IL,17,115,Henry-Senachwine Consolidated Unit School District 5,3732,544,95
IL,17,106,Heritage Community Unit School District 8,3190,593,87
IL,17,18810,Herrin Community Unit School District 4,16770,2774,545
IL,17,18840,Herscher Community Unit School District 2,10523,1839,132
IL,17,18870,Heyworth Community Unit School District 4,4954,976,118
IL,17,21300,Hiawatha Community Unit School District 426,3309,623,101
IL,17,18960,High Mount School District 116,4092,384,86
IL,17,18990,Highland Community Unit School District 5,18336,3286,432
IL,17,19200,Hillsboro Community Unit School District 3,12904,1732,301
IL,17,19230,Hillside School District 93,5737,506,75
IL,17,19260,Hinckley-Big Rock Community Unit School District 429,4913,820,47
IL,17,19290,Hinsdale Community Consolidated School District 181,25779,4333,126
IL,17,19320,Hinsdale Township High School District 86,75183,4793,253
IL,17,19420,Hollis Consolidated School District 328,708,107,7
IL,17,19500,Homer Community Consolidated School District 33C,30243,3644,170
IL,17,19530,Homewood School District 153,16481,1838,201
IL,17,19560,Homewood-Flossmoor Community High School District 233,38405,2833,191
IL,17,19620,Hononegah Community High School District 207,32014,2186,98
IL,17,19660,Hoopeston Area Community Unit School District 11,6959,1235,355
IL,17,19680,Hoover-Schrum Memorial School District 157,7922,969,302
IL,17,19830,Huntley Consolidated School District 158,43029,8198,265
IL,17,19920,Hutsonville Community Unit School District 1,2143,336,56
IL,17,19960,Illini Bluffs Community Unit School District 327,5548,958,55
IL,17,113,Illini Central Community Unit School District 189,4571,730,129
IL,17,1384,Illini West High School District 307,8025,409,64
IL,17,19970,Illinois Valley Central Unit School District 321,13282,2279,221
IL,17,35970,Indian Creek Community Unit District 425,4645,865,106
IL,17,41690,Indian Prairie Community Unit School District 204,129402,27706,1205
IL,17,7170,Indian Springs School District 109,24539,2783,721
IL,17,20170,Iroquois County Community Unit School District 9,6704,1036,212
IL,17,20180,Iroquois West Community Unit School District 10,4806,817,124
IL,17,20190,Irvington County Community Unit School District 11,829,83,15
IL,17,20220,Itasca School District 10,8889,965,52
IL,17,20250,Iuka Community Consolidated School District 7,1889,236,43
IL,17,26880,J. Sterling Morton High School District 201,159563,9410,1651
IL,17,20280,Jacksonville School District 117,27008,3748,627
IL,17,20370,Jasper Community Consolidated School District 17,1460,178,37
IL,17,20380,Jasper County Community Unit School District 1,9229,1538,241
IL,17,20430,Jersey Community Unit School District 100,19293,2936,393
IL,17,20490,Johnsburg Community Unit School District 12,12456,2192,103
IL,17,20550,Johnston City Community Unit School District 1,8024,1290,243
IL,17,20580,Joliet Public School District 86,86176,10427,2288
IL,17,20610,Joliet Township High School District 204,131476,6390,905
IL,17,20640,Jonesboro Community Consolidated School District 43,2863,346,69
IL,17,15,Joppa-Maple Grove Unit District 38,1338,255,59
IL,17,24480,Kaneland Community Unit School District 302,26389,5094,224
IL,17,20760,Kankakee School District 111,31799,5469,1582
IL,17,20790,Kansas Community Unit School District 3,1326,225,31
IL,17,20880,Keeneyville School District 20,14603,1715,194
IL,17,20910,Kell Consolidated School District 2,982,111,18
IL,17,20970,Kenilworth School District 38,2811,497,36
IL,17,21000,Kewanee Community Unit School District 229,10797,1942,513
IL,17,21030,Kildeer Countryside Community Consolidated School District 96,23632,3101,119
IL,17,21130,Kings Consolidated School District 144,961,103,12
IL,17,21180,Kinnikinnick Community Consolidated School District 131,13936,1969,115
IL,17,21270,Kirby School District 140,36072,3860,384
IL,17,21390,Knoxville Community Unit School District 202,5998,983,130
IL,17,21420,Komarek School District 94,4777,481,60
IL,17,1381,La Harpe Community School District 347,2078,219,49
IL,17,21680,La Moille Community Unit School District 303,1671,261,37
IL,17,19110,LaGrange Highlands School District 106,9338,989,38
IL,17,21600,LaGrange School District 102,26046,3314,172
IL,17,21630,LaGrange School District 105,11788,1379,166
IL,17,22080,LaSalle Elementary School District 122,8866,934,278
IL,17,22110,LaSalle-Peru Township High School District 120,28407,1332,207
IL,17,21510,Ladd Community Consolidated School District 94,1861,212,43
IL,17,21720,Lake Bluff Elementary School District 65,8900,1022,42
IL,17,21780,Lake Forest Community High School District 115,28279,1897,48
IL,17,21750,Lake Forest School District 67,19071,2479,94
IL,17,21840,Lake Park Community High School District 108,51915,2734,166
IL,17,21870,Lake Villa Community Consolidated School District 41,23480,3188,167
IL,17,21900,Lake Zurich Community Unit School District 95,31333,6165,213
IL,17,22020,Lansing School District 158,23026,2706,596
IL,17,22050,Laraway Community Consolidated School District 70C,2903,351,91
IL,17,22150,Lawrence County Community Unit District 20,8017,1217,320
IL,17,22620,Le Roy Community Unit School District 2,4518,798,73
IL,17,22300,Lebanon Community Unit School District 9,5504,678,166
IL,17,22350,Lee Center Community Unit School District 271,1606,276,36
IL,17,22870,Leland Community Unit School District 1,1767,283,31
IL,17,22500,Lemont Township High School District 210,25700,1577,120
IL,17,7290,Lemont-Bromberek Combined School District 113A,25350,3038,250
IL,17,22530,Lena-Winslow Community Unit School District 202,5006,835,117
IL,17,153,Lewistown Community Unit School District 97,4766,686,96
IL,17,22710,Lexington Community Unit School District 7,3059,546,41
IL,17,22740,Leyden Community High School District 212,64314,3358,440
IL,17,22770,Liberty Community Unit School District 2,3339,669,46
IL,17,22830,Libertyville Community High School District 128,49920,3203,87
IL,17,22800,Libertyville School District 70,18901,2532,56
IL,17,22860,Lick Creek Community Consolidated School District 16,1172,119,19
IL,17,22950,Limestone Community High School District 310,22125,1183,136
IL,17,22920,Limestone Walters Community Consolidated School District 316,1842,207,7
IL,17,23050,Lincoln Community High School District 404,21557,902,125
IL,17,8100,Lincoln Elementary School District 156,6905,1031,314
IL,17,22980,Lincoln Elementary School District 27,12692,1301,293
IL,17,23070,Lincoln Way Community High School District 210,106435,7048,190
IL,17,23090,Lincolnshire-Prairieview School District 103,12516,1609,38
IL,17,23100,Lincolnwood School District 74,12629,1321,183
IL,17,13440,Lindop School District 92,4134,483,86
IL,17,23160,Lisbon Community Consolidated School District 90,964,132,6
IL,17,23200,Lisle Community Unit School District 202,13841,1812,135
IL,17,23250,Litchfield Community Unit School District 12,8599,1394,293
IL,17,9210,Lockport School District 91,6794,693,66
IL,17,23350,Lockport Township High School District 205,77565,3945,244
IL,17,23460,Lombard School District 44,35465,3352,266
IL,17,120,Lostant Community Unit School District 425,881,136,21
IL,17,40920,Lowpoint-Washburn Community Unit School District 21,2479,430,49
IL,17,23700,Ludlow Community Consolidated School District 142,956,119,32
IL,17,23850,Lyons School District 103,21713,2429,411
IL,17,23880,Lyons Township High School District 204,68945,4057,212
IL,17,23920,Macomb Community Unit School District 185,21124,2124,434
IL,17,23970,Madison Community Unit School District 12,4560,903,327
IL,17,24000,Maercker School District 60,17546,1471,146
IL,17,24060,Mahomet-Seymour Community Unit School District 3,14816,3124,254
IL,17,24090,Maine Township High School District 207,145358,6932,632
IL,17,24120,Malden Community Consolidated School District 84,716,77,12
IL,17,24270,Manhattan School District 114,9388,1239,34
IL,17,24330,Mannheim School District 83,21253,2458,404
IL,17,24390,Manteno Community Unit School District 5,12013,2186,231
IL,17,24570,Marengo Community High School District 154,13943,809,57
IL,17,77,Marengo-Union Elementary Consolidated District 165,10536,1184,110
IL,17,24600,Marion Community Unit School District 2,27895,4119,808
IL,17,24650,Marissa Community Unit School District 40,3262,506,112
IL,17,24750,Maroa-Forsyth Community Unit School District 2,6074,1197,87
IL,17,24780,Marquardt School District 15,26131,3057,641
IL,17,5466,Marseilles Elementary School District 150,4384,499,146
IL,17,24870,Marshall Community Unit School District 2C,7842,1360,215
IL,17,24900,Martinsville Community Unit School District 3C,2318,357,59
IL,17,24940,Mascoutah Community Unit School District 19,16823,3385,210
IL,17,25000,Massac Unit School District 1,12920,2130,485
IL,17,25020,Matteson Elementary School District 162,25675,3194,676
IL,17,25050,Mattoon Community Unit School District 2,22882,3610,886
IL,17,25110,Maywood-Melrose Park-Broadview School District 89,44738,5730,1431
IL,17,25190,Mazon-Verona-Kinsman Elementary School District 2C,2589,362,28
IL,17,25260,McClellan Community Consolidated School District 12,801,56,6
IL,17,25290,McHenry Community Consolidated School District 15,42897,4746,414
IL,17,25320,McHenry Community High School District 156,46137,2449,181
IL,17,28620,McLean County Unit School District 5,95723,14752,1482
IL,17,25500,Medinah School District 11,7479,744,64
IL,17,25620,Mendota Community Consolidated School District 289,10389,1215,245
IL,17,25650,Mendota Township High School District 280,10443,604,91
IL,17,1395,Mercer County School District 404,8348,1246,197
IL,17,25680,Meredosia-Chambersburg Community Unit School District 11,1651,266,42
IL,17,26970,Meridian Community Unit School District 101,3160,537,172
IL,17,123,Meridian Community Unit School District 15,5906,1033,100
IL,17,25690,Meridian Community Unit School District 223,8692,1725,207
IL,17,25740,Metamora Community Consolidated School District 1,6899,890,57
IL,17,25770,Metamora Township High School District 122,16169,997,41
IL,17,126,Midland Community Unit School District 7,5025,677,98
IL,17,25920,Midlothian School District 143,15033,1866,374
IL,17,43962,Midwest Central Community Unit School District 191,6034,1080,151
IL,17,1416,Milford Area Public School District 124,3717,604,137
IL,17,26100,Millburn Community Consolidated School District 24,8621,1571,36
IL,17,26250,Miller Township Community Consolidated School District,2250,263,28
IL,17,26190,Millstadt Consolidated Community School District 160,8414,919,57
IL,17,26310,Minooka Community Consolidated School District 201,24367,3873,211
IL,17,26340,Minooka Community High School District 111,39070,2533,102
IL,17,26370,Mokena School District 159,17493,2051,88
IL,17,26400,Moline Unit School District 40,47793,7728,1175
IL,17,26430,Momence Community Unit School District 1,6863,1096,177
IL,17,320,Monmouth-Roseville Community Unit School District 238,11125,1807,303
IL,17,26490,Monroe School District 70,3134,314,25
IL,17,26550,Monticello Community Unit School District 25,9020,1553,107
IL,17,26590,Montmorency Community Consolidated School District 145,2497,304,52
IL,17,26640,Morris Community High School District 101,18518,1024,86
IL,17,26610,Morris School District 54,11728,1281,147
IL,17,26710,Morrison Community Unit School District 6,6529,1000,108
IL,17,26760,Morrisonville Community Unit School District 1,1809,310,33
IL,17,26800,Morton Community Unit School District 709,18745,3191,128
IL,17,26850,Morton Grove School District 70,9173,849,76
IL,17,27180,Mount Olive Community Unit School District 5,3304,528,78
IL,17,27210,Mount Prospect School District 57,20329,2315,98
IL,17,27290,Mount Pulaski Community Unit District 23,3518,552,52
IL,17,27340,Mount Vernon School District 80,13606,1492,519
IL,17,27360,Mount Vernon Township High School District 201,29310,1475,287
IL,17,27390,Mount Zion Community Unit School District 3,12163,2372,167
IL,17,27450,Mulberry Grove Community Unit School District 1,2397,374,73
IL,17,27570,Mundelein Consolidated High School District 120,42858,2395,165
IL,17,27540,Mundelein Elementary School District 75,15169,1734,158
IL,17,27610,Murphysboro Community Unit School District 186,15113,2360,629
IL,17,27710,Naperville Community Unit District 203,96203,18104,737
IL,17,27740,Nashville Community High School District 99,8506,492,35
IL,17,27720,Nashville Consolidated Community School District 49,6251,646,85
IL,17,27780,Nauvoo-Colusa Community Unit School District 325,2168,340,35
IL,17,27840,Neoga Community Unit School District 3,4791,822,103
IL,17,27930,Nettle Creek Community Consolidated School District 24C,938,111,5
IL,17,27960,New Athens Community Unit School District 60,3882,616,66
IL,17,103,New Holland-Middletown Elementary School District 88,1106,116,14
IL,17,28110,New Hope Community Consolidated School District 6,1508,194,23
IL,17,28140,New Lenox School District 122,39488,5422,165
IL,17,28160,New Simpson Hill Consolidated District 32,2256,241,59
IL,17,28200,New Trier Township High School District 203,59938,4483,145
IL,17,28270,Newark Community Consolidated School District 66,2771,339,13
IL,17,28260,Newark Community High School District 18,3852,260,14
IL,17,28500,Niles Elementary School District 71,7776,532,86
IL,17,28530,Niles Township Community High School District 219,96318,4758,570
IL,17,222,Nippersink School District 2,11690,1412,68
IL,17,28560,Nokomis Community Unit School District 22,4161,673,196
IL,17,28650,Norridge School District 80,12286,993,116
IL,17,4,Norris City-Omaha-Enfield Community Unit School District 3,4237,736,145
IL,17,28700,North Boone Community Unit School District 200,8436,1666,179
IL,17,110,North Chicago School District 187,30286,3852,881
IL,17,28810,North Clay Community Unit School District 25,3717,632,108
IL,17,42240,North Greene Unit School District 3,5942,896,234
IL,17,1403,North Mac Community Unit School District 34,8532,1448,277
IL,17,28890,North Palos School District 117,28302,2805,668
IL,17,28920,North Pekin-Marquette Heights School District 102,5173,688,81
IL,17,119,North Shore School District 112,35413,4468,357
IL,17,40680,North Wamac School District 186,898,115,32
IL,17,10240,North Wayne Community Unit School District 200,2667,505,68
IL,17,17850,Northbrook Elementary School District 27,11031,1199,42
IL,17,28980,Northbrook School District 28,13932,1747,65
IL,17,24420,Northbrook/Glenview School District 30,10992,1180,71
IL,17,29010,Northfield Township High School District 225,85983,4838,240
IL,17,30540,Northwestern Community Unit School District 2,2226,330,75
IL,17,29040,Norwood Elementary School District 63,3872,409,56
IL,17,29760,O'Fallon Community Consolidated School District 90,27547,3640,282
IL,17,29790,O'Fallon Township High School District 203,38155,2428,196
IL,17,29100,Oak Grove School District 68,3882,431,43
IL,17,29130,Oak Grove School District 68,7034,991,17
IL,17,29220,Oak Lawn Community High School District 229,39726,2080,319
IL,17,29190,Oak Lawn-Hometown School District 123,34909,3492,405
IL,17,29250,Oak Park Elementary School District 97,52040,5837,326
IL,17,29280,Oak Park and River Forest District 200,63237,3363,139
IL,17,29310,Oakdale Community Consolidated School District 1,699,89,9
IL,17,29340,Oakland Community Unit School District 5,2066,288,62
IL,17,10800,Oakwood Community Unit School District 76,5965,1050,209
IL,17,29420,Oblong Community Unit School District 4,3824,612,114
IL,17,29520,Odell Community Consolidated School District 435,1350,157,27
IL,17,1404,Odin Public School District 722,1617,273,69
IL,17,29670,Oglesby Elementary School District 125,4638,495,90
IL,17,29700,Ohio Community Consolidated School District 17,794,94,18
IL,17,29730,Ohio Community High School District 505,802,38,3
IL,17,223,Okaw Valley Community Unit School District 302,3358,571,58
IL,17,29890,Olympia Community Unit School District 16,12071,2085,195
IL,17,5570,Opdyke-Belle Rive Community Consolidated School District 5,1871,274,62
IL,17,30060,Orangeville Community Unit School District 203,2339,377,42
IL,17,30160,Oregon Community Unit School District 220,10615,1499,239
IL,17,30200,Orion Community Unit School District 223,5863,1071,45
IL,17,30220,Orland School District 135,55331,5861,529
IL,17,30270,Oswego Community Unit School District 308,81590,18086,901
IL,17,30300,Ottawa Elementary School District 141,18943,2016,422
IL,17,30330,Ottawa Township High School District 140,30722,1468,229
IL,17,30420,Palatine Community Consolidated School District 15,119409,12712,1253
IL,17,30480,Palestine Community Unit School District 3,2275,342,75
IL,17,30600,Palos Community Consolidated School District 118,23464,1829,168
IL,17,30570,Palos Heights School District 128,10307,826,91
IL,17,30630,Pana Community Unit School District 8,9164,1491,312
IL,17,30660,Panhandle Community Unit School District 2,3207,555,77
IL,17,30780,Paris Community Unit School District 4,4428,708,71
IL,17,30750,Paris-Union School District 95,7836,1195,254
IL,17,30810,Park Forest School District 163,15779,1817,562
IL,17,30840,Park Ridge Consolidated Community School District 64,40467,4664,208
IL,17,30870,Patoka Community Unit School District 100,1512,246,36
IL,17,30930,Pawnee Community Unit School District 11,3329,641,102
IL,17,7650,Paxton-Buckley-Loda Community Unit School District 10,8213,1420,214
IL,17,30990,Payson Community Unit School District 1,3231,543,78
IL,17,31020,Pearl City Community Unit School District 200,2540,485,58
IL,17,31050,Pecatonica Community Unit School District 321,5067,935,75
IL,17,31110,Pekin Community High School District 303,45376,2183,276
IL,17,31080,Pekin Public School District108,33504,3645,618
IL,17,31140,Pembroke Consolidated Community School District 259,1881,222,88
IL,17,31200,Pennoyer School District 79,5670,404,46
IL,17,31270,Peoria Heights Community Unit School District 325,6621,836,133
IL,17,31230,Peoria School District 150,99174,16055,4069
IL,17,31290,Peotone Community Unit School District 207U,11249,2015,88
IL,17,31380,Peru Elementary School District 124,10126,966,153
IL,17,31710,Pikeland Community Unit School District 10,8315,1281,268
IL,17,31620,Pinckneyville Community High School District 101,10746,436,56
IL,17,9,Pinckneyville School District 50,6063,621,134
IL,17,31740,Plainfield School District 202,123339,28356,1444
IL,17,31770,Plano Community Unit School District 88,12431,2541,269
IL,17,31890,Pleasant Hill Community Unit School District 3,1702,288,68
IL,17,31860,Pleasant Hill School District 69,1999,245,56
IL,17,31920,Pleasant Plains Community Unit School District 8,7593,1535,113
IL,17,31950,Pleasant Valley School District 62,4638,514,162
IL,17,32040,Pleasantdale School District 107,8164,789,42
IL,17,32100,Polo Community Unit School District 222,3952,638,88
IL,17,32160,Pontiac Community Consolidated School District 429,12860,1291,271
IL,17,32220,Pontiac Township High School District 90,15469,776,115
IL,17,32190,Pontiac-William Holliday School District 105,7918,724,96
IL,17,32280,Pope County Community Unit School District 1,4325,418,98
IL,17,31410,Porta Community Unit School District 202,6868,1057,147
IL,17,32370,Posen-Robbins Elementary School District 143-5,12465,1771,476
IL,17,32090,Potomac Community Unit School District 10,1185,207,31
IL,17,5,Prairie Central Community Unit School District 8,10786,1979,252
IL,17,32520,Prairie Grove Community School District 46,7358,937,36
IL,17,32550,Prairie Hill Community Consolidated School District 133,4732,710,38
IL,17,32490,Prairie du Rocher Community Consolidated School District 134,871,121,14
IL,17,24720,Prairie-Hills Elementary School District 144,21627,2757,887
IL,17,330,Prairieview-Ogden Community Consolidated School District 197,2528,270,21
IL,17,32670,Princeton Elementary School District 115,11285,1129,194
IL,17,32700,Princeton High School District 500,11970,618,68
IL,17,32770,Princeville Community Unit School District 326,3939,796,55
IL,17,32830,Prophetstown-Lyndon-Tampico Community Unit School District 3,5547,961,167
IL,17,32850,Prospect Heights School District 23,17836,1462,116
IL,17,32910,Proviso Township High School District 209,127034,6686,1101
IL,17,32960,Putnam County Community Unit School District 535,5060,791,101
IL,17,32970,Queen Bee School District 16,17897,1993,237
IL,17,33000,Quincy School District 172,50379,7902,1383
IL,17,29940,ROWVA Community Unit School District 208,3712,649,61
IL,17,33030,Raccoon Consolidated School District 1,2277,222,39
IL,17,33090,Ramsey Community Unit School District 204,2641,491,110
IL,17,33120,Rankin Community School District 98,3669,227,19
IL,17,33210,Rantoul City School District 137,13038,1602,449
IL,17,33240,Rantoul Township High School District 193,18092,1193,201
IL,17,33270,Reavis Township High School District 220,33403,1963,334
IL,17,33300,Red Bud Community Unit School District 132,7404,1153,132
IL,17,22130,Red Hill Community Unit School District 10,8251,1002,171
IL,17,33380,Reed Custer Community Unit School District 255U,9521,1616,130
IL,17,33390,Rhodes School District 84-5,4632,597,136
IL,17,33420,Rich Township High School District 227,69551,4441,787
IL,17,33450,Richland School District 88A,10261,778,107
IL,17,33510,Richmond-Burton Community High School District 157,11690,742,37
IL,17,33690,Ridgeland School District 122,21786,2281,573
IL,17,109,Ridgeview Community Unit School District 19,3566,600,82
IL,17,33720,Ridgewood Community High School District 234,19342,900,98
IL,17,33750,Riley Community Consolidated School District 18,3407,355,28
IL,17,33950,River Bend Community Unit District 2,6367,998,109
IL,17,33810,River Forest School District 90,11197,1390,81
IL,17,33840,River Grove School District 85-5,8110,659,116
IL,17,1,River Ridge Community Unit School District 210,3541,496,64
IL,17,33870,River Trails School District 26,15230,1523,126
IL,17,33930,Riverdale Community Unit School District 100,6704,1138,136
IL,17,34020,Riverside Brookfield Township School District 208,29287,1504,117
IL,17,33990,Riverside School District 96,13888,1624,156
IL,17,34100,Riverton Community Unit School District 14,7786,1410,260
IL,17,34110,Riverview Consolidated Community School District 2,2652,256,33
IL,17,34140,Roanoke-Benson Community Unit School District 60,3451,635,33
IL,17,34170,Robein School District 85,1949,211,25
IL,17,34230,Robinson Community Unit School District 2,11488,1590,220
IL,17,34260,Rochelle Community Consolidated District 231,13027,1573,227
IL,17,34290,Rochelle Township High School District 212,16363,914,111
IL,17,34320,Rochester Community Unit School District 3A,10381,2217,109
IL,17,34350,Rock Falls Elementary School District 13,8694,983,271
IL,17,34380,Rock Falls Township High School District 301,14010,711,135
IL,17,34410,Rock Island School District 41,44613,6948,1458
IL,17,34470,Rockdale School District 84,2240,261,53
IL,17,34510,Rockford School District 205,187046,30995,7448
IL,17,34440,Rockridge Community Unit School District 300,7254,1261,121
IL,17,34540,Rockton School District 140,12017,1569,125
IL,17,34590,Rome Community Consolidated School District 2,2713,305,41
IL,17,34620,Rondout School District 72,1740,207,9
IL,17,34650,Rooks Creek Community Consolidated School District 425,514,60,2
IL,17,34710,Roselle School District 12,7205,778,38
IL,17,34770,Rosemont Elementary School District 78,2367,241,35
IL,17,34870,Rossville-Alvin Community Unit School District 7,2281,403,82
IL,17,34990,Round Lake Community Unit School District 116,36206,7187,1254
IL,17,35010,Roxana Community Unit School District 1,11770,1920,415
IL,17,35100,Rutland Community Consolidated School District 230,815,79,12
IL,17,35190,Salem Community High School District 600,14610,855,121
IL,17,35160,Salem School District 111,8638,934,220
IL,17,35220,Salt Creek School District 48,8340,536,65
IL,17,1418,Salt Fork Community Unit School District 512,5124,885,88
IL,17,35310,Sandoval Community Unit School District 501,2538,464,113
IL,17,35340,Sandridge School District 172,3667,425,112
IL,17,35370,Sandwich Community Unit School District 430,13344,2422,244
IL,17,324,Sangamon Valley Community Unit School District 9,4052,758,70
IL,17,35400,Saratoga Community Consolidated School District 60C,6040,776,77
IL,17,65,Saunemin Community Consolidated School District 438,955,125,21
IL,17,35610,Scales Mound Community Unit School District 211,1588,193,27
IL,17,34740,Schaumburg Community Consolidated School District 54,134264,13608,1313
IL,17,35640,Schiller Park School District 81,13307,1194,215
IL,17,13710,School District U-46,235603,41907,5493
IL,17,332,Schuyler-Industry Community Unit School District 5,7477,1125,173
IL,17,6600,Scott-Morgan Consolidated Unit School District 2,1331,210,51
IL,17,35770,Selmaville Community Consolidated School District 10,1831,222,32
IL,17,35820,Seneca Community Consolidated School District 170,3554,454,63
IL,17,35850,Seneca Township High School District 160,7051,445,65
IL,17,35940,Sesser-Valier Community Unit School District 196,4282,712,117
IL,17,42990,Shawnee Community Unit School District 84,2492,417,127
IL,17,36090,Shelbyville Community Unit School District 4,7589,1077,126
IL,17,36180,Sherrard Community Unit School District 200,8919,1506,195
IL,17,122,Shiloh Community Unit School District 1,2683,388,85
IL,17,36210,Shiloh Village School District 85,4880,576,64
IL,17,36240,Shirland Community Consolidated School District 134,1330,144,9
IL,17,36330,Signal Hill School District 181,3141,360,78
IL,17,36360,Silvis School District 34,5204,634,132
IL,17,36450,Skokie School District 68,21241,1934,328
IL,17,36480,Skokie School District 69,17892,1713,336
IL,17,10380,Skokie School District 73-5,9880,1057,148
IL,17,14820,Skokie-Fairview School District 72,6337,621,103
IL,17,36510,Smithton Community Consolidated School District 130,4413,541,42
IL,17,36570,Somonauk Community Unit School District 432,4990,933,65
IL,17,36600,South Beloit Community Unit School District 320,6181,1044,173
IL,17,114,South Central Community Unit School District 401,4304,693,143
IL,17,36640,South Fork School District 14,2320,370,59
IL,17,36720,South Holland School District 150,10655,1188,224
IL,17,36750,South Holland School District 151,13289,1723,460
IL,17,36780,South Pekin School District 137,1766,252,34
IL,17,36840,South Wilmington Consolidated School District 74,897,78,6
IL,17,36610,Southeastern Community Unit School District 337,3028,533,140
IL,17,31500,Southwestern Community Unit School District 9,9049,1610,174
IL,17,36900,Sparta Community Unit School District 140,8645,1333,348
IL,17,36960,Spoon River Valley Community Unit School District 4,2256,381,54
IL,17,1419,Spring Garden Community Consolidated School District 178,4268,258,65
IL,17,37020,Spring Lake Community Consolidated School District 606,734,86,16
IL,17,37050,Spring Valley Community Consolidated School District 99,5866,670,131
IL,17,37080,Springfield School District 186,113491,17430,5243
IL,17,37140,St. Anne Community High School District 302,4712,265,49
IL,17,37120,St. Anne Consolidated Community School District 256,2832,321,46
IL,17,37170,St. Charles Community Unit School District 303,70325,14808,672
IL,17,37230,St. Elmo Community Unit School District 202,2683,466,114
IL,17,37320,St. George Community Consolidated School District 258,3633,519,31
IL,17,37380,St. Joseph Community Consolidated School District 169,6447,915,45
IL,17,37410,St. Joseph-Ogden Community High School District 305,8661,535,19
IL,17,37440,St. Libory Consolidated School District 30,890,79,14
IL,17,37470,St. Rose School District 14-15,1252,149,12
IL,17,37490,Stark County Community Unit School District 100,4363,670,102
IL,17,37590,Staunton Community Unit School District 6,8082,1246,174
IL,17,37650,Steeleville Community Unit School District 138,2999,465,58
IL,17,37680,Steger School District 194,14293,1573,309
IL,17,42310,Sterling Community Unit District 5,21165,3578,586
IL,17,37800,Steward Elementary School District 220,598,62,14
IL,17,37830,Stewardson-Strasburg Community Unit District 5A,2504,414,50
IL,17,37980,Stockton Community Unit School District 206,3714,545,76
IL,17,112,Streator Elementary School District 44,16325,1842,481
IL,17,38100,Streator Township High School District 40,17904,938,211
IL,17,38130,Sullivan Community Unit School District 300,7521,1310,164
IL,17,38190,Summersville School District 79,2137,238,41
IL,17,38220,Summit Hill School District 161,23996,3348,136
IL,17,4050,Summit School District 104,12340,1634,404
IL,17,38370,Sunnybrook School District 171,11054,1269,245
IL,17,38400,Sunset Ridge School District 29,4181,488,57
IL,17,38460,Sycamore Community Unit School District 427,21586,4070,268
IL,17,38520,Taft School District 90,3533,441,38
IL,17,38550,Tamaroa School District 5,847,117,17
IL,17,38700,Taylorville Community Unit School District 3,17948,2517,422
IL,17,38760,Teutopolis Community Unit School District 50,5647,1156,57
IL,17,38790,Thomasboro Community Consolidated School District 130,2397,284,68
IL,17,1382,Thompsonville Community Unit School District 174,1884,348,57
IL,17,38940,Thornton Fractional Township High School District 215,60643,4068,785
IL,17,38910,Thornton School District 154,2830,287,50
IL,17,38970,Thornton Township High School District 205,115752,7939,1765
IL,17,39120,Tolono Community Unit School District 7,9390,1822,170
IL,17,39180,Tonica Community Consolidated School District 79,1542,182,15
IL,17,19080,Township High School District 113,58335,3568,149
IL,17,30450,Township High School District 211,236925,12157,984
IL,17,4170,Township High School District 214,252075,12075,930
IL,17,39390,Tremont Community Unit School District 702,4952,1045,37
IL,17,39450,Tri-City Community Unit School District 1,3633,598,56
IL,17,39480,Tri-Point Community Unit School District 6-J,2771,452,67
IL,17,13920,Tri-Valley Community Unit School District 3,4751,1085,30
IL,17,37350,Triad Community Unit School District 2,20688,3811,233
IL,17,8250,Trico Community Unit School District 176,6293,1130,210
IL,17,10830,Triopia Community Unit School District 27,2161,336,37
IL,17,39510,Troy Community Consolidated School District 30C,37593,4613,312
IL,17,39600,Tuscola Community Unit School District 301,5720,973,110
IL,17,39780,Union Ridge School District 86,6367,471,82
IL,17,39660,Union School District 81,1513,132,23
IL,17,321,United Community School District 304,5911,926,109
IL,17,39870,United Township High School District 30,39180,1868,313
IL,17,39930,Unity Point Community Consolidated School District 140,5943,644,118
IL,17,39960,Urbana School District 116,53542,4808,1105
IL,17,38490,V.I.T. Community Unit School District 2,2140,325,54
IL,17,40070,Valley View Community Unit School District 365U,94567,17745,1986
IL,17,40080,Valmeyer Community Unit School District 3,2638,487,14
IL,17,40140,Vandalia Community Unit School District 203,11431,1593,302
IL,17,40200,Venice Community Unit School District 3,1012,172,47
IL,17,40290,Vienna High School District 133,9178,387,80
IL,17,40260,Vienna School District 55,5201,390,76
IL,17,40320,Villa Grove Community Unit School District 302,4015,679,77
IL,17,40350,Villa Park School District 45,37279,3820,427
IL,17,40410,Virginia Community Unit School District 64,2162,345,48
IL,17,40470,Wabash Community Unit School District 348,10508,1681,284
IL,17,40530,Wallace Community Consolidated School District 195,2659,256,23
IL,17,40620,Waltham Community Consolidated School District 185,2419,275,20
IL,17,40650,Waltonville Community Unit School District 1,2063,354,58
IL,17,40740,Warren Community Unit School District 205,2617,400,68
IL,17,40800,Warren Township High School District 121,68598,4378,267
IL,17,40830,Warrensburg-Latham Community Unit District 11,6159,1072,107
IL,17,40890,Warsaw Community Unit School District 316,2502,367,60
IL,17,40980,Washington Community High School District 308,23118,1306,71
IL,17,41040,Washington School District 52,7917,993,50
IL,17,41070,Waterloo Community Unit School District 5,18528,3015,130
IL,17,41190,Wauconda Community Unit School District 118,27263,4520,306
IL,17,41250,Waukegan Community Unit School District 60,84021,16028,3252
IL,17,41280,Waverly Community Unit School District 6,1987,349,48
IL,17,41360,Wayne City Community Unit School District 100,3606,658,142
IL,17,39420,Wesclin Community Unit School District 3,7994,1330,114
IL,17,310,West Carroll Community Unit School District 314,8208,1142,225
IL,17,319,West Central Community Unit School District 235,5763,789,116
IL,17,41550,West Chicago School District 33,31379,3999,626
IL,17,18480,West Harvey-Dixmoor Public School District 147,11697,1569,664
IL,17,41600,West Lincoln-Broadwell Elementary School District 92,4664,164,15
IL,17,41700,West Northfield School District 31,9806,929,114
IL,17,314,West Prairie Community Unit School District 103,4580,719,133
IL,17,41750,West Washington County Community Unit District 10,3821,552,60
IL,17,41790,Westchester School District 92-5,15874,1455,124
IL,17,1387,Western Community Unit School District 12,3517,577,137
IL,17,41820,Western Springs School District 101,10214,1767,92
IL,17,41980,Westmont Community Unit School District 201,12685,1707,124
IL,17,10820,Westville Community Unit School District 2,6845,1166,265
IL,17,42060,Wethersfield Community Unit School District 230,3892,572,101
IL,17,42210,Wheeling Community Consolidated School District 21,67292,6499,825
IL,17,42300,Whiteside School District 115,12596,1513,238
IL,17,23730,Will County School District 92,15011,1918,98
IL,17,42450,Williamsfield Community Unit School District 210,1726,237,44
IL,17,42480,Williamsville Community Unit School District 15,7187,1413,81
IL,17,42510,Willow Grove School District 46,2044,159,59
IL,17,42570,Willow Springs School District 108,3990,353,73
IL,17,42600,Wilmette School District 39,26138,3997,128
IL,17,42630,Wilmington Community Unit School District 209U,9613,1408,193
IL,17,42660,Winchester Community Unit School District 1,3637,599,78
IL,17,42690,Windsor Community Unit School District 1,2231,371,72
IL,17,42720,Winfield School District 34,4159,394,23
IL,17,42790,Winnebago Community Unit School District 323,7866,1511,226
IL,17,42840,Winnetka School District 36,11959,2132,98
IL,17,42900,Winthrop Harbor School District 1,6629,648,57
IL,17,42960,Wolf Branch School District 113,7239,857,63
IL,17,43020,Wood Dale School District 7,10646,1124,137
IL,17,43050,Wood River-Hartford Elementary School District 15,5972,680,156
IL,17,43110,Woodland Community Consolidated School District 50,51056,6824,444
IL,17,38070,Woodland Community Unit School District 5,2929,429,71
IL,17,1422,Woodlawn Unit District 209,3802,512,62
IL,17,17040,Woodridge School District 68,33041,3032,288
IL,17,43330,Woodstock Community Unit School District 200,37422,6054,583
IL,17,43380,Worth School District 127,11246,1049,257
IL,17,43960,Yorkville Community Unit School District 115,31180,6473,315
IL,17,43800,Zeigler-Royalton Community Unit School District 188,4090,660,156
IL,17,43860,Zion Elementary School District 6,17484,2448,655
IL,17,43890,Zion-Benton Township High School District 126,44425,2781,421
