AL,ALABAMA,100005,Albertville City,107 W Main St,Albertville,35950,No,5445,0,6,Yes,Yes.1,Yes.2,TIMOTHY,TIDMORE,256-891-1183,ttidmore@albertk12.org,TIMOTHY.1,TIDMORE.1,256-891-1183.1,ttidmore@albertk12.org.1,TIMOTHY.2,TIDMORE.2,256-891-1183.2,ttidmore@albertk12.org.2,No.1,Yes.3,Yes.4,www.albertk12.org/apps/pages/index.jsp?uREC_ID=368921&type=d&termREC_ID=&pREC_ID=689254,Yes.5,No.2,Yes.6,Yes.7,Yes.8,Yes.9,No.3,No.4,Yes.10,No.5,1,6.1,127,0.1,Yes.11,-9,-9.1,-9.2,Yes.12,Yes.13,No.6,No.7,No.8
IA,IOWA,1900031,Albert City-Truesdale Comm School District,Box 98,Albert City,50510,No,116,128,1,Yes,Yes,Yes,SARAH,VOYLES,7128435416,svoyles@albertct.k12.ia.us,SARAH,VOYLES,7128435416,svoyles@albertct.k12.ia.us,SARAH,VOYLES,7128435416,svoyles@albertct.k12.ia.us,No,Yes,Yes,http://www.albertct.k12.ia.us/upload/500_Series_Part_1.pdf,Yes,No,Yes,Yes,No,Yes,No,No,Yes,No,0,0,16,0,Yes,-9,-9,-9,Yes,Yes,No,No,No
IA,IOWA,1900032,Alden Comm School District,P.O. Box 48,Alden,50006,No,281,143,1,Yes,Yes,Yes,KRISTY,REYNOLDS,515-859-3393,kreynolds@ifacadets.net,KYLE,FETT,515-859-3393,kfett@ifacadets.net,KRISTY,REYNOLDS,515-859-3393,kreynolds@ifacadets.net,No,Yes,Yes,http://www.ifacadets.net/uploads/Editor/Anti-Bullying.pdf,Yes,No,Yes,No,No,Yes,No,Yes,Yes,No,0,14,24,0,Yes,-9,-9,-9,Yes,Yes,No,No,No
IA,IOWA,1903090,Adair-Casey Comm School District,3384 Indigo Ave.,Adair,50002,No,264,124,2,Yes,Yes,Yes,KARLA,MAHAFFEY,641-746-2241,kmahaffey@acgcschools.org,KARLA,MAHAFFEY,641-746-2241,kmahaffey@acgcschools.org,KARLA,MAHAFFEY,641-746-2241,kmahaffey@acgcschools.org,No,Yes,No,-9,No,-9,Yes,Yes,No,No,No,No,Yes,No,0,0,11,0,Yes,-9,-9,-9,Yes,Yes,No,No,No
IA,IOWA,1903630,Andrew Comm School District,Box 230,Andrew,52030,No,178,126,2,Yes,Yes,Yes,CHRIS,FEE,5636723221,chris.fee@andrew.k12.ia.us,BRANDON,KIRCHHOFF,5636723221,brandon.kirchhoff@andrew.k12.ia.us,BRANDON,KIRCHHOFF,5636723221,brandon.kirchhoff@andrew.k12.ia.us,No,Yes,Yes,https://drive.google.com/file/d/0B6rpgGAEP_OjQVhIUVltMUFrMWM/view,Yes,No,Yes,No,No,Yes,Yes,Yes,Yes,Yes,0,17,23,3,Yes,-9,-9,-9,Yes,Yes,No,No,No
IA,IOWA,1903780,Ar-We-Va Comm School District,Box 108,Westside,51467,No,205,82,2,Yes,Yes,Yes,SHARON,STICKROD,712-663-4311,stickrod@ar-we-va.k12.ia.us,SHARON,STICKROD,712-663-4311,stickrod@ar-we-va.k12.ia.u,SHARON,STICKROD,712-663-4311,stickrod@ar-we-va.k12.ia.u,No,Yes,Yes,https://www.ar-we-va.k12.ia.us/district-info/anti-bullyingharassment-policy/,No,-9,Yes,No,No,Yes,No,No,Yes,No,0,0,12,0,Yes,-9,-9,-9,Yes,Yes,No,No,No
IA,IOWA,1903850,North Union Comm School District,PO Box  75,Armstrong,50514,No,370,155,2,Yes,Yes,Yes,TRAVIS,SCHUELLER,712-868-3542,travis.schueller@nuwarriors.org,TRAVIS,SCHUELLER,712-868-3542,travis.schueller@nuwarriors.org,TRAVIS,SCHUELLER,712-868-3542,travis.schueller@nuwarriors.org,No,Yes,Yes,nuwarriors.org,No,-9,Yes,Yes,Yes,No,No,No,Yes,No,0,0,15,0,Yes,-9,-9,-9,Yes,Yes,Yes,No,No
IA,IOWA,1904020,Aurelia Comm School District,Box 367,Aurelia,51005,No,294,109,2,Yes,Yes,Yes,LYNN,EVANS,(712)434-2284,levans@alta-aurelia.k12.ia.us,LYNN,EVANS,(712)434-2284,levans@alta-aurelia.k12.ia.us,LYNN,EVANS,(712)434-2284,levans@alta-aurelia.k12.ia.us,No,Yes,Yes,https://www.alta-aurelia.org/cms/lib/IA02213700/Centricity/Domain/39/104.pdf,Yes,No,Yes,No,Yes,No,No,No,Yes,No,0,0,18,0,Yes,-9,-9,-9,Yes,Yes,No,No,No
IA,IOWA,1904380,Baxter Comm School District,Box 189,Baxter,50028,No,451,7,2,Yes,Yes,Yes,MICKOLYN,CLAPPER,641 2273102,mclapper@baxter.k12.ia.us,MICKOLYN,CLAPPER,641 2273102,mclapper@baxter.k12.ia.us,MICKOLYN,CLAPPER,641 2273102,mclapper@baxter.k12.ia.us,No,Yes,Yes,https://drive.google.com/drive/u/0/folders/0B29f441OfP03dE9HV3UwdFNvMjg,Yes,No,Yes,No,No,Yes,Yes,No,Yes,Yes,0,0,34,1,Yes,-9,-9,-9,Yes,Yes,No,No,No
IA,IOWA,1904740,Bennett Comm School District,Box D,Bennett,52721,No,82,122,1,Yes,Yes,Yes,DAVE,LARSON,563-890-2226,david.larson@bennett.k12.ia.us,DAVE,LARSON,563-890-2226,david.larson@bennett.k12.ia.us,DAVE,LARSON,563-890-2226,david.larson@bennett.k12.ia.us,No,Yes,Yes,www.bennett.k12.ia.us,Yes,No,Yes,No,No,No,Yes,No,Yes,No,0,8,9,0,Yes,-9,-9,-9,Yes,Yes,No,No,No
IA,IOWA,1905970,CAL Comm School District,1441 Gull Ave,Latimer,50452,No,255,61,2,Yes,Yes,Yes,JEN,KOENEN,6415496085,koenenj@cal.k12.ia.us,JEN,KOENEN,6415796085,koenenj@cal.k12.ia.us,JEN,KOENEN,6415796085,koenenj@cal.k12.ia.us,No,Yes,Yes,https://simbli.eboardsolutions.com/ePolicy/policy.aspx?PC=104&Sch=150100&S=150100&C=&RevNo=1.34&T=A&Z=P&St=ADOPTED&PG=6&SN=true,No,-9,Yes,No,No,Yes,No,Yes,Yes,No,0,17,21,0,Yes,-9,-9,-9,Yes,Yes,No,No,No
IA,IOWA,1906780,Central City Comm School District,400 Barber Street,Central City,52214,No,438,80,3,Yes,Yes,Yes,TIMOTHY,CRONIN,(319)438-6181,tcronin@central-city.k12.ia.us,TIMOTHY,CRONIN,(319)438-6181,tcronin@central-city.k12.ia.us,TIMOTHY,CRONIN,(319)438-6181,tcronin@central-city.k12.ia.us,No,Yes,Yes,http://www.central-city.k12.ia.us/downloads/downloads.php,No,-9,Yes,No,No,Yes,Yes,Yes,Yes,No,0,9,27,0,Yes,-9,-9,-9,Yes,Yes,No,No,No
IA,IOWA,1906840,Central Comm School District,400 1st St NW,Elkader,52043,No,439,0,2,Yes,Yes,Yes,NICHOLAS,TRENKAMP,563-245-1751,ntrenkamp@central.k12.ia.us,NICHOLAS,TRENKAMP,563-245-1751,ntrenkamp@central.k12.ia.us,NICHOLAS,TRENKAMP,563-245-1751,ntrenkamp@central.k12.ia.us,No,Yes,Yes,www.central.k12.ia.us,No,-9,Yes,No,Yes,No,No,No,Yes,No,0,0,33,0,Yes,-9,-9,-9,Yes,Yes,No,No,No
IA,IOWA,1907110,Charter Oak-Ute Comm School District,321 Main St,Charter Oak,51439,No,200,110,2,Yes,Yes,Yes,CATHY,CARSTENS,(712)678-3325,ccarstens@charter-oak-ute.k12.ia.us,CATHY,CARSTENS,(712)678-3325,ccarstens@charter-oak-ute.k12.ia.us,CATHY,CARSTENS,(712)678-3325,ccarstens@charter-oak-ute.k12.ia.us,No,Yes,Yes,www.co-u.net,Yes,No,Yes,Yes,No,No,No,Yes,Yes,Yes,0,1,14,2,Yes,-9,-9,-9,Yes,Yes,No,No,No
IA,IOWA,1907440,Clarksville Comm School District,318 N Mather,Clarksville,50619,No,322,43,2,Yes,Yes,Yes,ERIC,ECKERMAN,(319)278-4560,eeckerman@clarksville.k12.ia.us,ERIC,ECKERMAN,(319)278-4560,eeckerman@clarksville.k12.ia.us,TONYA,POPPE,(319)278-4560,tpoppe@clarksville.k12.ia.us,No,Yes,Yes,https://www.clarksville.k12.ia.us/vnews/display.v/SEC/District%7CNondiscrimination%20Notice,No,-9,Yes,No,Yes,No,Yes,Yes,Yes,No,0,19,17,0,Yes,-9,-9,-9,Yes,Yes,No,No,No
IA,IOWA,1907470,Clay Central-Everly Comm School District,PO Box  110,Royal,51357,No,250,112,2,Yes,Yes,Yes,DIANE,WHITE,712-933-2242,dwhite@claycentraleverly.org,DIANE,WHITE,712-933-2242,dwhite@claycentraleverly.org,DIANE,WHITE,712-933-2242,dwhite@claycentraleverly.org,No,Yes,Yes,claycentraleverly.org,No,-9,Yes,Yes,Yes,No,No,Yes,Yes,No,0,1,11,0,Yes,-9,-9,-9,Yes,Yes,No,No,No
IA,IOWA,1907900,Collins-Maxwell Comm School District,400 Metcalf Street,Maxwell,50161,No,413,2,2,Yes,Yes,Yes,JORDAN,NELSON,515-387-1115,JNELSON@COLLINS-MAXWELL.K12.IA.US,JORDAN,NELSON,515-387-1115,JNELSON@COLLINS-MAXWELL.K12.IA.US,JORDAN,NELSON,515-387-1115,JNELSON@COLLINS-MAXWELL.K12.IA.US,No,Yes,Yes,http://www.collins-maxwell.k12.ia.us/,No,-9,Yes,No,No,Yes,No,Yes,Yes,No,0,2,22,0,Yes,-9,-9,-9,Yes,Yes,No,No,No
IA,IOWA,1907920,Colo-NESCO Comm School District,PO Box 136,Colo,50056,No,443,1,2,Yes,Yes,Yes,JUSTIN,GROSS,(641)377-2282 x209,jgross@colo-nesco.k12.ia.us,JUSTIN,GROSS,(641)377-2282 x209,jgross@colo-nesco.k12.ia.us,JUSTIN,GROSS,(641)377-2282 x209,jgross@colo-nesco.k12.ia.us,No,Yes,Yes,https://www.colonesco.org/school-board/board-policies/,No,-9,Yes,No,Yes,Yes,No,Yes,Yes,No,0,16,22,0,Yes,-9,-9,-9,Yes,Yes,No,No,No
IA,IOWA,1908070,Coon Rapids-Bayard Comm School District,PO Box  297,Coon Rapids,50058,No,444,48,2,Yes,Yes,Yes,BILL,ORLANO,(712)999-2206,bill.orlano@crbcrusader.org,BILL,ORLANO,(712)999-2206,bill.orlano@crbcrusader.org,BILL,ORLANO,(712)999-2206,bill.orlano@crbcrusader.org,No,Yes,Yes,http://www.crbcrusaders.org/vnews/display.v/SEC/Non-Discrimination%20Policy,No,-9,Yes,No,No,Yes,No,No,Yes,No,0,1,29,0,Yes,-9,-9,-9,Yes,Yes,No,No,No
IA,IOWA,1908130,Corning Comm School District,904 8th St,Corning,50841,No,416,112,2,Yes,Yes,Yes,CHRIS,FENSTER,6413224242,cfenster@corningcsd.org,LIZ,TIMMERMAN,6413224242,ltimmerman@corningcsd.org,JAMIE,CRAIG,6413224242,jcraig@corningcsd.org,No,Yes,Yes,https://www.southwestvalley.org/,No,-9,Yes,No,No,Yes,No,No,Yes,Yes,0,1,38,0,Yes,-9,-9,-9,Yes,Yes,No,No,No
IA,IOWA,1908880,Delwood Comm School District,PO Box  292,Delmar,52037,No,177,103,1,Yes,Yes,Yes,TODD,HAWLEY,563-674-4164,thawley@delwood.k12.ia.us,TODD,HAWLEY,563-674-4164,thawley@delwood.k12.ia.us,TODD,HAWLEY,563-674-4164,thawley@delwood.k12.ia.us,No,Yes,Yes,https://sites.google.com/a/delwood.k12.ia.us/delwood-csd/policies,No,-9,Yes,No,No,Yes,Yes,Yes,Yes,No,0,4,20,0,Yes,-9,-9,-9,Yes,Yes,No,No,No
IA,IOWA,1909060,Diagonal Comm School District,403 W 2nd Street,Diagonal,50845,No,125,29,2,Yes,Yes,Yes,LORNA,PAXSON,641-734-5331,lpaxson@diagonalschools.org,LORNA,PAXSON,641-734-5331,lpaxson@diagonalschools.org,LORNA,PAXSON,641-734-5331,lpaxson@diagonalschools.org,No,Yes,Yes,http://diagonal.isfis.net/policy/104-anti-bullyingharassment-policy,No,-9,Yes,No,Yes,Yes,Yes,Yes,Yes,Yes,0,4,10,1,Yes,-9,-9,-9,Yes,Yes,No,No,No
IA,IOWA,1909540,Dunkerton Comm School District,509 Canfield,Dunkerton,50626,No,450,33,2,Yes,Yes,Yes,KORY,KELCHEN,(319)822-4295,kkelchen@dunkerton.k12.ia.us,AMY,MORLEY,(319)822-4295,amorley@dunkerton.k12.ia.us,PATTY,FOSTER,(319)822-4295,pfoster@dunkerton.k12.ia.us,No,Yes,Yes,www.dunkerton.k12.ia.us,No,-9,Yes,No,Yes,Yes,Yes,Yes,Yes,No,0,10,22,0,Yes,-9,-9,-9,Yes,Yes,No,No,No
IA,IOWA,1909570,Boyer Valley Comm School District,1102 Iowa Ave,Dunlap,51529,No,450,34,2,Yes,Yes,Yes,MICHAEL,WEBER,712-674-3248,weberm@boyer-valley.k12.ia.us,MICHAEL,WEBER,712-674-3248,weberm@boyer-valley.k12.ia.us,MICHAEL,WEBER,712-674-3248,weberm@boyer-valley.k12.ia.us,No,Yes,Yes,http://www.boyer-valley.k12.ia.us/,No,-9,Yes,No,No,Yes,Yes,Yes,Yes,Yes,1,10,24,2,Yes,-9,-9,-9,Yes,Yes,No,No,No
IA,IOWA,1910340,River Valley Comm School District,PO Box 8,Correctionville,51016,No,452,57,2,Yes,Yes,Yes,KEN,SLATER,(712)372-4420 x 1238,kslater@rvwolverines.org,KEN,SLATER,(712) 372-4420,kslater@rvwolverines.org,KEN,SLATER,(712) 372-4420,kslater@rvwolverines.org,No,Yes,Yes,www.rvwolverines.org,Yes,No,Yes,No,Yes,Yes,Yes,Yes,Yes,No,0,17,26,0,No,Yes,Yes,Yes,Yes,Yes,No,No,No
IA,IOWA,1910410,Eastern Allamakee Comm School District,569 Center St.,Lansing,52151,No,336,17,3,Yes,Yes,Yes,MARY,HOGAN,563-538-4201,mhogan@kee.k12.ia.us,MARY,HOGAN,563-538-4201,mhogan@kee.k12.ia.us,MARY,HOGAN,563-538-4201,mhogan@kee.k12.ia.us,No,Yes,Yes,www.e-allamakee.k12.ia.us,No,-9,Yes,No,No,No,Yes,No,Yes,No,0,0,22,0,Yes,-9,-9,-9,Yes,Yes,No,No,No
IA,IOWA,1911040,Essex Comm School District,111 Forbes St,Essex,51638,No,212,35,2,Yes,Yes,Yes,ROB,BRECHT,712-379-3117,brechtr@essex.k12.ia.us,ROB,BRECHT,712-379-3117,brechtr@essex.k12.ia.us,ROB,BRECHT,712-379-3117,brechtr@essex.k12.ia.us,No,Yes,Yes,http://essex.k12.ia.us/index.php/students/handbooks/,No,-9,Yes,Yes,No,No,No,No,Yes,No,0,1,13,0,Yes,-9,-9,-9,Yes,Yes,No,No,No
IA,IOWA,1911250,Exira-Elk Horn- Kimballton Comm Sch Dist,4114 Madison St,Elk Horn,51531,No,394,65,3,Yes,Yes,Yes,TREVOR,MILLER,712-764-4616,tmiller@exira-ehk.k12.ia.us,TREVOR,MILLER,712-764-4616,tmiller@exira-ehk.k12.ia.us,HEATHER,EISCHEID,712-764-4606,heischeid@exira-ehk.k12.ia.us,No,Yes,Yes,www.exira-ehk.k12.ia.us,No,-9,Yes,No,Yes,No,No,Yes,Yes,Yes,0,4,24,2,Yes,-9,-9,-9,Yes,Yes,No,No,No
IA,IOWA,1912230,Galva-Holstein Comm School District,P.O. Box 320,Holstein,51025,No,442,131,3,Yes,Yes,Yes,MIKE,RICHARD,(712)368-4353,mrichard@rvraptors.org,MIKE,RICHARD,(712)368-4353,mrichard@rvraptors.org,MIKE,RICHARD,(712)368-4353,mrichard@rvraptors.org,No,Yes,Yes,https://rvraptors.org/wp-content/uploads/2016/12/104-anti-bullying-anti-harrassment-policy.pdf,No,-9,Yes,No,No,No,Yes,No,Yes,No,0,1,32,0,Yes,-9,-9,-9,Yes,Yes,No,No,No
IA,IOWA,1912480,George-Little Rock Comm School District,Box 6,George,51237,No,425,34,4,Yes,Yes,Yes,MOLLY,SCHILLING,712-475-3311x204,mschilling@george-littlerock.org,REID,GERDES,712-475-3311x300,rgerdes@george-littlerock.org,STEVEN,GREEN,712-475-3311x107,sgreen@george-littlerock.org,No,Yes,No,-9,Yes,No,Yes,No,No,Yes,No,No,Yes,No,0,0,20,0,Yes,-9,-9,-9,Yes,Yes,No,No,No
IA,IOWA,1912600,Gilmore City-Bradgate Comm School District,402 SE E Ave,Gilmore City,50541,No,70,0,1,Yes,Yes,Yes,JEFFREY,FENSKE,515-373-6124,jfenske@gcb.k12.ia.us,JEFFREY,FENSKE,515-373-6124,jfenske@gcb.k12.ia.us,JEFFREY,FENSKE,515-373-6124,jfenske@gcb.k12.ia.us,No,Yes,Yes,https://www.gcbschools.org/,Yes,Yes,Yes,Yes,No,No,Yes,Yes,Yes,Yes,0,17,15,3,Yes,-9,-9,-9,Yes,No,Yes,No,No
IA,IOWA,1912750,Glidden-Ralston Comm School District,Box 488,Glidden,51443,No,343,26,2,Yes,Yes,Yes,CHERYL,ROHRBECK,7126592205,crohrbeck@glidden-ralston.k12.ia.us,CHERYL,ROHRBECK,7126592205,crohrbeck@glidden-ralston.k12.ia.us,DIRK,TROUTMAN,7126592205,dtroutman@glidden-ralston.k12.ia.us,No,Yes,Yes,https://www.glidden-ralston.k12.ia.us/media/GR_18_19_Student_Handbook.pdf,No,-9,Yes,Yes,No,No,No,No,Yes,No,0,0,25,0,Yes,-9,-9,-9,Yes,Yes,No,No,No
IA,IOWA,1912810,Graettinger-Terril Comm School District,PO Box  58,Graettinger,51342,No,402,91,3,Yes,Yes,Yes,ANDREW,WOIWOOD,712-859-3286,anwoiw@gt.ratitans.org,MATT,BORCHERS,712-859-3286,maborc@gt.ratitans.org,MATT,BORCHERS,712-859-3286,maborc@gt.ratitans.org,No,Yes,Yes,www.gtschools.k12.ia.us,No,-9,Yes,Yes,No,No,No,Yes,Yes,No,0,11,13,0,Yes,-9,-9,-9,Yes,Yes,No,No,No
IA,IOWA,1913380,H-L-V Comm School District,402 5th St,Victor,52347,No,350,42,2,Yes,Yes,Yes,CORY,LAHNDORF,(319) 647-2161,clahndorf@hlv.k12.ia.us,CORY,LAHNDORF,(319) 647-2161,clahndorf@hlv.k12.ia.us,KARLA,ROBISON,(319) 647-2161,clahndorf@hlv.k12.ia.us,No,Yes,Yes,www.hlv.k12.ia.us,Yes,No,Yes,Yes,Yes,No,No,No,Yes,No,0,0,29,0,No,Yes,Yes,Yes,Yes,No,Yes,No,No
IA,IOWA,1913440,Hamburg Comm School District,309 S Street,Hamburg,51640,No,143,0,2,Yes,Yes,Yes,MIKE,WELLS,(712)382-2017,mwells@hamburgcsd.org,MIKE,WELLS,(712)382-2017,mwells@hamburgcsd.org,MIKE,WELLS,(712)382-2017,mwells@hamburgcsd.org,No,Yes,Yes,http://www.hamburgcsd.org/vnews/display.v/SEC/District%20Information%7CHamburg%20School%20Board%3E%3ESchool%20Board%20Policies,No,-9,Yes,No,No,Yes,No,Yes,Yes,No,0,13,15,0,Yes,-9,-9,-9,Yes,Yes,No,No,No
IA,IOWA,1913530,Harmony Comm School District,33727 Rte J40,Farmington,52626,No,166,0,1,Yes,Yes,Yes,KERRY,PHILLIPS,(319) 592-3600,kerry.phillips@harmonycsd.org,KERRY,PHILLIPS,(319) 592-3600,kerry.phillips@harmonycsd.org,KERRY,PHILLIPS,(319) 592-3600,kerry.phillips@harmonycsd.org,No,Yes,Yes,https://99c8372f-a-30fb0379-s-sites.googlegroups.com/a/harmonycsd.org/district/district/school-board-1/board-policies/502.12-%20Anti-Bullying-Harassment%20Policy.pdf?attachauth=ANoY7crQg20o8vUaLbcLeYlEpMWwXE3SiLHNWHgVsA7lYnMBwmJvtYk5oV7rXNWg3Dk-5AMIDechR,No,-9,Yes,Yes,No,No,No,Yes,Yes,No,0,15,14,0,No,Yes,No,Yes,Yes,Yes,No,No,No
IA,IOWA,1914310,Hubbard-Radcliffe Comm School District,PO Box  129,Hubbard,50122,No,392,220,2,Yes,Yes,Yes,ADAM,ZELLMER,7128986873,azellmer@southhardin.org,ADAM,ZELLMER,7128986873,azellmer@southhardin.org,ADAM,ZELLMER,7128986873,azellmer@southhardin.org,No,Yes,Yes,https://drive.google.com/file/d/1ZGM1Qenr4fIVUmazO_5zxb1iRMppdc0V/view?usp=sharing,No,-9,Yes,No,No,Yes,Yes,Yes,Yes,No,0,10,21,0,Yes,-9,-9,-9,Yes,Yes,No,No,No
IA,IOWA,1915180,Janesville Consolidated School District,Box 478,Janesville,50647,No,432,96,2,Yes,Yes,Yes,CHAD,ANGEL,3199872581,chad.angel@janesvilleschools.net,CHAD,ANGEL,3199872581,chad.angel@janesvilleschools.net,CHAD,ANGEL,3199872581,chad.angel@janesvilleschools.net,No,Yes,Yes,www.janesville.k12.ia.us,Yes,No,Yes,No,No,Yes,Yes,Yes,Yes,No,0,18,33,0,Yes,-9,-9,-9,Yes,Yes,No,No,No
IA,IOWA,1915660,Keota Comm School District,P.O. BOX 88,Keota,52248,No,332,66,2,Yes,Yes,Yes,ALEX,KLOPFENSTEIN,(641) 636-23223,alex.klopfenstein@keota.k12.ia.us,JIM,HENRICH,(641) 636-3491,jim.henrich@keota.k12.ia.us,JIM,HENRICH,(641) 636-3491,jim.henrich@keota.k12.ia.us,No,Yes,Yes,http://www.keota.k12.ia.us/vimages/shared/vnews/stories/54d265e11f20a/100%20series.pdf,No,-9,Yes,No,Yes,No,No,Yes,Yes,No,0,18,21,0,Yes,-9,-9,-9,Yes,Yes,No,No,No
IA,IOWA,1915750,Kingsley-Pierson Comm School District,PO Box  520,Kingsley,51028,No,451,49,4,Yes,Yes,Yes,ROB,WIESE,712-378-2861,rwiese@k-pcsd.org,ROB,WIESE,712-378-2861,rwiese@k-pcsd.org,SCOTT,BAILEY,712-3782861,sbailey@k-pcsd.org,No,Yes,Yes,http://www.k-pcsd.org/anti-bullying-and-harassment-policy.html,No,-9,No,-9,-9,-9,-9,-9,-9,-9,-9,-9,-9,-9,-9,-9,-9,-9,Yes,Yes,No,No,No
IA,IOWA,1916140,Harris-Lake Park Comm School District,Box 8,Lake Park,51347,No,362,19,2,Yes,Yes,Yes,JUDY,BRUEGGEMAN,(712)832-3437,jbrueggeman@hlpcsd.org,ANDY,IRWIN,(712)832-3437,airwin@hlpcsd.org,GREG,HIEMSTRA,(712)832-3809,ghiemstra@hlpcsd.org,No,Yes,Yes,http://www.harris-lp.k12.ia.us/non-discrimination,Yes,No,Yes,No,Yes,Yes,No,Yes,Yes,No,0,1,23,0,Yes,-9,-9,-9,Yes,Yes,No,No,No
IA,IOWA,1916320,Lamoni Comm School District,202 N Walnut St,Lamoni,50140,No,349,22,3,Yes,Yes,Yes,AMANDA,MITCHELL,(641)784-3351,amitchell@lamonischools.org,AMANDA,MITCHELL,(641)784-3351,amitchell@lamonischools.org,AMANDA,MITCHELL,(641)784-3351,amitchell@lamonischools.org,No,Yes,Yes,lamonischools.org,No,-9,Yes,Yes,No,No,No,No,Yes,No,0,0,26,0,Yes,-9,-9,-9,Yes,Yes,No,No,No
IA,IOWA,1916420,Laurens-Marathon Comm School District,300 W. Garfield St.,Laurens,50554,No,168,139,2,Yes,Yes,Yes,SCOTT,WILLIAMSON,(712)841-5000,scottwilliamson@lm.k12.ia.us,SCOTT,WILLIAMSON,(712)841-5000,scottwilliamson@lm.k12.ia.us,SCOTT,WILLIAMSON,(712)841-5000,scottwilliamson@lm.k12.ia.us,No,Yes,Yes,https://drive.google.com/file/d/1QCrdkKnFvXorxy1o4p2R-NM_u4briBI3/view,No,-9,Yes,Yes,No,No,No,Yes,Yes,No,0,1,17,0,No,Yes,Yes,Yes,Yes,Yes,No,No,No
IA,IOWA,1917880,LuVerne Comm School District,PO Box  69,LuVerne,50560,No,61,0,1,Yes,Yes,Yes,TOM,FEY,515-882-3357,tfey@cwl-csd.org,TOM,FEY,515-882-3357,tfey@cwl-csd.org,JON,HUESER,515-882-3357,jhueser@cwl-csd.org,No,Yes,Yes,http://www.luverne.k12.ia.us/docs/district/rev%20104.pdf?id=1563,No,-9,Yes,No,No,Yes,No,No,Yes,No,0,0,4,0,Yes,-9,-9,-9,Yes,Yes,No,No,No
IA,IOWA,1918630,Marcus-Meriden-Cleghorn Comm School District,Box 667,Marcus,51035,No,354,187,2,Yes,Yes,Yes,JASON,TOENGES,(712) 376-4171,jason.toenges@mmcruroyals.org,JASON,TOENGES,(712) 376-4171,jason.toenges@mmcruroyals.org,TOBY,YOUNG,(712) 786-1101,toby.young@mmcruroyals.org,No,Yes,Yes,https://www.mmcruroyals.org/our-district,No,-9,Yes,No,No,No,Yes,No,Yes,No,0,1,34,0,Yes,-9,-9,-9,Yes,Yes,No,No,No
IA,IOWA,1918960,Melcher-Dallas Comm School District,Box 489,Melcher-Dallas,50163,No,367,27,3,Yes,Yes,Yes,RANDY,ALGER,6419473731,algerr@melcher-dallas.k12.ia.us,RANDY,ALGER,6419473731,algerr@melcher-dallas.k12.ia.us,RANDY,ALGER,6419473731,algerr@melcher-dallas.k12.ia.us,No,Yes,Yes,www.melcher-dallascsd.org/vnews/display.v/ART5ae61b86386b?in_archive=1,No,-9,Yes,No,Yes,Yes,Yes,Yes,Yes,Yes,0,17,18,1,Yes,-9,-9,-9,Yes,Yes,No,No,No
IA,IOWA,1919710,Moravia Comm School District,505 N Trussell St,Moravia,52571,No,386,64,2,Yes,Yes,Yes,BRAD,BREON,641-724-3311,brad.breon@moravia.k12.ia.us,BRAD,BREON,641-724-3311,brad.breon@moravia.k12.ia.us,BRAD,BREON,641-724-3311,brad.breon@moravia.k12.ia.us,No,Yes,Yes,www.moravia.k12.ia.us,No,-9,Yes,Yes,No,No,No,No,Yes,No,0,2,17,2,Yes,-9,-9,-9,Yes,Yes,No,No,No
IA,IOWA,1919740,Mormon Trail Comm School District,P.O. Box 156,Humeston,50123,No,250,62,2,Yes,Yes,Yes,BRIDGETTE,STARK,641-443-3425,bstark@mormontrailcsd.org,BRIDGETTE,STARK,641-443-3425,bstark@mormontrailcsd.org,BRIDGETTE,STARK,641-443-3425,bstark@mormontrailcsd.org,No,Yes,No,-9,No,-9,Yes,Yes,No,No,No,Yes,Yes,No,1,10,16,0,Yes,-9,-9,-9,Yes,Yes,No,No,No
IA,IOWA,1919770,Morning Sun Comm School District,PO Box  129,Morning Sun,52640,No,115,116,1,Yes,Yes,Yes,TRACY,ALMELIEN,(319)868-7701,tracy.almelien@mscsd.org,TRACY,ALMELIEN,(319)868-7701,tracy.almelien@mscsd.org,TRACY,ALMELIEN,(319)868-7701,tracy.almelien@mscsd.org,No,Yes,Yes,mscsd.org,Yes,Yes,Yes,No,No,Yes,No,No,Yes,No,0,0,18,0,Yes,-9,-9,-9,Yes,Yes,No,No,No
IA,IOWA,1919800,Moulton-Udell Comm School District,305 E 8th,Moulton,52572,No,192,47,2,Yes,Yes,Yes,SHANE,BROWN,(641) 642-8131,shane.brown@moulton-udell.org,SHANE,BROWN,(641) 642-8131,shane.brown@moulton-udell.org,BRIAN,VANDERSLUIS,(641)642-8131,brian.vandersluis@moulton-udell.org,No,Yes,Yes,https://sites.google.com/a/moulton-udell.org/m-u_district/,No,-9,Yes,Yes,No,No,No,No,Yes,No,0,0,10,0,Yes,-9,-9,-9,Yes,Yes,No,No,No
IA,IOWA,1920100,Murray Comm School District,PO Box 187,Murray,50174,No,328,5,2,Yes,Yes,Yes,DEB,GRAY,641-447-2517 x104,dgray@murraycsd.org,JULIE,TURNER,641-447-2517 X100,jturner@murraycsd.org,JARRETT,BELDEN,641-447-2517 x103,jbelden@murraycsd.org,No,Yes,Yes,https://main.murraycsd.org/home/district,No,-9,Yes,Yes,No,No,No,No,Yes,No,0,0,17,0,Yes,-9,-9,-9,Yes,Yes,No,No,No
IA,IOWA,1920830,North Kossuth Comm School District,PO Box 567,Swea City,50590,No,282,113,2,Yes,Yes,Yes,JULIE,RUNKSMEIER,515-272-4361,julie.runksmeier@nuwarriors.org,JULIE,RUNKSMEIER,515-272-4361,julie.runksmeier@nuwarriors.org,SANDRA,TIGGES,515-272-4361,sandy.tigges@nuwarriors.org,No,Yes,Yes,http://nuwarriors.org/district/incident-harassment-form/,No,-9,Yes,Yes,No,Yes,No,Yes,Yes,Yes,0,8,24,1,Yes,-9,-9,-9,Yes,Yes,No,No,No
IA,IOWA,1921060,North Winneshiek Comm School District,3495 North Winn Road,Decorah,52101,No,75,0,1,Yes,Yes,Yes,TIM,DUGGER,5637355411,TDUGGER@N-WINN.K12.IA.US,TIM,DUGGER,5637355411,TDUGGER@N-WINN.K12.IA.US,TIM,DUGGER,5637355411,TDUGGER@N-WINN.K12.IA.US,No,Yes,Yes,https://docs.google.com/document/d/1bDVixTIehAIzOPm-fydK80VzGcqd72HbaSKeq-v0H-8/edit,No,-9,Yes,No,No,Yes,No,No,Yes,No,0,0,8,0,Yes,-9,-9,-9,Yes,Yes,No,No,No
IA,IOWA,1921120,Northeast Hamilton Comm School District,606 Illinois St,Blairsburg,50034,No,91,112,1,Yes,Yes,Yes,MIKE,KRUGER,515-325-6234,mkruger@ne-hamilton.k12.ia.us,MIKE,KRUGER,515-325-6234,mkruger@ne-hamilton.k12.ia.us,MIKE,KRUGER,515-325-6234,mkruger@ne-hamilton.k12.ia.us,No,Yes,Yes,northeasthamilton.org,Yes,No,Yes,No,Yes,No,No,No,Yes,No,0,14,6,0,Yes,-9,-9,-9,Yes,Yes,No,No,No
IA,IOWA,1921600,Odebolt-Arthur Comm School District,P. O. Box 475,Odebolt,51458,No,369,133,2,Yes,Yes,Yes,KATHY,LEONARD,712-364-2255,kleonard@oabcig.org,KATHY,LEONARD,712-364-2255,kleonard@oabcig.org,KATHY,LEONARD,712-364-2255,kleonard@oabcig.org,No,Yes,Yes,http://www.oabcig.org/upload/DistrictInfo/100_Series_EDUCATIONAL_PHILOSO.pdf,No,-9,Yes,No,No,Yes,No,No,Yes,No,0,0,13,0,Yes,-9,-9,-9,Yes,Yes,No,No,No
IA,IOWA,1921720,Olin Consolidated School District,PO Box 320,Olin,52320,No,80,134,1,Yes,Yes,Yes,LINDSEY,GIVEN,(319)484-2170,lgiven@olin.k12.ia.us,LINDSEY,GIVEN,(319)484-2170,lgiven@olin.k12.ia.us,LINDSEY,GIVEN,(319)484-2170,lgiven@olin.k12.ia.us,No,Yes,Yes,www.olin.k12.ia.us,Yes,Yes,Yes,No,No,No,Yes,No,Yes,No,0,0,9,0,Yes,-9,-9,-9,Yes,Yes,No,No,No
IA,IOWA,1921810,Orient-Macksburg Comm School District,PO Box 129,Orient,50858,No,161,78,2,Yes,Yes,Yes,NORENE,BUNT,(641) 337-5061,norene.bunt@o-mschools.org,NORENE,BUNT,(641) 337-5061,norene.bunt@o-mschools.org,NORENE,BUNT,(641) 337-5061,norene.bunt@o-mschools.org,No,Yes,Yes,https://sites.google.com/a/o-mschools.org/om13/home/nondiscrimination-statements,No,-9,Yes,No,No,No,Yes,Yes,Yes,Yes,0,1,10,1,Yes,-9,-9,-9,Yes,Yes,No,No,No
IA,IOWA,1922380,Paton-Churdan Comm School District,Box 157,Churdan,50050,No,229,0,2,Yes,Yes,Yes,ANNIE,SMITH,5153893111,asmith@paton-churdan.k12.ia.us,ANNIE,SMITH,5153893111,asmith@paton-churdan.k12.ia.us,ANNIE,SMITH,5153893111,asmith@paton-churdan.k12.ia.us,No,Yes,Yes,http://www.paton-churdan.k12.ia.us/assets/images/media/files/2018_2019_Student_Handbook.pdf,No,-9,Yes,No,No,Yes,No,No,Yes,No,0,0,20,0,Yes,-9,-9,-9,Yes,Yes,No,No,No
IA,IOWA,1924120,Remsen-Union Comm School District,511 Roosevelt St,Remsen,51050,No,340,139,2,Yes,Yes,Yes,TOBIAS,YOUNG,712-786-1101,toby.young@mmcruroyals.org,TOBIAS,YOUNG,712-786-1101,toby.young@mmcruroyals.org,TOBIAS,YOUNG,712-786-1101,toby.young@mmcruroyals.org,No,Yes,Yes,www.mmcruroyals.org,No,-9,Yes,No,Yes,No,No,No,Yes,No,0,0,22,0,Yes,-9,-9,-9,Yes,Yes,No,No,No
IA,IOWA,1924150,Riceville Comm School District,912 Woodland Ave,Riceville,50466,No,356,40,2,Yes,Yes,Yes,CORY,SCHUMANN,641-985-2288,cschumann@riceville.k12.ia.us,CORY,SCHUMANN,641-985-2288,cschumann@riceville.k12.ia.us,MELISSA,HOCKEN,641-985-2288,mhocken@riceville.k12.ia.us,No,Yes,Yes,https://docs.google.com/document/d/1W7JcqoFfSAa1SGuDlGzzgwzC0QjXadhot_u1hY53LBM/edit?usp=sharing,No,-9,Yes,No,Yes,Yes,No,Yes,Yes,Yes,0,1,25,1,Yes,-9,-9,-9,Yes,Yes,No,No,No
IA,IOWA,1924960,Rudd-Rockford-Marble Rk Comm School District,PO Box  218,Rockford,50468,No,458,45,2,Yes,Yes,Yes,NICK,JOHNSON,641-756-3813,njohnson@rockford.k12.ia.us,NICK,JOHNSON,641-756-3813,njohnson@rockford.k12.ia.us,NICK,JOHNSON,641-756-3813,njohnson@rockford.k12.ia.us,No,Yes,Yes,www.rockford.k12.ia.us,No,-9,Yes,No,No,No,Yes,Yes,Yes,No,0,15,23,0,Yes,-9,-9,-9,Yes,Yes,No,No,No
IA,IOWA,1925050,Ruthven-Ayrshire Comm School District,PO Box  159,Ruthven,51358,No,195,61,2,Yes,Yes,Yes,ANDREW,WOIWOOD,712-837-5211,anwoiw@gt.ratitans.org,MATT,BORCHERS,712-837-5211,maborc@gt.ratitans.org,MATT,BORCHERS,712-837-5211,maborc@gt.ratitans.org,No,Yes,Yes,www.ruthven.k12.ia.us,No,-9,Yes,No,Yes,No,No,Yes,Yes,No,0,1,10,0,Yes,-9,-9,-9,Yes,Yes,No,No,No
IA,IOWA,1925380,Schaller-Crestland Comm School District,P.O. Box 249,Schaller,51053,No,387,116,2,Yes,Yes,Yes,JAROD,MOZER,(712)275-4266,jmozer@rvraptors.org,JAROD,MOZER,(712)275-4266,jmozer@rvraptors.org,JAROD,MOZER,(712)275-4266,jmozer@rvraptors.org,No,Yes,Yes,https://rvraptors.org/wp-content/uploads/2016/12/104-anti-bullying-anti-harassment-policy-sc.pdf,No,-9,Yes,Yes,Yes,No,Yes,Yes,Yes,No,0,21,24,0,Yes,-9,-9,-9,Yes,Yes,No,No,No
IA,IOWA,1925410,Schleswig Comm School District,PO Box 250,Schleswig,51461,No,165,120,2,Yes,Yes,Yes,JULIA,MOGENSEN,(712)676-3313,juliamogensen@schleswig.k12.ia.us,JULIA,MOGENSEN,(712)676-3313,juliamogensen@schleswig.k12.ia.us,JULIA,MOGENSEN,(712)676-3313,juliamogensen@schleswig.k12.ia.us,No,Yes,Yes,http://www.schleswig.k12.ia.us/Upload_Documents/104%20Anti-BullyingAnti-Harassment%20Policy.pdf,No,-9,Yes,No,No,Yes,No,No,Yes,No,0,0,0,0,Yes,-9,-9,-9,Yes,Yes,No,No,No
IA,IOWA,1925620,Seymour Comm School District,100 South Park,Seymour,52590,No,257,57,2,Yes,Yes,Yes,BRAD,BREON,641-898-2291,brad.breon@seymourcsd.com,BRAD,BREON,641-898-2291,brad.breon@seymourcsd.org,BRAD,BREON,641-898-2291,brad.breon@seymourcsd.org,No,Yes,No,-9,No,-9,Yes,Yes,No,Yes,No,Yes,Yes,Yes,0,7,11,4,Yes,-9,-9,-9,Yes,Yes,No,No,No
IA,IOWA,1926670,South Page Comm School District,Box 98,College Springs,51637,No,155,92,2,Yes,Yes,Yes,RHONDA,SHELDON,(712) 582-3212,rsheldon@southpageschools.com,RHONDA,SHELDON,(712) 582-3212,rsheldon@southpageschools.com,RHONDA,SHELDON,(712) 582-3212,rsheldon@southpageschools.com,No,Yes,Yes,https://www.southpageschools.com/vnews/display.v/SEC/Non-Discrimination%20Notice,No,-9,Yes,No,Yes,No,Yes,Yes,Yes,Yes,0,5,15,2,Yes,-9,-9,-9,Yes,Yes,No,No,No
IA,IOWA,1927060,Springville Comm School District,400 Academy St,Springville,52336,No,419,74,2,Yes,Yes,Yes,PAT,HOCKING,(319)854-6196 x1001,phocking@springville.k12.ia.us,PAT,HOCKING,(319)854-6196 x1001,phocking@springville.k12.ia.us,MELISSA,MURPHY,(319)854-6196 x1020,mmurphy@springville.k12.ia.us,No,Yes,Yes,http://springville.isfis.net/policy/50211-student-anti-bullyingharassment-policy,No,-9,Yes,No,Yes,Yes,Yes,Yes,Yes,Yes,0,16,33,1,Yes,-9,-9,-9,Yes,Yes,No,No,No
IA,IOWA,1927240,Stanton Comm School District,PO Box 400,Stanton,51573,No,234,0,2,Yes,Yes,Yes,SHEILA,MAINQUIST,712-829-2162,smainquist@stantonschools.com,SHEILA,MAINQUIST,712-829-2162,smainquist@stantonschools.com,SHEILA,MAINQUIST,712-829-2162,smainquist@stantonschools.com,No,Yes,Yes,www.stantonschools.com,No,-9,No,-9,-9,-9,-9,-9,-9,-9,-9,-9,-9,-9,-9,-9,-9,-9,Yes,Yes,No,No,No
IA,IOWA,1927480,Stratford Comm School District,PO Box  190,Stratford,50249,No,82,82,1,Yes,Yes,Yes,JOSH,CULBERSON,(515)838-2208,jculberson@stratford.k12.ia.us,JOSH,CULBERSON,(515)838-2208,jculberson@stratford.k12.ia.us,JOSH,CULBERSON,(515)838-2208,jculberson@stratford.k12.ia.us,No,Yes,Yes,https://drive.google.com/file/d/1-kz_7aQOeHQoKDU0AGQvWIOoeN746W4-/view,No,-9,Yes,No,No,Yes,No,No,Yes,No,0,0,9,0,Yes,-9,-9,-9,Yes,Yes,No,No,No
IA,IOWA,1928020,Tri-County Comm School District,PO Box 17,Thornburg,50255,No,251,55,3,Yes,Yes,Yes,CHAD,STRAIGHT,641-634-2634,chad.straight@tri-countyschools.com,CHAD,STRAIGHT,641-634-2634,chad.straight@tri-countyschools.com,CHAD,STRAIGHT,641-634-2634,chad.straight@tri-countyschools.com,No,Yes,Yes,www.tri-countyschools.com,Yes,Yes,Yes,Yes,No,No,No,No,Yes,No,0,1,6,0,Yes,-9,-9,-9,Yes,Yes,No,No,No
IA,IOWA,1928050,Tripoli Comm School District,209 8th Ave SW,Tripoli,50676,No,421,55,2,Yes,Yes,Yes,KARA,MARSH,319-882-4202,marshk@tripoli.k12.ia.us,KARA,MARSH,319-882-4202,marshk@tripoli.k12.ia.us,KARA,MARSH,319-882-4202,marshk@tripoli.k12.ia.us,No,Yes,Yes,http://www.tripoli.k12.ia.us/vimages/shared/vnews/stories/5058956ae6363/100%20Series--8-15-18-TOC.pdf,No,-9,Yes,No,Yes,No,Yes,Yes,Yes,No,0,8,22,0,Yes,-9,-9,-9,Yes,Yes,No,No,No
IA,IOWA,1928110,Turkey Valley Comm School District,3219 St Hwy 24,Jackson Junction,52171,No,361,69,2,Yes,Yes,Yes,CAROL,KNOLL,(563)776-6011 x1015,cknoll@turkey-v.k12.ia.us,CAROL,KNOLL,(563)776-6011 x1015,cknoll@turkey-v.k12.ia.us,CAROL,KNOLL,(563)776-6011 x1015,cknoll@turkey-v.k12.ia.us,No,Yes,Yes,http://www.turkeyvalleyschool.com/uploads/PDF_File_13249459.pdf,Yes,No,Yes,No,Yes,Yes,No,Yes,Yes,No,0,16,22,0,Yes,-9,-9,-9,Yes,Yes,No,No,No
IA,IOWA,1928170,Twin Cedars Comm School District,2204 Highway G71,Bussey,50044,No,368,48,2,Yes,Yes,Yes,DAVE,ROBY,(641)944-5243 x225,droby@twincedarscsd.org,DAVE,ROBY,(641)944-5243 x225,droby@twincedarcsd.org,DAVE,ROBY,(641)944-5243 x225,droby@twincedarscsd.org,No,Yes,Yes,https://drive.google.com/open?id=1DoGQSsTDCB_a2tK8H7r0ncjuzq4zdgWLH_UsjhDeYxY,No,-9,Yes,Yes,No,No,Yes,Yes,Yes,Yes,0,10,15,1,Yes,-9,-9,-9,Yes,Yes,No,No,No
IA,IOWA,1928200,Twin Rivers Comm School District,PO Box  153,Bode,50519,No,56,1,1,Yes,Yes,Yes,LISA,THUL,515-332-1330,lthul@humboldt.k12.ia.us,LISA,THUL,515-332-1330,lthul@humboldt.k12.ia.us,MARK,WENZEL,515-379-1309,mwenzel@tr.k12.ia.us,No,Yes,Yes,www.tr.k12.ia.us,No,-9,Yes,No,No,No,Yes,Yes,Yes,No,0,7,6,0,Yes,-9,-9,-9,Yes,No,Yes,No,No
IA,IOWA,1928560,United Comm School District,1284 U Ave,Boone,50036,No,351,0,2,Yes,Yes,Yes,JOHN,CHALSTROM,515-432-5319,jchalstrom@united.k12.ia.us,JOHN,CHALSTROM,515-432-5319,jchalstrom@united.k12.ia.us,CONNIE,KOCKEMILLER,515-432-5319,ckockemiller@united.k12.ia.us,No,Yes,Yes,https://www.unitedcomets.org/vimages/shared/vnews/stories/531d0fb890290/Board%20Policies%20Series%20100%20Aug%202015.pdf,No,-9,Yes,No,Yes,Yes,Yes,Yes,Yes,Yes,0,12,49,5,Yes,-9,-9,-9,Yes,Yes,No,No,No
IA,IOWA,1928710,Valley Comm School District,23493 Canoe Rd,Elgin,52141,No,397,136,2,Yes,Yes,Yes,DUANE,WILLHITE,(563)422-3851,dwillhite@nfv.k12.ia.us,DUANE,WILLHITE,(563)422-3851,dwillhite@nfv.k12.ia.us,MICAH,GEARHART,(563)426-5551,mgearhart@nfv.k12.ia.us,No,Yes,Yes,www.nfvschools.com,No,-9,Yes,No,Yes,No,No,No,Yes,No,1,21,30,0,Yes,-9,-9,-9,Yes,Yes,No,No,No
IA,IOWA,1929280,Villisca Comm School District,406 East Third Street,Villisca,50864,No,280,122,2,Yes,Yes,Yes,CHRIS,FENSTER,7128262552,cfenster@villiscaschools.org,CHRIS,FENSTER,7128262552,cfenster@villiscaschools.org,LORA,TOP,7128262552,ltop@villiscaschools.org,Yes,Yes,Yes,www.swvalley.org,No,-9,Yes,Yes,No,No,No,No,Yes,No,0,0,12,0,No,Yes,Yes,Yes,Yes,Yes,No,No,No
IA,IOWA,1930720,West Bend-Mallard Comm School District,PO Box 247,West Bend,50597,No,320,47,3,Yes,Yes,Yes,AMANDA,SCHMIDT,515-887-7821,schmidt@west-bend.k12.ia.us,AMANDA,SCHMIDT,515-887-7821,schmidt@west-bend.k12.ia.us,AMANDA,SCHMIDT,515-887-7821,schmidt@west-bend.k12.ia.us,No,Yes,No,-9,No,-9,Yes,No,No,Yes,No,No,Yes,No,0,0,15,0,Yes,-9,-9,-9,Yes,Yes,No,No,No
IA,IOWA,1930870,West Central Comm School District,PO Box  54,Maynard,50655,No,278,46,2,Yes,Yes,Yes,FRED,MATLAGE,563-637-2283,fmatlage@wc.k12.ia.us,FRED,MATLAGE,563-637-2283,fmatlage@wc.k12.ia.us,STEVE,MILDER,563-637-2283,smilder@wc.k12.ia.us,No,Yes,Yes,http://www.westcentral.school/District/1132-Board-of-Education.html,No,-9,Yes,Yes,Yes,No,Yes,Yes,Yes,No,0,6,14,0,No,Yes,Yes,Yes,Yes,Yes,No,Yes,No
IA,IOWA,1930960,West Harrison Comm School District,410 Pine St,Mondamin,51557,No,330,0,2,Yes,Yes,Yes,JULIE,TREPA,7126462231,jtrepa@w-harrison.k12.ia.us,JULIE,TREPA,7126462231,jtrepa@w-harrison.k12.ia.us,BRANDT,SNAKENBERG,7126462231,bsnakenberg@w-harrison.k12.ia.us,No,Yes,Yes,https://core-docs.s3.amazonaws.com/documents/asset/uploaded_file/272053/104.pdf,No,-9,Yes,Yes,No,Yes,No,No,Yes,Yes,0,3,20,1,Yes,-9,-9,-9,Yes,Yes,No,No,No
IA,IOWA,1931620,Whiting Comm School District,Box 295,Whiting,51063,No,211,59,2,Yes,Yes,Yes,AL,LABORANTI,712-455-2468,alaboranti@whitingcsd.org,AL,LABORANTI,712-455-2468,alaboranti@whitingcsd.org,SUZANNE,BARTELS,712-455-2468,sbartels@whitingcsd.org,No,Yes,Yes,whitingcsd.org,No,-9,Yes,No,Yes,No,No,No,Yes,Yes,0,0,10,1,Yes,-9,-9,-9,Yes,No,Yes,No,No
IA,IOWA,1999007,Central Rivers AEA,1521 Technology Parkway,Cedar Falls,50613,No,106,0,1,Yes,Yes,Yes,KARL,KURT,(319)273-8245,kkurt@centralriversaea.org,KARL,KURT,(319)273-8245,kkurt@centralriversaea.org,KARL,KURT,(319)273-8245,kkurt@centralriversaea.org,No,Yes,Yes,www.centralriversaea.org,No,-9,Yes,Yes,No,No,No,No,No,No,0,0,1,0,No,Yes,No,No,Yes,Yes,No,No,No
IA,IOWA,1999088,Eldora State Training School for Boys,3211 Edgington Ave.,Eldora,50627,Yes,93,0,1,Yes,Yes,Yes,LYNN,ALLBEE,(641)858-5402 x1125,lallbee@dhs.state.ia.us,LYNN,ALLBEE,(641)858-5402 x1125,lallbee@dhs.state.ia.us,JOEL,WEEKS,(641)858-5402 x2586,jweeks1@dhs.state.ia.us,No,Yes,No,-9,No,-9,No,-9,-9,-9,-9,-9,-9,-9,-9,-9,-9,-9,-9,-9,-9,-9,No,-9,-9,-9,-9
IA,IOWA,1999089,MHI Independence Schools,2277 Iowa Avenue,Independence,50644,No,15,0,1,Yes,Yes,Yes,CHARLES,MCCARDLE,319-334-5277,cmccard@dhs.state.ia.us,CHARLES,MCCARDLE,319-334-5277,cmccard@dhs.state.ia.us,CHARLES,MCCARDLE,319-334-5277,cmccard@dhs.state.ia.us,No,Yes,No,-9,No,-9,No,-9,-9,-9,-9,-9,-9,-9,-9,-9,-9,-9,-9,-9,-9,-9,No,-9,-9,-9,-9
IA,IOWA,19SOP02,IOWA SCHOOL FOR THE DEAF,3501 HARRY LANGDON BOULEVARD,COUNCIL BLUFFS,51503,No,94,0,1,Yes,Yes,Yes,JOHN,COOL,712-366-0571,jcool@iowaschoolforthedeaf.org,JOHN,COOL,712-366-0571,jcool@iowaschoolforthedeaf.org,JOHN,COOL,712-366-0571,jcool@iowaschoolforthedeaf.org,No,Yes,Yes,https://www.iowaschoolforthedeaf.org/wp-content/uploads/2018/06/2018-HS-Handbook.pdf,Yes,No,Yes,Yes,No,Yes,No,No,No,No,1,3,1,1,Yes,-9,-9,-9,No,-9,-9,-9,-9
