State Postal Code,State FIPS Code,District ID,Name,Estimated Total Population,Estimated Population 5-17,Estimated number of relevant children 5 to 17 years old in poverty who are related to the householder
IA,19,3090,Adair-Casey Community School District,1899,336,39
IA,19,3220,Akron-Westfield Community School District,3119,530,37
IA,19,31,Albert City-Truesdale Community School District,1455,253,25
IA,19,3300,Alburnett Community School District,3448,608,35
IA,19,32,Alden Community School District,1522,240,30
IA,19,3780,Ar-We-Va Community School District,2077,376,38
IA,19,4020,Aurelia Community School District,1559,254,22
IA,19,4380,Baxter Community School District,1909,372,20
IA,19,4740,Bennett Community School District,1315,233,16
IA,19,9570,Boyer Valley Community School District,2613,424,39
IA,19,5970,Cal Community School District,1528,259,29
IA,19,6780,Central City Community School District,2996,515,30
IA,19,6840,Central Community School District,3331,485,36
IA,19,7110,Charter Oak-Ute Community School District,1869,286,37
IA,19,7440,Clarksville Community School District,2127,405,19
IA,19,7470,Clay Central-Everly Community School District,2243,390,38
IA,19,7900,Collins-Maxwell Community School District,2982,581,26
IA,19,7920,Colo-Nesco Community School District,3219,564,34
IA,19,8550,Danville Community School District,2627,462,31
IA,19,8880,Delwood Community School District,1169,219,19
IA,19,8940,Denver Community School District,3933,741,43
IA,19,9060,Diagonal Community School District,742,122,33
IA,19,9540,Dunkerton Community School District,2600,522,45
IA,19,9600,Durant Community School District,3084,549,36
IA,19,10050,Earlham Community School District,3194,696,33
IA,19,11040,Essex Community School District,1276,211,24
IA,19,12120,Fremont-Mills Community School District,2294,395,38
IA,19,60,GMG Community School District,1817,312,34
IA,19,12230,Galva-Holstein Community School District,2594,463,36
IA,19,12480,George-Little Rock Community School District,2713,516,40
IA,19,12600,Gilmore City-Bradgate Community School District,891,128,21
IA,19,12750,Glidden-Ralston Community School District,1836,340,26
IA,19,12810,Graettinger-Terril Community School District,2395,389,40
IA,19,13380,H-L-V Community School District,2134,352,27
IA,19,13440,Hamburg Community School District,1598,238,40
IA,19,16140,Harris-Lake Park Community School District,1834,296,20
IA,19,14010,Highland Community School District,3818,686,40
IA,19,14160,Hinton Community School District,3041,581,42
IA,19,14310,Hubbard-Radcliffe Community School District,2598,377,42
IA,19,15180,Janesville Consolidated School District,2430,397,13
IA,19,15750,Kingsley-Pierson Community School District,2510,455,41
IA,19,16440,Lawton-Bronson Community School District,3324,672,31
IA,19,17460,Logan-Magnolia Community School District,3001,549,37
IA,19,17550,Lone Tree Community School District,2561,505,33
IA,19,17880,Lu Verne Community School District,1484,202,25
IA,19,18180,Madrid Community School District,3609,637,42
IA,19,18630,Marcus-Meriden-Cleghorn Community School District,2668,445,33
IA,19,18750,Martensdale-St. Marys Community School District,3003,554,28
IA,19,19710,Moravia Community School District,2002,312,45
IA,19,19770,Morning Sun Community School District,1216,198,21
IA,19,20100,Murray Community School District,1534,309,45
IA,19,20910,North Polk Community School District,7087,1476,43
IA,19,21000,North Tama County Community School District,2996,496,42
IA,19,21060,North Winneshiek Community School District,1799,296,29
IA,19,21090,Northeast Community School District,2885,531,35
IA,19,21120,Northeast Hamilton Community School District,1394,233,28
IA,19,21600,Odebolt-Arthur Community School District,1891,321,30
IA,19,21720,Olin Consolidated School District,1515,246,22
IA,19,21810,Orient-Macksburg Community School District,1303,212,28
IA,19,22380,Paton-Churdan Community School District,1105,178,19
IA,19,24120,Remsen-Union Community School District,3011,591,35
IA,19,25050,Ruthven-Ayrshire Community School District,1462,276,27
IA,19,25380,Schaller-Crestland Community School District,2151,393,45
IA,19,25410,Schleswig Community School District,1657,310,27
IA,19,26640,South Hamilton Community School District,3676,652,40
IA,19,26670,South Page Community School District,1385,191,39
IA,19,26850,Southeast Warren Community School District,3311,609,28
IA,19,27060,Springville Community School District,2632,469,17
IA,19,27240,Stanton Community School District,1096,169,11
IA,19,27480,Stratford Community School District,1261,194,20
IA,19,27960,Treynor Community School District,3019,661,22
IA,19,27990,Tri-Center Community School District,3624,706,36
IA,19,28050,Tripoli Community School District,2597,486,32
IA,19,28110,Turkey Valley Community School District,2935,478,42
IA,19,28200,Twin Rivers Community School District,1127,195,27
IA,19,28560,United Community School District,2289,366,26
IA,19,29010,Van Meter Community School District,3581,784,17
IA,19,30870,West Central Community School District,1738,296,43
IA,19,31470,Westwood Community School District,3293,589,33
IA,19,31620,Whiting Community School District,1099,174,17
IA,19,31830,Winfield-Mount Union Community School District,1880,361,43
IA,19,31950,Woodbury Central Community School District,2858,595,35
