AL,ALABAMA,100005,Albertville City,107 W Main St,Albertville,35950,No,5445,0,6,Yes,Yes.1,Yes.2,TIMOTHY,TIDMORE,256-891-1183,ttidmore@albertk12.org,TIMOTHY.1,TIDMORE.1,256-891-1183.1,ttidmore@albertk12.org.1,TIMOTHY.2,TIDMORE.2,256-891-1183.2,ttidmore@albertk12.org.2,No.1,Yes.3,Yes.4,www.albertk12.org/apps/pages/index.jsp?uREC_ID=368921&type=d&termREC_ID=&pREC_ID=689254,Yes.5,No.2,Yes.6,Yes.7,Yes.8,Yes.9,No.3,No.4,Yes.10,No.5,1,6.1,127,0.1,Yes.11,-9,-9.1,-9.2,Yes.12,Yes.13,No.6,No.7,No.8
WI,WISCONSIN,5500018,Brown Co CDEB,755 Scheuring Rd,De Pere,54115,No,191,0,1,Yes,Yes,Yes,KIM,ANDERL,920-336-5754,kanderl@syblehopp.org,KIM,ANDERL,920-336-5754,kanderl@syblehopp.org,KIM,ANDERL,920-336-5754,kanderl@syblehopp.org,No,Yes,Yes,www.syblehopp.org,Yes,No,No,-9,-9,-9,-9,-9,-9,-9,-9,-9,-9,-9,-9,-9,-9,-9,No,-9,-9,-9,-9
WI,WISCONSIN,5500021,Walworth Co CDEB,W3905 County Road NN,Elkhorn,53121,No,187,0,1,Yes,Yes,Yes,TRACY,MOATE,(262) 741-4118,tmoate@co.walworth.wi.us,TRACY,MOATE,(262) 741-4118,tmoate@co.walworth.wi.us,TRACY,MOATE,(262) 741-4118,tmoate@co.walworth.wi.us,No,Yes,Yes,http://www.co.walworth.wi.us/Lakeland%20School/Lakeland%20School/pdfs/STUDENT%20HANDBOOK.pdf,No,-9,Yes,No,No,Yes,No,No,No,No,0,2,3,0,No,Yes,No,No,Yes,Yes,No,No,No
WI,WISCONSIN,5500035,Wisconsin Department of Corrections,3099 E Washington Ave,Madison,53704,Yes,153,0,3,Yes,Yes,Yes,DANIELLE,MICHLIG,(715)536-8386 x1203,Danielle.Michlig@wisconsin.gov,DANIELLE,MICHLIG,(715)536-8386 x1203,Danielle.Michlig@wisconsin.gov,DANIELLE,MICHLIG,(715)536-8386 x1203,Danielle.Michlig@wisconsin.gov,No,Yes,Yes,https://doc.wi.gov/pages/SearchResults.aspx?q=harassment,No,-9,No,-9,-9,-9,-9,-9,-9,-9,-9,-9,-9,-9,-9,-9,-9,-9,No,-9,-9,-9,-9
WI,WISCONSIN,5500036,Wisconsin Department of Health Services,1 W Wilson St Rm 418,Madison,53702,Yes,77,0,5,Yes,Yes,Yes,ELISABETH,PENTONY,6082665525,elisabeth.pentony@dhs.wisconsin.gov,ELISABETH,PENTONY,6082665525,elisabeth.pentony@dhs.wisconsin.gov,ELISABETH,PENTONT,6082665525,elisabeth.pentony@dhs.wisconsin.gov,No,Yes,No,-9,Yes,Yes,Yes,Yes,No,No,No,Yes,Yes,Yes,0,0,0,0,Yes,-9,-9,-9,Yes,Yes,No,No,No
WI,WISCONSIN,5500037,Wisconsin Dept of Public Instruction,PO Box 7841,Madison,53707,No,154,0,2,Yes,Yes,Yes,DENISE,KOHOUT,(608)266-0282,denise.kohout@dpi.wi.gov,DENISE,KOHOUT,(608)266-0282,denise.kohout@dpi.wi.gov,DENISE,KOHOUT,(608)266-0282,denise.kohout@dpi.wi.gov,No,Yes,Yes,https://dpi.wi.gov/crc,No,-9,Yes,Yes,No,Yes,No,No,No,Yes,0,0,5,3,Yes,-9,-9,-9,Yes,Yes,No,Yes,No
WI,WISCONSIN,5500039,Downtown Montessori Agency,2507 S Graham St,Milwaukee,53207,No,285,0,1,Yes,Yes,Yes,ELIZABETH,BECERRA,4147446005,lbecerra@downtownmontessori.com,ELIZABETH,BECERRA,4147446005,lbecerra@downtownmontessori.com,VIRGINIA,FLYNN,4147446005,vflynn@downtownmontessori.com,No,Yes,Yes,http://downtownmontessori.com/wp-content/uploads/2011/08/Parent_Student_Handbook_17-18-2.pdf,No,-9,Yes,No,No,Yes,No,Yes,Yes,No,0,23,47,0,Yes,-9,-9,-9,Yes,Yes,No,No,No
WI,WISCONSIN,5500041,Central City Cyberschool,4301 N 44th St,Milwaukee,53216,No,413,0,1,Yes,Yes,Yes,JESSICA,SZYMANSKI,414-444-2330,jszymanski@cyberschool-milwaukee.org,JESSICA,SZYMANSKI,414-444-2330,jszymasnki@cyberschool-milwaukee.org,JESSICA,SZYMANSKI,414-444-2330,jszymansk@cbyerschool-milwaukee.org,No,Yes,No,-9,No,-9,Yes,Yes,No,No,No,No,Yes,Yes,0,0,21,2,No,Yes,Yes,Yes,Yes,Yes,No,No,No
WI,WISCONSIN,5500043,School for Early Development and Achievement (SEDA) Agency,2020 W Wells St,Milwaukee,53233,No,81,0,1,Yes,Yes,Yes,ALVIN,HILL,414-937-2156,ALHILL@MCFI.NET,ALVIN,HILL,414-937-2156,ALHILL@MCFI.NET,ALVIN,HILL,414-937-2156,ALHILL@MCFI.NET,No,Yes,Yes,https://www.mcfi.net/SEDA,No,-9,Yes,Yes,No,No,No,Yes,Yes,Yes,0,4,19,20,Yes,-9,-9,-9,Yes,Yes,No,No,No
WI,WISCONSIN,5500047,Darrell Lynn Hines Academy Agency,7151 86th St,Milwaukee,53224,No,286,0,1,Yes,Yes,Yes,PRECIOUS,WASHINGTON,(414) 358-3542,pwashington@dlha.org,PRECIOUS,WASHINGTON,(414) 358-3542,pwashington@dlha.org,PRECIOUS,WASHINGTON,(414) 358-3542,pwashington@dlha.org,No,Yes,Yes,www.dlhacademy.org,No,-9,Yes,Yes,No,No,No,No,Yes,Yes,0,0,17,1,Yes,-9,-9,-9,Yes,Yes,No,No,No
WI,WISCONSIN,5500056,Gresham School District,501 Schabow St,Gresham,54128,No,300,0,2,Yes,Yes,Yes,NEWELL,HAFFNER,715-787-3211,haffn@gresham.k12.wi.us,NEWELL,HAFFNER,715-787-3211,haffn@gresham.k12.wi.us,NEWELL,HAFFNER,715-787-3211,haffn@gresham.k12.wi.us,No,Yes,Yes,www.gresham.k12.wi.us,No,-9,Yes,No,No,Yes,No,No,Yes,No,0,3,17,0,Yes,-9,-9,-9,Yes,Yes,No,No,No
WI,WISCONSIN,5500066,Milwaukee Collegiate Academy Agency,4030 N 29th St,Milwaukee,53216,No,287,0,1,Yes,Yes,Yes,PHILIP,SMITH,4148734014,p.smith@milwaukeecollegiateacademy.org,SCOTT,WEIGEL,4148734014,s.weigel@milwaukeecollegiateacademy.org,LINDA,BALDUS,"262.787.9500, ext. 9610",lbaldus@cesa1.k12.wi.us,No,Yes,Yes,https://milwaukeecollegiateacademy.org/parents-2/mca-family-handbook/,No,-9,No,-9,-9,-9,-9,-9,-9,-9,-9,-9,-9,-9,-9,-9,-9,-9,No,-9,-9,-9,-9
WI,WISCONSIN,5500067,Milwaukee Math and Science Academy Agency,110 W Burleigh St,Milwaukee,53212,No,330,0,1,Yes,Yes,Yes,ALPER,AKYUREK,4142636400,aakyurek@mmsacademy.org,ALPER,AKYUREK,4142636400,aakyurek@mmsacademy.org,ALPER,AKYUREK,4142636400,aakyurek@mmsacademy.org,No,Yes,Yes,http://www.mmsacademy.org/parent-student-handbook/,No,-9,Yes,Yes,No,No,No,No,Yes,Yes,0,0,21,33,Yes,-9,-9,-9,Yes,Yes,No,No,No
WI,WISCONSIN,5500069,Escuela Verde Agency,3628 W Pierce St,Milwaukee,53215,No,109,0,1,Yes,Yes,Yes,GEORGE,GIANNARAS,414-988-7960,george@escuelaverde.org,GEORGE,GIANNARAS,414-988-7960,george@escuelaverde.org,GEORGE,GIANNARAS,414-988-7960,george@escuelaverde.org,No,Yes,Yes,http://parents.escuelaverde.org/Student%20Handbook%2018-19%207.29.18.pdf,No,-9,No,-9,-9,-9,-9,-9,-9,-9,-9,-9,-9,-9,-9,-9,-9,-9,No,-9,-9,-9,-9
WI,WISCONSIN,5500070,Woodlands School East Agency,3121 W State St,Milwaukee,53208,No,273,0,1,Yes,Yes,Yes,TOMMIE,MYLES,414-937-2000,tommie.myles@woodlands-school.org,TOMMIE,MYLES,414-937-2000,ommie.myles@woodlands-school.org,TOMMIE,MYLES,414-937-2000,ommie.myles@woodlands-school.org,No,Yes,No,-9,No,-9,Yes,Yes,Yes,No,Yes,No,Yes,Yes,0,0,30,1,Yes,-9,-9,-9,Yes,Yes,No,No,No
WI,WISCONSIN,5500073,La Casa de Esperanza Charter School Agency,410 Arcadian Ave,Waukesha,53186,No,144,0,1,Yes,Yes,Yes,MARIA,AYALA,2624469903,MAYALA@LACASADEESPERANZA.ORG,MARIA,AYALA,262-446-9903,MAYALA@LACASADEESPERANZA.ORG,MARIA,AYALA,262-446-9903,MAYALA@LACASADEESPERANZA.ORG,No,Yes,No,-9,No,-9,Yes,Yes,No,No,No,No,Yes,No,0,3,39,0,Yes,-9,-9,-9,No,-9,-9,-9,-9
WI,WISCONSIN,5500075,Herman-Neosho-Rubicon School District,201 Center Street,Neosho,53509,No,345,0,2,Yes,Yes,Yes,DENNIS,KACZOR,(920) 625-3531 x1101,dkaczor@hnrschools.org,DENNIS,KACZOR,(920) 625-3531 x1101,dkaczor@hnrschools.org,DENNIS,KACZOR,(920) 625-3531 x1101,dkaczor@hnrschools.org,No,Yes,No,-9,No,-9,Yes,No,Yes,Yes,No,No,Yes,Yes,0,0,35,30,Yes,-9,-9,-9,Yes,Yes,No,No,No
WI,WISCONSIN,5500076,Stellar Collegiate Charter School Agency,1115 S 7th St,Milwaukee,53204,No,120,0,1,Yes,Yes,Yes,CRISTINA,MOUTINHO,262-372-2168,cmoutinho@stellarcollegiate.org,PATRICK,MOONEY,414-465-2496,pmooney@stellarcollegiate.org,MELISSA,MCGONEGLE,414-465-2460,mmcgonegle@stellarcollegiate.org,No,Yes,No,-9,No,-9,No,-9,-9,-9,-9,-9,-9,-9,-9,-9,-9,-9,-9,-9,-9,-9,Yes,Yes,No,No,No
WI,WISCONSIN,5500077,United Community Center Acosta Middle School Agency,1028 S 9th St,Milwaukee,53204,No,114,0,1,Yes,Yes,Yes,SANTIAGO,NAVARRO,414-647-2518,santiagon@unitedcc.org,SANTIAGO,NAVARRO,414-647-2518,santiagon@unitedcc.org,SANTIAGO,NAVARRO,414-704-0845,santiagon@unitedcc.org,No,Yes,Yes,www.unitedcc.org,No,-9,No,-9,-9,-9,-9,-9,-9,-9,-9,-9,-9,-9,-9,-9,-9,-9,No,-9,-9,-9,-9
WI,WISCONSIN,5500078,Penfield Montessori Academy Agency,1441 N 24th St,Milwaukee,53205,No,109,0,1,Yes,Yes,Yes,KATHLEEN,RONCO,4149992339,kathyronco@penfieldmontessori.org,KATHLEEN,RONCO,4149992339,kathyronco@penfieldmontessori.org,NICOLA,CIURRO,4149992330,nicolaciurro@penfieldmontessori.org,No,Yes,No,-9,No,-9,Yes,Yes,No,Yes,No,Yes,Yes,Yes,0,38,31,20,Yes,-9,-9,-9,Yes,Yes,No,No,No
WI,WISCONSIN,5500079,Pathways High Agency,336 W Walnut St,Milwaukee,53232,No,81,0,1,Yes,Yes,Yes,JOHN,THARP,414-943-2891,jtharp@pathwayshigh.org,JOHN,THARP,414-943-2891,jtharp@pathwayshigh.org,JENNY,SPRAGUE,414-943-2891,jsprague@pathwayshigh.org,No,Yes,Yes,http://pathwayshigh.org,No,-9,No,-9,-9,-9,-9,-9,-9,-9,-9,-9,-9,-9,-9,-9,-9,-9,No,-9,-9,-9,-9
WI,WISCONSIN,5500113,Woodlands School Agency,5510 W Bluemound Rd,Milwaukee,53208,No,336,0,1,Yes,Yes,Yes,TOMMIE,MYLES,414-937-2000,tommie.myles@woodlands-school.org,TOMMIE,MYLES,414-937-2000,tommie.myles@woodlands-school.org,TOMMIE,MYLES,414-937-2000,tommie.myles@woodlands-school.org,No,Yes,No,-9,No,-9,Yes,No,Yes,Yes,Yes,No,Yes,Yes,0,0,28,2,No,Yes,Yes,Yes,Yes,Yes,No,No,Yes
WI,WISCONSIN,5500114,Capitol West Academy Agency,3939 N 88th St,Milwaukee,53222,No,254,0,1,Yes,Yes,Yes,MORA,ANDERSON,(414) 465-1302 x85122,manderson@cwacademy.org,MORA,ANDERSON,(414) 465-1302 x85122,manderson@cwacademy.org,SUSAN,WARD,(414) 465-1302 x85115,sward@cwacademy.org,No,Yes,No,-9,No,-9,Yes,Yes,No,No,No,No,Yes,Yes,0,0,12,0,Yes,-9,-9,-9,Yes,Yes,No,No,No
WI,WISCONSIN,5500120,Albany School District,PO Box 349,Albany,53502,No,336,0,3,Yes,Yes,Yes,AMY,VESPERMAN,(608)862-3135,amy.vesperman@albany.k12.wi.us,AMY,VESPERMAN,(608)862-3135,amy.vesperman@albany.k12.wi.us,AMY,VESPERMAN,(608)862-3135,amy.vesperman@albany.k12.wi.us,No,Yes,Yes,www.albany.k12.wi.us,No,-9,Yes,No,No,No,Yes,No,Yes,Yes,0,2,27,30,No,Yes,Yes,Yes,Yes,No,Yes,No,No
WI,WISCONSIN,5500180,Alma School District,S1618 State Road 35,Alma,54610,No,245,0,2,Yes,Yes,Yes,JILL,STIEHL,(608) 685-3850,stiehlj@alma.k12.wi.us,JILL,STIEHL,(608) 685-3850,stiehlj@alma.k12.wi.us,JILL,STIEHL,(608) 685-3850,stiehlj@alma.k12.wi.us,No,No,-9,-9,No,-9,Yes,Yes,No,Yes,No,No,No,No,0,0,11,2,No,No,No,No,Yes,Yes,No,Yes,No
WI,WISCONSIN,5500240,Almond-Bancroft School District,1336 Elm St,Almond,54909,No,396,0,3,Yes,Yes,Yes,DENNIS,RAABE,715-366-2941 x418,draabe@abschools.k12.wi.us,DENNIS,RAABE,715-366-2941 x 418,draabe@abschools.k12.wi.us,ANDRIA,BENA,715-366-2941 x 415,abena@abschools.k12.wi.us,No,Yes,Yes,https://www.abschools.k12.wi.us/cms/lib/WI02215806/Centricity/Domain/16/411%20Bullying%20and%20Harassment%20Policy.pdf,No,-9,Yes,Yes,No,No,No,No,Yes,Yes,0,0,0,0,Yes,-9,-9,-9,Yes,Yes,No,No,No
WI,WISCONSIN,5500450,Argyle School District,PO Box 256,Argyle,53504,No,304,0,3,Yes,Yes,Yes,MIKE,BERANEK,(608) 341-7732,miberanek@argyle.k12.wi.us,MIKE,BERANEK,(608) 341-7732,miberanek@argyle.k12.wi.us,MIKE,BERANEK,(608) 341-7732,miberanek@argyle.k12.wi.us,No,Yes,No,-9,No,-9,Yes,Yes,No,No,No,No,Yes,Yes,0,0,0,0,Yes,-9,-9,-9,Yes,Yes,No,No,No
WI,WISCONSIN,5500570,Athens School District,601 W Limits Rd,Athens,54411,No,417,0,3,Yes,Yes,Yes,TIMOTHY,MICKE,(715)257-7511 X151,tmicke@athens1.org,TIMOTHY,MICKE,(715)257-7511 X151,tmicke@athens1.org,TIMOTHY,MICKE,(715)257-7511 X151,tmicke@athens1.org,No,Yes,Yes,http://www.athens1.org/o/athens/browse/25319,No,-9,Yes,Yes,No,No,No,No,Yes,Yes,0,2,24,28,Yes,-9,-9,-9,Yes,Yes,No,No,No
WI,WISCONSIN,5500900,Bayfield School District,300 N 4th St,Bayfield,54814,No,376,0,4,Yes,Yes,Yes,MELISSA,GIESREGEN,715-779-3201,mgiesregen@bayfield.k12.wi.us,MELISSA,GIESREGEN,715-779-3201,mgiesregen@bayfield.k12.wi.us,MELISSA,GIESREGEN,715-779-3201,mgiesregen@bayfield.k12.wi.us,No,Yes,Yes,https://www.bayfield.k12.wi.us/policies/412.pdf,No,-9,No,-9,-9,-9,-9,-9,-9,-9,-9,-9,-9,-9,-9,-9,-9,-9,Yes,Yes,No,No,No
WI,WISCONSIN,5501020,Belmont Community School District,PO Box 348,Belmont,53510,No,387,0,2,Yes,Yes,Yes,CHRISTY,LARSON,608-762-5131,larson@belmont.k12.wi.us,CHRISTY,LARSON,608-762-5131,larson@belmont.k12.wi.us,CHRISTY,LARSON,608-762-5131,larson@belmont.k12.wi.us,No,Yes,Yes,www.belmont.k12.wi.us,No,-9,No,-9,-9,-9,-9,-9,-9,-9,-9,-9,-9,-9,-9,-9,-9,-9,Yes,Yes,Yes,No,No
WI,WISCONSIN,5501110,Benton School District,PO Box 7,Benton,53803,No,206,0,3,Yes,Yes,Yes,LISA,LAWRENCE,(608)759-4002 EXT 305,LISALAWRENCE@BENTON.K12.WI.US,LISA,LAWRENCE,(608)759-4002 EXT 305,LISALAWRENCE@BENTON.K12.WI.US,LISA,LAWRENCE,(608)759-4002 EXT 305,LISALAWRENCE@BENTON.K12.WI.US,No,Yes,Yes,www.benton.k12.wi.us/,No,-9,Yes,No,No,Yes,No,No,Yes,Yes,0,1,16,0,Yes,-9,-9,-9,Yes,Yes,No,No,No
WI,WISCONSIN,5501170,Birchwood School District,300 S Wilson St,Birchwood,54817,No,310,0,6,Yes,Yes,Yes,DIANE,JOHNSON,715-354-3471,djohnson@birchwood.k12.wi.us,DIANE,JOHNSON,715-354-3471,djohnson@birchwood.k12.wi.us,SONJA,ROGERS,715-354-3471,srogers@birchwood.k12.wi.us,No,Yes,No,-9,Yes,No,Yes,No,No,Yes,No,Yes,Yes,Yes,0,1,19,0,Yes,-9,-9,-9,Yes,Yes,No,No,No
WI,WISCONSIN,5501310,Pecatonica Area School District,PO Box 117,Blanchardville,53516,No,396,0,2,Yes,Yes,Yes,JILL,UNDERLY,(608) 886-2334,junderly@pecatonica.k12.wi.us,JILL,UNDERLY,(608) 886-2334,junderly@pecatonica.k12.wi.us,JOHANNA,CHENOUS,(608) 558-5899,JCHENOUS@pecatonica.k12.wi.us,No,No,-9,-9,No,-9,Yes,No,No,Yes,No,No,No,No,3,3,1,0,No,Yes,No,No,Yes,Yes,No,No,No
WI,WISCONSIN,5501530,North Lakeland School District,12686 County Road K,Manitowish Waters,54545,No,151,0,1,Yes,Yes,Yes,BRENT,JELINSKI,(715)543-8417 X115,BJELINSKI@NLES.US,BRENT,JELINSKI,(715)543-8417 X115,BJELINSKI@NLES.US,NIKKI,HAGEN,(715)543-8417 X217,NHAGEN@NLES.US,No,Yes,Yes,www.northlakelandschool.com,No,-9,Yes,Yes,No,No,No,No,Yes,Yes,0,1,5,3,Yes,-9,-9,-9,Yes,Yes,No,No,No
WI,WISCONSIN,5501560,Bowler School District,500 S Almon St,Bowler,54416,No,335,0,2,Yes,Yes,Yes,JEFF,DEPERRY,(715)793-4101 x 6320,jeffdeperry@bowler.k12.wi.us,JEFF,DEPERRY,(715)793-4101 x 6320,jeffdeperry@bowler.k12.wi.us,MARILYN,JANKE,(715)793-4101 x5305,marilynjanke@bowler.k12.wi.us,No,Yes,Yes,https://www.bowler.k12.wi.us,No,-9,Yes,No,No,Yes,No,Yes,Yes,Yes,0,3,16,0,Yes,-9,-9,-9,Yes,Yes,No,No,No
WI,WISCONSIN,5501650,Brighton #1 School District,1200 248th Ave,Kansasville,53139,No,209,0,1,Yes,Yes,Yes,PENNY,BOILEAU,(262) 878-2191 x 201,pboileau@brightonschool.net,PENNY,BOILEAU,(262) 878-2191 x102,pboileau@brightonschool.net,PENNY,BOILEAU,(262) 878-2191 x102,pboileau@brightonschool.net,No,Yes,Yes,brightonschool.net,No,-9,Yes,Yes,No,No,No,No,Yes,No,0,0,17,0,Yes,-9,-9,-9,Yes,Yes,No,No,No
WI,WISCONSIN,5501830,Bruce School District,104 W Washington Ave,Bruce,54819,No,425,0,3,Yes,Yes,Yes,PATRICK,STURZL,(715) 868-2585,psturzl@bruce.k12.wi.us,PATRICK,STURZL,(715) 868-2585,psturzl@bruce.k12.wi.us,PATRICK,STURZL,(715) 868-2585,psturzl@bruce.k12.wi.us,No,Yes,Yes,https://www.boarddocs.com/wi/bruce/Board.nsf/Public?open&id=policies#,No,-9,Yes,Yes,No,No,No,No,Yes,Yes,0,2,21,1,Yes,-9,-9,-9,Yes,Yes,No,No,No
WI,WISCONSIN,5501920,Butternut School District,PO Box 247,Butternut,54514,No,206,0,3,Yes,Yes,Yes,JOSEPH,ZIRNGIBL,715-769-3434 x 323,jzirngibl@lightatorch.info,JOSEPH,ZIRNGIBL,715-769-3434 x 323,jzirngibl@lightatorch.info,JOSEPH,ZIRNGIBL,715-769-3434 x 323,jzirngibl@lightatorch.info,No,Yes,Yes,www.lightatorch.info,No,-9,Yes,Yes,No,No,No,Yes,Yes,Yes,0,14,6,13,Yes,-9,-9,-9,Yes,Yes,No,No,No
WI,WISCONSIN,5502070,Cambria-Friesland School District,410 E Edgewater St,Cambria,53923,No,402,0,2,Yes,Yes,Yes,TIMOTHY,RAYMOND,920-348-5135,traymond@cfsdwi.org,TIMOTHY,RAYMOND,920-348-5135,traymond@cfsdwi.org,DEBRA,TORRISON,920-348-5135,deb.torrison@cfsdwi.org,No,Yes,Yes,https://www.cf.k12.wi.us/district/board-policies.cfm,No,-9,Yes,No,No,Yes,No,No,Yes,Yes,0,4,23,2,No,Yes,No,Yes,Yes,Yes,No,No,No
WI,WISCONSIN,5502400,Cassville School District,715 E Amelia St,Cassville,53806,No,202,0,2,Yes,Yes,Yes,JOHN,LUSTER,608-725-5116 x102,jluster@cassvillesd.k12.wi.us,JOHN,LUSTER,608-725-5116 x102,jluster@cassvillesd.k12.wi.us,JOHN,LUSTER,608-725-5116 x102,jluster@cassvillesd.k12.wi.us,No,Yes,No,-9,No,-9,Yes,Yes,No,Yes,No,No,Yes,Yes,0,2,14,2,No,Yes,No,No,Yes,Yes,No,No,No
WI,WISCONSIN,5502580,Clayton School District,236 Polk Ave W,Clayton,54004,No,353,86,3,Yes,Yes,Yes,CATHLEEN,SHIMON,(715)948-2163 x201,shimonc@claytonsd.k12.wi.us,CATHLEEN,SHIMON,(715)948-2163 x201,shimonc@claytonsd.k12.wi.us,CATHLEEN,SHIMON,(715)948-2163 x201,shimonc@claytonsd.k12.wi.us,No,Yes,No,-9,No,-9,Yes,No,No,Yes,No,Yes,Yes,Yes,0,2,13,1,Yes,-9,-9,-9,Yes,Yes,No,No,No
WI,WISCONSIN,5502880,Cornell School District,PO Box 517,Cornell,54732,No,400,0,3,Yes,Yes,Yes,PAUL,SCHLEY,(715)861-6970,pmschley@cornell.k12.wi.us,PAUL,SCHLEY,(715)861-6970,pmschley@cornell.k12.wi.us,PAUL,SCHLEY,(715)861-6970,pmschley@cornell.k12.wi.us,No,Yes,No,-9,No,-9,Yes,Yes,No,No,No,No,Yes,Yes,0,3,30,4,Yes,-9,-9,-9,Yes,Yes,No,No,No
WI,WISCONSIN,5503750,Dover #1 School District,4101 S Beaumont Ave,Kansasville,53139,No,101,2,1,Yes,Yes,Yes,MATT,STRATTON,262-878-3773,mattstratton@kansasvillegs.org,MATT,STRATTON,262-878-3773,mattstratton@kansasvillegs.org,MATT,STRATTON,262-878-3773,mattstratton@kansasvillegs.org,No,Yes,No,-9,No,-9,Yes,Yes,No,Yes,No,No,Yes,Yes,0,0,11,0,Yes,-9,-9,-9,Yes,Yes,No,No,No
WI,WISCONSIN,5503810,Drummond Area School District,52440 Eastern Ave,Drummond,54832,No,358,0,3,Yes,Yes,Yes,JOHN,KNIGHT,(715)739-6669 x 100,johnknight@dasd.k12.wi.us,JOHN,KNIGHT,(715)739-6669 x100,johnknight@dasd.k12.wi.us,JOHN,KNIGHT,(715)739-6669 x100,johnknight@dasd.k12.wi.us,No,Yes,Yes,dasdk12.net,No,-9,Yes,Yes,No,No,No,No,Yes,Yes,0,0,13,1,Yes,-9,-9,-9,Yes,Yes,No,No,No
WI,WISCONSIN,5504170,Elcho School District,PO Box 800,Elcho,54428,No,324,0,3,Yes,Yes,Yes,BETSY,GRUSZYNSKI,715-275-3225,bgruszynski@elchoschool.org,BETSY,GRUSZYNSKI,715-275-3225,bgruszynski@elchoschool.org,SHAWN,RUDE,715-275-3225 x1140,srude@elchoschool.org,No,Yes,Yes,https://www.elchoschool.org/cms_files/resources/2018%202019%20Annual%20Notices.pdf,No,-9,Yes,No,No,Yes,No,No,Yes,No,0,1,15,0,Yes,-9,-9,-9,Yes,Yes,No,No,No
WI,WISCONSIN,5504260,Elkhart Lake-Glenbeulah School District,PO Box 326,Elkhart Lake,53020,No,423,0,2,Yes,Yes,Yes,ANN,BUECHEL HAACK,(920) 876-3381,abhaack@goresorters.com,ANN,BUECHEL HAACK,(920) 876-3381,abhaack@goresorters.com,ANN,BUECHEL HAACK,(920) 876-3381,abhaack@goresorters.com,No,Yes,Yes,http://www.elgs.k12.wi.us,No,-9,Yes,No,No,Yes,No,No,Yes,Yes,0,0,23,4,Yes,-9,-9,-9,Yes,Yes,No,No,No
WI,WISCONSIN,5504350,Elmwood School District,213 S Scott St,Elmwood,54740,No,295,0,3,Yes,Yes,Yes,GLENN,WEBB,715-639-2711,webbg@elmwood.k12.wi.us,GLENN,WEBB,715-639-2711,webbg@elmwood.k12.wi.us,GLENN,WEBB,715-639-2711,webbg@elmwood.k12.wi.us,No,Yes,Yes,www.elmwood.k12.wi.us,No,-9,Yes,Yes,No,Yes,No,Yes,Yes,Yes,0,3,20,1,Yes,-9,-9,-9,Yes,Yes,No,No,No
WI,WISCONSIN,5504410,Erin School District,6901 County Highway O,Hartford,53027,No,392,0,1,Yes,Yes,Yes,KIETH,KRIEWALDT,262-673-3720,kriewaldt@erinschool.org,KIETH,KRIEWALDT,262-673-3720,kriewaldt@erinschool.org,KIETH,KRIEWALDT,262-673-3720,kriewaldt@erinschool.org,No,Yes,Yes,http://www.erinschool.org/wp-content/uploads/2016/03/411.1-Student-Harassment-Bullying.pdf,No,-9,Yes,No,No,Yes,No,No,Yes,Yes,0,1,26,3,Yes,-9,-9,-9,Yes,Yes,No,No,No
WI,WISCONSIN,5504530,Fall River School District,150 Bradley Street,Fall River,53932,No,250,0,2,Yes,Yes,Yes,MICHAEL,GARROW,9204843333 x227,mgarrow@fallriver.k12.wi.us,MICHAEL,GARROW,9204843333 x227,mgarrow@fallriver.k12.wi.us,MICHAEL,GARROW,9204843333 x227,mgarrow@fallriver.k12.wi.us,No,Yes,Yes,http://www.fallriver.k12.wi.us/common/pages/DisplayFile.aspx?itemId=13129809,No,-9,Yes,No,No,Yes,No,Yes,No,No,0,4,0,0,No,Yes,Yes,No,Yes,Yes,No,Yes,No
WI,WISCONSIN,5504650,Florence County School District,PO Box 440,Florence,54121,No,382,0,3,Yes,Yes,Yes,BEN,NIEHAUS,(715)528-3215 x1404,niehausb@myflorence.org,BEN,NIEHAUS,(715)528-3215 x1404,niehausb@myflorence.org,BRANDON,JERUE,(715)528-3215 x1201,jerueb@myflorence.org,No,Yes,Yes,www.myflorence.org,No,-9,Yes,No,No,Yes,No,No,Yes,Yes,0,2,24,1,Yes,-9,-9,-9,Yes,Yes,No,No,No
WI,WISCONSIN,5504720,Fontana J8 School District,450 S Main St,Fontana,53125,No,247,0,1,Yes,Yes,Yes,JENNIFER,SMITHYMAN,2622756881,jsmithyman@fontana.k12.wi.us,JENNIFER,SMITHYMAN,2622756881,jsmithyman@fontana.k12.wi.us,DANIELLE,HARKNESS,2622756881,dharkness@fontana.k12.wi.us,No,Yes,Yes,https://core-docs.s3.amazonaws.com/documents/asset/uploaded_file/209545/web_pol_series_300.pdf,No,-9,Yes,No,No,No,Yes,Yes,Yes,Yes,0,14,17,1,Yes,-9,-9,-9,Yes,Yes,No,No,No
WI,WISCONSIN,5504980,North Crawford School District,47050 County Road X,Soldiers Grove,54655,No,435,0,2,Yes,Yes,Yes,BRANDON,MUNSON,(608) 632-1872,bmunson@ncrawford.k12.wi.us,BRANDON,MUNSON,(608) 632-1872,bmunson@ncrawford.k12.wi.us,KIM,LITTEL,(608) 606-2037,klittel@ncrawford.k12.wi.us,Yes,Yes,Yes,http://neola.com/northcrawford-wi/,Yes,No,Yes,No,No,Yes,No,No,Yes,Yes,0,0,26,5,Yes,-9,-9,-9,Yes,Yes,No,No,No
WI,WISCONSIN,5505100,Geneva J4 School District,N2575 Snake Rd,Lake Geneva,53147,No,205,0,1,Yes,Yes,Yes,JEFFREY,KLAISNER,2622483816,jklaisner@woodsschool.com,JEFFREY,KLAISNER,2622483816,jklaisner@woodsschool.com,CINDI,WESSELS,2622483816,cwessels@woodsschool.com,No,Yes,Yes,www.woodsschool.com,No,-9,Yes,Yes,No,No,No,No,Yes,Yes,0,0,21,2,Yes,-9,-9,-9,Yes,Yes,No,No,No
WI,WISCONSIN,5505280,Gilman School District,325 N Fifth Ave,Gilman,54433,No,380,3,2,Yes,Yes,Yes,MEGAN,LAMARCHE,715 447-8211 x113,mlamarche@gilman.k12.wi.us,MEGAN,LAMARCHE,715 447-8211  x113,mlamarche@gilman.k12.wi.us,MEGAN,LAMARCHE,715 447-8211 e,mlamarche@gilman.k12.wi.us,No,Yes,Yes,http://www.gilman.k12.wi.us/o/gilman/page/district-documents-and-handbooks,No,-9,Yes,Yes,No,No,No,Yes,Yes,Yes,0,5,22,3,No,Yes,No,Yes,Yes,Yes,No,No,No
WI,WISCONSIN,5505370,Gilmanton School District,PO Box 28,Gilmanton,54753,No,151,0,3,Yes,Yes,Yes,KORY,RUD,(715)946-3158 x122,krud@ghs.k12.wi.us,KORY,RUD,(715)946-3158 x122,krud@ghs.k12.wi.us,KORY,RUD,(715)946-3158 x122,krud@ghs.k12.wi.us,No,Yes,Yes,www.ghs.k12.wi.us/cms_files/resources/bullying%20policy.pdf,No,-9,Yes,No,No,Yes,No,No,Yes,Yes,0,0,12,10,Yes,-9,-9,-9,Yes,Yes,No,No,No
WI,WISCONSIN,5505580,Goodman-Armstrong Creek School District,PO Box 160,Goodman,54125,No,122,0,2,Yes,Yes,Yes,ALLISON,SPACE,715-336-2575,aspace@goodman.k12.wi.us,BRIAN,ESQUEDA,715-336-2575,besqueda@goodman.k12.wi.us,VANESSA,SCHIMMELPFENNING,715-336-2575,aspace@goodman.k12.wi.us,No,Yes,Yes,www.goodman.k12.wi.us,Yes,No,Yes,No,No,Yes,No,No,No,No,0,1,0,0,No,Yes,Yes,Yes,Yes,Yes,No,No,No
WI,WISCONSIN,5505640,Granton Area School District,217 N Main St,Granton,54436,No,235,0,2,Yes,Yes,Yes,AMANDA,KRAUS,715-238-5123,krausa@granton.k12.wi.us,AMANDA,KRAUS,715-238-5123,krausa@granton.k12.wi.us,AMANDA,KRAUS,715-238-5123,krausa@granton.k12.wi.us,No,Yes,Yes,https://www.granton.k12.wi.us/cms_files/resources/bullying%20policy1.pdf,No,-9,Yes,No,No,Yes,No,No,Yes,Yes,0,0,17,3,Yes,-9,-9,-9,Yes,Yes,No,No,No
WI,WISCONSIN,5505730,Black Hawk School District,PO Box 303,South Wayne,53587,No,374,0,3,Yes,Yes,Yes,WILLIAM,CHAMBERS,(608) 439-5400 x108,chawil@blackhawk.k12.wi.us,WILLIAM,CHAMBERS,(608) 439-5400 x108,hawil@blackhawk.k12.wi.us,WILLIAM,CHAMBERS,(608) 439-5400 x108,hawil@blackhawk.k12.wi.us,No,Yes,Yes,https://docs.google.com/a/blackhawk.k12.wi.us/viewer?a=v&pid=sites&srcid=YmxhY2toYXdrLmsxMi53aS51c3xzY2hvb2wtZGlzdHJpY3Qtb2YtYmxhY2staGF3a3xneDo1NWFlMTFlNGZjMDNiMjk2,No,-9,Yes,Yes,No,No,No,No,Yes,Yes,0,1,22,10,Yes,-9,-9,-9,Yes,Yes,No,No,No
WI,WISCONSIN,5505880,Green Lake School District,PO Box 369,Green Lake,54941,No,300,1,2,Yes,Yes,Yes,GINA,BAXTER,(920) 294-6411,baxterg@glsd.k12.wi.us,GINA,BAXTER,(920) 294-6411,baxterg@glsd.k12.wi.us,GINA,BAXTER,(920) 294-6411,baxterg@glsd.k12.wi.us,No,Yes,Yes,http://www.greenlakeschool.com,No,-9,Yes,No,No,Yes,No,No,Yes,Yes,0,1,20,4,Yes,-9,-9,-9,Yes,Yes,No,No,No
WI,WISCONSIN,5505970,Greenwood School District,PO Box 310,Greenwood,54437,No,386,0,2,Yes,Yes,Yes,TODD,FELHOFER,(715) 267-6101 x2228,tofelhofer@greenwood.k12.wi.us,TODD,FELHOFER,(715) 267-6101 x 2228,tofelhofer@greenwood.k12.wi.us,TODD,FELHOFER,(715) 267-6101 x 2228,tofelhofer@greenwood.k12.wi.us,No,Yes,Yes,https://www.boarddocs.com/wi/gwood/Board.nsf/Public#,No,-9,Yes,Yes,No,No,No,No,Yes,Yes,0,0,23,2,Yes,-9,-9,-9,Yes,Yes,No,No,No
WI,WISCONSIN,5506420,Highland School District,1030 Cardinal Dr,Highland,53543,No,309,0,3,Yes,Yes,Yes,NANCY,HENDRICKSON,(608)929-4525 x1403,nhendrickson@highland.k12.wi.us,NANCY,HENDRICKSON,(608)929-4525 x1403,nhendrickson@highland.k12.wi.us,NANCY,HENDRICKSON,(608)929-4525 x1403,nhendrickson@highland.k12.wi.us,No,Yes,No,-9,No,-9,Yes,Yes,No,No,No,No,Yes,Yes,0,0,17,2,Yes,-9,-9,-9,Yes,Yes,No,No,No
WI,WISCONSIN,5506450,Hilbert School District,PO Box 390,Hilbert,54129,No,443,0,3,Yes,Yes,Yes,ANTHONY,SWEERE,(920)853-3558 x231,sweeret@hilbertk12.org,ANTHONY,SWEERE,(920)853-3558 x231,sweeret@hilbertk12.org,ANTHONY,SWEERE,(920)853-3558 x231,sweeret@hilbertk12.org,No,Yes,Yes,www.hilbert.k12.wi.us,No,-9,Yes,No,No,Yes,No,Yes,Yes,Yes,0,5,18,3,Yes,-9,-9,-9,Yes,Yes,No,No,No
WI,WISCONSIN,5506810,Independence School District,23786 Indee Blvd,Independence,54747,No,397,1,3,Yes,Yes,Yes,BARRY,SCHMITT,715-985-3172 x102,schmittb@indps.k12.wi.us,BARRY,SCHMITT,715-985-3172 x102,schmittb@indps.k12.wi.us,ROBERT,VANDERLOOP,715-985-3172 x104,vanderloopr@indps.k12.wi.us,No,Yes,Yes,https://docs.google.com/document/d/1BV-ZPH5kjrDH2snNqLTee4o5LCli7rBtNv2taXnP_YE/edit,No,-9,Yes,No,No,Yes,No,No,Yes,Yes,0,0,28,1,Yes,-9,-9,-9,Yes,Yes,No,No,No
WI,WISCONSIN,5507230,Juda School District,N2385 Spring St,Juda,53550,No,319,0,2,Yes,Yes,Yes,TRACI,DAVIS,608-934-5251,davis@judaschool.com,TRACI,DAVIS,608-934-5251,davis@judaschool.com,TRACI,DAVIS,608-934-5251,davis@judaschool.com,No,Yes,Yes,www.judaschool.com,No,-9,Yes,No,No,No,Yes,Yes,Yes,Yes,0,2,20,1,Yes,-9,-9,-9,Yes,No,Yes,No,No
WI,WISCONSIN,5507560,La Farge School District,301 W Adams St,La Farge,54639,No,225,0,3,Yes,Yes,Yes,SHAWN,DONOVAN,(608)6250107,donovans@lafarge.k12.wi.us,SHAWN,DONOVAN,(608)6250107,donovans@lafarge.k12.wi.us,SHAWN,SHAWN,(608)6250107,donovans@lafarge.k12.wi.us,No,Yes,Yes,www.lafarge.k12.wi.us,No,-9,Yes,Yes,No,No,No,No,Yes,Yes,0,0,20,1,Yes,-9,-9,-9,Yes,Yes,No,No,No
WI,WISCONSIN,5507680,Lake Holcombe School District,27331 262nd Ave,Holcombe,54745,No,323,0,2,Yes,Yes,Yes,JEFF,MASTIN,715-595-4241,mastjef@lakeholcombe.k12.wi.us,JEFF,MASTIN,715-595-4241,mastjef@lakeholcombe.k12.wi.us,JEFF,MASTIN,715-595-4241,mastjef@lakeholcombe.k12.wi.us,No,Yes,Yes,www.lakeholcombe.k12.wi.gov,Yes,No,Yes,Yes,No,Yes,No,No,Yes,Yes,0,0,16,2,Yes,-9,-9,-9,Yes,Yes,No,Yes,No
WI,WISCONSIN,5507830,Laona School District,5216 Forest Ave Ste A,Laona,54541,No,416,0,2,Yes,Yes,Yes,JASON,BERTRAND,715-674-3801,jbertrand@laona.k12.wi.us,JASON,BERTRAND,715-674-3801,jbertrand@laona.k12.wi.us,LARRY,PALUBICKI,715-674-2143,lpalubicki@laona.k12.wi.us,No,Yes,Yes,http://www.laonaschooldistrict.org/,No,-9,Yes,No,No,Yes,No,No,Yes,Yes,0,0,23,1,Yes,-9,-9,-9,Yes,Yes,No,No,No
WI,WISCONSIN,5507860,Lena School District,304 E Main St,Lena,54139,No,389,0,3,Yes,Yes,Yes,BEN,PYTLESKI,920-829-5244,PYTLESKIB@LENAK12.ORG,BEN,PYTLESKI,920-829-5244,PYTLESKIB@LENAK12.ORG,JAMES,TORZALA,920-829-5244,TORZALAJ@LENAK12.ORG,No,Yes,Yes,https://www.lena.k12.wi.us/district/,No,-9,Yes,Yes,No,Yes,No,No,Yes,Yes,0,0,22,1,No,Yes,Yes,Yes,Yes,Yes,No,No,No
WI,WISCONSIN,5508040,Linn J4 School District,W3490 Linton Rd,Lake Geneva,53147,No,100,0,1,Yes,Yes,Yes,ALLYSSA,ANDERSEN,(262)203-2314,allyssa.andersen@traverschool.org,ALLYSSA,ANDERSEN,(262)203-2314,allyssa.andersen@traverschool.org,ALLYSSA,ANDERSEN,(262)203-2314,allyssa.andersen@traverschool.org,No,Yes,Yes,http://www.traverschool.org/uploads/5/3/5/1/5351146/policies_for_handbook.pdf,No,-9,Yes,No,No,Yes,No,No,Yes,No,0,0,5,0,Yes,-9,-9,-9,Yes,Yes,No,No,No
WI,WISCONSIN,5508070,Linn J6 School District,W4094 S Lakeshore Dr,Lake Geneva,53147,No,141,0,1,Yes,Yes,Yes,SAMANTHA,POLEK,262-248-4120,spolek@linn6.k12.wi.us,SAMANTHA,POLEK,262-248-4120,spolek@linn6.k12.wi.us,SAMANTHA,POLEK,262-248-4120,spolek@linn6.k12.wi.us,No,Yes,Yes,https://www.linn6.k12.wi.us/,No,-9,Yes,No,No,Yes,No,No,Yes,Yes,0,0,12,1,Yes,-9,-9,-9,Yes,Yes,No,No,No
WI,WISCONSIN,5508130,Richmond School District,N56W26530 Richmond Rd,Sussex,53089,No,431,0,1,Yes,Yes,Yes,GENA,SANTHARAM,262-538-1360,gsantha@richmond.k12.wi.us,GENA,SANTHARAM,262-538-1360,gsantha@richmond.k12.wi.us,GENA,SANTHARAM,262-538-1360,gsantha@richmond.k12.wi.us,No,Yes,No,-9,No,-9,Yes,No,No,Yes,No,No,Yes,Yes,0,3,31,32,Yes,-9,-9,-9,Yes,Yes,No,No,No
WI,WISCONSIN,5508280,Luck School District,810 S 7th St,Luck,54853,No,411,0,2,Yes,Yes,Yes,CORY,HINKEL,(715)472-2152 x106,coryh@lucksd.k12.wi.us,CORY,HINKEL,(715)472-2152 x106,coryh@lucksd.k12.wi.us,LAURIE,JOHNSON,(715)472-2152 x175,lauriej@lucksd.k12.wi.us,No,Yes,Yes,http://www.ascr.usda.gov/complaint_filing_cust.html,No,-9,Yes,Yes,No,No,No,No,Yes,Yes,0,0,16,5,Yes,-9,-9,-9,Yes,Yes,No,No,No
WI,WISCONSIN,5508970,Mellen School District,PO Box 500,Mellen,54546,No,299,0,1,Yes,Yes,Yes,MAIJA,ALEXANDROU,(715)274-3601 X402,MALEXANDROU@MELLENDIGGERS.ORG,MAIJA,ALEXANDROU,(715)274-3601 X402,MALEXANDROU@MELLENDIGGERS.ORG,LISA,SEIFFERT,(715)274-3601 X110,LSEIFFERT@MELLENDIGGERS.ORG,No,Yes,Yes,HTTPS://WWW.BOARDDOCS.COM,No,-9,Yes,Yes,No,No,No,No,Yes,No,0,1,19,1,Yes,-9,-9,-9,Yes,Yes,No,No,No
WI,WISCONSIN,5509150,Mercer School District,2690 W Margaret St,Mercer,54547,No,145,0,1,Yes,Yes,Yes,AMANDA,NEIBAUER,(715)476-2154,aneibauer@mercertigers.org,AMANDA,NEIBAUER,(715)476-2154,aneibauer@mercertigers.org,AMANDA,NEIBAUER,(715)476-2154,aneibauer@mercertigers.org,No,Yes,Yes,https://www.boarddocs.com/wi/sdmerc/Board.nsf/Public?open&id=policies#,No,-9,Yes,Yes,No,No,No,Yes,Yes,Yes,0,6,3,0,Yes,-9,-9,-9,Yes,Yes,No,No,No
WI,WISCONSIN,5509300,North Lake School District,PO Box 188,North Lake,53064,No,350,0,1,Yes,Yes,Yes,LIESL,ACKLEY,262-966-2033,ACKLIE@NORTHLAKESCHOOL.ORG,LIESL,ACKLEY,262-966-2033,ACKLIE@NORTHLAKESCHOOL.ORG,LIESL,ACKLEY,262-966-2033,ACKLIE@NORTHLAKESCHOOL.ORG,No,Yes,Yes,http://www.northlakescool.org/communications/district-policies/,No,-9,Yes,No,No,Yes,No,No,Yes,Yes,0,1,25,4,No,Yes,No,Yes,Yes,Yes,No,No,No
WI,WISCONSIN,5509390,Stone Bank School District,N68W33866 County Road K,Oconomowoc,53066,No,359,0,1,Yes,Yes,Yes,LYNN,DAVIES,(414) 254-2727,l.davies@stonebank.k12.wi.us,LYNN,DAVIES,(414) 254-2727,l.davies@stonebank.k12.wi.us,LYNN,DAVIES,(414) 254-2727,l.davies@stonebank.k12.wi.us,No,Yes,Yes,http://www.boarddocs.com/wi/sbsd/Board.nsf/goto?open&id=AQ9HUQ484C8F,No,-9,Yes,No,No,Yes,No,No,No,No,0,0,0,0,Yes,-9,-9,-9,Yes,Yes,No,No,No
WI,WISCONSIN,5509720,Northwood School District,N14463 Highway 53,Minong,54859,No,373,0,4,Yes,Yes,Yes,JEAN,SERUM,(715)466-2297,jean_serum@northwoodk12wi.com,JEAN,SERUM,(715)466-2297,jean_serum@northwoodk12wi.com,JEAN,SERUM,(715)466-2297,jean_serum@northwoodk12wi.com,No,Yes,Yes,northwood.k12.wi.us,No,-9,Yes,Yes,No,No,No,Yes,Yes,Yes,0,1,17,1,Yes,-9,-9,-9,Yes,Yes,No,No,No
WI,WISCONSIN,5509900,Monticello School District,334 S Main St,Monticello,53570,No,337,0,3,Yes,Yes,Yes,ALLEN,BROKOPP,6089382798,abrokopp@monticello.k12.wi.us,ALLEN,BROKOPP,6089382798,abrokopp@monticello.k12.wi.us,MARY,CORMICAN,6089382797,cormima@monticello.k12.wi.us,No,Yes,Yes,http://www.monticello.k12.wi.us/district/nondiscrimination.cfm,No,-9,Yes,No,No,Yes,No,No,Yes,Yes,0,0,17,3,No,Yes,Yes,Yes,Yes,Yes,No,Yes,No
WI,WISCONSIN,5510440,New Auburn School District,704 N East St,New Auburn,54757,No,344,1,2,Yes,Yes,Yes,SCOTT,JOHNSON,(715)237-2202 x101,johnsons@mail.newauburn.k12.wi.us,SCOTT,JOHNSON,(715)237-2202 x101,johnsons@mail.newauburn.k12.wi.us,SCOTT,JOHNSON,(715)237-2202 x101,johnsons@mail.newauburn.k12.wi.us,No,Yes,Yes,https://www.newauburn.k12.wi.us/district/policies.cfm,No,-9,Yes,Yes,No,No,No,No,Yes,Yes,0,2,13,6,Yes,-9,-9,-9,Yes,Yes,No,No,No
WI,WISCONSIN,5510710,Norris School District,W247S10395 Center Dr,Mukwonago,53149,Yes,20,0,2,Yes,Yes,Yes,JOHNNA,NOLL,262-662-5911,jnoll@norrisacademywi.org,JOHNNA,NOLL,262-662-5911,jnoll@norrisacademywi.org,JOHNNA,NOLL,262-662-5911,jnoll@norrisacademywi.org,No,Yes,Yes,https://docs.google.com/document/d/19OuKPlMgo3pePkqr9P6TmbmxAnuwHoSY9WA5VFimH84/edit,No,-9,No,-9,-9,-9,-9,-9,-9,-9,-9,-9,-9,-9,-9,-9,-9,-9,No,-9,-9,-9,-9
WI,WISCONSIN,5510800,Norway J7 School District,21016 7 Mile Rd,Franksville,53126,No,108,107,1,Yes,Yes,Yes,TRINA,LARSEN,262-895-7778,office@droughtschool.net,TRINA,LARSEN,262-895-7778,office@droughtschool.net,TRINA,LARSEN,262-895-7778,office@droughtschool.net,No,Yes,Yes,www.droughtschool.net,No,-9,Yes,Yes,No,No,Yes,No,Yes,Yes,0,1,8,9,Yes,-9,-9,-9,Yes,Yes,No,No,No
WI,WISCONSIN,5511400,Paris J1 School District,1901 176th Ave,Kenosha,53144,No,283,0,1,Yes,Yes,Yes,ROGER,GAHART,262-859-2350,rgahart@paris.k12.wi.us,ROGER,GAHART,262-859-2350,rgahart@paris.k12.wi.us,ROGER,GAHART,262-859-2350,rgahart@paris.k12.wi.us,No,Yes,Yes,www.paris.k12.wi.us,No,-9,Yes,No,No,Yes,No,No,No,No,0,0,2,0,No,Yes,No,Yes,Yes,Yes,No,No,No
WI,WISCONSIN,5511550,Beecher-Dunbar-Pembine School District,PO Box 247,Pembine,54156,No,240,0,2,Yes,Yes,Yes,ANDY,SPACE,(715)324-5314 x401,aspace@pembine.k12.wi.us,ANDY,SPACE,(715)324-5314 x401,aspace@pembine.k12.wi.us,ANDY,SPACE,(715)324-5314 x 401,aspace@pembine.k12.wi.us,No,Yes,Yes,www.pembine.k12.wi.us,No,-9,Yes,Yes,No,Yes,No,No,Yes,Yes,0,3,11,1,Yes,-9,-9,-9,Yes,Yes,No,No,No
WI,WISCONSIN,5511580,Pepin Area School District,PO Box 128,Pepin,54759,No,224,0,2,Yes,Yes,Yes,BRUCE,QUINTON,715-442-2391,bruceq@pepin.k12.wi.us,BRUCE,QUINTON,715-442-2391,bruceq@pepin.k12.wi.us,BRUCE,QUINTON,715-442-2391,bruceq@pepin.k12.wi.us,No,Yes,Yes,https://www.pepin.k12.wi.us/cms_files/resources/Nondiscrimination%20Policy.pdf,No,-9,Yes,Yes,No,No,No,No,Yes,Yes,0,0,5,5,Yes,-9,-9,-9,Yes,Yes,No,No,No
WI,WISCONSIN,5511710,Phelps School District,4451 Old School Rd,Phelps,54554,No,139,0,2,Yes,Yes,Yes,DELNICE,HILL,715-545-2724 x103,delhill@phelps.k12.wi.us,DELNICE,HILL,715-545-2724 x103,delhill@phelps.k12.wi.us,DELNICE,HILL,715-545-2724 x103,delhill@phelps.k12.wi.us,No,Yes,Yes,www.phelps.k12.wi.us,Yes,Yes,Yes,Yes,No,No,No,No,Yes,No,0,1,5,0,Yes,-9,-9,-9,Yes,Yes,No,No,No
WI,WISCONSIN,5511880,Plum City School District,907 Main St,Plum City,54761,No,327,0,2,Yes,Yes,Yes,MICHAEL,KENNEDY,(715)647-2591 x2500,mkennedy@plumcity.k12.wi.us,MICHAEL,KENNEDY,(715)647-2591 x2500,mkennedy@plumcity.k12.wi.us,MICHAEL,KENNEDY,(715)647-2591 x2500,mkennedy@plumcity.k12.wi.us,No,Yes,Yes,https://www.plumcity.k12.wi.us/cms_files/resources/New%20400%20policy%202015.docx,No,-9,Yes,Yes,No,No,No,No,Yes,Yes,0,0,23,3,Yes,-9,-9,-9,Yes,Yes,No,No,No
WI,WISCONSIN,5511970,Port Edwards School District,801 2nd St,Port Edwards,54469,No,428,0,3,Yes,Yes,Yes,CARA,CHRISTY,715-887-9000,chrisca@pesd.k12.wi.us,CARA,CHRISTY,715-887-9000,chrisca@pesd.k12.wi.us,CARA,CHRISTY,715-887-9000,chrisca@pesd.k12.wi.us,No,Yes,Yes,www.pesd.k12.wi.us,No,-9,Yes,No,No,Yes,No,No,Yes,No,0,0,18,0,Yes,-9,-9,-9,Yes,Yes,No,No,No
WI,WISCONSIN,5512030,South Shore School District,PO Box 40,Port Wing,54865,No,164,0,2,Yes,Yes,Yes,CLENDON,GUSTAFSON,(715)774-3500 x610,gustafson@sshore.k12.wi.us,CLENDON,GUSTAFSON,(715)774-3500 x610,gustafson@sshore.k12.wi.us,CLENDON,GUSTAFSON,(715)774-3500 x610,gustafson@sshore.k12.wi.us,No,Yes,Yes,sshore.org,No,-9,Yes,Yes,No,No,No,No,No,No,0,1,4,0,Yes,-9,-9,-9,Yes,Yes,No,No,No
WI,WISCONSIN,5512090,Potosi School District,128 Highway 61 N,Potosi,53820,No,335,0,3,Yes,Yes,Yes,TAMMY,COOLEY,608-763-2161,cooleyt@potosisd.k12.wi.us,TAMMY,COOLEY,608-763-2161,cooleyt@potosisd.k12.wi.us,TAMMY,COOLEY,608-763-2161,cooleyt@potosisd.k12.wi.us,No,Yes,Yes,potosisd.k12.wi.us,No,-9,Yes,No,No,Yes,No,No,Yes,Yes,0,1,15,1,Yes,-9,-9,-9,Yes,Yes,No,No,No
WI,WISCONSIN,5512180,Prairie Farm Public School District,630 River Ave S,Prairie Farm,54762,No,403,0,3,Yes,Yes,Yes,JENI,FOSSUM,715-455-1861,jfossum@prairiefarm.k12.wi.us,JENI,FOSSUM,715-455-1861,jfossum@prairiefarm.k12.wi.us,JENI,FOSSUM,715-455-1861,jfossum@prairiefarm.k12.wi.us,No,Yes,No,-9,Yes,No,Yes,Yes,No,No,No,No,Yes,Yes,0,1,29,3,Yes,-9,-9,-9,Yes,Yes,No,No,No
WI,WISCONSIN,5512210,Prentice School District,1025 Town St,Prentice,54556,No,369,0,4,Yes,Yes,Yes,RANDALL,BERGMAN,(715)428-2811 x2003,randy@prentice.k12.wi.us,RANDALL,BERGMAN,(715)428-2811 x2003,randy@prentice.k12.wi.us,RANDALL,BERGMAN,(715)428-2811 x2003,randy@prentice.k12.wi.us,No,Yes,Yes,www.prentice.k12.wi.us,No,-9,Yes,Yes,No,No,No,No,Yes,Yes,0,0,11,2,Yes,-9,-9,-9,Yes,Yes,No,No,No
WI,WISCONSIN,5512300,Princeton School District,PO Box 147,Princeton,54968,No,354,0,1,Yes,Yes,Yes,SAM,SANTACROCE,(920) 295-6571,samsant@princeton.k12.wi.us,SAM,SANTACROCE,(920) 295-6571,samsant@princeton.k12.wi.us,HEATHER,SCHULTZ,(920)295-6571,heatschu@princeton.k12.wi.us,No,Yes,Yes,https://sites.google.com/princeton.k12.wi.us/district-site-1/district-information/board-of-education?authuser=0,No,-9,Yes,No,No,Yes,No,No,No,No,0,0,11,5,Yes,-9,-9,-9,Yes,Yes,No,No,No
WI,WISCONSIN,5512480,Raymond #14 School District,2659 76th St,Franksville,53126,No,411,1,1,Yes,Yes,Yes,STEVE,HARDER,262-835-2929,HARDSTE@RAYMOND.K12.WI.US,STEVE,HARDER,262-835-2929,HARDSTE@RAYMOND.K12.WI.US,STEVE,HARDER,262-835-2929,HARDSTE@RAYMOND.K12.WI.US,No,Yes,No,-9,No,-9,Yes,No,No,Yes,No,No,Yes,Yes,0,1,34,2,No,Yes,No,Yes,Yes,Yes,No,No,No
WI,WISCONSIN,5512510,North Cape School District,11926 W Highway K,Franksville,53126,No,184,0,1,Yes,Yes,Yes,JOHN,LEHNEN,262-835-4069,jlehnen@northcape.k12.wi.us,JOHN,LEHNEN,262-835-4069,jlehnen@northcape.k12.wi.us,JOHN,LEHNEN,262-835-4069,jlehnen@northcape.k12.wi.us,No,Yes,Yes,http://www.northcape.k12.wi.us/docs/district/notices/school%20board%20policy%20student%20harassment%20and%20bullying.pdf?id=883,No,-9,Yes,Yes,No,No,No,No,Yes,Yes,0,1,15,1,Yes,-9,-9,-9,Yes,Yes,No,No,No
WI,WISCONSIN,5512880,Friess Lake School District,1750 Highway 164,Hubertus,53033,No,174,0,1,Yes,Yes,Yes,DENISE,HOWE,(262)628-2380,howe@hhasd.org,DENISE,HOWE,(262)628-2380,howe@hhasd.org,BRIAN,RABE,(262)628-2380,brabe@cesa6.org,No,Yes,Yes,https://www.boarddocs.com/wi/flsd/Board.nsf/vpublic?open#,No,-9,Yes,No,No,Yes,No,No,Yes,Yes,0,0,18,3,Yes,-9,-9,-9,Yes,Yes,No,No,No
WI,WISCONSIN,5512990,Rio Community School District,411 Church St,Rio,53960,No,412,0,2,Yes,Yes,Yes,CRAIG,VETTER,920-992-3143 x608,vetter@rio.k12.wi.us,CRAIG,VETTER,920-992-3143 x608,vetter@rio.k12.wi.us,CRAIG,VETTER,920-992-3143 x608,vetter@rio.k12.wi.us,No,Yes,No,-9,No,-9,Yes,Yes,Yes,Yes,Yes,No,Yes,Yes,0,3,17,2,Yes,-9,-9,-9,Yes,Yes,Yes,Yes,Yes
WI,WISCONSIN,5513470,Seneca Area School District,PO Box 34,Seneca,54654,No,302,0,3,Yes,Yes,Yes,DAVID,BOLAND,(608) 734-3411,dboland@seneca.k12.wi.us,DAVID,BOLAND,(608) 734-3411,dboland@seneca.k12.wi.us,STACE,ANDERSON,(608) 734-3411,sanderson@SENECA.K12.WI.US,No,Yes,Yes,https://senecak12wius-my.sharepoint.com/:w:/r/personal/aroberts_seneca_k12_wi_us/_layouts/15/Doc.aspx?sourcedoc=%7B4b6beeee-5c33-443d-add7-3bfebfbadadb%7D&action=default&cid=64ca66e4-32f5-4fdf-a598-87807af2cdac,Yes,No,Yes,Yes,No,No,No,Yes,Yes,Yes,0,1,15,4,Yes,-9,-9,-9,Yes,Yes,No,No,No
WI,WISCONSIN,5513560,Sharon J11 School District,104 E School St,Sharon,53585,No,272,4,1,Yes,Yes,Yes,SARA,ANDRUS,262-736-4477,sarand@sharon.k12.wi.us,SARA,ANDRUS,262-736-4477,sarand@sharon.k12.wi.us,SARA,ANDRUS,262-736-4477,sarand@sharon.k12.wi.us,No,Yes,Yes,https://www.sharon.k12.wi.us/o/district/browse/29861,No,-9,Yes,No,No,Yes,No,No,Yes,Yes,0,0,17,1,Yes,-9,-9,-9,Yes,Yes,No,No,No
WI,WISCONSIN,5513830,Shullsburg School District,444 N Judgement St,Shullsburg,53586,No,368,0,3,Yes,Yes,Yes,MARK,LIERMAN,(608) 965-4427 x2010,mlierman@shullsburg.k12.wi.us,MARK,LIERMAN,(608) 965-4427 x2180,mlierman@shullsburg.k12.wi.us,MARK,LIERMAN,(608) 965-4427,mlierman@shullsburg.k12.wi.us,No,Yes,Yes,www.shullsburg.k12.wi.us,No,-9,Yes,No,No,Yes,No,Yes,Yes,Yes,0,1,19,1,Yes,-9,-9,-9,Yes,Yes,No,No,No
WI,WISCONSIN,5513980,Solon Springs School District,8993 E Baldwin Ave,Solon Springs,54873,No,268,0,1,Yes,Yes,Yes,DALE,RAJALA,(715)378-2263 x252,drajala@solonk12.net,DALE,RAJALA,(715)378-2263 X252,drajala@solonk12.net,DALE,RAJALA,(715)378-2263 X 252,drajala@solonk12.net,No,Yes,Yes,www.solonk12.net,No,-9,Yes,Yes,No,No,No,No,Yes,Yes,0,0,23,14,Yes,-9,-9,-9,Yes,Yes,No,No,No
WI,WISCONSIN,5514520,Stockbridge School District,PO Box 188,Stockbridge,53088,No,207,0,3,Yes,Yes,Yes,CHAD,MARX,(920)439-1782,chamarx@stockbridge.k12.wi.us,CHAD,MARX,(920)439-1782,chamarx@stockbridge.k12.wi.us,CHAD,MARX,(920)439-1782,chamarx@stockbridge.k12.wi.us,No,Yes,Yes,https://sites.google.com/a/stockbridge.k12.wi.us/www/groups/boe,Yes,Yes,Yes,Yes,No,Yes,No,No,Yes,Yes,1,1,11,3,Yes,-9,-9,-9,Yes,Yes,No,Yes,No
WI,WISCONSIN,5514700,Suring Public School District,PO Box 158,Suring,54174,No,368,0,2,Yes,Yes,Yes,KELLY,CASPER,9208422178x1042,caspke@suringk12.org,KELLY,CASPER,9208422178x1042,caspke@suringk12.org,KELLY,CASPER,920-842-2178x1042,caspke@suringk12.org,No,Yes,Yes,https://www.boarddocs.com/wi/sur/Board.nsf/Public?open&id=policies#,No,-9,Yes,Yes,No,Yes,No,No,Yes,Yes,0,7,15,5,Yes,-9,-9,-9,Yes,Yes,No,No,No
WI,WISCONSIN,5514880,Tigerton School District,PO Box 10,Tigerton,54486,No,230,0,2,Yes,Yes,Yes,BENJAMIN,RAYOME,715-5354040,brayome@tigerton.k12.wi.us,BENJAMIN,RAYOME,715-5354040,brayome@tigerton.k12.wi.us,BENJAMIN,RAYOME,715-5354040,brayome@tigerton.k12.wi.us,No,Yes,Yes,https://www.boarddocs.com/wi/tig/Board.nsf/Public?open&id=policies#,No,-9,Yes,No,No,Yes,Yes,Yes,Yes,Yes,0,10,11,0,Yes,-9,-9,-9,Yes,Yes,No,No,No
WI,WISCONSIN,5515060,Turtle Lake School District,205 Oak St N,Turtle Lake,54889,No,437,0,4,Yes,Yes,Yes,KENT,KINDSCHY,(715) 415-4938,kkindschy@turtlelake.k12.wi.us,KENT,KINDSCHY,(715) 415-4938,kkindschy@turtlelake.k12.wi.us,JULIE,STEPHENS,(715) 296-3280,jstephens@turtlelake.k12.wi.us,No,Yes,Yes,http:/www.turtlelake.k12.wi.us,No,-9,Yes,Yes,No,No,No,No,Yes,Yes,0,0,24,1,Yes,-9,-9,-9,Yes,Yes,No,No,No
WI,WISCONSIN,5515090,Twin Lakes #4 School District,1218 Wilmot Ave,Twin Lakes,53181,No,337,0,1,Yes,Yes,Yes,SARA,MARKEE,262-877-2148,markee@twinlakes.k12.wi.us,SARA,MARKEE,262-877-2148,markee@twinlakes.k12.wi.us,JAMIE,KUPKOVITS,262-877-2148,jorgensen@twinlakes.k12.wi.us,No,Yes,Yes,http://twinlakes.ss7.sharpschool.com/cms/One.aspx?portalId=128806&pageId=327807,No,-9,Yes,No,No,Yes,No,No,Yes,Yes,0,3,26,36,No,Yes,No,No,Yes,Yes,No,No,No
WI,WISCONSIN,5515390,Wabeno Area School District,PO Box 460,Wabeno,54566,No,404,0,2,Yes,Yes,Yes,JENNIFER,VOGLER,715-416-0885,jvogler@sturbay.k12.wi.us,DEB,KRUGER,715-850-0481,debkkruger@gmail.com,ROBERT,TUCKER,715-472-2592,rtucker@wabeno.k12.wi.us,No,Yes,Yes,www.wabeno.k12.wi.us,No,-9,Yes,Yes,No,Yes,No,No,Yes,Yes,0,2,25,1,Yes,-9,-9,-9,Yes,Yes,No,No,No
WI,WISCONSIN,5515570,Washington School District,888 Main Rd,Washington Island,54246,No,76,0,2,Yes,Yes,Yes,MATI,PALM-LEIS,920-847-2507,superintendent@island.k12.wi.us,MATI,PALM-LEIS,920-847-2507,superintendent@island.k12.wi.us,MATI,PALM-LEIS,920-847-2507,superintendent@island.k12.wi.us,No,Yes,Yes,https://www.island.k12.wi.us/cms_files/resources/44371BULLYING%2012518.pdf,No,-9,Yes,No,No,Yes,No,No,Yes,No,0,0,2,0,Yes,-9,-9,-9,Yes,Yes,No,No,No
WI,WISCONSIN,5515700,Washington-Caldwell School District,8937 Big Bend Rd,Waterford,53185,No,179,0,1,Yes,Yes,Yes,FRANCES,WESOLOWSKI,262-662-3466,fwesolowski@washcald.com,FRANCES,WESOLOWSKI,262-662-3466,fwesolowski@washcald.com,FRANCES,WESOLOWSKI,262-662-3466,fwesolowski@washcald.com,No,Yes,Yes,http://washcald.com/UserFiles/Servers/Server_89629/File/nondiscrimination%20policy%20511%20May%202018.pdf,No,-9,Yes,No,No,Yes,No,No,Yes,No,0,0,19,1,Yes,-9,-9,-9,Yes,Yes,No,No,No
WI,WISCONSIN,5516020,Wauzeka-Steuben School District,301 E Main St,Wauzeka,53826,No,288,0,3,Yes,Yes,Yes,JAMIE,NUTTER,608-822-3276,jnutter@cesa3.org,JAMIE,NUTTER,608-822-3276,jnutter@cesa3.org,JAMIE,NUTTER,608-822-3276,jnutter@cesa3.org,No,Yes,Yes,https://www.wauzeka.k12.wi.us/cms_files/resources/Policy%20411_1%20Bullying-Harassment%20of%20Students.pdf,No,-9,Yes,Yes,No,No,Yes,No,Yes,Yes,0,0,16,1,Yes,-9,-9,-9,Yes,No,No,No,No
WI,WISCONSIN,5516470,Weston School District,E2511 County Road S,Cazenovia,53924,No,261,0,3,Yes,Yes,Yes,GAIL,HAMILTON,(608) 604-0229,Hamilton@weston.k12.wi.us,GAIL,HAMILTON,(608) 604-0229,Hamilton@weston.k12.wi.us,GAIL,HAMILTON,(608) 604-0229,Hamilton@weston.k12.wi.us,No,Yes,Yes,http://www.weston.k12.wi.us/district/notices.cfm,No,-9,Yes,Yes,No,Yes,No,No,Yes,Yes,0,3,6,1,Yes,-9,-9,-9,Yes,Yes,No,No,No
WI,WISCONSIN,5516590,White Lake School District,PO Box 67,White Lake,54491,No,161,0,2,Yes,Yes,Yes,GLENDA,BUTTERFIELD-BOLDIG,(715)8822361 x214,gboldig@whitelake.k12.wi.us,GLENDA,BUTTERFIELD-BOLDIG,(715)8822361 x214,gboldig@whitelake.k12.wi.us,GLENDA,BUTTERFIELD-BOLDIG,(715)8822361 x214,gboldig@whitelake.k12.wi.us,No,Yes,Yes,https://drive.google.com/file/d/1HtdtUvvud8zPCQYOSWlHAJMpWjNmllWI/view,No,-9,Yes,Yes,No,Yes,No,Yes,Yes,Yes,0,2,8,0,Yes,-9,-9,-9,Yes,Yes,No,No,No
WI,WISCONSIN,5516860,Winter School District,PO Box 310,Winter,54896,No,246,0,3,Yes,Yes,Yes,KURT,LINDAU,715-266-3301,klindau@winterwarriors.org,KURT,LINDAU,715-266-3301,klindau@winterwarriors.org,KURT,LINDAU,715-266-3301,klindau@winterwarriors.org,No,Yes,Yes,https://www.boarddocs.com/wi/sdwint/Board.nsf/Public?open&id=policies,No,-9,Yes,No,No,Yes,No,No,Yes,Yes,0,0,13,1,Yes,-9,-9,-9,Yes,Yes,No,No,No
WI,WISCONSIN,5517130,Wonewoc-Union Center School District,101 School Rd,Wonewoc,53968,No,348,0,4,Yes,Yes,Yes,MICHELLE,NOLL,6084643165,nollmic@wc.k12.wi.us,MICHELLE,NOLL,6084643165,nollmic@wc.k12.wi.us,MICHELLE,NOLL,6084643165,nollmic@wc.k12.wi.us,No,Yes,Yes,www.wc.k12.wi.us,No,-9,Yes,Yes,No,No,No,Yes,Yes,Yes,0,3,20,2,Yes,-9,-9,-9,Yes,Yes,No,No,No
