State Postal Code,State FIPS Code,District ID,Name,Estimated Total Population,Estimated Population 5-17,Estimated number of relevant children 5 to 17 years old in poverty who are related to the householder
WI,55,120,Albany School District,2954,477,53
WI,55,180,Alma School District,1552,179,15
WI,55,240,Almond-Bancroft School District,2652,470,57
WI,55,450,Argyle School District,1964,342,53
WI,55,6180,Arrowhead Union High School District,34736,2299,50
WI,55,840,Barneveld School District,2295,441,17
WI,55,11550,Beecher-Dunbar-Pembine School District,2614,314,45
WI,55,990,Belleville School District,5652,1054,45
WI,55,1020,Belmont Community School District,2221,474,61
WI,55,1110,Benton School District,1515,251,25
WI,55,15480,Big Foot Union High School District,9740,505,46
WI,55,1170,Birchwood School District,2038,243,45
WI,55,1650,Brighton No. 1 School District,1360,141,11
WI,55,1710,Bristol No. 1 School District,5022,595,45
WI,55,1920,Butternut School District,1174,182,31
WI,55,2100,Cambridge School District,6105,994,59
WI,55,2400,Cassville School District,2118,333,47
WI,55,2580,Clayton School District,1808,339,43
WI,55,2700,Cochrane-Fountain City School District,4394,614,54
WI,55,3270,Deerfield Community School District,4564,856,43
WI,55,3750,Dover No. 1 School District,1819,154,10
WI,55,4170,Elcho School District,3076,335,47
WI,55,4260,Elkhart Lake-Glenbeulah School District,3813,559,19
WI,55,4350,Elmwood School District,2083,336,36
WI,55,4410,Erin School District,2592,269,5
WI,55,4500,Fall Creek School District,4275,819,59
WI,55,4530,Fall River School District,2892,528,36
WI,55,4720,Fontana Joint No. 8 School District,2505,250,24
WI,55,12880,Friess Lake School District,2281,251,6
WI,55,5100,Geneva Joint No. 4 School District,1115,109,14
WI,55,5220,Gibraltar Area School District,5459,554,42
WI,55,5370,Gilmanton School District,1015,193,39
WI,55,5580,Goodman-Armstrong School District,992,124,30
WI,55,5880,Green Lake School District,2714,323,23
WI,55,75,Herman-Neosho-Rubicon School District,4775,486,44
WI,55,6420,Highland School District,1608,262,29
WI,55,6450,Hilbert School District,3259,598,36
WI,55,6660,Howards Grove School District,5926,1036,46
WI,55,6780,Hustisford School District,3235,521,40
WI,55,6960,Ithaca School District,1767,331,43
WI,55,7170,Johnson Creek School District,4555,727,46
WI,55,7230,Juda School District,1283,246,33
WI,55,7500,Kohler School District,2257,535,15
WI,55,13,Lake Country School District,4379,478,43
WI,55,7830,Laona School District,1431,183,37
WI,55,7860,Lena School District,2654,423,44
WI,55,8040,Linn Joint No. 4 School District,933,107,10
WI,55,8070,Linn Joint No. 6 School District,1092,97,8
WI,55,4770,Maple Dale-Indian Hill School District,1821,247,33
WI,55,8670,Marathon City School District,4528,765,36
WI,55,9150,Mercer School District,1349,124,21
WI,55,9690,Minocqua Joint No. 1 School District,6636,482,57
WI,55,9900,Monticello School District,2467,398,28
WI,55,10440,New Auburn School District,1841,336,51
WI,55,10500,New Glarus School District,4706,859,39
WI,55,10710,Norris School District,135,69,2
WI,55,12510,North Cape School District,1820,241,10
WI,55,9300,North Lake School District,2846,365,5
WI,55,1530,North Lakeland School District,2545,148,25
WI,55,4890,Northern Ozaukee School District,5733,938,52
WI,55,10800,Norway Joint No. 7 School District,811,75,6
WI,55,10860,Oakfield School District,3273,555,57
WI,55,11400,Paris Joint No. 1 School District,1740,180,17
WI,55,1310,Pecatonica Area School District,2747,483,43
WI,55,11580,Pepin Area School District,1971,229,31
WI,55,11710,Phelps School District,1221,123,21
WI,55,11790,Pittsville School District,3791,624,61
WI,55,11880,Plum City School District,1862,318,24
WI,55,12090,Potosi School District,2307,417,44
WI,55,12120,Poynette School District,6616,1074,53
WI,55,12180,Prairie Farm School District,1789,303,49
WI,55,12300,Princeton School District,2995,432,52
WI,55,12390,Randall Joint No. 1 School District,5392,617,47
WI,55,12450,Random Lake School District,6256,1050,53
WI,55,12480,Raymond No. 14 School District,3317,382,18
WI,55,12780,Rib Lake School District,2618,444,61
WI,55,12900,Richfield Joint No. 1 School District,4707,526,7
WI,55,8130,Richmond School District,2903,482,8
WI,55,12990,Rio Community School District,2982,464,32
WI,55,13100,Rosendale-Brandon School District,5580,1030,49
WI,55,13140,Rosholt School District,4041,651,48
WI,55,13470,Seneca School District,1528,241,54
WI,55,13500,Sevastopol School District,4769,580,53
WI,55,13560,Sharon Joint No. 11 School District,2061,292,51
WI,55,13770,Shiocton School District,4430,794,45
WI,55,13830,Shullsburg School District,2195,416,56
WI,55,13860,Silver Lake Joint No. 1 School District,4097,467,39
WI,55,13980,Solon Springs School District,2079,331,42
WI,55,12030,South Shore School District,1733,222,30
WI,55,6300,Southwestern Wisconsin School District,4037,680,47
WI,55,14520,Stockbridge School District,1910,275,12
WI,55,9390,Stone Bank School District,2715,317,17
WI,55,9240,Swallow School District,3213,608,8
WI,55,14880,Tigerton School District,1933,282,52
WI,55,330,Tomorrow River School District,5019,928,60
WI,55,52,Trevor-Wilmot Consolidated School District,4036,531,33
WI,55,15090,Twin Lakes No. 4 School District,3673,402,61
WI,55,15150,Union Grove Union High School District,13376,825,38
WI,55,15570,Washington School District,700,79,10
WI,55,15700,Washington-Caldwell School District,1915,260,7
WI,55,15600,Waterford Union High School District,18402,1144,39
WI,55,16020,Wauzeka-Steuben School District,1559,310,46
WI,55,16560,Wheatland Joint No. 1 School District,4224,470,47
WI,55,16590,White Lake School District,1542,170,36
WI,55,16740,Williams Bay School District,3578,582,59
WI,55,17220,Yorkville Joint No. 2 School District,2785,316,18
