State Postal Code,State FIPS Code,District ID,Name,Estimated Total Population,Estimated Population 5-17,Estimated number of relevant children 5 to 17 years old in poverty who are related to the householder
WI,55,30,Abbotsford School District,3714,694,118
WI,55,60,Adams-Friendship Area School District,14012,1523,387
WI,55,120,Albany School District,2954,477,53
WI,55,150,Algoma School District,5159,750,90
WI,55,210,Alma Center School District,3077,570,91
WI,55,180,Alma School District,1552,179,15
WI,55,240,Almond-Bancroft School District,2652,470,57
WI,55,270,Altoona School District,9327,1583,163
WI,55,300,Amery School District,9577,1536,125
WI,55,360,Antigo School District,17105,2699,489
WI,55,390,Appleton Area School District,98909,16135,1503
WI,55,420,Arcadia School District,5818,1069,99
WI,55,450,Argyle School District,1964,342,53
WI,55,6180,Arrowhead Union High School District,34736,2299,50
WI,55,510,Ashland School District,12033,2016,367
WI,55,540,Ashwaubenon School District,16732,2651,239
WI,55,570,Athens School District,3979,855,136
WI,55,600,Auburndale School District,4625,842,98
WI,55,630,Augusta School District,4634,893,248
WI,55,720,Baldwin-Woodville Area School District,9146,1669,103
WI,55,780,Bangor School District,3898,712,104
WI,55,810,Baraboo School District,20741,3471,464
WI,55,840,Barneveld School District,2295,441,17
WI,55,870,Barron Area School District,8816,1472,246
WI,55,900,Bayfield School District,2695,407,120
WI,55,960,Beaver Dam School District,22376,3821,372
WI,55,11550,Beecher-Dunbar-Pembine School District,2614,314,45
WI,55,990,Belleville School District,5652,1054,45
WI,55,1020,Belmont Community School District,2221,474,61
WI,55,1050,Beloit School District,37256,6701,1792
WI,55,1080,Beloit Turner School District,8919,1461,188
WI,55,1110,Benton School District,1515,251,25
WI,55,1140,Berlin Area School District,10317,1801,230
WI,55,15480,Big Foot Union High School District,9740,505,46
WI,55,1170,Birchwood School District,2038,243,45
WI,55,5730,Black Hawk School District,2647,426,74
WI,55,1260,Black River Falls School District,12361,1852,289
WI,55,16,Blair-Taylor School District,4341,762,113
WI,55,1350,Bloomer School District,7412,1317,125
WI,55,1470,Bonduel School District,6305,1118,159
WI,55,1500,Boscobel Area School District,5672,877,161
WI,55,1560,Bowler School District,2413,400,87
WI,55,1590,Boyceville Community School District,4619,778,105
WI,55,1650,Brighton No. 1 School District,1360,141,11
WI,55,1680,Brillion School District,5604,989,71
WI,55,1710,Bristol No. 1 School District,5022,595,45
WI,55,1740,Brodhead School District,6416,1114,156
WI,55,1800,Brown Deer School District,12066,1807,183
WI,55,1830,Bruce School District,3569,537,105
WI,55,1890,Burlington Area School District,23346,4081,370
WI,55,1920,Butternut School District,1174,182,31
WI,55,2040,Cadott Community School District,5081,939,131
WI,55,2070,Cambria-Friesland School District,2332,470,91
WI,55,2100,Cambridge School District,6105,994,59
WI,55,2130,Cameron School District,4803,869,124
WI,55,2160,Campbellsport School District,10705,1760,110
WI,55,2340,Cashton School District,4161,1036,278
WI,55,2400,Cassville School District,2118,333,47
WI,55,2430,Cedar Grove-Belgium Area School District,5935,1127,71
WI,55,2460,Cedarburg School District,20633,3664,99
WI,55,58,Chequamegon School District,6324,800,135
WI,55,61,Chetek-Weyerhaeuser Area School District,7969,1151,195
WI,55,2520,Chilton School District,7109,1149,112
WI,55,2550,Chippewa Falls Area School District,33831,5586,595
WI,55,2580,Clayton School District,1808,339,43
WI,55,2610,Clear Lake School District,3433,598,96
WI,55,2640,Clinton Community School District,6009,1098,108
WI,55,2670,Clintonville School District,9795,1541,257
WI,55,2700,Cochrane-Fountain City School District,4394,614,54
WI,55,2730,Colby School District,7043,1400,221
WI,55,2760,Coleman School District,4762,725,100
WI,55,2790,Colfax School District,4768,821,98
WI,55,2820,Columbus School District,8028,1336,87
WI,55,2880,Cornell School District,2800,488,99
WI,55,2910,Crandon School District,5355,770,179
WI,55,2970,Crivitz School District,5656,646,120
WI,55,3030,Cuba City School District,5063,843,68
WI,55,3060,Cudahy School District,18404,2653,448
WI,55,3090,Cumberland School District,5781,934,156
WI,55,13170,D.C. Everest Area School District,33929,6040,601
WI,55,3150,Darlington Community School District,4883,846,142
WI,55,3210,De Pere Unified School District,22446,4648,188
WI,55,3240,De Soto Area School District,4468,723,161
WI,55,3180,DeForest Area School District,22241,4234,208
WI,55,3270,Deerfield Community School District,4564,856,43
WI,55,3640,Delavan-Darien School District,16848,2808,389
WI,55,3660,Denmark School District,8651,1549,93
WI,55,7260,Dodgeland School District,6146,975,70
WI,55,3690,Dodgeville School District,8371,1514,132
WI,55,3750,Dover No. 1 School District,1819,154,10
WI,55,3810,Drummond Area School District,4576,548,90
WI,55,3840,Durand School District,7406,1190,167
WI,55,4020,East Troy Community School District,11797,1930,128
WI,55,4050,Eau Claire Area School District,84969,11762,1471
WI,55,4080,Edgar School District,3722,724,77
WI,55,4110,Edgerton School District,11706,2001,244
WI,55,4170,Elcho School District,3076,335,47
WI,55,4200,Eleva-Strum School District,3808,681,64
WI,55,4230,Elk Mound Area School District,4954,1060,88
WI,55,4260,Elkhart Lake-Glenbeulah School District,3813,559,19
WI,55,4290,Elkhorn Area School District,17820,3192,280
WI,55,4320,Ellsworth Community School District,11420,1951,115
WI,55,1770,Elmbrook School District,45963,7737,222
WI,55,4350,Elmwood School District,2083,336,36
WI,55,4410,Erin School District,2592,269,5
WI,55,4440,Evansville Community School District,9400,1776,117
WI,55,4500,Fall Creek School District,4275,819,59
WI,55,4530,Fall River School District,2892,528,36
WI,55,4590,Fennimore Community School District,4805,901,186
WI,55,14970,Flambeau School District,4223,749,169
WI,55,4650,Florence School District,4371,496,89
WI,55,4680,Fond du Lac School District,52932,8310,1060
WI,55,4720,Fontana Joint No. 8 School District,2505,250,24
WI,55,4740,Fort Atkinson School District,18512,3008,241
WI,55,4800,Fox Point Joint No. 2 School District,11045,1300,75
WI,55,4830,Franklin Public School District,29139,4695,293
WI,55,4860,Frederic School District,3698,558,112
WI,55,4920,Freedom Area School District,9586,1957,80
WI,55,12880,Friess Lake School District,2281,251,6
WI,55,4960,Galesville-Ettrick-Trempealeau School District,8792,1470,101
WI,55,5100,Geneva Joint No. 4 School District,1115,109,14
WI,55,5130,Genoa City Joint No. 2 School District,5201,718,78
WI,55,5160,Germantown School District,26317,4777,129
WI,55,5220,Gibraltar Area School District,5459,554,42
WI,55,5250,Gillett School District,4113,636,122
WI,55,5280,Gilman School District,3162,597,156
WI,55,5370,Gilmanton School District,1015,193,39
WI,55,5460,Glendale-River Hills School District,12996,1150,96
WI,55,5520,Glenwood City School District,4246,748,72
WI,55,5580,Goodman-Armstrong School District,992,124,30
WI,55,5610,Grafton School District,13738,2067,81
WI,55,5640,Granton Area School District,2138,515,156
WI,55,5670,Grantsburg School District,4918,772,119
WI,55,5820,Green Bay Area School District,143911,23696,3998
WI,55,5880,Green Lake School District,2714,323,23
WI,55,5910,Greendale School District,14110,2353,149
WI,55,5940,Greenfield School District,28903,3395,428
WI,55,5970,Greenwood School District,3376,727,138
WI,55,56,Gresham School District,1921,314,70
WI,55,6030,Hamilton School District,26616,4622,143
WI,55,6090,Hartford Joint No. 1 School District,18161,2144,169
WI,55,6120,Hartford Union High School District,32516,1667,70
WI,55,6140,Hartland-Lakeside Joint No. 3 School District,12039,1556,62
WI,55,6270,Hayward Community School District,13113,2012,518
WI,55,75,Herman-Neosho-Rubicon School District,4775,486,44
WI,55,6420,Highland School District,1608,262,29
WI,55,6450,Hilbert School District,3259,598,36
WI,55,6480,Hillsboro School District,4490,966,313
WI,55,6540,Holmen School District,19758,3954,200
WI,55,6570,Horicon School District,5596,931,66
WI,55,6600,Hortonville School District,19956,4035,141
WI,55,6630,Howard-Suamico School District,30102,6013,364
WI,55,6660,Howards Grove School District,5926,1036,46
WI,55,6690,Hudson School District,31691,6282,212
WI,55,6750,Hurley School District,4044,550,113
WI,55,6780,Hustisford School District,3235,521,40
WI,55,6810,Independence School District,2549,442,70
WI,55,6840,Iola-Scandinavia School District,4564,694,85
WI,55,6870,Iowa-Grant School District,4460,836,105
WI,55,6960,Ithaca School District,1767,331,43
WI,55,7020,Janesville School District,63735,10428,1741
WI,55,7050,Jefferson School District,13488,2160,206
WI,55,7170,Johnson Creek School District,4555,727,46
WI,55,7230,Juda School District,1283,246,33
WI,55,7290,Kaukauna Area School District,28152,4939,275
WI,55,7320,Kenosha School District,129543,22418,3522
WI,55,3510,Kettle Moraine School District,24712,4893,132
WI,55,7380,Kewaskum School District,13976,2396,114
WI,55,7410,Kewaunee School District,6854,1079,70
WI,55,12540,Kickapoo Area School District,3112,575,174
WI,55,7440,Kiel Area School District,8093,1371,80
WI,55,7470,Kimberly Area School District,22631,4810,153
WI,55,7500,Kohler School District,2257,535,15
WI,55,7530,La Crosse School District,64883,7475,997
WI,55,7560,La Farge School District,1899,339,102
WI,55,4620,Lac du Flambeau No. 1 School District,3479,424,210
WI,55,7590,Ladysmith School District,5164,826,162
WI,55,13,Lake Country School District,4379,478,43
WI,55,7620,Lake Geneva Joint No. 1 School District,17130,1963,232
WI,55,7650,Lake Geneva-Genoa City Union High School District,24379,1345,168
WI,55,7680,Lake Holcombe School District,2709,396,63
WI,55,7710,Lake Mills Area School District,9395,1519,74
WI,55,9630,Lakeland Union High School District,17960,818,128
WI,55,7770,Lancaster Community School District,6270,1024,159
WI,55,7830,Laona School District,1431,183,37
WI,55,7860,Lena School District,2654,423,44
WI,55,8040,Linn Joint No. 4 School District,933,107,10
WI,55,8070,Linn Joint No. 6 School District,1092,97,8
WI,55,8160,Little Chute Area School District,8788,1494,160
WI,55,8190,Lodi School District,9701,1717,116
WI,55,8220,Lomira School District,6699,1155,94
WI,55,8250,Loyal School District,4036,966,195
WI,55,8280,Luck School District,3578,537,67
WI,55,8340,Luxemburg-Casco School District,11188,2069,137
WI,55,8520,Madison Metropolitan School District,250857,27993,3807
WI,55,8550,Manawa School District,4955,761,105
WI,55,8610,Manitowoc School District,38416,5727,781
WI,55,4770,Maple Dale-Indian Hill School District,1821,247,33
WI,55,8640,Maple School District,7862,1365,124
WI,55,8670,Marathon City School District,4528,765,36
WI,55,8700,Marinette School District,15035,2265,401
WI,55,8730,Marion School District,3963,599,171
WI,55,8760,Markesan School District,6610,1241,256
WI,55,8790,Marshall School District,6428,1266,194
WI,55,8820,Marshfield School District,27386,4191,383
WI,55,8850,Mauston School District,10202,1503,269
WI,55,8880,Mayville School District,7922,1291,83
WI,55,8910,McFarland School District,11704,2173,93
WI,55,8940,Medford Area School District,14126,2555,295
WI,55,8970,Mellen School District,1767,263,79
WI,55,9000,Melrose-Mindoro School District,4469,818,94
WI,55,9030,Menasha School District,25922,4023,609
WI,55,9070,Menominee Indian School District,4615,1126,471
WI,55,9060,Menomonee Falls School District,29724,4389,160
WI,55,9090,Menomonie Area School District,27413,3396,419
WI,55,9130,Mequon-Thiensville School District,27061,4435,133
WI,55,9150,Mercer School District,1349,124,21
WI,55,9210,Merrill Area School District,20109,3021,355
WI,55,9360,Merton Community School District,6641,979,64
WI,55,9510,Middleton-Cross Plains School District,41150,7100,351
WI,55,9570,Milton School District,19130,3613,216
WI,55,9600,Milwaukee School District,597239,110073,34285
WI,55,9660,Mineral Point School District,4269,732,78
WI,55,9690,Minocqua Joint No. 1 School District,6636,482,57
WI,55,9750,Mishicot School District,6054,994,95
WI,55,9780,Mondovi School District,5704,985,138
WI,55,9810,Monona Grove School District,18510,3120,144
WI,55,9840,Monroe School District,15750,2497,285
WI,55,9870,Montello School District,6170,852,142
WI,55,9900,Monticello School District,2467,398,28
WI,55,9960,Mosinee School District,12195,2119,128
WI,55,9990,Mount Horeb Area School District,13320,2661,138
WI,55,10060,Mukwonago School District,29534,5252,198
WI,55,10170,Muskego-Norway School District,29880,5287,203
WI,55,10230,Necedah Area School District,4598,764,233
WI,55,10320,Neenah School District,44298,7581,634
WI,55,10350,Neillsville School District,6439,1122,137
WI,55,10380,Nekoosa School District,8889,1328,175
WI,55,10440,New Auburn School District,1841,336,51
WI,55,10470,New Berlin School District,36071,5405,161
WI,55,10500,New Glarus School District,4706,859,39
WI,55,10530,New Holstein School District,9553,1552,108
WI,55,10560,New Lisbon School District,5185,650,101
WI,55,10590,New London School District,16050,2701,241
WI,55,10620,New Richmond School District,17594,3280,159
WI,55,10680,Niagara School District,2392,389,73
WI,55,5490,Nicolet Union High School District,25863,1338,112
WI,55,10710,Norris School District,135,69,2
WI,55,12510,North Cape School District,1820,241,10
WI,55,4980,North Crawford School District,3015,477,107
WI,55,10740,North Fond du Lac School District,8014,1311,117
WI,55,9300,North Lake School District,2846,365,5
WI,55,1530,North Lakeland School District,2545,148,25
WI,55,4890,Northern Ozaukee School District,5733,938,52
WI,55,3860,Northland Pines School District,11457,1324,233
WI,55,9720,Northwood School District,3015,374,72
WI,55,10770,Norwalk-Ontario-Wilton School District,4539,1075,309
WI,55,10800,Norway Joint No. 7 School District,811,75,6
WI,55,10830,Oak Creek-Franklin School District,38909,6433,451
WI,55,10860,Oakfield School District,3273,555,57
WI,55,10890,Oconomowoc Area School District,34314,5731,292
WI,55,10950,Oconto Falls School District,10824,1677,156
WI,55,10920,Oconto School District,7340,1099,157
WI,55,10980,Omro School District,7821,1349,112
WI,55,11010,Onalaska School District,18117,3097,225
WI,55,11070,Oostburg School District,6048,1178,62
WI,55,11100,Oregon School District,21453,3903,180
WI,55,11160,Osceola School District,8954,1678,87
WI,55,11190,Oshkosh Area School District,81099,10860,1396
WI,55,11220,Osseo-Fairchild School District,5686,1043,158
WI,55,11310,Owen-Withee School District,4602,996,179
WI,55,11350,Palmyra-Eagle Area School District,7824,1350,108
WI,55,11370,Pardeeville Area School District,6813,1117,110
WI,55,11400,Paris Joint No. 1 School District,1740,180,17
WI,55,11130,Parkview School District,6168,1034,86
WI,55,1310,Pecatonica Area School District,2747,483,43
WI,55,11580,Pepin Area School District,1971,229,31
WI,55,11610,Peshtigo School District,6174,1029,109
WI,55,11640,Pewaukee School District,17378,2536,94
WI,55,11710,Phelps School District,1221,123,21
WI,55,11730,Phillips School District,5715,769,112
WI,55,11790,Pittsville School District,3791,624,61
WI,55,11850,Platteville School District,15139,1624,229
WI,55,11880,Plum City School District,1862,318,24
WI,55,11940,Plymouth School District,16945,2651,173
WI,55,11970,Port Edwards School District,3612,639,81
WI,55,12000,Port Washington-Saukville School District,17642,2629,161
WI,55,12060,Portage Community School District,17148,2547,268
WI,55,12090,Potosi School District,2307,417,44
WI,55,12120,Poynette School District,6616,1074,53
WI,55,12180,Prairie Farm School District,1789,303,49
WI,55,12150,Prairie du Chien Area School District,8446,1294,179
WI,55,12210,Prentice School District,2822,441,74
WI,55,12240,Prescott School District,7992,1521,73
WI,55,12300,Princeton School District,2995,432,52
WI,55,12330,Pulaski Community School District,19817,4040,242
WI,55,12360,Racine School District,139646,23422,4530
WI,55,12390,Randall Joint No. 1 School District,5392,617,47
WI,55,12420,Randolph School District,3213,580,70
WI,55,12450,Random Lake School District,6256,1050,53
WI,55,12480,Raymond No. 14 School District,3317,382,18
WI,55,12660,Reedsburg School District,17374,3049,388
WI,55,12690,Reedsville School District,4688,809,93
WI,55,12720,Rhinelander School District,20087,2736,370
WI,55,12780,Rib Lake School District,2618,444,61
WI,55,12810,Rice Lake Area School District,15933,2490,320
WI,55,12900,Richfield Joint No. 1 School District,4707,526,7
WI,55,12960,Richland School District,10815,1726,304
WI,55,8130,Richmond School District,2903,482,8
WI,55,12990,Rio Community School District,2982,464,32
WI,55,13020,Ripon Area School District,10800,1685,161
WI,55,13050,River Falls School District,23654,3338,168
WI,55,17,River Ridge School District,3640,621,143
WI,55,14250,River Valley School District,9500,1595,170
WI,55,10140,Riverdale School District,4910,760,143
WI,55,13100,Rosendale-Brandon School District,5580,1030,49
WI,55,13140,Rosholt School District,4041,651,48
WI,55,4380,Royall School District,4010,689,159
WI,55,13350,Salem School District,9391,1098,122
WI,55,13410,Sauk Prairie School District,16256,2775,284
WI,55,13470,Seneca School District,1528,241,54
WI,55,13500,Sevastopol School District,4769,580,53
WI,55,13530,Seymour Community School District,13579,2608,221
WI,55,13560,Sharon Joint No. 11 School District,2061,292,51
WI,55,13620,Shawano School District,16925,2517,395
WI,55,13650,Sheboygan Area School District,60911,10277,1220
WI,55,13680,Sheboygan Falls School District,11470,1824,100
WI,55,13710,Shell Lake School District,3405,531,105
WI,55,13770,Shiocton School District,4430,794,45
WI,55,13800,Shorewood School District,13208,1823,197
WI,55,13830,Shullsburg School District,2195,416,56
WI,55,13860,Silver Lake Joint No. 1 School District,4097,467,39
WI,55,13890,Siren School District,3028,399,94
WI,55,13950,Slinger School District,16086,2797,103
WI,55,13980,Solon Springs School District,2079,331,42
WI,55,14010,Somerset School District,8398,1749,69
WI,55,14040,South Milwaukee School District,21252,3336,659
WI,55,12030,South Shore School District,1733,222,30
WI,55,14130,Southern Door County School District,7957,1132,118
WI,55,6300,Southwestern Wisconsin School District,4037,680,47
WI,55,14160,Sparta Area School District,17646,3000,435
WI,55,14190,Spencer School District,4564,879,68
WI,55,14220,Spooner Area School District,10075,1371,216
WI,55,14340,Spring Valley School District,4191,749,74
WI,55,6060,St. Croix Central School District,7940,1554,68
WI,55,13230,St. Croix Falls School District,6930,1080,102
WI,55,13260,St. Francis School District,9363,994,129
WI,55,14430,Stanley-Boyd Area School District,7705,1189,191
WI,55,14490,Stevens Point Area School District,56775,7717,644
WI,55,14520,Stockbridge School District,1910,275,12
WI,55,9390,Stone Bank School District,2715,317,17
WI,55,14550,Stoughton Area School District,22747,3966,296
WI,55,14580,Stratford School District,5151,991,73
WI,55,14610,Sturgeon Bay School District,8598,1119,139
WI,55,14640,Sun Prairie Area School District,45573,8106,643
WI,55,14670,Superior School District,33214,4888,707
WI,55,14700,Suring School District,4073,470,72
WI,55,9240,Swallow School District,3213,608,8
WI,55,14820,Thorp School District,4419,990,178
WI,55,14850,Three Lakes School District,4158,511,87
WI,55,14880,Tigerton School District,1933,282,52
WI,55,14910,Tomah Area School District,20415,3673,509
WI,55,14940,Tomahawk School District,9716,1196,162
WI,55,330,Tomorrow River School District,5019,928,60
WI,55,52,Trevor-Wilmot Consolidated School District,4036,531,33
WI,55,11820,Tri-County Area School District,3998,611,146
WI,55,15060,Turtle Lake School District,3296,490,79
WI,55,15090,Twin Lakes No. 4 School District,3673,402,61
WI,55,15120,Two Rivers School District,12682,1838,249
WI,55,15180,Union Grove Joint No. 1 School District,5407,687,88
WI,55,15150,Union Grove Union High School District,13376,825,38
WI,55,750,Unity School District,7172,1044,131
WI,55,15210,Valders Area School District,6767,1169,97
WI,55,15330,Verona Area School District,39050,6737,425
WI,55,15360,Viroqua Area School District,8981,1614,384
WI,55,15390,Wabeno Area School District,3768,429,64
WI,55,15450,Walworth Joint No. 1 School District,4082,530,85
WI,55,15540,Washburn School District,3856,523,94
WI,55,15570,Washington School District,700,79,10
WI,55,15700,Washington-Caldwell School District,1915,260,7
WI,55,15660,Waterford Joint No. 1 School District,13856,1781,107
WI,55,15600,Waterford Union High School District,18402,1144,39
WI,55,15720,Waterloo School District,5467,962,80
WI,55,15750,Watertown School District,31079,5249,575
WI,55,15780,Waukesha School District,95867,14253,1195
WI,55,15810,Waunakee Community School District,19950,4414,114
WI,55,15840,Waupaca School District,15513,2241,295
WI,55,15870,Waupun School District,18766,2327,188
WI,55,15900,Wausau School District,54921,8512,1135
WI,55,15930,Wausaukee School District,3914,500,98
WI,55,15960,Wautoma Area School District,11240,1447,276
WI,55,15990,Wauwatosa School District,46638,7091,351
WI,55,16020,Wauzeka-Steuben School District,1559,310,46
WI,55,16230,Webster School District,5485,650,122
WI,55,16260,West Allis School District,68597,9392,1400
WI,55,16290,West Bend School District,52803,8575,498
WI,55,16320,West De Pere School District,21546,3413,215
WI,55,16350,West Salem School District,10057,1952,117
WI,55,16410,Westby Area School District,7820,1495,326
WI,55,16440,Westfield School District,9124,1307,232
WI,55,16470,Weston School District,2440,460,94
WI,55,13290,Westosha Central High School District,19926,1208,67
WI,55,16500,Weyauwega-Fremont School District,6941,1045,115
WI,55,16560,Wheatland Joint No. 1 School District,4224,470,47
WI,55,16590,White Lake School District,1542,170,36
WI,55,16620,Whitefish Bay School District,14190,3073,173
WI,55,16650,Whitehall School District,4894,893,128
WI,55,16680,Whitewater School District,20269,2020,214
WI,55,6000,Whitnall School District,17628,2558,165
WI,55,16710,Wild Rose School District,4904,601,77
WI,55,16740,Williams Bay School District,3578,582,59
WI,55,16770,Wilmot Union High School District,18960,1112,94
WI,55,16830,Winneconne Community School District,9618,1619,70
WI,55,16860,Winter School District,2877,359,91
WI,55,17040,Wisconsin Dells School District,12341,1611,227
WI,55,1230,Wisconsin Heights School District,6436,1017,101
WI,55,17070,Wisconsin Rapids School District,34243,5379,685
WI,55,17100,Wittenberg-Birnamwood School District,7776,1338,170
WI,55,17130,Wonewoc-Union Center School District,3011,473,78
WI,55,17160,Woodruff Joint No. 1 School District,5301,453,65
WI,55,17190,Wrightstown Community School District,7211,1573,70
WI,55,17220,Yorkville Joint No. 2 School District,2785,316,18
