AL,ALABAMA,100005,Albertville City,107 W Main St,Albertville,35950,No,5445,0,6,Yes,Yes.1,Yes.2,TIMOTHY,TIDMORE,256-891-1183,ttidmore@albertk12.org,TIMOTHY.1,TIDMORE.1,256-891-1183.1,ttidmore@albertk12.org.1,TIMOTHY.2,TIDMORE.2,256-891-1183.2,ttidmore@albertk12.org.2,No.1,Yes.3,Yes.4,www.albertk12.org/apps/pages/index.jsp?uREC_ID=368921&type=d&termREC_ID=&pREC_ID=689254,Yes.5,No.2,Yes.6,Yes.7,Yes.8,Yes.9,No.3,No.4,Yes.10,No.5,1,6.1,127,0.1,Yes.11,-9,-9.1,-9.2,Yes.12,Yes.13,No.6,No.7,No.8
KY,KENTUCKY,2100090,Anchorage Independent,11400 Ridge Rd,Anchorage,40223,No,379,5,1,Yes,Yes,Yes,PATRICIA,VAUGHN,(502)245-2121,pat.vaughn@anchorage.kyschools.us,PATRICIA,VAUGHN,(502)245-2121,pat.vaughn@anchorage.kyschools.us,SARA,WILES,(502)245-2121,sara.wiles@anchorage.kyschools.us,No,Yes,Yes,http://policy.ksba.org/Chapter.aspx?distid=148,No,-9,Yes,Yes,No,No,No,No,No,No,0,3,2,0,No,Yes,No,Yes,Yes,Yes,No,Yes,No
KY,KENTUCKY,2100094,Kentucky School for the Blind,1867 Frankfort Avenue,Louisville,40206,No,66,0,1,Yes,Yes,Yes,KATHY,JENNINGS,(502) 897-1583,kathy.jennings@ksb.kyschools.us,KATHY,JENNINGS,(502) 897-1583,kathy.jennings@ksb.kyschools.us,KATHY,JENNINGS,(502) 897-1583,kathy.jennings@ksb.kyschools.us,No,Yes,Yes,http://policy.ksba.org/Chapter.aspx?distid=177,No,-9,No,-9,-9,-9,-9,-9,-9,-9,-9,-9,-9,-9,-9,-9,-9,-9,Yes,Yes,No,No,No
KY,KENTUCKY,2100095,Kentucky School for the Deaf,P.O. Box 27,Danville,40423,No,92,0,1,Yes,Yes,Yes,BILLY,LANGE,859-239-7017,BILLY.LANGE@KSD.KYSCHOOLS.US,BILLY,LANGE,859-239-7017,BILLY.LANGE@KSD.KYSCHOOLS.US,BILLY,LANGE,859-239-7017,BILLY.LANGE@KSD.KYSCHOOLS.US,No,Yes,Yes,http://policy.ksba.org/Chapter.aspx?distid=177,No,-9,Yes,Yes,No,No,No,No,No,Yes,0,0,0,3,Yes,-9,-9,-9,Yes,Yes,No,No,No
KY,KENTUCKY,2100180,Augusta Independent,307 Bracken St,Augusta,41002,No,293,0,1,Yes,Yes,Yes,CASKEY,BARRY,6067562545,barry.caskey@augusta.kyschools.us,CASKEY,BARRY,6067562545,barry.caskey@augusta.kyschools.us,MILLER,AMY,6067562545,amy.miller@augusta.kyschools.us,No,Yes,No,-9,Yes,Yes,Yes,Yes,Yes,Yes,Yes,No,No,Yes,0,0,0,7,No,Yes,No,Yes,Yes,Yes,Yes,No,No
KY,KENTUCKY,2100240,Barbourville Independent,140 School St,Barbourville,40906,No,683,0,1,Yes,Yes,Yes,PAUL,MIDDLETON,(606)546-3144,paul.middleton@bville.kyschools.us,MARSHA,HUBBS,(606)546-3129,marsha.hubbs@bville.kyschools.us,JOSHUA,DEBORDE,(606)546-3129,josh.deborde@bville.kyschools.us,No,Yes,Yes,www.barbourvilleind.com,No,-9,Yes,Yes,No,No,No,No,No,Yes,0,0,0,22,Yes,-9,-9,-9,Yes,Yes,No,No,No
KY,KENTUCKY,2100420,Bellevue Independent,219 Center St,Bellevue,41073,No,700,12,2,Yes,Yes,Yes,JIM,HICKS,(859)261-2980 x663,jim.hicks@bellevue.kyschools.us,ROBB,SMITH,(859)261-2108,robb.smith@bellevue.kyschools.us,TARA,WITTROCK,(859)261-2108 x316,tara.wittrock@bellevue.kyschools.us,No,Yes,Yes,http://policy.ksba.org/Chapter.aspx?distid=159,Yes,Yes,Yes,No,No,Yes,No,Yes,Yes,Yes,1,6,41,0,Yes,-9,-9,-9,Yes,Yes,No,Yes,No
KY,KENTUCKY,2100480,Berea Independent,3 Pirate Pkwy,Berea,40403,No,1079,0,3,Yes,Yes,Yes,JERRY,BINGHAM,859-986-4911,jerry.bingham@berea.kyschools.us,JENNIFER,WHITT,859-986-8446,jennifer.whitt@berea.kyschools.us,JENNIFER,WHITT,859-986-8446,jennifer.whitt@berea.kyschools.us,No,Yes,Yes,https://www.berea.kyschools.us/Content2/students,No,-9,Yes,No,No,Yes,Yes,No,Yes,Yes,0,10,50,0,No,Yes,No,Yes,Yes,Yes,No,No,No
KY,KENTUCKY,2100780,Burgin Independent,140 Danville Rd,Burgin,40310,No,518,2,1,Yes,Yes,Yes,MATT,GRIMES,(859) 748-5282 x152,matt.grimes@burgin.kyschools.us,ANGELA,BRAGG,(859) 748-5282 x111,angie.bragg@burgin.kyschools.us,ANGELA,BRAGG,(859) 748-5282 x111,angie.bragg@burgin.kyschools.us,No,Yes,Yes,http://policy.ksba.org/Chapter.aspx?distid=170,No,-9,Yes,No,No,Yes,No,Yes,Yes,Yes,0,6,19,2,No,Yes,No,Yes,Yes,Yes,No,No,No
KY,KENTUCKY,2100960,Carlisle County,4557 State Route 1377,Bardwell,42023,No,822,0,3,Yes,Yes,Yes,BRIAN,O'NEILL,(270)628-3800 4116,BRAIN.O'NEILL@CARLISLE.KYSCHOOLS.US,JAY,SIMMONS,(270)628-3800 7001,JAY.SIMMONS@CARLISLE.KYSCHOOLS.US,LISA,ROBERTS,(270) 628-3800 6028,LISA.CANLER@CARLISLE.KYSCHOOLS.US,No,Yes,Yes,www.carlisle.kyschools.us,No,-9,Yes,No,Yes,No,No,Yes,Yes,Yes,0,26,56,41,No,Yes,No,Yes,Yes,Yes,No,No,No
KY,KENTUCKY,2101110,Caverna Independent,1102 N Dixie Hwy,Cave City,42127,No,689,0,3,Yes,Yes,Yes,CORNELIUS,FAULKNER,(270) 773-2530,cornelius.faulkner@caverna.kyschools.us,CORNELIUS,FAULKNER,(270)773-2530,cornelius.faulkner@caverna.kyschools.us,SUSAN,MATHEWS,(270) 773-2530,susan.mathews@caverna.kyschools.us,No,Yes,Yes,http://policy.ksba.org/Chapter.aspx?distid=5,No,-9,Yes,Yes,Yes,No,No,No,No,Yes,0,11,38,0,No,Yes,No,Yes,Yes,Yes,No,No,No
KY,KENTUCKY,2101290,Cloverport Independent,P.O. Box 37,Cloverport,40111,No,386,0,3,Yes,Yes,Yes,ANDY,HINES,(270) 788-3388 x309,andy.hines@cloverport.kyschools.us,KEITH,HAYNES,(270) 788-3388 x113,keith.haynes@cloverport.kyschools.us,MICHAEL,MELTON,(270) 788-3388 x224,michael.melton@cloverport.kyschools.us,No,Yes,Yes,cloverport.kyschools.us,No,-9,Yes,Yes,No,No,No,No,No,Yes,0,0,0,10,Yes,-9,-9,-9,Yes,Yes,No,No,No
KY,KENTUCKY,2101410,Cumberland County,810 N Main St,Burkesville,42717,No,902,60,3,Yes,Yes,Yes,ANTHONY,SMITH,2708643451,anthony.smith@cumberland.kyschools.us,MICHELLE,CASH,2708643377,michelle.cash@cumberland.kyschools.us,TIM,PARSON,2708643377,tim.parson@cumberland.kyschools.us,No,Yes,Yes,http://www.cumberland.kyschools.us/userfiles/2/my%20files/discipline%20code%2016.pdf?id=12052,No,-9,Yes,Yes,No,No,No,No,No,Yes,0,0,0,14,Yes,-9,-9,-9,Yes,Yes,No,No,No
KY,KENTUCKY,2101500,Dawson Springs Independent,118 E Arcadia Ave,Dawson Springs,42408,No,647,0,3,Yes,Yes,Yes,KENT,WORKMAN,(270)797-3811,kent.workman@dawsonsprings.kyschools.us,KENT,WORKMAN,(270)797-3811,kent.workman@dawsonsprings.kyschools.us,KRISTIN,MERRILL,(270)797-3811,kristin.merrill@dawsonsprings.kyschools.us,No,Yes,Yes,http://www.dsprings.k12.ky.us/,No,-9,Yes,No,No,Yes,Yes,No,Yes,Yes,0,0,10,15,Yes,-9,-9,-9,Yes,No,No,Yes,No
KY,KENTUCKY,2101530,Dayton Independent,200 Clay St,Dayton,41074,No,949,0,2,Yes,Yes,Yes,BARBARA,LUKENS,(859)292-7486,barbie.lukens@dayton.kyschools.us,RICK,WOLF,(859)491-6565,rick.wolf@dayton.kyschools.us,NICOLE,PONTING,(859) 491-6565,nicole.ponting@dayton.kyschools.us,No,Yes,Yes,www.dayton.kyschools.us,Yes,Yes,Yes,No,No,Yes,No,Yes,Yes,Yes,6,24,22,41,Yes,-9,-9,-9,Yes,Yes,No,No,No
KY,KENTUCKY,2101590,East Bernstadt Independent,P.O. Box 128,East Bernstadt,40729,No,498,0,1,Yes,Yes,Yes,VICKI,JONES,606-843-7373,vicki.jones@ebernstadt.kyschools.us,VICKI,JONES,606-843-7373,vicki.jones@ebernstadt.kyschools.us,VICKI,JONES,606-843-7373,vicki.jones@ebernstadt.kyschools.us,No,Yes,Yes,http://www.e-bernstadt.k12.ky.us/board,No,-9,Yes,No,No,Yes,No,No,Yes,No,0,26,32,0,No,Yes,Yes,Yes,Yes,Yes,No,No,No
KY,KENTUCKY,2101680,Elliott County,P.O. Box 767,Sandy Hook,41171,No,1041,0,4,Yes,Yes,Yes,GREG,ADKINS,(606)738-8052,greg.adkins@elliott.kyschools.us,BRIAN,BRAMMELL,(606)738-8002,brian.brammell@elliott.kyschools.us,JENNIFER,WHITT,(606)738-8008,jennifer.whitt@elliott.kyschools.us,No,Yes,Yes,policy.ksba.org,No,-9,Yes,Yes,No,No,No,No,Yes,Yes,0,2,1,3,No,Yes,No,Yes,Yes,Yes,No,No,No
KY,KENTUCKY,2101710,Eminence Independent,291 West Broadway Street,Eminence,40019,No,863,0,4,Yes,Yes,Yes,THOM,COFFEE,5028455427,thom.coffee@eminence.kyschools.us,THOM,COFFEE,5028455427,thom.coffee@eminence.kyschools.us,THOM,COFFEE,5028455427,thom.coffee@eminence.kyschools.us,No,Yes,Yes,http://www.eminence.kyschools.us/userfiles/1086/my%20files/10%202018-2019%20ms%20hs%20student%20handbook.pdf?id=2530,No,-9,Yes,No,No,Yes,No,No,Yes,Yes,0,0,1,20,No,No,No,Yes,Yes,Yes,No,No,No
KY,KENTUCKY,2101800,Fairview Independent,2200 Main St,Ashland,41102,No,733,0,2,Yes,Yes,Yes,LAUREN,ELLIS,(606)324-3877,lauren.ellis@fairview.kyschools.us,WHITNEY,WARD,(606)324-3877,whitney.ward@fairview.kyschools.us,KRISTEN,SORRELL,(606)324-3877,kristen.sorrell@fairview.kyschools.us,No,Yes,Yes,http://www.fairview.kyschools.us/,No,-9,Yes,Yes,No,No,No,No,Yes,No,0,0,13,13,Yes,-9,-9,-9,Yes,Yes,No,No,No
KY,KENTUCKY,2101980,Frankfort Independent,959 Leestown Lane,Frankfort,40601,No,828,2,3,Yes,No,Yes,JACQUELINE,DUVALL,(502)875-8661,jacqueline.duvall@frankfort.kyschools.us,-9,-9,-9,-9,BRITTNEY,HOWELL,(502)875-8661,brittney.howell@frankfort.kyschools.us,No,Yes,Yes,POLICY.KSBA.ORG,No,-9,Yes,No,No,Yes,Yes,Yes,Yes,Yes,0,0,0,36,No,Yes,Yes,Yes,Yes,Yes,No,No,No
KY,KENTUCKY,2102070,Fulton Independent,304 W State Line,Fulton,42041,No,372,0,1,Yes,Yes,Yes,KENT,GREEN,270-472-1553,kent.green@fultonind.kyschools.us,KENT,GREEN,270-472-1553,kent.green@fultonind.kyschools.us,SARAH,TOWNSEND,270-472-1553,sarah.townsend@fultonind.kyschools.us,No,Yes,Yes,http://policy.ksba.org/Chapter.aspx?distid=34,Yes,No,Yes,No,No,Yes,No,Yes,Yes,Yes,0,8,21,4,Yes,-9,-9,-9,Yes,Yes,No,No,No
KY,KENTUCKY,2102100,Fulton County,2780 Moscow Ave,Hickman,42050,No,622,0,2,Yes,Yes,Yes,PATRICE,CHAMBERS,(270)236-3923,patrice.chambers@fu.kyschools.uslton,PATRICE,CHAMBERS,(270)2363923,patrice.chamebrs@fulton.kyschools.us,TAMRA,PARKER,(270)236-3923,tamra.parker@fulton.kyschools.us,No,Yes,Yes,www.fulton.kyschools.us,Yes,Yes,Yes,Yes,No,No,No,Yes,Yes,Yes,0,25,33,1,Yes,-9,-9,-9,Yes,Yes,No,No,No
KY,KENTUCKY,2102520,Harlan Independent,420 E Central St,Harlan,40831,No,780,0,3,Yes,Yes,Yes,EMILY,CLEM,606-574-3476,emily.clem@harlanind.kyschools.us,EMILY,CLEM,606-574-3476,emily.clem@harlanind.ksychools.us,EMILY,CLEM,606-574-3476,emily.clem@harlanind.kyschools.us,No,Yes,Yes,http://www.harlan-ind.k12.ky.us/,No,-9,Yes,No,No,No,Yes,No,No,Yes,0,0,0,52,Yes,-9,-9,-9,Yes,Yes,No,No,No
KY,KENTUCKY,2102670,Hazard Independent,705 Main St,Hazard,41701,No,1009,6,3,Yes,Yes,Yes,ALLAN,HOLLAND,(606)439-1318,allan.holland@hazard.kyschools.us,SONDRA,COMBS,(606)439-3911,sondra.combs@hazard.kyschools.us,SONDRA,COMBS,(606)439-3911,sondra.combs@hazard.kyschools.us,No,Yes,Yes,http://policy.ksba.org/Chapter.aspx?distid=49,No,-9,Yes,No,No,Yes,No,No,Yes,Yes,0,11,31,1,No,Yes,No,Yes,Yes,Yes,No,No,No
KY,KENTUCKY,2102790,Hickman County,416 Waterfield Drive North,Clinton,42031,No,757,0,2,Yes,Yes,Yes,CASEY,HENDERSON,(270)653-2341,casey.henderson@hickman.kyschools.us,CASEY,HENDERSON,(270)653-2341,casey.henderson@hickman.kyschools.us,CASEY,HENDERSON,(270)653-2341,casey.henderson@hickman.kyschools.us,No,Yes,Yes,http://www.hickman.kyschools.us/Non-DiscriminationPolicy.aspx,Yes,Yes,Yes,Yes,No,No,No,No,No,Yes,0,7,32,49,Yes,-9,-9,-9,Yes,Yes,No,No,No
KY,KENTUCKY,2102910,Jackson Independent,940 Highland Ave,Jackson,41339,No,354,0,1,Yes,Yes,Yes,BRENDA,TINCHER,6066664979,brenda.tincher@jacksonind.kyschools.us,BRENDA,TINCHER,6066664979,brenda.tincher@jacksonind.kyschools.us,BRENDA,TINCHER,6066664979,brenda.tincher@jacksonind.kyschools.us,No,Yes,Yes,jacksonind.net,No,-9,Yes,Yes,No,No,No,Yes,Yes,Yes,0,1,19,0,Yes,-9,-9,-9,Yes,Yes,No,No,No
KY,KENTUCKY,2103000,Jenkins Independent,9409 Hwy 805,Jenkins,41537,No,435,0,1,Yes,Yes,Yes,SHERRY,WRIGHT,(606) 832-2182,sherry.wright@jenkins.kyschools.us,SHERRY,WRIGHT,(606) 832-2182,sherry.wright@jenkins.kyschools.us,SHERRY,WRIGHT,(606) 832-2182,sherry.wright@jenkins.kyschools.us,No,Yes,Yes,http://policy.ksba.org/Search.aspx?distid=57,No,-9,Yes,Yes,No,No,No,Yes,Yes,Yes,0,4,16,9,Yes,-9,-9,-9,Yes,Yes,No,No,No
KY,KENTUCKY,2103270,Lee County,P.O. Box 668,Beattyville,41311,No,896,0,2,Yes,Yes,Yes,STEVE,CARROLL,6064645000,steve.carroll@lee.kyschools.us,STEVE,CARROLL,6064645000,steve.carroll@lee.kyschools.us,STEVE,CARROLL,6064645000,steve.carroll@lee.kyschools.us,No,Yes,Yes,http://www.lee.kyschools.us/index.aspx,No,-9,No,-9,-9,-9,-9,-9,-9,-9,-9,-9,-9,-9,-9,-9,-9,-9,Yes,Yes,No,No,No
KY,KENTUCKY,2103630,Ludlow Independent,525 Elm St,Ludlow,41016,No,829,0,2,Yes,Yes,Yes,ADAM,CLARY,859-261-8211,adam.clary@ludlow.kyschools.us,ADAM,CLARY,859-261-8211,adam.clary@ludlow.kyschools.us,ADAM,CLARY,859-261-8211,adam.clary@ludlow.kyschools.us,No,Yes,Yes,http://www.ludlow.kyschools.us/searchResults.aspx?q=district%20policies,No,-9,Yes,No,No,Yes,No,No,No,Yes,0,4,12,15,Yes,-9,-9,-9,Yes,Yes,No,No,No
KY,KENTUCKY,2103690,Lyon County,217 Jenkins Rd,Eddyville,42038,No,953,0,3,Yes,Yes,Yes,ROBIN,HURST,(270)388-9715 x404,robin.hurst@lyon.kyschools.us,ROB,RICHEY,(270)388-9715 x413,rob.richey@lyon.kyschools.us,TINA,PEERY,(270)388-9715 x145,tina.peery@lyon.kyschools.us,No,Yes,Yes,www.lyon.kyschools.us,No,-9,Yes,No,No,Yes,Yes,No,Yes,Yes,0,7,25,47,Yes,-9,-9,-9,Yes,Yes,No,No,No
KY,KENTUCKY,2104080,Menifee County,P.O. Box 110,Frenchburg,40322,No,1008,27,4,Yes,Yes,Yes,DAWN,HARDEMAN,(606)768-8005,DAWN.HARDEMAN@MENIFEE.KYSCHOOLS.US,DAWN,HARDEMAN,(606)768-8005,DAWN.HARDEMAN@MENIFEE.KYSCHOOLS.US,DAWN,HARDEMAN,(606)768-8005,DAWN.HARDEMAN@MENIFEE.KYSCHOOLS.US,No,Yes,Yes,http://policy.ksba.org/Chapter.aspx?distid=86,No,-9,Yes,No,No,Yes,No,Yes,Yes,No,0,1,2,0,No,Yes,No,Yes,Yes,Yes,No,No,No
KY,KENTUCKY,2104470,Nicholas County,395 West Main Street,Carlisle,40311,No,1104,0,2,Yes,Yes,Yes,KEVIN,MILLER,859-289-3770,KEVIN.MILLER@NICHOLAS.KYSCHOOLS.US,KEVIN,MILLER,859-289-3770,KEVIN.MILLER@NICHOLAS.KYSCHOOLS.US,AMY,SWITZER,859-289-3770,AMY.SWITZER@NICHOLAS.KYSCHOOLS.US,No,Yes,No,-9,No,-9,Yes,Yes,No,No,No,No,Yes,Yes,0,0,1,45,Yes,-9,-9,-9,Yes,Yes,No,No,No
KY,KENTUCKY,2104620,Owsley County,14 Old KY 11,Booneville,41314,No,685,0,2,Yes,Yes,Yes,GARY,CORNETT,6065936363,gary.cornett@owsley.kyschools.us,GARY,CORNETT,6065936363,gary.cornett@owsley.kyschools.us,TONYA,FOX,6065936363,tonya.fox@owsley.kyschools.us,No,Yes,Yes,http://policy.ksba.org/Search.aspx?distid=102,Yes,Yes,Yes,Yes,No,No,No,Yes,Yes,Yes,50,53,38,11,No,Yes,Yes,Yes,Yes,Yes,No,No,No
KY,KENTUCKY,2104680,Paintsville Independent,305 2nd St,Paintsville,41240,No,794,0,3,Yes,Yes,Yes,BRYAN,AUXIER,(606)789-2656,bryan.auxier@paintsville.kyschools.us,MARK,BALDWIN,(606)789-2654,mark.baldwin@paintsville.kyschools.us,KAREN,ADKINS,(606)789-2654,karn.adkins@paintsville.kyschools.us,No,Yes,Yes,www.paintsville.kyschools.us,No,-9,Yes,Yes,No,No,No,No,No,Yes,0,0,0,24,Yes,-9,-9,-9,Yes,Yes,No,No,No
KY,KENTUCKY,2104710,Paris Independent,310 W Seventh St,Paris,40361,No,694,0,4,Yes,Yes,Yes,CARY,BARR,8599872160,cary.barr@paris.kyschools.us,STEPHEN,MCCAULEY,8599872160,stephen.mcaculey@paris.kyschools.us,AMANDA,EVANS,8599872160,amanda.evans@paris.kyschools.us,No,Yes,Yes,www.paris.kyschools.us,No,-9,Yes,No,No,Yes,No,No,No,Yes,0,0,0,19,Yes,-9,-9,-9,Yes,Yes,No,No,No
KY,KENTUCKY,2104860,Pineville Independent,401 Virginia Avenue,Pineville,40977,No,573,20,1,Yes,Yes,Yes,DAVID,THOMPSON,(606)337-5701 x313,russell.thompson@pineville.kyschools.us,DAVID,THOMPSON,(606)337-5701 x313,russell.thompson@pineville.kyschools.us,DAVID,THOMPSON,(606)337-5701,russell.thompson@pineville.kyschools.us,No,Yes,Yes,http://pineville.kyschools.us/,No,-9,Yes,Yes,No,No,No,No,No,Yes,0,0,0,22,No,Yes,No,Yes,Yes,Yes,No,No,No
KY,KENTUCKY,2104980,Raceland-Worthington Independent,600 Ram Blvd,Raceland,41169,No,995,0,5,Yes,Yes,Yes,MISCHA,DIXON,(606) 836-0464,mischa.dixon@raceland.kyschools.us,MISCHA,MISCHA,(606) 836-0464,mischa.dixon@raceland.kyschools.us,MISCHA,MISCHA,(606) 836-0464,mischa.dixon@raceland.kyschools.us,No,Yes,No,-9,No,-9,Yes,No,No,Yes,Yes,Yes,Yes,Yes,0,3,19,37,Yes,-9,-9,-9,Yes,Yes,No,No,No
KY,KENTUCKY,2105040,Robertson County,1762 Sardis Road,Mount Olivet,41064,No,405,0,1,Yes,Yes,Yes,RODNEY,MASSSEY,606-724-5431,rodney.massey@robertson.kyschools.us,SANFORD,HOLBROOK,606-724-5431 x6702,sanford.holbrook@robertson.kyschools.us,SANFORD,HOLBROOK,606-724-5431 x6702,sanford.holbrook@robertson.kyschools.us,No,Yes,Yes,http://policy.ksba.org/Chapter.aspx?distid=114,No,-9,Yes,Yes,Yes,No,No,No,No,Yes,0,0,0,19,Yes,-9,-9,-9,Yes,Yes,No,No,No
KY,KENTUCKY,2105190,Russellville Independent,355 South Summer Street,Russellville,42276,No,1040,0,2,Yes,Yes,Yes,JOHN,MYERS,2707268405,john.myers@russellville.kyschools.us,LINDA,SHELTON,2707268405,linda.shelton@russellville.kyschools.us,LINDA,SHELTON,2707268405,linda.shelton@russellville.kyschools.us,No,Yes,Yes,http://www.russellville.kyschools.us/Downloads/Russellville_High_School_Student_Handbook.pdf,No,-9,Yes,No,No,Yes,No,No,Yes,Yes,0,20,14,37,Yes,-9,-9,-9,Yes,Yes,No,No,No
KY,KENTUCKY,2105220,Science Hill Independent,6007 N Hwy 27,Science Hill,42553,No,402,0,1,Yes,Yes,Yes,JIMMY,DYEHOUSE,(606)423-3341,jimmy.dyehouse@sciencehill.kyschools.us,JIMMY,DYEHOUSE,(606)423-3341,jimmy.dyehouse@sciencehill.kyschools.us,MARY ANN,PARKER,(606)423-3341,mary.parker@sciencehill.kyschools.us,No,Yes,Yes,www.sciencehill.kyschools.us,No,-9,Yes,No,No,No,Yes,No,Yes,Yes,0,2,23,5,Yes,-9,-9,-9,Yes,No,No,Yes,No
KY,KENTUCKY,2105370,Silver Grove Independent,101 W Third St,Silver Grove,41085,No,176,24,1,Yes,Yes,Yes,DENNIS,MAINS,8594413894,dennis.main@kyschools.us,DENNIS,MAINS,8594413894,dennis.mains@kyschools.us,DENNIS,MAINS,8594413894,dennis.mains@kyschools.us,No,Yes,No,-9,No,-9,Yes,No,No,Yes,No,No,No,Yes,0,0,0,13,No,Yes,No,Yes,Yes,No,No,Yes,No
KY,KENTUCKY,2105460,Southgate Independent,6 William F. Blatt Avenue,Southgate,41071,No,190,0,1,Yes,Yes,Yes,GREG,DUTY,(859)441-0743,greg.duty@southgate.kyschools.us,GREG,DUTY,(859)441-0743,GREG.DUTY@SOUTHGATE.KYSCHOOLS.US,MARLENE,JONES,(859)441-0743,marlene.jones@southgate.kyschools.us,No,Yes,Yes,http://policy.ksba.org/Chapter.aspx?distid=126,No,-9,Yes,No,No,Yes,No,No,Yes,No,2,6,16,0,Yes,-9,-9,-9,Yes,No,No,Yes,No
KY,KENTUCKY,2105850,West Point Independent,209 N 13th St,West Point,40177,No,120,0,1,Yes,Yes,Yes,MICKEY,BRANGERS,502-922-4617,mickey.brangers@westpoint.kyschools.us,MICKEY,BRANGERS,502-922-4617,mickey.brangers@westpoint.kyschools.us,DOUG,MOBLEY,502-922-4617,doug.mobley@kyschools.us,No,Yes,Yes,https://portal.ksba.org/Secure/Policy/,No,-9,Yes,Yes,No,No,No,No,No,Yes,0,0,0,10,Yes,-9,-9,-9,Yes,Yes,No,No,No
KY,KENTUCKY,2105910,Williamsburg Independent,1000 Main Street,Williamsburg,40769,No,813,0,1,Yes,Yes,Yes,MIKE,ABBOTT,(606) 549-6044,mike.abbott@wburg.kyschools.us,AMON,COUCH,(606) 549-6044,amon.couch@wburg.kyschools.us,DANA,HALE,(606) 549-6044,Dana.Hale@wburg.kyschools.us,No,Yes,Yes,http://www.wburg.kyschools.us,No,-9,Yes,Yes,No,No,No,No,Yes,Yes,0,8,26,22,No,Yes,Yes,Yes,Yes,Yes,No,No,No
KY,KENTUCKY,2105940,Williamstown Independent,300 Helton St,Williamstown,41097,No,896,0,4,Yes,Yes,Yes,TRACI,ALBERT,(859)824-7144,traci.albert@williamstown.kyschools.us,TRACI,ALBERT,(859)824-7144,traci.albert@williamstown.kyschools.us,TRACI,ALBERT,(859)824-7144,traci.albert@williamstown.kyschools.us,No,Yes,Yes,http://www.williamstown.kyschools.us/userfiles/2/my%20files/district/non-discrimination%20policy%202014.pdf?id=538178,No,-9,Yes,Yes,No,Yes,No,Yes,Yes,Yes,0,46,59,12,Yes,-9,-9,-9,Yes,Yes,No,No,No
