State Postal Code,State FIPS Code,District ID,Name,Estimated Total Population,Estimated Population 5-17,Estimated number of relevant children 5 to 17 years old in poverty who are related to the householder
KY,21,30,Adair County School District,19485,2893,854
KY,21,70,Allen County School District,20933,3630,880
KY,21,90,Anchorage Independent School District,2550,433,21
KY,21,120,Anderson County School District,22544,4023,518
KY,21,150,Ashland Independent School District,21076,3274,937
KY,21,180,Augusta Independent School District,1401,240,66
KY,21,210,Ballard County School District,8039,1304,273
KY,21,240,Barbourville Independent School District,2988,427,114
KY,21,270,Bardstown Independent School District,13594,2366,505
KY,21,300,Barren County School District,27612,5095,1287
KY,21,330,Bath County School District,12378,2274,713
KY,21,360,Beechwood Independent School District,5966,1251,40
KY,21,390,Bell County School District,15517,2388,1001
KY,21,420,Bellevue Independent School District,5965,821,110
KY,21,480,Berea Independent School District,7311,1054,188
KY,21,510,Boone County School District,124053,24104,1859
KY,21,540,Bourbon County School District,14520,2545,447
KY,21,570,Bowling Green Independent School District,30228,3441,831
KY,21,620,Boyd County School District,22969,3579,741
KY,21,630,Boyle County School District,15629,2461,332
KY,21,660,Bracken County School District,6866,1213,207
KY,21,690,Breathitt County School District,11972,1739,694
KY,21,720,Breckinridge County School District,18691,3231,739
KY,21,750,Bullitt County School District,80246,13615,1475
KY,21,780,Burgin Independent School District,2765,436,65
KY,21,810,Butler County School District,12831,2133,444
KY,21,840,Caldwell County School District,12639,2073,482
KY,21,870,Calloway County School District,27770,3719,650
KY,21,900,Campbell County School District,48721,6962,439
KY,21,930,Campbellsville Independent School District,8942,1233,414
KY,21,960,Carlisle County School District,4846,785,166
KY,21,990,Carroll County School District,10713,1984,570
KY,21,1020,Carter County School District,27144,4382,1391
KY,21,1050,Casey County School District,15750,2559,810
KY,21,1110,Caverna Independent School District,5949,891,340
KY,21,1150,Christian County School District,57398,9685,2778
KY,21,1200,Clark County School District,36046,5893,1097
KY,21,1230,Clay County School District,20366,3083,1616
KY,21,1260,Clinton County School District,10276,1694,519
KY,21,1290,Cloverport Independent School District,1420,241,71
KY,21,1320,Corbin Independent School District,9981,1710,455
KY,21,1350,Covington Independent School District,33411,4691,1446
KY,21,1380,Crittenden County School District,9084,1526,404
KY,21,1410,Cumberland County School District,6706,1029,325
KY,21,1440,Danville Independent School District,14295,1959,439
KY,21,1470,Daviess County School District,70234,12907,1878
KY,21,1500,Dawson Springs Independent School District,2683,503,194
KY,21,1530,Dayton Independent School District,5246,870,193
KY,21,1590,East Bernstadt Independent School District,1119,131,41
KY,21,1620,Edmonson County School District,12226,1753,392
KY,21,1650,Elizabethtown Independent School District,12621,2102,415
KY,21,1680,Elliott County School District,7523,1035,327
KY,21,1710,Eminence Independent School District,3255,629,129
KY,21,1740,Erlanger-Elsmere Independent School District,17547,2881,541
KY,21,1760,Estill County School District,14277,2283,624
KY,21,1800,Fairview Independent School District,3934,580,177
KY,21,1860,Fayette County School District,321959,47780,7659
KY,21,1920,Fleming County School District,14446,2566,624
KY,21,1950,Floyd County School District,36271,5737,2108
KY,21,78,Fort Campbell Dependent Schools,13018,2664,474
KY,21,79,Fort Knox Dependent Schools,11193,2237,304
KY,21,2040,Fort Thomas Independent School District,15538,2766,122
KY,21,1980,Frankfort Independent School District,4536,645,242
KY,21,2010,Franklin County School District,45949,7036,1165
KY,21,2100,Fulton County School District,3867,562,205
KY,21,2070,Fulton Independent School District,2309,359,159
KY,21,2130,Gallatin County School District,8776,1610,309
KY,21,2160,Garrard County School District,17523,2869,615
KY,21,2220,Glasgow Independent School District,13087,1957,667
KY,21,2250,Grant County School District,21347,4155,766
KY,21,2280,Graves County School District,27498,4860,952
KY,21,2300,Grayson County School District,26358,4571,1232
KY,21,2340,Green County School District,11065,1757,407
KY,21,2400,Greenup County School District,18770,3115,665
KY,21,2460,Hancock County School District,8801,1678,258
KY,21,2490,Hardin County School District,87825,15558,2272
KY,21,2540,Harlan County School District,24028,3842,1855
KY,21,2520,Harlan Independent School District,2685,467,176
KY,21,2580,Harrison County School District,18781,3190,604
KY,21,2640,Hart County School District,15910,2859,678
KY,21,2670,Hazard Independent School District,4631,698,243
KY,21,2710,Henderson County School District,45928,7842,1455
KY,21,2760,Henry County School District,12751,2216,379
KY,21,2790,Hickman County School District,4520,680,165
KY,21,2860,Hopkins County School District,42864,7181,1536
KY,21,2940,Jackson County School District,13431,2221,786
KY,21,2910,Jackson Independent School District,974,130,64
KY,21,2990,Jefferson County School District,771158,122427,22561
KY,21,3000,Jenkins Independent School District,2957,469,182
KY,21,3030,Jessamine County School District,53375,9637,1658
KY,21,3060,Johnson County School District,19064,3236,803
KY,21,3090,Kenton County School District,102997,18632,1498
KY,21,3120,Knott County School District,15291,2265,849
KY,21,3150,Knox County School District,27094,4697,1672
KY,21,3180,Larue County School District,14205,2409,459
KY,21,3210,Laurel County School District,60174,10206,2656
KY,21,3240,Lawrence County School District,15719,2746,876
KY,21,3270,Lee County School District,6570,968,407
KY,21,3330,Leslie County School District,10334,1631,557
KY,21,3360,Letcher County School District,19382,3079,1077
KY,21,3390,Lewis County School District,13339,2125,703
KY,21,3480,Lincoln County School District,24456,4164,1055
KY,21,3510,Livingston County School District,9269,1392,299
KY,21,3540,Logan County School District,20933,3724,791
KY,21,3630,Ludlow Independent School District,5478,921,163
KY,21,3690,Lyon County School District,8082,910,163
KY,21,3720,Madison County School District,83915,12763,1842
KY,21,3750,Magoffin County School District,12538,2068,732
KY,21,3780,Marion County School District,19395,3447,604
KY,21,3810,Marshall County School District,31382,4798,739
KY,21,3840,Martin County School District,11452,1754,694
KY,21,3870,Mason County School District,17174,2931,722
KY,21,3900,Mayfield Independent School District,9623,1605,572
KY,21,3960,McCracken County School District,44968,7468,1125
KY,21,3990,McCreary County School District,17465,2760,1106
KY,21,4020,McLean County School District,9201,1673,301
KY,21,4050,Meade County School District,24586,4248,531
KY,21,4080,Menifee County School District,6455,893,311
KY,21,4110,Mercer County School District,18756,3066,532
KY,21,4140,Metcalfe County School District,10107,1758,574
KY,21,4170,Middlesboro Independent School District,9671,1429,639
KY,21,4200,Monroe County School District,10659,1720,520
KY,21,4250,Montgomery County School District,27928,4808,1010
KY,21,4290,Morgan County School District,13188,1809,561
KY,21,81,Muhlenberg County School District,30816,4688,1066
KY,21,4380,Murray Independent School District,11149,1286,264
KY,21,4410,Nelson County School District,32046,5696,556
KY,21,4440,Newport Independent School District,15747,2088,555
KY,21,4470,Nicholas County School District,7130,1226,325
KY,21,4500,Ohio County School District,24182,4451,945
KY,21,4530,Oldham County School District,66415,13521,530
KY,21,4560,Owen County School District,10765,1861,338
KY,21,4590,Owensboro Independent School District,30140,4835,1378
KY,21,4620,Owsley County School District,4435,687,315
KY,21,4650,Paducah Independent School District,20417,3141,985
KY,21,4680,Paintsville Independent School District,3530,447,114
KY,21,4710,Paris Independent School District,5509,853,250
KY,21,4740,Pendleton County School District,14573,2420,497
KY,21,4770,Perry County School District,21922,3522,1058
KY,21,4800,Pike County School District,52950,8218,2468
KY,21,4830,Pikeville Independent School District,5933,758,246
KY,21,4860,Pineville Independent School District,1706,265,88
KY,21,4890,Powell County School District,12374,2145,668
KY,21,4950,Pulaski County School District,55218,9092,2258
KY,21,4980,Raceland-Worthington Independent School District,4365,716,143
KY,21,5040,Robertson County School District,2134,340,88
KY,21,5070,Rockcastle County School District,16698,2726,632
KY,21,5100,Rowan County School District,24517,3317,784
KY,21,5160,Russell County School District,17775,2920,869
KY,21,5130,Russell Independent School District,12383,1892,318
KY,21,5190,Russellville Independent School District,6127,924,263
KY,21,5220,Science Hill Independent School District,2265,294,90
KY,21,5260,Scott County School District,54873,10239,1097
KY,21,5320,Shelby County School District,47421,8050,932
KY,21,5370,Silver Grove Independent School District,1272,224,29
KY,21,5400,Simpson County School District,18108,3214,596
KY,21,5430,Somerset Independent School District,9231,1321,515
KY,21,5460,Southgate Independent School District,2608,309,53
KY,21,5490,Spencer County School District,18507,3258,249
KY,21,5520,Taylor County School District,16530,2836,573
KY,21,5550,Todd County School District,12243,2342,559
KY,21,5580,Trigg County School District,14444,2330,488
KY,21,5610,Trimble County School District,8561,1385,249
KY,21,5640,Union County School District,14668,2008,379
KY,21,5700,Walton-Verona Independent School District,6675,1493,153
KY,21,5730,Warren County School District,98617,17561,2767
KY,21,5760,Washington County School District,12126,2057,399
KY,21,5790,Wayne County School District,20716,3107,1000
KY,21,5820,Webster County School District,13018,2186,408
KY,21,5850,West Point Independent School District,971,100,24
KY,21,5880,Whitley County School District,21936,4014,1526
KY,21,5910,Williamsburg Independent School District,5442,752,263
KY,21,5940,Williamstown Independent School District,3637,715,133
KY,21,5970,Wolfe County School District,7264,1227,475
KY,21,6000,Woodford County School District,26368,4409,525
