State Postal Code,State FIPS Code,District ID,Name,Estimated Total Population,Estimated Population 5-17,Estimated number of relevant children 5 to 17 years old in poverty who are related to the householder
PA,42,2190,Allegheny Valley School District,9701,1037,140
PA,42,2310,Allegheny-Clarion Valley School District,5523,844,134
PA,42,2490,Annville-Cleona School District,12640,1914,168
PA,42,2700,Austin Area School District,1231,161,31
PA,42,2760,Avella Area School District,4196,617,55
PA,42,2820,Avonworth School District,10053,1604,58
PA,42,3120,Beaver Area School District,14406,2133,156
PA,42,3300,Bellwood-Antis School District,8074,1288,142
PA,42,3390,Benton Area School District,5124,711,86
PA,42,3420,Berlin Brothersvalley School District,5613,844,145
PA,42,3600,Bethlehem-Center School District,8738,1319,169
PA,42,4050,Brandywine Heights Area School District,13061,1939,155
PA,42,4140,Brentwood Borough School District,9640,1288,168
PA,42,4260,Brockway Area School District,7279,1146,159
PA,42,4090,Bryn Athyn School District,1412,229,21
PA,42,4500,Burgettstown Area School District,9665,1505,135
PA,42,4530,Burrell School District,13600,1866,146
PA,42,4710,California Area School District,11175,895,103
PA,42,4830,Cameron County School District,4592,590,130
PA,42,4860,Camp Hill School District,8377,1369,118
PA,42,14850,Central Fulton School District,6275,903,169
PA,42,5730,Chartiers-Houston School District,9089,1183,132
PA,42,6090,Clarion-Limestone Area School District,7840,1039,171
PA,42,6390,Commodore Perry School District,4051,629,109
PA,42,6420,Conemaugh Township Area School District,7839,1044,100
PA,42,6810,Cornell School District,6774,817,154
PA,42,6930,Coudersport Area School District,5482,854,157
PA,42,7050,Cranberry Area School District,8927,1217,172
PA,42,7540,Deer Lakes School District,14428,2040,151
PA,42,9540,Fairfield Area School District,8068,1294,92
PA,42,9570,Fairview School District,9882,1694,150
PA,42,9870,Forbes Road School District,2814,433,50
PA,42,8280,Forest Area School District,7835,604,115
PA,42,9930,Forest City Regional School District,5574,803,148
PA,42,9960,Fort Cherry School District,8498,1204,122
PA,42,10230,Franklin Regional School District,22158,3615,155
PA,42,10350,Frazier School District,7711,1059,181
PA,42,10440,Freeport Area School District,11677,1896,159
PA,42,10530,Galeton Area School District,2827,328,82
PA,42,10590,Garnet Valley School District,28871,5135,139
PA,42,10830,Glendale School District,5161,778,112
PA,42,11190,Greenwood School District,5493,887,108
PA,42,11310,Halifax Area School District,7823,1259,117
PA,42,11400,Hampton Township School District,18360,3328,105
PA,42,11520,Harmony Area School District,2277,340,109
PA,42,13290,Homer-Center School District,6185,858,123
PA,42,12300,Jamestown Area School District,4103,562,113
PA,42,12390,Jefferson-Morgan School District,5605,812,125
PA,42,12420,Jenkintown School District,4567,741,63
PA,42,12570,Johnsonburg Area School District,4289,583,94
PA,42,12630,Juniata Valley School District,5111,842,137
PA,42,9600,Karns City Area School District,10387,1553,165
PA,42,12930,Kutztown Area School District,19236,1877,174
PA,42,12990,Lackawanna Trail School District,8445,1276,149
PA,42,13380,Laurel School District,7737,1261,112
PA,42,13470,Leechburg Area School District,5658,768,135
PA,42,13980,Littlestown Area School District,14710,2436,173
PA,42,14190,Lower Moreland Township School District,13418,2465,97
PA,42,14310,Loyalsock Township School District,10812,1483,157
PA,42,14790,Mars Area School District,19643,3368,96
PA,42,14880,McGuffey School District,12718,2046,167
PA,42,15270,Midland Borough School District,2569,444,97
PA,42,15360,Millersburg Area School District,6908,989,151
PA,42,15450,Millville Area School District,5438,873,132
PA,42,15660,Montgomery Area School District,7282,1035,178
PA,42,15900,Morrisville Borough School District,8771,1176,171
PA,42,15960,Moshannon Valley School District,8563,895,156
PA,42,16050,Mountain View School District,8639,1225,177
PA,42,16230,Muncy School District,6908,1093,114
PA,42,16440,Neshannock Township School District,9175,1312,91
PA,42,16860,New Hope-Solebury School District,11272,1706,63
PA,42,17130,North Clarion County School District,4671,758,141
PA,42,17460,Northeast Bradford School District,5473,994,178
PA,42,17580,Northern Bedford County School District,6780,1243,174
PA,42,17790,Northwest Area School District,8968,1397,180
PA,42,17850,Northwestern Lehigh School District,15459,2724,137
PA,42,18120,Old Forge School District,8170,1120,165
PA,42,18210,Oswayo Valley School District,3175,506,87
PA,42,18240,Otto-Eldred School District,3960,673,91
PA,42,18330,Palisades School District,15840,2155,108
PA,42,18960,Peters Township School District,21152,4607,120
PA,42,19560,Portage Area School District,5942,871,163
PA,42,19860,Quaker Valley School District,13929,2383,177
PA,42,20250,Richland School District,13852,1646,184
PA,42,20310,Ridgway Area School District,6645,1014,147
PA,42,17430,Riverside Beaver County School District,10185,1491,147
PA,42,20430,Riverview School District,8797,1105,157
PA,42,20520,Rockwood Area School District,5377,775,103
PA,42,20550,Rose Tree Media School District,35618,4834,171
PA,42,20910,Schuylkill Haven Area School District,8129,1449,143
PA,42,20970,Schuylkill Valley School District,14989,2175,145
PA,42,21180,Shade-Central City School District,3728,550,81
PA,42,21270,Shanksville-Stonycreek School District,2741,440,86
PA,42,21420,Sharpsville Area School District,7417,1167,152
PA,42,21690,Smethport Area School District,5832,903,174
PA,42,20580,South Fayette Township School District,14407,2440,91
PA,42,22050,South Middleton School District,15578,2594,157
PA,42,22060,South Park School District,13413,2167,127
PA,42,22230,South Side Area School District,6579,1188,86
PA,42,22140,South Williamsport Area School District,9082,1398,183
PA,42,22200,Southeastern Greene School District,4422,695,184
PA,42,22260,Southern Columbia Area School District,10155,1536,149
PA,42,22290,Southern Fulton School District,5501,868,136
PA,42,22620,Springfield Township School District,19996,3022,116
PA,42,22710,St. Clair Area School District,6441,884,123
PA,42,22920,Sullivan County School District,6089,504,86
PA,42,22980,Susquehanna Community School District,5007,711,134
PA,42,23700,Tri-Valley School District,6456,934,93
PA,42,23880,Turkeyfoot Valley Area School District,2673,361,61
PA,42,23970,Tussey Mountain School District,7151,1069,172
PA,42,24060,Union Area School District,5327,750,127
PA,42,24120,Union School District,4155,585,127
PA,42,24210,Unionville-Chadds Ford School District,24502,4638,103
PA,42,24390,Upper Dublin School District,26434,5066,129
PA,42,24570,Upper St. Clair School District,19233,4037,85
PA,42,24630,Valley Grove School District,6514,949,127
PA,42,24790,Wallingford-Swarthmore School District,21825,3687,150
PA,42,25140,Weatherly Area School District,4945,691,97
PA,42,25440,West Greene School District,4862,785,110
PA,42,25590,West Jefferson Hills School District,19404,2783,133
PA,42,25650,West Middlesex Area School District,7124,1112,155
PA,42,26040,Western Beaver County School District,5227,769,86
PA,42,26400,Williams Valley School District,7445,1148,175
PA,42,26430,Williamsburg Community School District,3564,592,83
