State Postal Code,State FIPS Code,District ID,Name,Estimated Total Population,Estimated Population 5-17,Estimated number of relevant children 5 to 17 years old in poverty who are related to the householder
PA,42,2010,Abington Heights School District,23220,3925,221
PA,42,2040,Abington School District,59792,9371,501
PA,42,2100,Albert Gallatin Area School District,22988,3444,935
PA,42,2130,Aliquippa School District,9193,1257,494
PA,42,2190,Allegheny Valley School District,9701,1037,140
PA,42,2310,Allegheny-Clarion Valley School District,5523,844,134
PA,42,2280,Allentown City School District,120910,21257,6935
PA,42,2340,Altoona Area School District,57910,8797,1844
PA,42,2440,Ambridge Area School District,23208,3023,467
PA,42,2490,Annville-Cleona School District,12640,1914,168
PA,42,2480,Antietam School District,7788,1181,238
PA,42,2550,Apollo-Ridge School District,9062,1439,214
PA,42,2590,Armstrong School District,41297,6103,1005
PA,42,2670,Athens Area School District,14337,2306,415
PA,42,2700,Austin Area School District,1231,161,31
PA,42,2760,Avella Area School District,4196,617,55
PA,42,2790,Avon Grove School District,31272,6462,306
PA,42,2820,Avonworth School District,10053,1604,58
PA,42,2910,Bald Eagle Area School District,13957,2119,252
PA,42,2970,Baldwin-Whitehall School District,35720,4622,472
PA,42,3000,Bangor Area School District,23088,3686,382
PA,42,3120,Beaver Area School District,14406,2133,156
PA,42,3180,Bedford Area School District,16402,2221,348
PA,42,3210,Belle Vernon Area School District,18228,2538,348
PA,42,3240,Bellefonte Area School District,26765,3614,371
PA,42,3300,Bellwood-Antis School District,8074,1288,142
PA,42,3330,Bensalem Township School District,60717,7931,1038
PA,42,3390,Benton Area School District,5124,711,86
PA,42,3360,Bentworth School District,8521,1298,199
PA,42,3420,Berlin Brothersvalley School District,5613,844,145
PA,42,3450,Bermudian Springs School District,13219,2251,191
PA,42,3480,Berwick Area School District,21960,3289,663
PA,42,3510,Bethel Park School District,32694,4877,240
PA,42,3570,Bethlehem Area School District,119832,17243,2824
PA,42,3600,Bethlehem-Center School District,8738,1319,169
PA,42,3630,Big Beaver Falls Area School District,13469,1714,460
PA,42,3660,Big Spring School District,21912,3816,380
PA,42,3688,Blackhawk School District,17354,2569,203
PA,42,3690,Blacklick Valley School District,4780,690,237
PA,42,3750,Blairsville-Saltsburg School District,13958,2002,267
PA,42,3840,Bloomsburg Area School District,20253,1873,273
PA,42,3870,Blue Mountain School District,19639,3102,249
PA,42,3900,Blue Ridge School District,7338,998,212
PA,42,3960,Boyertown Area School District,47412,8082,451
PA,42,4020,Bradford Area School District,20121,2711,575
PA,42,4050,Brandywine Heights Area School District,13061,1939,155
PA,42,4140,Brentwood Borough School District,9640,1288,168
PA,42,4200,Bristol Borough School District,9774,1432,264
PA,42,4230,Bristol Township School District,54845,7858,1063
PA,42,4260,Brockway Area School District,7279,1146,159
PA,42,4320,Brookville Area School District,11710,1717,305
PA,42,4080,Brownsville Area School District,14443,1786,623
PA,42,4090,Bryn Athyn School District,1412,229,21
PA,42,4500,Burgettstown Area School District,9665,1505,135
PA,42,4530,Burrell School District,13600,1866,146
PA,42,4590,Butler Area School District,55818,7842,1040
PA,42,4710,California Area School District,11175,895,103
PA,42,4740,Cambria Heights School District,9266,1497,215
PA,42,4830,Cameron County School District,4592,590,130
PA,42,4860,Camp Hill School District,8377,1369,118
PA,42,4890,Canon-McMillan School District,33587,5003,309
PA,42,4920,Canton Area School District,6350,1105,215
PA,42,4980,Carbondale Area School District,10884,1771,545
PA,42,5010,Carlisle Area School District,39383,5775,687
PA,42,5040,Carlynton School District,14353,1718,294
PA,42,5070,Carmichaels Area School District,6759,1038,225
PA,42,5160,Catasauqua Area School District,11292,1690,353
PA,42,5190,Centennial School District,49111,6576,456
PA,42,5310,Central Bucks School District,114966,20855,751
PA,42,5340,Central Cambria School District,12790,1806,230
PA,42,5370,Central Columbia School District,14548,2161,187
PA,42,5400,Central Dauphin School District,92967,13478,1556
PA,42,14850,Central Fulton School District,6275,903,169
PA,42,5430,Central Greene School District,15122,1846,332
PA,42,824,Central Valley School District,17617,2510,247
PA,42,5490,Central York School District,38693,6338,455
PA,42,5550,Chambersburg Area School District,68277,10608,1462
PA,42,5640,Charleroi School District,11994,1625,318
PA,42,5700,Chartiers Valley School District,30498,3664,272
PA,42,5730,Chartiers-Houston School District,9089,1183,132
PA,42,5760,Cheltenham Township School District,37962,5488,337
PA,42,5860,Chester-Upland School District,41584,7578,2371
PA,42,5880,Chestnut Ridge School District,10409,1557,270
PA,42,5910,Chichester School District,24657,3794,583
PA,42,6030,Clairton City School District,6788,865,347
PA,42,6060,Clarion Area School District,8646,838,191
PA,42,6090,Clarion-Limestone Area School District,7840,1039,171
PA,42,6120,Claysburg-Kimmel School District,5628,908,194
PA,42,6150,Clearfield Area School District,18672,2516,491
PA,42,6240,Coatesville Area School District,65485,10424,1354
PA,42,6270,Cocalico School District,24251,4587,296
PA,42,19470,Colonial School District,43126,6048,260
PA,42,6360,Columbia Borough School District,10864,1624,384
PA,42,6390,Commodore Perry School District,4051,629,109
PA,42,6420,Conemaugh Township Area School District,7839,1044,100
PA,42,6430,Conemaugh Valley School District,6118,906,193
PA,42,6480,Conestoga Valley School District,34529,6278,864
PA,42,6550,Conewago Valley School District,27584,4443,382
PA,42,6590,Conneaut School District,18070,2838,560
PA,42,6660,Connellsville Area School District,33211,4939,1288
PA,42,6780,Conrad Weiser Area School District,19843,3144,273
PA,42,6810,Cornell School District,6774,817,154
PA,42,6840,Cornwall-Lebanon School District,36329,5799,642
PA,42,6860,Corry Area School District,14427,2565,673
PA,42,6930,Coudersport Area School District,5482,854,157
PA,42,6960,Council Rock School District,72813,12833,380
PA,42,7050,Cranberry Area School District,8927,1217,172
PA,42,7080,Crawford Central School District,29752,4117,726
PA,42,5460,Crestwood School District,19801,3425,258
PA,42,7110,Cumberland Valley School District,57609,9475,457
PA,42,7140,Curwensville Area School District,7192,1055,192
PA,42,7200,Dallas School District,20363,3159,362
PA,42,7230,Dallastown Area School District,42132,6661,425
PA,42,7290,Daniel Boone Area School District,21539,4236,246
PA,42,7320,Danville Area School District,18677,2639,315
PA,42,7540,Deer Lakes School District,14428,2040,151
PA,42,7530,Delaware Valley School District,28295,4286,448
PA,42,7560,Derry Area School District,17150,2298,446
PA,42,7590,Derry Township School District,25379,5596,410
PA,42,7650,Donegal School District,21475,3529,457
PA,42,7680,Dover Area School District,26436,4194,449
PA,42,7710,Downingtown Area School District,71305,14169,384
PA,42,7830,DuBois Area School District,30181,4510,825
PA,42,7980,Dunmore School District,13818,1865,328
PA,42,8010,Duquesne City School District,5561,949,347
PA,42,8060,East Allegheny School District,15117,1989,449
PA,42,8490,East Lycoming School District,10223,1625,201
PA,42,8550,East Penn School District,57178,9716,562
PA,42,8580,East Pennsboro Area School District,21844,3285,316
PA,42,8670,East Stroudsburg Area School District,47185,6916,1091
PA,42,8820,Eastern Lancaster County School District,33604,6476,640
PA,42,8460,Eastern Lebanon County School District,21660,3938,365
PA,42,8790,Eastern York School District,20010,3112,333
PA,42,8850,Easton Area School District,64263,9814,1445
PA,42,9090,Elizabeth Forward School District,18136,2534,306
PA,42,9120,Elizabethtown Area School District,31424,4885,332
PA,42,9150,Elk Lake School District,7947,1240,214
PA,42,9240,Ellwood City Area School District,13733,1979,293
PA,42,9270,Ephrata Area School District,34460,5542,587
PA,42,9300,Erie City School District,99569,15471,5238
PA,42,9360,Everett Area School District,9458,1335,237
PA,42,9480,Exeter Township School District,27688,4776,314
PA,42,9540,Fairfield Area School District,8068,1294,92
PA,42,9570,Fairview School District,9882,1694,150
PA,42,9660,Fannett-Metal School District,4653,860,199
PA,42,9690,Farrell Area School District,5350,837,323
PA,42,9750,Ferndale Area School District,4723,795,189
PA,42,9780,Fleetwood Area School District,16877,3020,277
PA,42,9870,Forbes Road School District,2814,433,50
PA,42,8280,Forest Area School District,7835,604,115
PA,42,9930,Forest City Regional School District,5574,803,148
PA,42,9940,Forest Hills School District,11719,1872,278
PA,42,9960,Fort Cherry School District,8498,1204,122
PA,42,9990,Fort LeBoeuf School District,13845,2330,311
PA,42,10070,Fox Chapel Area School District,29014,4957,316
PA,42,10200,Franklin Area School District,15323,2204,422
PA,42,10230,Franklin Regional School District,22158,3615,155
PA,42,10350,Frazier School District,7711,1059,181
PA,42,10380,Freedom Area School District,10824,1510,204
PA,42,10440,Freeport Area School District,11677,1896,159
PA,42,10530,Galeton Area School District,2827,328,82
PA,42,10590,Garnet Valley School District,28871,5135,139
PA,42,10620,Gateway School District,31628,4098,564
PA,42,10650,General McLane School District,16942,2238,249
PA,42,10710,Gettysburg Area School District,27830,3282,454
PA,42,10740,Girard School District,10995,2002,399
PA,42,10830,Glendale School District,5161,778,112
PA,42,10860,Governor Mifflin School District,31565,4699,402
PA,42,10870,Great Valley School District,31031,5040,258
PA,42,10950,Greater Johnstown School District,25603,3464,1466
PA,42,10980,Greater Latrobe School District,30183,4283,424
PA,42,16290,Greater Nanticoke Area School District,18898,2480,565
PA,42,11010,Greencastle-Antrim School District,19479,3571,289
PA,42,10920,Greensburg Salem School District,25203,2963,643
PA,42,11160,Greenville Area School District,10238,1434,235
PA,42,11190,Greenwood School District,5493,887,108
PA,42,11220,Grove City Area School District,16953,2532,261
PA,42,11310,Halifax Area School District,7823,1259,117
PA,42,11340,Hamburg Area School District,17943,2645,249
PA,42,11400,Hampton Township School District,18360,3328,105
PA,42,11420,Hanover Area School District,15268,2153,587
PA,42,11450,Hanover Public School District,15666,2009,351
PA,42,11490,Harbor Creek School District,16864,2408,232
PA,42,11520,Harmony Area School District,2277,340,109
PA,42,11580,Harrisburg City School District,50923,8743,3365
PA,42,11610,Hatboro-Horsham School District,34595,5987,289
PA,42,11670,Haverford Township School District,49022,7734,239
PA,42,11700,Hazleton Area School District,71874,11075,2919
PA,42,11760,Hempfield Area School District,48530,6059,554
PA,42,11790,Hempfield School District,49117,8037,674
PA,42,11820,Hermitage School District,15722,2075,241
PA,42,11880,Highlands School District,20620,2789,519
PA,42,11940,Hollidaysburg Area School District,26257,3792,401
PA,42,13290,Homer-Center School District,6185,858,123
PA,42,12030,Hopewell Area School District,17650,2474,202
PA,42,12090,Huntingdon Area School District,20206,2309,435
PA,42,12150,Indiana Area School District,31463,2912,403
PA,42,12170,Interboro School District,23837,3626,390
PA,42,12210,Iroquois School District,7163,1259,235
PA,42,12300,Jamestown Area School District,4103,562,113
PA,42,12330,Jeannette City School District,9268,1210,290
PA,42,12390,Jefferson-Morgan School District,5605,812,125
PA,42,12420,Jenkintown School District,4567,741,63
PA,42,12480,Jersey Shore Area School District,17570,3028,397
PA,42,12540,Jim Thorpe Area School District,15459,2427,276
PA,42,12570,Johnsonburg Area School District,4289,583,94
PA,42,12600,Juniata County School District,23901,4013,696
PA,42,12630,Juniata Valley School District,5111,842,137
PA,42,12660,Kane Area School District,7063,1126,232
PA,42,9600,Karns City Area School District,10387,1553,165
PA,42,12690,Kennett Consolidated School District,28203,5189,489
PA,42,12725,Keystone Central School District,37713,5596,1041
PA,42,12750,Keystone Oaks School District,20944,2405,344
PA,42,12720,Keystone School District,7325,1166,187
PA,42,12840,Kiski Area School District,27848,3976,521
PA,42,12930,Kutztown Area School District,19236,1877,174
PA,42,12990,Lackawanna Trail School District,8445,1276,149
PA,42,13020,Lake-Lehman School District,16574,2291,216
PA,42,13050,Lakeland School District,11894,1834,218
PA,42,13080,Lakeview School District,8249,1364,239
PA,42,13110,Lampeter-Strasburg School District,23797,4148,335
PA,42,13140,Lancaster School District,78268,12468,3125
PA,42,13320,Laurel Highlands School District,22562,3027,720
PA,42,13380,Laurel School District,7737,1261,112
PA,42,13440,Lebanon School District,27472,4985,1427
PA,42,13470,Leechburg Area School District,5658,768,135
PA,42,13500,Lehighton Area School District,17497,2433,458
PA,42,13590,Lewisburg Area School District,18900,2160,244
PA,42,13710,Ligonier Valley School District,15630,2112,245
PA,42,14460,Line Mountain School District,8928,1425,223
PA,42,13980,Littlestown Area School District,14710,2436,173
PA,42,14100,Lower Dauphin School District,25444,4512,365
PA,42,14160,Lower Merion School District,64133,10450,371
PA,42,14190,Lower Moreland Township School District,13418,2465,97
PA,42,14310,Loyalsock Township School District,10812,1483,157
PA,42,14430,Mahanoy Area School District,11031,1217,282
PA,42,14550,Manheim Central School District,25188,4093,350
PA,42,14580,Manheim Township School District,39883,6617,404
PA,42,14730,Marion Center Area School District,10033,1770,434
PA,42,14760,Marple Newtown School District,36015,5376,213
PA,42,14790,Mars Area School District,19643,3368,96
PA,42,14880,McGuffey School District,12718,2046,167
PA,42,14940,McKeesport Area School District,31133,4324,1215
PA,42,15030,Mechanicsburg Area School District,30435,4310,398
PA,42,15120,Mercer Area School District,10298,1267,231
PA,42,14250,Methacton School District,36341,6448,255
PA,42,15150,Meyersdale Area School District,6734,998,255
PA,42,15170,Mid Valley School District,15048,2060,391
PA,42,15210,Midd-West School District,17939,3024,495
PA,42,15240,Middletown Area School District,18590,2673,493
PA,42,15270,Midland Borough School District,2569,444,97
PA,42,15290,Mifflin County School District,43335,6990,1335
PA,42,26010,Mifflinburg Area School District,16224,2979,376
PA,42,15330,Millcreek Township School District,52396,8459,868
PA,42,15360,Millersburg Area School District,6908,989,151
PA,42,15450,Millville Area School District,5438,873,132
PA,42,15480,Milton Area School District,16358,2447,394
PA,42,15510,Minersville Area School District,8825,1355,221
PA,42,15540,Mohawk Area School District,10384,1469,208
PA,42,15600,Monessen City School District,7453,938,204
PA,42,17100,Moniteau School District,9454,1447,224
PA,42,15660,Montgomery Area School District,7282,1035,178
PA,42,15720,Montour School District,25477,3415,223
PA,42,15750,Montoursville Area School District,12946,2061,214
PA,42,15810,Montrose Area School District,11087,1594,334
PA,42,15830,Moon Area School District,26798,3947,216
PA,42,15900,Morrisville Borough School District,8771,1176,171
PA,42,15960,Moshannon Valley School District,8563,895,156
PA,42,15990,Mount Carmel Area School District,12241,1610,363
PA,42,16110,Mount Lebanon School District,33122,5493,211
PA,42,16170,Mount Pleasant Area School District,17259,2255,256
PA,42,16020,Mount Union Area School District,9578,1532,379
PA,42,16050,Mountain View School District,8639,1225,177
PA,42,16200,Muhlenberg School District,23901,3653,479
PA,42,16230,Muncy School District,6908,1093,114
PA,42,16380,Nazareth Area School District,28470,4907,332
PA,42,16410,Neshaminy School District,71032,10196,603
PA,42,16440,Neshannock Township School District,9175,1312,91
PA,42,16530,New Brighton Area School District,10688,1662,306
PA,42,16620,New Castle Area School District,23239,3312,1076
PA,42,16860,New Hope-Solebury School District,11272,1706,63
PA,42,16740,New Kensington-Arnold School District,17644,2392,716
PA,42,16890,Newport School District,7647,1203,236
PA,42,16980,Norristown Area School District,65670,8870,1500
PA,42,17010,North Allegheny School District,50001,8705,233
PA,42,17130,North Clarion County School District,4671,758,141
PA,42,17160,North East School District,10382,1756,274
PA,42,17220,North Hills School District,37868,4586,298
PA,42,17280,North Penn School District,101396,15706,861
PA,42,17310,North Pocono School District,20420,3397,356
PA,42,10110,North Schuylkill School District,16335,2096,327
PA,42,10115,North Star School District,8736,1218,215
PA,42,17370,Northampton Area School District,42496,6025,573
PA,42,17460,Northeast Bradford School District,5473,994,178
PA,42,17520,Northeastern York School District,23928,4077,407
PA,42,17580,Northern Bedford County School District,6780,1243,174
PA,42,17610,Northern Cambria School District,7318,1229,208
PA,42,17640,Northern Lebanon School District,18233,3140,256
PA,42,17670,Northern Lehigh School District,13454,2054,256
PA,42,17700,Northern Potter School District,4027,686,213
PA,42,17730,Northern Tioga School District,14123,2143,427
PA,42,17760,Northern York County School District,21597,3493,216
PA,42,17770,Northgate School District,13072,1408,246
PA,42,17790,Northwest Area School District,8968,1397,180
PA,42,17850,Northwestern Lehigh School District,15459,2724,137
PA,42,17880,Northwestern School District,11839,1667,314
PA,42,17940,Norwin School District,34314,4982,298
PA,42,18030,Octorara Area School District,18740,3778,432
PA,42,18090,Oil City Area School District,14158,2244,560
PA,42,18120,Old Forge School District,8170,1120,165
PA,42,18150,Oley Valley School District,13404,2067,237
PA,42,18210,Oswayo Valley School District,3175,506,87
PA,42,18240,Otto-Eldred School District,3960,673,91
PA,42,18270,Owen J. Roberts School District,34133,6091,321
PA,42,18300,Oxford Area School District,26872,5215,596
PA,42,18330,Palisades School District,15840,2155,108
PA,42,18360,Palmerton Area School District,13758,2093,238
PA,42,18390,Palmyra Area School District,23420,3904,228
PA,42,18450,Panther Valley School District,12295,1759,396
PA,42,18510,Parkland School District,60443,10918,696
PA,42,18570,Pen Argyl Area School District,12696,1966,220
PA,42,13770,Penn Cambria School District,16095,1963,279
PA,42,18590,Penn Hills School District,42405,5766,1056
PA,42,18630,Penn Manor School District,43175,6138,621
PA,42,18580,Penn-Delco School District,27237,3859,228
PA,42,18660,Penn-Trafford School District,25247,4219,248
PA,42,18740,Penncrest School District,23898,3928,588
PA,42,18750,Pennridge School District,48548,7966,508
PA,42,18780,Penns Manor Area School District,5887,934,195
PA,42,18810,Penns Valley Area School District,13523,2442,472
PA,42,18840,Pennsbury School District,71585,12100,618
PA,42,18900,Pequea Valley School District,22378,5187,768
PA,42,18930,Perkiomen Valley School District,38937,6648,256
PA,42,18960,Peters Township School District,21152,4607,120
PA,42,18990,Philadelphia City School District,1580863,239211,72959
PA,42,19020,Philipsburg-Osceola Area School District,15601,1949,288
PA,42,19050,Phoenixville Area School District,33335,4866,289
PA,42,19140,Pine Grove Area School District,11346,1808,229
PA,42,2850,Pine-Richland School District,22592,4848,201
PA,42,19170,Pittsburgh School District,308692,32776,7793
PA,42,19200,Pittston Area School District,27583,3829,682
PA,42,19290,Pleasant Valley School District,33537,5430,597
PA,42,19350,Plum Borough School District,27116,4250,253
PA,42,19500,Pocono Mountain School District,63883,10164,1570
PA,42,19530,Port Allegany School District,5480,888,208
PA,42,19560,Portage Area School District,5942,871,163
PA,42,19650,Pottsgrove School District,22008,3831,379
PA,42,19680,Pottstown School District,23085,3526,876
PA,42,19710,Pottsville Area School District,19320,3041,540
PA,42,19800,Punxsutawney Area School District,20333,3227,699
PA,42,19830,Purchase Line School District,6882,1081,214
PA,42,19860,Quaker Valley School District,13929,2383,177
PA,42,19890,Quakertown Community School District,36623,5778,371
PA,42,19920,Radnor Township School District,31892,4799,332
PA,42,20040,Reading School District,89364,18063,6189
PA,42,20100,Red Lion Area School District,39238,6888,679
PA,42,20130,Redbank Valley School District,7690,1144,204
PA,42,20220,Reynolds School District,9194,1385,197
PA,42,20250,Richland School District,13852,1646,184
PA,42,20310,Ridgway Area School District,6645,1014,147
PA,42,20370,Ridley School District,40728,6157,560
PA,42,20400,Ringgold School District,26051,3438,505
PA,42,17430,Riverside Beaver County School District,10185,1491,147
PA,42,23250,Riverside School District,11776,1747,322
PA,42,20430,Riverview School District,8797,1105,157
PA,42,20460,Rochester Area School District,6844,966,218
PA,42,20520,Rockwood Area School District,5377,775,103
PA,42,20550,Rose Tree Media School District,35618,4834,171
PA,42,20730,Salisbury Township School District,14274,2024,259
PA,42,20760,Salisbury-Elk Lick School District,2844,473,199
PA,42,11730,Saucon Valley School District,16978,2641,194
PA,42,20850,Sayre Area School District,7782,1224,306
PA,42,20910,Schuylkill Haven Area School District,8129,1449,143
PA,42,20970,Schuylkill Valley School District,14989,2175,145
PA,42,21090,Scranton School District,74784,10711,3039
PA,42,21120,Selinsgrove Area School District,22862,3382,446
PA,42,22440,Seneca Valley School District,47458,8084,288
PA,42,21180,Shade-Central City School District,3728,550,81
PA,42,21200,Shaler Area School District,39289,5276,468
PA,42,21240,Shamokin Area School District,20372,2880,569
PA,42,21270,Shanksville-Stonycreek School District,2741,440,86
PA,42,21330,Sharon City School District,13427,2067,659
PA,42,21420,Sharpsville Area School District,7417,1167,152
PA,42,21490,Shenandoah Valley School District,7638,1174,407
PA,42,21510,Shenango Area School District,7854,1241,199
PA,42,21540,Shikellamy School District,22007,3091,532
PA,42,21570,Shippensburg Area School District,29664,4347,618
PA,42,21660,Slippery Rock Area School District,20945,2237,251
PA,42,21690,Smethport Area School District,5832,903,174
PA,42,21810,Solanco School District,33263,6675,1296
PA,42,21840,Somerset Area School District,20451,2369,405
PA,42,21870,Souderton Area School District,46672,8224,374
PA,42,21910,South Allegheny School District,11901,1600,301
PA,42,21930,South Butler County School District,18805,2808,217
PA,42,22170,South Eastern School District,20048,3700,253
PA,42,20580,South Fayette Township School District,14407,2440,91
PA,42,22050,South Middleton School District,15578,2594,157
PA,42,22060,South Park School District,13413,2167,127
PA,42,22230,South Side Area School District,6579,1188,86
PA,42,22470,South Western School District,27416,4488,293
PA,42,22140,South Williamsport Area School District,9082,1398,183
PA,42,22400,Southeast Delco School District,30675,5356,1049
PA,42,22200,Southeastern Greene School District,4422,695,184
PA,42,22260,Southern Columbia Area School District,10155,1536,149
PA,42,22290,Southern Fulton School District,5501,868,136
PA,42,22320,Southern Huntingdon County School District,8016,1288,227
PA,42,22350,Southern Lehigh School District,21976,3748,191
PA,42,22370,Southern Tioga School District,15240,2188,324
PA,42,22380,Southern York County School District,21383,3528,226
PA,42,22410,Southmoreland School District,14685,1985,312
PA,42,22530,Spring Cove School District,14036,2173,279
PA,42,22590,Spring Grove Area School District,28117,4600,341
PA,42,22560,Spring-Ford Area School District,48939,9135,333
PA,42,22600,Springfield School District,27064,4413,188
PA,42,22620,Springfield Township School District,19996,3022,116
PA,42,22710,St. Clair Area School District,6441,884,123
PA,42,20640,St. Marys Area School District,17940,2602,275
PA,42,22770,State College Area School District,97474,8428,595
PA,42,22790,Steel Valley School District,16502,2212,475
PA,42,22800,Steelton-Highspire School District,8622,1482,511
PA,42,22830,Sto-Rox School District,12449,1841,682
PA,42,22860,Stroudsburg Area School District,34241,5111,575
PA,42,22920,Sullivan County School District,6089,504,86
PA,42,22980,Susquehanna Community School District,5007,711,134
PA,42,23010,Susquehanna Township School District,24724,3549,419
PA,42,23040,Susquenita School District,14682,1993,243
PA,42,23220,Tamaqua Area School District,16013,2313,388
PA,42,23490,Titusville Area School District,13629,2201,563
PA,42,23550,Towanda Area School District,10824,1651,296
PA,42,23640,Tredyffrin-Easttown School District,41408,7616,209
PA,42,23700,Tri-Valley School District,6456,934,93
PA,42,23760,Trinity Area School District,26001,3469,436
PA,42,23790,Troy Area School District,10116,1544,275
PA,42,23820,Tulpehocken Area School District,12473,2205,226
PA,42,23850,Tunkhannock Area School District,18408,2725,381
PA,42,23880,Turkeyfoot Valley Area School District,2673,361,61
PA,42,22740,Tuscarora School District,18974,3368,357
PA,42,23970,Tussey Mountain School District,7151,1069,172
PA,42,24000,Twin Valley School District,24771,4478,339
PA,42,24030,Tyrone Area School District,12685,1968,321
PA,42,24060,Union Area School District,5327,750,127
PA,42,24090,Union City Area School District,6730,1195,225
PA,42,24120,Union School District,4155,585,127
PA,42,24150,Uniontown Area School District,22911,3247,912
PA,42,24210,Unionville-Chadds Ford School District,24502,4638,103
PA,42,24240,United School District,7637,1285,211
PA,42,24300,Upper Adams School District,10925,1746,201
PA,42,24320,Upper Darby School District,91558,14679,2780
PA,42,24360,Upper Dauphin Area School District,10028,1768,288
PA,42,24390,Upper Dublin School District,26434,5066,129
PA,42,24480,Upper Merion Area School District,35380,4565,322
PA,42,24510,Upper Moreland Township School District,24802,3556,226
PA,42,24540,Upper Perkiomen School District,22962,3764,204
PA,42,24570,Upper St. Clair School District,19233,4037,85
PA,42,24630,Valley Grove School District,6514,949,127
PA,42,24650,Valley View School District,17909,2777,329
PA,42,24750,Wallenpaupack Area School District,24799,3132,467
PA,42,24790,Wallingford-Swarthmore School District,21825,3687,150
PA,42,24820,Warren County School District,36422,5244,1153
PA,42,24870,Warrior Run School District,16996,2161,340
PA,42,24960,Warwick School District,32435,5634,370
PA,42,24990,Washington School District,15859,1809,428
PA,42,25080,Wattsburg Area School District,10182,1774,219
PA,42,24970,Wayne Highlands School District,20192,2753,434
PA,42,25110,Waynesboro Area School District,33334,5278,656
PA,42,25140,Weatherly Area School District,4945,691,97
PA,42,25170,Wellsboro Area School District,11489,1715,267
PA,42,25200,West Allegheny School District,20447,3246,204
PA,42,25230,West Branch Area School District,7672,1102,234
PA,42,25290,West Chester Area School District,112599,17328,621
PA,42,25440,West Greene School District,4862,785,110
PA,42,25590,West Jefferson Hills School District,19404,2783,133
PA,42,25650,West Middlesex Area School District,7124,1112,155
PA,42,25680,West Mifflin Area School District,21581,2973,526
PA,42,25740,West Perry School District,19061,3308,402
PA,42,25830,West Shore School District,65175,9312,892
PA,42,25980,West York Area School District,24081,3729,411
PA,42,26040,Western Beaver County School District,5227,769,86
PA,42,26070,Western Wayne School District,18696,2099,322
PA,42,26130,Westmont Hilltop School District,11967,1890,191
PA,42,26250,Whitehall-Coplay School District,31394,4716,653
PA,42,26300,Wilkes-Barre Area School District,59158,7971,2573
PA,42,26370,Wilkinsburg Borough School District,15926,1983,660
PA,42,26390,William Penn School District,42571,7274,1356
PA,42,26400,Williams Valley School District,7445,1148,175
PA,42,26430,Williamsburg Community School District,3564,592,83
PA,42,26460,Williamsport Area School District,40919,5691,1320
PA,42,26520,Wilmington Area School District,11301,1755,301
PA,42,26550,Wilson Area School District,15696,2443,398
PA,42,26580,Wilson School District,39231,6230,479
PA,42,26610,Windber Area School District,8485,1143,248
PA,42,2400,Wissahickon School District,37880,6208,274
PA,42,16500,Woodland Hills School District,46877,6193,1435
PA,42,26700,Wyalusing Area School District,8919,1439,217
PA,42,26730,Wyoming Area School District,19151,2654,473
PA,42,25950,Wyoming Valley West School District,41785,5921,1334
PA,42,26760,Wyomissing Area School District,12523,2017,211
PA,42,26820,York City School District,44919,8284,2682
PA,42,26850,York Suburban School District,22123,3149,257
PA,42,21150,Yough School District,15640,2170,269
