State Postal Code,State FIPS Code,District ID,Name,Estimated Total Population,Estimated Population 5-17,Estimated number of relevant children 5 to 17 years old in poverty who are related to the householder
NY,36,2400,Afton Central School District,3755,599,86
NY,36,2580,Alexander Central School District,5053,850,79
NY,36,2670,Alexandria Central School District,3797,583,81
NY,36,2880,Amagansett Union Free School District,1367,162,6
NY,36,3000,Andes Central School District,1132,102,15
NY,36,3030,Andover Central School District,2104,382,61
NY,36,3180,Ardsley Union Free School District,9931,1949,87
NY,36,3210,Argyle Central School District,3892,575,79
NY,36,3240,Arkport Central School District,3008,485,83
NY,36,3630,Avoca Central School District,3597,597,86
NY,36,3660,Avon Central School District,7085,985,87
NY,36,3720,Babylon Union Free School District,11786,1725,82
NY,36,4110,Bayport-Blue Point Union Free School District,13963,2373,90
NY,36,4370,Belleville Henderson Central School District,3180,527,91
NY,36,4410,Bellmore Union Free School District,12831,1089,37
NY,36,4530,Bemus Point Central School District,4957,736,89
NY,36,4650,Berne-Knox-Westerlo Central School District,6727,1021,67
NY,36,4800,Binghamton Common School District,445,78,4
NY,36,24630,Blind Brook-Rye Union Free School District,6550,1468,44
NY,36,5010,Bolton Central School District,2007,231,12
NY,36,5220,Bradford Central School District,2018,297,65
NY,36,5340,Briarcliff Manor Union Free School District,8110,1607,33
NY,36,5370,Bridgehampton Union Free School District,1520,153,3
NY,36,5640,Bronxville Union Free School District,6484,1469,51
NY,36,5670,Brookfield Central School District,1402,240,47
NY,36,6060,Byram Hills Central School District,11803,2803,81
NY,36,6360,Canaseraga Central School District,1633,266,44
NY,36,6540,Carle Place Union Free School District,9548,1402,72
NY,36,6840,Center Moriches Union Free School District,7552,1258,77
NY,36,6990,Chappaqua Central School District,16670,4066,83
NY,36,7170,Chazy Union Free School District,3020,450,55
NY,36,7380,Chester Union Free School District,6621,1105,73
NY,36,7710,Clifton-Fine Central School District,2209,327,90
NY,36,8010,Cold Spring Harbor Central School District,8632,1994,82
NY,36,8100,Colton-Pierrepont Central School District,2443,323,58
NY,36,8610,Crown Point Central School District,1939,237,43
NY,36,8850,DeRuyter Central School District,2746,432,67
NY,36,9120,Dobbs Ferry Union Free School District,9839,1736,69
NY,36,9870,East Moriches Union Free School District,5774,938,36
NY,36,9900,East Quogue Union Free School District,4643,769,44
NY,36,9960,East Rockaway Union Free School District,9980,1412,86
NY,36,10200,Edgemont Union Free School District,7665,1717,64
NY,36,10230,Edinburg Common School District,1385,150,17
NY,36,10260,Edmeston Central School District,2852,407,90
NY,36,10380,Elba Central School District,2679,455,44
NY,36,10440,Elizabethtown-Lewis Central School District,2484,312,21
NY,36,10530,Ellicottville Central School District,3325,511,60
NY,36,21540,Fire Island Union Free School District,436,45,6
NY,36,11100,Fishers Island Union Free School District,236,30,1
NY,36,11160,Floral Park-Bellerose Union Free School District,20508,1689,65
NY,36,25320,Florida Union Free School District,5118,941,69
NY,36,11250,Forestville Central School District,3577,514,88
NY,36,11280,Fort Ann Central School District,5678,501,55
NY,36,11430,Franklin Central School District,1928,259,65
NY,36,11640,Friendship Central School District,2091,375,89
NY,36,11730,Galway Central School District,7330,1147,92
NY,36,11740,Gananda Central School District,5442,1123,69
NY,36,11860,Garrison Union Free School District,2713,350,13
NY,36,22100,Georgetown-South Otselic Central School District,2611,468,80
NY,36,12030,Germantown Central School District,4479,530,66
NY,36,4757,Gilbertsville-Mount Upton Central School District,2896,395,92
NY,36,12120,Gilboa-Conesville Central School District,2482,336,67
NY,36,12660,Green Island Union Free School District,2667,314,48
NY,36,12840,Greenport Union Free School District,4483,453,72
NY,36,12960,Greenwood Lake Union Free School District,6338,901,47
NY,36,13230,Haldane Central School District,5406,780,36
NY,36,13380,Hamilton Central School District,6952,546,48
NY,36,13440,Hammond Central School District,1779,302,88
NY,36,13470,Hammondsport Central School District,4061,496,83
NY,36,13560,Hancock Central School District,2558,413,94
NY,36,13770,Harrisville Central School District,2303,373,80
NY,36,13950,Hastings-on-Hudson Union Free School District,8810,1711,44
NY,36,14670,Honeoye Central School District,6115,780,59
NY,36,15060,Hunter-Tannersville Central School District,3555,423,91
NY,36,15270,Indian Lake Central School District,1253,119,8
NY,36,15330,Inlet Common School District,309,42,3
NY,36,15450,Irvington Union Free School District,9483,1914,86
NY,36,15720,Jefferson Central School District,1787,267,65
NY,36,15870,Johnsburg Central School District,2564,325,71
NY,36,16140,Keene Central School District,1074,118,6
NY,36,16410,LaFayette Central School District,4951,679,87
NY,36,16470,Lake George Central School District,6518,833,93
NY,36,16500,Lake Placid Central School District,6235,893,76
NY,36,16530,Lake Pleasant Central School District,725,65,15
NY,36,16800,Laurens Central School District,2565,319,64
NY,36,17760,Long Lake Central School District,553,44,4
NY,36,17880,Lyme Central School District,2293,329,55
NY,36,24270,Manchester-Shortsville Central School District,6125,920,92
NY,36,18510,Margaretville Central School District,3759,441,88
NY,36,21,Mattituck-Cutchogue Union Free School District,9194,1372,55
NY,36,18840,McGraw Central School District,3438,567,88
NY,36,18990,Menands Union Free School District,3952,411,56
NY,36,19110,Merrick Union Free School District,18271,1658,49
NY,36,19260,Middleburgh Central School District,6211,835,94
NY,36,19350,Milford Central School District,2941,387,49
NY,36,19530,Minerva Central School District,799,99,13
NY,36,19710,Montauk Union Free School District,3326,354,27
NY,36,19860,Morris Central School District,2601,395,52
NY,36,20160,Mount Pleasant Central School District,13376,2563,90
NY,36,20400,New Hyde Park-Garden City Park Union Free School District,23241,1751,80
NY,36,20430,New Lebanon Central School District,4092,540,75
NY,36,20520,New Suffolk Common School District,349,25,0
NY,36,20610,New York Mills Union Free School District,5454,677,89
NY,36,20730,Newcomb Central School District,420,50,14
NY,36,20940,North Bellmore Union Free School District,26625,2132,82
NY,36,31410,North Greenbush Common School District (Williams),1756,175,19
NY,36,21120,North Merrick Union Free School District,14477,1277,36
NY,36,16960,North Warren Central School District,4410,528,82
NY,36,21300,Northville Central School District,2872,390,52
NY,36,21510,Oakfield-Alabama Central School District,5227,911,82
NY,36,21960,Oriskany Central School District,4777,746,90
NY,36,21930,Oysterponds Union Free School District,1605,166,12
NY,36,22410,Panama Central School District,3361,564,92
NY,36,22440,Parishville-Hopkinton Central School District,2851,509,88
NY,36,22500,Pavilion Central School District,4553,729,86
NY,36,23130,Piseco Common School District,284,37,6
NY,36,23310,Pleasantville Union Free School District,8313,1662,35
NY,36,23340,Pocantico Hills Central School District,4565,491,23
NY,36,23490,Port Jefferson Union Free School District,7564,1184,43
NY,36,23790,Prattsburgh Central School District,2766,434,94
NY,36,23970,Putnam Central School District,633,93,19
NY,36,24060,Quogue Union Free School District,1082,139,5
NY,36,24120,Raquette Lake Union Free School District,106,1,0
NY,36,24420,Remsenburg-Speonk Union Free School District,1949,309,5
NY,36,24480,Rhinebeck Central School District,9667,1162,94
NY,36,24570,Richfield Springs Central School District,3997,544,91
NY,36,24660,Ripley Central School District,1967,306,74
NY,36,25020,Roscoe Central School District,2001,248,42
NY,36,25110,Roxbury Central School District,2563,331,86
NY,36,25260,Rye City School District,15142,3510,82
NY,36,25290,Rye Neck Union Free School District,8969,1680,82
NY,36,25380,Sag Harbor Union Free School District,6739,946,47
NY,36,25410,Sagaponack Common School District,308,35,0
NY,36,25470,Salem Central School District,3924,564,78
NY,36,25950,Scarsdale Union Free School District,18471,4752,91
NY,36,3060,Schenevus Central School District,2419,318,61
NY,36,26070,Schodack Central School District,6407,1070,47
NY,36,26130,Schroon Lake Central School District,1826,206,36
NY,36,26190,Scio Central School District,2234,386,67
NY,36,26400,Seaford Union Free School District,16569,2736,81
NY,36,26580,Sharon Springs Central School District,2029,306,67
NY,36,26640,Shelter Island Union Free School District,2392,281,8
NY,36,26840,Shoreham-Wading River Central School District,12884,2448,61
NY,36,26940,Skaneateles Central School District,8874,1601,94
NY,36,27180,Somers Central School District,20270,3766,87
NY,36,27990,St. Regis Falls Central School District,2040,360,83
NY,36,28020,Stamford Central School District,2554,321,77
NY,36,28140,Stockbridge Valley Central School District,2784,477,60
NY,36,28800,Town of Webb Union Free School District,2159,250,22
NY,36,29070,Tuckahoe Common School District,3350,439,32
NY,36,29040,Tuckahoe Union Free School District,7666,1157,61
NY,36,29160,Tupper Lake Central School District,6220,858,93
NY,36,29190,Tuxedo Union Free School District,2719,390,18
NY,36,29400,Valhalla Union Free School District,9956,1614,78
NY,36,22200,Van Hornesville-Owen D. Young Central School District,1574,278,50
NY,36,29670,Voorheesville Central School District,7354,1195,39
NY,36,29760,Wainscott Common School District,659,94,38
NY,36,29850,Wantagh Union Free School District,18234,3555,76
NY,36,30420,Weedsport Central School District,5213,838,86
NY,36,30450,Wells Central School District,863,124,23
NY,36,30900,West Valley Central School District,2152,349,60
NY,36,31020,Westhampton Beach Union Free School District,5564,817,61
NY,36,31080,Westport Central School District,1358,184,60
NY,36,31200,Wheelerville Union Free School District,1240,177,17
NY,36,31350,Whitesville Central School District,1081,209,44
NY,36,31500,Willsboro Central School District,2505,276,31
NY,36,31590,Windham-Ashland-Jewett Central School District,3091,371,43
NY,36,31830,Wynantskill Union Free School District,3519,504,28
NY,36,31860,Wyoming Central School District,1685,270,28
NY,36,31950,York Central School District,5112,783,71
