AL,ALABAMA,100005,Albertville City,107 W Main St,Albertville,35950,No,5445,0,6,Yes,Yes.1,Yes.2,TIMOTHY,TIDMORE,256-891-1183,ttidmore@albertk12.org,TIMOTHY.1,TIDMORE.1,256-891-1183.1,ttidmore@albertk12.org.1,TIMOTHY.2,TIDMORE.2,256-891-1183.2,ttidmore@albertk12.org.2,No.1,Yes.3,Yes.4,www.albertk12.org/apps/pages/index.jsp?uREC_ID=368921&type=d&termREC_ID=&pREC_ID=689254,Yes.5,No.2,Yes.6,Yes.7,Yes.8,Yes.9,No.3,No.4,Yes.10,No.5,1,6.1,127,0.1,Yes.11,-9,-9.1,-9.2,Yes.12,Yes.13,No.6,No.7,No.8
LA,LOUISIANA,2200018,LA Schools for the Deaf and Visually Impaired,P. O. Box 3074,Baton Rouge,70821,No,197,0,2,Yes,Yes,Yes,JULIE,ALCORN,2257573214,jalcorn@lsdvi.org,JULIE,ALCORN,2257573214,jalcorn@lsdvi.org,BEVERLY,PUGH,2257573376,Beverly.pugh@la.gov,No,Yes,Yes,www.lsdvi.net/files/Harassment_2015.pdf,Yes,No,Yes,Yes,No,No,No,No,No,No,0,2,1,0,No,Yes,Yes,Yes,Yes,Yes,No,No,No
LA,LOUISIANA,2200020,Louisiana Special Education Center,P. O. Drawer 7797,Alexandria,71306,No,36,0,1,Yes,Yes,Yes,JULIE,ALCORN,2257573214,jalcorn@lsdvi.org,JULIE,ALCORN,2257573214,jalcorn@lsdvi.org,BEVERLY,PUGH,2257573376,beverly.pugh@la.gov,No,Yes,Yes,www.lsdvi.net/files/Harassment_2015.pdf,No,-9,Yes,Yes,No,No,No,No,No,No,0,0,0,2,No,Yes,No,Yes,Yes,Yes,No,No,No
LA,LOUISIANA,2200025,New Vision Learning Academy,507 Swayze Street,Monroe,71201,No,306,0,1,Yes,Yes,Yes,JOY,BROWN,318-338-9995,nvla@bayou.com,TAMEKIA,MOTEN,318-338-9995,nvla@bayou.com,VOTIKA,LYNCH,318-338-9995,nvla@bayou.com,No,Yes,No,-9,No,-9,Yes,Yes,No,No,No,No,Yes,Yes,0,0,37,52,Yes,-9,-9,-9,Yes,Yes,No,No,No
LA,LOUISIANA,2200032,V. B. Glencoe Charter School,4491 LA 83,Franklin,70538,No,384,0,1,Yes,Yes,Yes,LOREN,DECUIR,3379236900,ldecuir@vbglencoecharter.org,LOREN,DECUIR,3379236900,ldecuir@vbglencoecharter.org,LOREN,DECUIR,3379236900,ldecuir@vbglencoecharter.org,No,Yes,Yes,www.vbglencoecharte.org,Yes,No,Yes,Yes,Yes,No,No,No,Yes,No,0,0,40,0,Yes,-9,-9,-9,Yes,Yes,No,No,No
LA,LOUISIANA,2200036,New Orleans Center for Creative Arts,2800 Chartres Street,New Orleans,70117,No,228,0,1,Yes,Yes,Yes,BLAKE,COHELEY,(504) 940-2828,bcoheley@nocca.com,BLAKE,COHELEY,(504) 940-2828,bcoheley@nocca.com,KIT,NELSON,(504) 940-2879,knelson@nocca.com,No,Yes,Yes,https://docs.google.com/document/d/1UhC2xB4cRSKdWQ7_Uaty5AgZRxSXj66uBOfJWkO7B_I/edit#heading=h.ellapclqera5,No,-9,No,-9,-9,-9,-9,-9,-9,-9,-9,-9,-9,-9,-9,-9,-9,-9,No,-9,-9,-9,-9
LA,LOUISIANA,2200047,Office of Juvenile Justice,P.O. Box 66458 Audubon Station,Baton Rouge,70896,No,280,0,2,Yes,Yes,Yes,GWEN,JONES,2252877900,gwen.brinkley@la.gov,GWEN,JONES,2252877900,gwen.brinkley@la.gov,GWEN,JONES,2252877900,gwen.brinkley@la.gov,No,Yes,Yes,http://www.ojj.la.gov/index.php?page=sub&id=209,No,-9,No,-9,-9,-9,-9,-9,-9,-9,-9,-9,-9,-9,-9,-9,-9,-9,No,-9,-9,-9,-9
LA,LOUISIANA,2200056,A.E. Phillips Laboratory School,Box 10168 Tech Station,Ruston,71272,No,403,0,1,Yes,Yes,Yes,JENNY,BLALOCK,318-257-3469,jblalock@aep.latech.edu,JENNY,BLALOCK,318-257-3469,jblalock@aep.latech.edu,JENNY,BLALOCK,318-257-3469,jblalock@aep.latech.edu,Yes,Yes,Yes,www.aep.latech.edu,No,-9,No,-9,-9,-9,-9,-9,-9,-9,-9,-9,-9,-9,-9,-9,-9,-9,Yes,Yes,Yes,No,No
LA,LOUISIANA,2200126,The MAX Charter School,P. O. Box 2072,Thibodaux,70301,No,120,0,1,Yes,Yes,Yes,ALISON,BORNE,985-227-9500,aborne@maxcharter.org,ALISON,BORNE,985-227-9500,aborne@maxcharter.org,ALISON,BORNE,985-227-9500,aborne@maxcharter.org,No,Yes,Yes,http://mymaxcharterschool.org/?page_id=136#1523541437552-bb20a82b-68ed,No,-9,No,-9,-9,-9,-9,-9,-9,-9,-9,-9,-9,-9,-9,-9,-9,-9,No,-9,-9,-9,-9
LA,LOUISIANA,2200151,Howard School,P.O. Box 929,Ruston,71270,No,83,0,1,Yes,Yes,Yes,SHANNA,SWILLIE,(318)255-5763,shanna.swillie@lmch.org,SHANNA,SWILLIE,(318)255-5763,shanna.swillie@lmch.org,JENNIFER,BLAKE,(318)255-5763,jblake@lincolnschools.org,No,Yes,No,-9,No,-9,No,-9,-9,-9,-9,-9,-9,-9,-9,-9,-9,-9,-9,-9,-9,-9,No,-9,-9,-9,-9
LA,LOUISIANA,2200184,RSD-Baton Rouge College Preparatory Inc,5300 Monarch Ave Building,Baton Rouge,70811,No,249,0,1,Yes,Yes,Yes,KATHRYN,RICE,(225)337-7702,krice@brcollegeprep.org,KATHRYN,RICE,(225)337-7702,krice@brcollegeprep.org,KATHRYN,RICE,(225)337-7702,krice@brcollegeprep.org,No,Yes,Yes,https://brcollegeprep.org/families/,No,-9,No,-9,-9,-9,-9,-9,-9,-9,-9,-9,-9,-9,-9,-9,-9,-9,No,-9,-9,-9,-9
LA,LOUISIANA,2200185,RSD-Baton Rouge Bridge Academy Inc,P O Box 41779,Baton Rouge,70835,No,196,0,1,Yes,Yes,Yes,BRANDY,WHITFIELD,(225)447-8315,bwhitfield@4thsectorsoltuions.com,BRANDY,WHITFIELD,(225)447-8315,bwhitfield@4thsectorsoltuions.com,BRANDY,WHITFIELD,(225)447-8315,bwhitfield@4thsectorsoltuions.com,No,Yes,No,-9,No,-9,No,-9,-9,-9,-9,-9,-9,-9,-9,-9,-9,-9,-9,-9,-9,-9,Yes,Yes,No,No,No
LA,LOUISIANA,2200188,The NET Charter High School,1614 Oretha Castle Haley Blvd,New Orleans,70113,No,136,0,1,Yes,Yes,Yes,ELIZABETH,OSTBERG,(504) 228-4294,eostberg@thenetnola.org,ELIZABETH,OSTBERG,(504) 228-4294,eostberg@thenetnola.org,ELIZABETH,OSTBERG,(504) 228-4294,eostberg@thenetnola.org,No,Yes,Yes,https://www.thenetnola.org/apps/pages/index.jsp?uREC_ID=594231&type=d&pREC_ID=1150034,No,-9,No,-9,-9,-9,-9,-9,-9,-9,-9,-9,-9,-9,-9,-9,-9,-9,No,-9,-9,-9,-9
LA,LOUISIANA,2200194,Tangipahoa Charter School Association,43052 Yokum Road,Hammond,70403,No,330,0,1,Yes,Yes,Yes,JACKIE,WILSON,985-269-7695,JACKIE.WILSON@TANGIACADEMY.ORG,JACKIE,WILSON,985-269-7695,jACKIE.WILSON@TANGIACADEMY.ORG,LAURA,TALLO,985-269-7695,LAURA.TALLO@TANGIACADEMY.ORG,No,Yes,Yes,http://tangiacademy.org/parents-students-info/parent-student-handbook.html#ewpopup/0/,No,-9,No,-9,-9,-9,-9,-9,-9,-9,-9,-9,-9,-9,-9,-9,-9,-9,Yes,Yes,No,No,No
LA,LOUISIANA,2200202,Sylvanie Williams College Prep,3127 Martin L. King Blvd.3rd,New Orleans,70125,No,346,110,1,Yes,Yes,Yes,STANLEY,GREEN,(504)233-9091,stgreen@nolacollegeprep.org,STANLEY,GREEN,(504)233-9091,stgreen@nolacollegeprep.org,STANLEY,GREEN,(504)233-9091,stgreen@nolacollegeprep.org,No,Yes,No,-9,Yes,Yes,Yes,Yes,Yes,No,No,Yes,Yes,No,0,0,0,0,No,Yes,Yes,Yes,Yes,Yes,Yes,No,No
LA,LOUISIANA,2200209,Nelson Elementary School,3121 St. Bernard Avenue,New Orleans,70119,No,405,0,1,Yes,Yes,Yes,RODERICK,MATTHEWS,5047584445,roderick.matthews@newbeginningsnola.net,RODERICK,MATTHEWS,5047584445,roderick.matthews@newbeginningsnola.net,LORI,TAYLOR,5048271930,lori.taylor@newbeginningsnola.net,No,Yes,Yes,http://www.nbsfnola.com/images/docs/handbooks-and-info/NBSF-Non-Discrimination-Policy-Title-IX-09-2018-clean-version.pdf,No,-9,Yes,Yes,No,No,No,No,Yes,Yes,0,0,40,0,Yes,-9,-9,-9,Yes,Yes,No,No,No
LA,LOUISIANA,2200213,Louisiana Key Academy,3172 Government St.,Baton Rouge,70806,No,320,0,1,Yes,Yes,Yes,HEATHER,BOURGEOIS,(225) 298-1223,heather.bourgeois@lakeyacademy.com,HEATHER,BOURGEOIS,(225)298-1223,heather.bourgeois@lakeyacademy.com,HEATHER,BOURGEOIS,(225)298-1223,heather.bourgeois@lakeyacademy.com,No,Yes,Yes,https://irp-cdn.multiscreensite.com/42b0cbbb/files/uploaded/student%20handbook%2018.19%20%281%29.pdf,No,-9,No,-9,-9,-9,-9,-9,-9,-9,-9,-9,-9,-9,-9,-9,-9,-9,No,-9,-9,-9,-9
LA,LOUISIANA,2200215,JS Clark Leadership Academy,1517 Statesman Rd.,Opelousas,70571,No,249,0,1,Yes,Yes,Yes,TIFFANIE,LEWIS,337-418-4222,tmlewis@jsclarkcharter.org,TIFFANIE,LEWIS,337-418-4222,tmlewis@jsclarkcharter.org,JOSEPHINE,BARROW,337-418-4222,jrbarrow@jsclarkcharter.org,No,Yes,Yes,https://jsclarkcharter.com/ourpages/auto/2014/7/11/57830690/2017-2018%20SLCC%20Student%20Handbook.pdf,No,-9,No,-9,-9,-9,-9,-9,-9,-9,-9,-9,-9,-9,-9,-9,-9,-9,No,-9,-9,-9,-9
LA,LOUISIANA,2200219,Iberville Charter Academy,24360 Enterprise Blvd,Plaquemine,70764,No,225,0,1,Yes,Yes,Yes,GEORGETTE,STERLING,2252830231,gsterling@charterschoolsusa.com,LAKISHA,BROWN,2252387346,LBROWN@IBERVILLECHARTER.ORG,LAKISHA,BROWN,2252387346,LBROWN@IBERVILLECHARTER.ORG,No,Yes,Yes,https://www.ibervillecharter.org/,No,-9,No,-9,-9,-9,-9,-9,-9,-9,-9,-9,-9,-9,-9,-9,-9,-9,Yes,Yes,No,No,No
LA,LOUISIANA,2200221,ReNEW Accelerated High School,3645 Laurel Street,New Orleans,70115,No,255,0,1,Yes,Yes,Yes,MICHAEL,GALDI,215-850-7339,michael@renewschools.org,MARY,COLE-BUSH,504-281-0360,mcole-bush@renewschools.org,EMILY,WATERFIELD,504-390-8860,emily@renewschools.org,No,Yes,Yes,https://renewschools.org/bullying-information,No,-9,No,-9,-9,-9,-9,-9,-9,-9,-9,-9,-9,-9,-9,-9,-9,-9,No,-9,-9,-9,-9
LA,LOUISIANA,2200222,McDonogh #32 Literacy Charter School,"2401 Westbend Parkway, Suite 2001",New Orleans,70114,No,377,0,5,Yes,Yes,Yes,TAMMI,MAJOR,5043027001,tammi.major@theacsa.org,TAMMI,MAJOR,5043027001,tammi.major@theacsa.org,JAMES,MACIKA,5043027001,james.macika@theacsa.org,No,Yes,No,-9,No,-9,Yes,Yes,No,No,No,No,Yes,Yes,0,0,6,199,Yes,-9,-9,-9,Yes,Yes,No,No,No
LA,LOUISIANA,2200223,Celerity Crestworth Charter School,10650 Ave F,Baton Rouge,70807,No,101,0,1,Yes,Yes,Yes,TIRZA,RIVERA,225-290-1564,tirza@celeritylouisianagroup.org,TIRZA,RIVERA,225-290-1564,tirza@celeritylouisianagroup.org,TIRZA,RIVERA,225-290-1564,tirza@celeritylouisianagroup.org,No,Yes,Yes,http://www.celeritylouisiana.org/wp-content/uploads/2019/02/Celerity-Charter-Schools-Parent-Handbook-2018-19_New.pdf,No,-9,No,-9,-9,-9,-9,-9,-9,-9,-9,-9,-9,-9,-9,-9,-9,-9,Yes,Yes,No,No,No
LA,LOUISIANA,2200226,Celerity Lanier Charter School,4705 Lanier Dr,Baton Rouge,70812,No,257,0,1,Yes,Yes,Yes,TIRZA,RIVERA,225-290-1564,tirza@celeritylouisianagroup.org,TIRZA,RIVERA,225-290-1564,tirza@celeritylouisianagroup.org,TIRZA,RIVERA,225-290-1564,tirza@celeritylouisianagroup.org,No,Yes,Yes,http://www.celeritylouisiana.org/wp-content/uploads/2019/02/Celerity-Charter-Schools-Parent-Handbook-2018-19_New.pdf,No,-9,No,-9,-9,-9,-9,-9,-9,-9,-9,-9,-9,-9,-9,-9,-9,-9,Yes,Yes,No,No,No
LA,LOUISIANA,2200229,Joseph S. Clark Preparatory High School,1301 N Derbigny St,New Orleans,70116,No,96,0,1,Yes,Yes,Yes,SABRINA,PENCE,(504) 267-9038,spence@firstlineschools.org,SABRINA,PENCE,(504) 267-9038,spence@firstlineschools.org,SABRINA,PENCE,(504) 267-9038,spence@firstlineschools.org,No,Yes,Yes,firstlineschools.org,No,-9,No,-9,-9,-9,-9,-9,-9,-9,-9,-9,-9,-9,-9,-9,-9,-9,No,-9,-9,-9,-9
LA,LOUISIANA,2200230,GEO Prep Academy of Greater Baton Rouge,2311 N Sherwood Forest,Baton Rouge,70815,No,287,0,1,Yes,Yes,Yes,SANDRA,DOUGLAS,(225)927-1500,sdouglas@geoacademies.org,SANDRA,DOUGLAS,(225)927-1500,sdouglas@geoacademies.org,SANDRA,DOUGLAS,(225)927-1500,sdouglas@geoacademies.org,No,Yes,Yes,https://geoprep.org/wp-content/uploads/2018/08/GPA-Student-handbook-2018-2019.pdf,No,-9,No,-9,-9,-9,-9,-9,-9,-9,-9,-9,-9,-9,-9,-9,-9,-9,Yes,Yes,No,No,No
LA,LOUISIANA,2200232,Vision Academy,1411 Shrrouse St,Monroe,71203,No,122,0,1,Yes,Yes,Yes,MONICA,JACKSON,4045134259,amonijackson@aol.com,MONICA,JACKSON,4045134259,amonijackson@aol.com,MONICA,JACKSON,4045134259,amonijackson@aol.com,No,Yes,Yes,https://www.visionacademyschools.com/wp-content/uploads/2018/09/1040519.pdf,No,-9,No,-9,-9,-9,-9,-9,-9,-9,-9,-9,-9,-9,-9,-9,-9,-9,No,-9,-9,-9,-9
LA,LOUISIANA,2200239,Edgar P. Harney Spirit of Excellence Academy,2503 Willow Street,New Orleans,70113,No,291,0,1,Yes,Yes,Yes,AVERY,DRAKE,5043044910,avery_drake@opsb.us,CATHY,CHASE,5043043805,cathy_chase@opsb.us,SHAYLA,GUIDRY,(504) 304-4988,shayla_guidry@opsb.us,Yes,No,-9,-9,No,-9,No,-9,-9,-9,-9,-9,-9,-9,-9,-9,-9,-9,-9,-9,-9,-9,Yes,Yes,No,No,No
LA,LOUISIANA,2200241,JCFA-East,475 Manhattan Blvd,Harvey,70058,No,277,0,1,Yes,Yes,Yes,ELIZABETH,SMITH,(504)410-3121,Elizabeth.Smith@jcfa.co,ELIZABETH,SMITH,(504)410-3121,Elizabeth.Smith@jcfa.co,ELIZABETH,SMITH,(504)410-3121,Elizabeth.Smith@jcfa.co,No,Yes,Yes,https://jcfa.co/wp-content/uploads/2018/08/JCFA-East_Student-ParentHandbook_2018-2019.pdf,No,-9,No,-9,-9,-9,-9,-9,-9,-9,-9,-9,-9,-9,-9,-9,-9,-9,No,-9,-9,-9,-9
LA,LOUISIANA,2200245,Joseph A. Craig Charter School,1423 St. Phillip Street,New Orleans,70116,No,299,0,1,Yes,Yes,Yes,SHELIA,SEALS,5049402243,SSEALS@MLKNOLA.ORG,SHELIA,SEALS,5049402243,SSEALS@MLKNOLA.ORG,LEILA,WALKER,5049402243,LWALKER@MLKNOLA.ORG,No,Yes,Yes,WWW.FRIENDSOFKING.COM,No,-9,Yes,Yes,No,No,No,No,Yes,Yes,0,0,39,39,Yes,-9,-9,-9,Yes,Yes,No,No,No
LA,LOUISIANA,2200248,KIPP East Community Primary,6519 Virgilian St,New Orleans,70126,No,328,0,1,Yes,Yes,Yes,BRENNA,GAVINI,504-513-4257,bgavini@kippneworleans.org,BRENNA,GAVINI,504-513-4257,bgavini@kippneworleans.org,BRENNA,GAVINI,504-513-4257,bgavini@kippneworleans.org,No,Yes,Yes,https://www.kippneworleans.org/apps/pages/KNOSpolicies,No,-9,No,-9,-9,-9,-9,-9,-9,-9,-9,-9,-9,-9,-9,-9,-9,-9,Yes,Yes,No,No,No
LA,LOUISIANA,2200254,Democracy Prep Baton Rouge,4055 Prescott Road,Baton Rouge,70805,No,390,0,1,Yes,Yes,Yes,KENT,ANKER,3475152732,kent.anker@democracyprep.org,KENT,ANKER,3475152732,kent.anker@democracyprep.org,KENT,ANKER,3475152732,kent.anker@democracyprep.org,No,Yes,Yes,http://dpcms.democracyprep.org/wp-content/uploads/2018/07/DPCMS-Middle-School-Student-Family-Handbook-2018-19.pdf,No,-9,No,-9,-9,-9,-9,-9,-9,-9,-9,-9,-9,-9,-9,-9,-9,-9,Yes,Yes,No,No,No
LA,LOUISIANA,2200256,Algiers Charter School Association,1801 L.B. Landry Avenue,New Orleans,70114,No,347,0,5,Yes,Yes,Yes,TAMMI,MAJOR,5043027001,tammi.major@theacsa.org,TAMMI,MAJOR,5043027001,tammi.major@theacsa.org,JAMES,MACIKA,5043027001,james.macika@theacsa.org,No,Yes,No,-9,No,-9,Yes,Yes,No,No,No,No,Yes,Yes,0,0,6,199,Yes,-9,-9,-9,Yes,Yes,No,No,No
LA,LOUISIANA,2200257,Capitol High School,1000 North 23rd St.,Baton Rouge,70802,No,380,0,1,Yes,Yes,Yes,BRANDY,WHITFIELD,225-387-5295,bwhitfield@4thsectorsolutions.com,BRANDY,WHITFIELD,225-387-5295,bwhitfield@4thsectorsolutions.com,BRANDY,WHITFIELD,225-387-5295,bwhitfield@4thsectorsolutions.com,No,Yes,No,-9,No,-9,No,-9,-9,-9,-9,-9,-9,-9,-9,-9,-9,-9,-9,-9,-9,-9,No,-9,-9,-9,-9
LA,LOUISIANA,2200260,Baton Rouge University Preparatory Elementary,P.O. Box 74009,Baton Rouge,70874,No,276,0,1,Yes,Yes,Yes,BRANDY,WHITFIELD,(225)447-8315,bwhitfield@4thsectorsolutions.com,BRANDY,WHITFIELD,(225)447-8315,bwhitfield@4thsectorsolutions.com,BRANDY,WHITFIELD,(225)447-8315,bwhitfield@4thsectorsolutions.com,No,Yes,Yes,https://www.upelementary.org/pdf/UP_Elementary_Bullying_Policy_2018-19.pdf,No,-9,No,-9,-9,-9,-9,-9,-9,-9,-9,-9,-9,-9,-9,-9,-9,-9,Yes,Yes,No,No,No
LA,LOUISIANA,2200271,Laurel Oaks Charter School,440 N. Foster Drive,Baton Rouge,70806,No,73,0,1,Yes,Yes,Yes,STEFANIE,ASHFORD,225-478-9496,sashford@laureloaksbr.org,STEFANIE,ASHFORD,225-478-9496,sashford@laureloaksbr.org,STEFANIE,ASHFORD,225-478-9496,sashford@laureloaksbr.org,No,Yes,Yes,https://www.laureloaksbr.org/no-harrassment-bullying-policy,No,-9,No,-9,-9,-9,-9,-9,-9,-9,-9,-9,-9,-9,-9,-9,-9,-9,Yes,Yes,No,No,No
LA,LOUISIANA,2200272,Greater Grace Charter Academy Inc,P O Box 41779,Baton Rouge,70835,No,94,0,1,Yes,Yes,Yes,CLAUDETTE,AUBERT,225-624-2113,caubert@greatergracecharteracademy.org,CLAUDETTE,AUBERT,225-624-2113,caubert@greatergracecharteracademy.org,CLAUDETTE,AUBERT,225-624-2113,caubert@greatergracecharteracademy.org,Yes,Yes,Yes,http://www.greatergracecharteracademy.org/bullying,No,-9,No,-9,-9,-9,-9,-9,-9,-9,-9,-9,-9,-9,-9,-9,-9,-9,Yes,Yes,No,No,No
LA,LOUISIANA,2200276,Livingston Collegiate Academy,7301 Dwyer Rd,New Orleans,70127,No,299,0,1,Yes,Yes,Yes,NATALIE,KAHARICK,504-655-8242,nkaharick@collegiateacademies.org,NATALIE,KAHARICK,504-655-8242,nkaharick@collegiateacademies.org,NATALIE,KAHARICK,504-655-8242,nkaharick@collegiateacademies.org,No,Yes,Yes,http://www.collegiateacademies.org/LivingstonCollegiate,No,-9,No,-9,-9,-9,-9,-9,-9,-9,-9,-9,-9,-9,-9,-9,-9,-9,No,-9,-9,-9,-9
LA,LOUISIANA,2200277,KIPP Booker T Washington,2514 Third Street,New Orleans,70113,No,225,0,1,Yes,Yes,Yes,BRENNA,GAVINI,504-513-4256,bgavini@kippneworleans.org,BRENNA,GAVINI,504-513-4256,bgavini@kippneworleans.org,BRENNA,GAVINI,504-513-4256,bgavini@kippneworleans.org,No,Yes,Yes,https://www.kippneworleans.org/apps/pages/KNOSpolicies,No,-9,No,-9,-9,-9,-9,-9,-9,-9,-9,-9,-9,-9,-9,-9,-9,-9,Yes,Yes,No,No,No
LA,LOUISIANA,2200278,Noble Minds,1333 S. Carrollton Ave,New Orleans,70118,No,33,0,1,Yes,Yes,Yes,KRISTINE,BARKER,(504) 962-7283,kbarker@nobleminds.org,KRISTINE,BARKER,(504) 962-7283,Kbarker@nobleminds.org,SHENELL,BOSTON,(504)962-7283,Sboston@nobleminds.org,No,Yes,No,-9,No,-9,No,-9,-9,-9,-9,-9,-9,-9,-9,-9,-9,-9,-9,-9,-9,-9,Yes,Yes,No,No,No
LA,LOUISIANA,2200280,Einstein Charter Middle Sch at Sarah Towles Reed,5316 Michoud Blvd,New Orleans,70129,No,357,0,1,Yes,Yes,Yes,DANIEL,DAVIS,5043247450,daniel_davis@einsteincharterschools.org,DANIEL,DAVIS,5043247450,daniel_davis@einsteincharterschools.org,DANIEL,DAVIS,5043247450,daniel_davis@einsteincharterschools.org,No,Yes,Yes,www.einsteincharter.org,No,-9,No,-9,-9,-9,-9,-9,-9,-9,-9,-9,-9,-9,-9,-9,-9,-9,No,-9,-9,-9,-9
LA,LOUISIANA,2200284,McDonogh 42 Charter School,1651 N Tonti St,New Orleans,70119,No,392,0,1,Yes,Yes,Yes,CANDICE,FRAZIER,(504)227-3055,Candice.Frazier@inspirenolaschools.org,CANDICE,FRAZIER,(504)227-3055,Candice.Frazier@inspirenolaschools.org,CANDICE,FRAZIER,(504)227-3055,Candice.Frazier@inspirenolaschools.org,No,Yes,No,-9,No,-9,Yes,Yes,No,No,No,No,Yes,No,0,0,20,0,Yes,-9,-9,-9,Yes,Yes,No,No,No
LA,LOUISIANA,2200286,Advocates for Innovative Schools Inc dba Robert Russa Moton Charter School,8550 Curran Blvd,New Orleans,70127,No,351,0,1,Yes,Yes,Yes,PAULETTE,BRUNO,(504)245-4400,pbruno@motoncharter.org,PAULETTE,BRUNO,(504)245-4400,pbruno@motoncharter.org,FREDDIE,MILLER,(504)245-4400,fmiller@motoncharter.org,No,No,-9,-9,No,-9,Yes,Yes,No,No,No,No,Yes,Yes,0,0,29,10,Yes,-9,-9,-9,Yes,Yes,No,No,No
LA,LOUISIANA,2200288,Collegiate Academy,1900 N Lobdell Blvd,Baton Rouge,70806,No,125,0,1,Yes,Yes,Yes,NATALIE,KAHARICK,504-655-8242,nkaharick@collegiateacademies.org,NATALIE,KAHARICK,504-655-8242,nkaharick@collegiateacademies.org,ANDREA,BOND,317-509-8482,abond@collegiateacademies.org,No,Yes,Yes,http://www.collegiateacademies.org.php56-19.dfw3-1.websitetestlink.com/uploads/Collegiate_Baton_Rouge_Student_Family_Handbook-1537980477.pdf,No,-9,No,-9,-9,-9,-9,-9,-9,-9,-9,-9,-9,-9,-9,-9,-9,-9,No,-9,-9,-9,-9
LA,LOUISIANA,2200290,Thrive Academy,2585 Brightside Drive,Baton Rouge,70820,No,122,0,1,Yes,Yes,Yes,LONDON,MOORE,(225) 367-6855,lmoore@thrivebr.org,LONDON,MOORE,(225) 367-6855,lmoore@thrivebr.org,TARA,HOLLINS,(225) 367-6855,thollins@thrivebr.org,No,Yes,Yes,thrivebr.org,No,-9,No,-9,-9,-9,-9,-9,-9,-9,-9,-9,-9,-9,-9,-9,-9,-9,No,-9,-9,-9,-9
LA,LOUISIANA,2200293,The NET2 High School,6601 Franklin Ave,New Orleans,70122,No,154,0,1,Yes,Yes,Yes,ELIZABETH,OSTBERG,(504) 228-4294,eostberg@thenetnola.org,ELIZABETH,OSTBERG,(504) 228-4294,eostberg@thenetnola.org,ELIZABETH,OSTBERG,(504) 228-4294,eostberg@thenetnola.org,No,Yes,Yes,https://www.thenetnola.org/apps/pages/index.jsp?uREC_ID=594231&type=d&pREC_ID=1150034,No,-9,No,-9,-9,-9,-9,-9,-9,-9,-9,-9,-9,-9,-9,-9,-9,-9,No,-9,-9,-9,-9
LA,LOUISIANA,2200295,Einstein Charter High School at Sarah Towles Reed,5316 Michoud Blvd,New Orleans,70129,No,163,0,1,Yes,Yes,Yes,DANIEL,DAVIS,5043247450,daniel_davis@einsteincharterschools.org,DANIEL,DAVIS,5043247450,daniel_davis@einsteincharterschools.org,DANIEL,DAVIS,5043247450,daniel_davis@einsteincharterschools.org,No,Yes,Yes,www.einsteincharter.org,No,-9,No,-9,-9,-9,-9,-9,-9,-9,-9,-9,-9,-9,-9,-9,-9,-9,No,-9,-9,-9,-9
LA,LOUISIANA,2200301,JCFA Lafayette,1501 Ambassador Caffery Blvd,Lafayette,70506,No,27,0,1,Yes,Yes,Yes,ELIZABETH,SMITH,504-410-3121,elizabeth.smith@jcfa.co,ELIZABETH,SMITH,504-410-3121,elizabeth.smith@jcfa.co,ELIZABETH,SMITH,504-410-3121,elizabeth.smith@jcfa.co,No,Yes,Yes,https://jcfa.co/wp-content/uploads/2018/08/JCFA-Lafayette_Student-ParentHandbook_2018-2019.pdf,No,-9,No,-9,-9,-9,-9,-9,-9,-9,-9,-9,-9,-9,-9,-9,-9,-9,No,-9,-9,-9,-9
LA,LOUISIANA,2280100,Special School District,P.O. Box 3074,Baton Rouge,70820,No,104,0,3,Yes,Yes,Yes,JULIE,ALCORN,2257573214,jalcorn@lsdvi.org,JULIE,ALCORN,2257573214,jalcorn@lsdvi.org,BEVERLY,PUGH,2257633908,beverly.pugh@la.gov,No,No,-9,-9,No,-9,No,-9,-9,-9,-9,-9,-9,-9,-9,-9,-9,-9,-9,-9,-9,-9,No,-9,-9,-9,-9
