State Postal Code,State FIPS Code,District ID,Name,Estimated Total Population,Estimated Population 5-17,Estimated number of relevant children 5 to 17 years old in poverty who are related to the householder
LA,22,40,Baker City School District,14036,2829,805
LA,22,210,Bienville Parish School District,13638,2286,783
LA,22,360,Caldwell Parish School District,9950,1716,496
LA,22,390,Cameron Parish School District,6912,1192,191
LA,22,420,Catahoula Parish School District,9875,1551,559
LA,22,6840,Central Community School District,28754,4725,587
LA,22,570,East Carroll Parish School District,7126,1226,726
LA,22,600,East Feliciana Parish School District,19412,2590,643
LA,22,960,La Salle Parish School District,14933,2513,539
LA,22,1230,Plaquemines Parish School District,23348,4485,766
LA,22,1320,Red River Parish School District,8536,1469,471
LA,22,1470,St. Helena Parish School District,10363,1615,577
LA,22,1710,Tensas Parish School District,4615,811,413
LA,22,1950,West Carroll Parish School District,10981,1912,541
LA,22,1980,West Feliciana Parish School District,15380,1889,342
LA,22,2010,Winn Parish School District,14311,2208,669
LA,22,39,Zachary Community School District,21545,4456,725
