State Postal Code,State FIPS Code,District ID,Name,Estimated Total Population,Estimated Population 5-17,Estimated number of relevant children 5 to 17 years old in poverty who are related to the householder
MO,29,3040,Altenburg 48 School District,1060,175,17
MO,29,3480,Atlanta C-3 Schools,1222,222,30
MO,29,4080,Avenue City R-IX School District,1159,205,14
MO,29,4110,Avilla R-XIII School District,1397,314,51
MO,29,4170,Ballard R-II School District,831,141,29
MO,29,4590,Belleview R-III School District,1367,198,40
MO,29,4980,Bevier C-4 School District,1367,261,45
MO,29,5190,Blackwater R-II School District,905,176,29
MO,29,9930,Blair Oaks R-II School District,6130,1401,50
MO,29,5400,Boncl R-X School District,488,71,11
MO,29,5610,Bosworth R-V School District,656,111,13
MO,29,5700,Bradleyville R-I School District,1029,193,44
MO,29,5850,Breckenridge R-I School District,571,105,23
MO,29,5880,Brentwood School District,8128,946,45
MO,29,6030,Brunswick R-II School District,1529,243,51
MO,29,10590,Buchanan County R-IV School District,2120,364,38
MO,29,6090,Bucklin R-II School District,1022,144,35
MO,29,6450,Cainsville R-I School District,485,76,18
MO,29,6480,Calhoun R-VIII School District,1084,202,39
MO,29,6540,Callao C-8 School District,632,109,17
MO,29,8340,Centerville R-I School District,750,98,36
MO,29,8430,Chadwick R-I School District,1681,291,38
MO,29,9090,Clarksburg C-2 School District,823,189,22
MO,29,6150,Cooper County R-IV School District,938,140,25
MO,29,10140,Cooter R-IV School District,811,166,40
MO,29,10230,Cowgill R-VI School District,373,54,10
MO,29,10260,Craig R-III School District,656,93,16
MO,29,10440,Dadeville R-II School District,933,160,31
MO,29,10470,Davis R-XII School District,475,58,6
MO,29,5730,Delta C-7 School District,836,128,49
MO,29,11070,Drexel R-IV School District,1834,317,40
MO,29,11160,East Lynne 40 School District,1393,273,23
MO,29,11580,Everton R-III School District,1150,184,38
MO,29,11760,Fairfax R-III School District,1013,147,23
MO,29,12510,Franklin County R-II School District,1374,245,20
MO,29,12720,Gasconade C-4 School District,836,140,35
MO,29,12840,Gilliam C-4 School District,340,54,8
MO,29,12870,Gilman City R-IV School District,752,131,34
MO,29,12900,Glasgow School District,2084,349,48
MO,29,12690,Grundy County R-V School District,994,170,34
MO,29,13500,Hale R-I School District,763,135,29
MO,29,27330,Hardeman R-X School District,560,83,14
MO,29,13680,Hardin-Central C-2 School District,1237,222,26
MO,29,21150,High Point R-III School District,835,190,41
MO,29,14520,Holliday C-2 School District,548,95,16
MO,29,15240,Hudson R-IX School District,435,89,28
MO,29,15330,Hume R-VIII School District,800,161,32
MO,29,15660,Jamestown C-1 School District,1443,257,25
MO,29,16200,Jefferson C-123 School District,850,134,11
MO,29,16470,Kelso C-7 School District,2180,356,30
MO,29,16530,Keytesville R-III School District,1229,188,37
MO,29,16590,King City R-I School District,1860,320,51
MO,29,16620,Kingston 42 School District,466,48,12
MO,29,16660,Kingsville R-I School District,2001,316,42
MO,29,17910,Laredo R-VII School District,466,65,17
MO,29,18330,Leesville R-IX School District,1052,125,35
MO,29,18360,Leeton R-X School District,1932,365,46
MO,29,18420,Leopold R-III School District,887,154,16
MO,29,8790,Livingston County R-III School District,621,110,27
MO,29,23400,Lutie R-VI School District,1544,182,47
MO,29,21880,Macon County R-IV School District,842,139,25
MO,29,19840,Madison C-3 School District,1382,237,38
MO,29,19920,Malta Bend R-V School District,649,122,19
MO,29,19950,Manes R-V School District,555,91,26
MO,29,20280,Marion County R-II School District,1271,236,42
MO,29,20340,Mark Twain R-VIII School District,712,95,24
MO,29,20640,Meadville R-IV School District,1222,239,40
MO,29,20820,Miami R-I School District,1396,246,38
MO,29,20840,Miami R-I School District,552,87,22
MO,29,30510,Miller County R-III School District,1438,231,33
MO,29,21030,Mirabile C-1 School District,355,58,8
MO,29,21060,Missouri City 56 School District,568,71,7
MO,29,21360,Montrose R-XIV School District,775,109,21
MO,29,21480,Mound City R-II School District,1620,246,42
MO,29,22110,New York R-IV School District,302,56,7
MO,29,22470,Newtown-Harris R-III School District,463,95,24
MO,29,22560,Nodaway-Holt R-VII School District,1484,214,44
MO,29,22620,Norborne R-VIII School District,1161,185,21
MO,29,22770,North Harrison R-III School District,1367,285,49
MO,29,20750,North Mercer County R-III School District,1012,165,29
MO,29,21690,North Nodaway County R-VI School District,1323,213,23
MO,29,21660,Northeast Nodaway County R-V School District,1277,208,31
MO,29,22920,Northwestern R-I School District,986,166,29
MO,29,23130,Oran R-III School District,2100,408,41
MO,29,27450,Orearville R-IV School District,388,61,9
MO,29,23220,Orrick R-XI School District,1993,355,33
MO,29,8490,Osage County R-I School District,1134,197,51
MO,29,23250,Osborn R-O School District,756,109,21
MO,29,23670,Pattonsburg R-II School District,1094,158,36
MO,29,23790,Pemiscot County R-III School District,879,153,40
MO,29,24690,Pettis County R-XII School District,1055,178,38
MO,29,25170,Pilot Grove C-4 School District,1712,319,43
MO,29,11040,Plainview R-VIII School District,784,136,34
MO,29,13440,Pleasant View R-VI School District,436,83,12
MO,29,25410,Polo R-VII School District,2096,344,44
MO,29,25530,Prairie Home R-V School District,1396,266,50
MO,29,26190,Renick R-V School District,1188,201,20
MO,29,26490,Ridgeway R-V School District,699,123,33
MO,29,26550,Ripley County R-III School District,792,134,25
MO,29,26610,Risco R-II School District,713,123,21
MO,29,26790,Rock Port R-II School District,2161,331,46
MO,29,26940,Roscoe C-1 School District,648,86,14
MO,29,28080,Shawnee R-III School District,621,124,15
MO,29,28170,Sheldon R-VIII School District,1117,202,41
MO,29,28200,Shell Knob 78 School District,2569,213,39
MO,29,28290,Silex R-I School District,2725,494,36
MO,29,11010,Skyline R-II School District,1094,145,45
MO,29,23190,South Holt County R-I School District,1674,246,44
MO,29,28500,South Nodaway County R-IV School District,959,153,15
MO,29,28680,Southwest Livingston County R-I School District,1209,189,27
MO,29,28770,Spickard R-II School District,572,104,36
MO,29,12450,Spring Bluff R-XV School District,1784,365,12
MO,29,29130,St. Elizabeth R-IV School District,1286,235,21
MO,29,29490,Stewartsville C-2 School District,1243,189,14
MO,29,12480,Strain-Japan R-XVI School District,904,143,16
MO,29,29670,Strasburg C-3 School District,1156,187,38
MO,29,29730,Success R-VI School District,1024,161,49
MO,29,29850,Swedeborg R-III School District,548,89,13
MO,29,23370,Thornfield R-I School District,608,103,31
MO,29,30300,Tina-Avalon R-II School District,882,151,24
MO,29,30600,Union Star R-II School District,972,155,28
MO,29,30900,West Nodaway County R-I School District,1719,250,52
MO,29,31710,West Platte County R-II School District,4330,715,43
MO,29,31890,Westview C-6 School District,1226,223,40
MO,29,32250,Winston R-VI School District,1214,215,31
MO,29,32490,Zalma R-V School District,1388,215,42
