State Postal Code,State FIPS Code,District ID,Name,Estimated Total Population,Estimated Population 5-17,Estimated number of relevant children 5 to 17 years old in poverty who are related to the householder
MO,29,22980,Adair County R-I School District,1855,314,94
MO,29,5790,Adair County R-II School District,1366,300,60
MO,29,2850,Adrian R-III School District,3758,720,128
MO,29,2880,Advance R-IV School District,2972,443,80
MO,29,2910,Affton 101 School District,26159,2957,237
MO,29,2970,Albany R-III School District,2819,437,96
MO,29,3040,Altenburg 48 School District,1060,175,17
MO,29,3060,Alton R-IV School District,4611,803,323
MO,29,3120,Appleton City R-II School District,2227,307,80
MO,29,3150,Arcadia Valley R-II School District,5694,922,282
MO,29,3200,Archie R-V School District,3107,598,56
MO,29,3270,Ash Grove R-IV School District,5170,910,147
MO,29,3480,Atlanta C-3 Schools,1222,222,30
MO,29,4020,Aurora R-VIII School District,11049,2122,438
MO,29,4050,Ava R-I School District,8925,1445,393
MO,29,4080,Avenue City R-IX School District,1159,205,14
MO,29,4110,Avilla R-XIII School District,1397,314,51
MO,29,4140,Bakersfield R-IV School District,1619,286,69
MO,29,4170,Ballard R-II School District,831,141,29
MO,29,4500,Bayless School District,13147,1691,212
MO,29,4530,Bell City R-II School District,1445,260,86
MO,29,4590,Belleview R-III School District,1367,198,40
MO,29,4620,Belton 124 School District,27751,4989,694
MO,29,4950,Bernie R-XIII School District,3087,534,136
MO,29,4980,Bevier C-4 School District,1367,261,45
MO,29,5070,Billings R-IV School District,3136,566,58
MO,29,5130,Bismarck R-V School District,3757,624,152
MO,29,5190,Blackwater R-II School District,905,176,29
MO,29,9930,Blair Oaks R-II School District,6130,1401,50
MO,29,5250,Bloomfield R-XIV School District,4565,726,118
MO,29,5280,Blue Eye R-V School District,5312,532,124
MO,29,5310,Blue Springs R-IV School District,79148,15224,1424
MO,29,5370,Bolivar R-I School District,16466,2621,488
MO,29,5400,Boncl R-X School District,488,71,11
MO,29,5580,Boonville R-I School District,11618,1778,255
MO,29,5610,Bosworth R-V School District,656,111,13
MO,29,5660,Bowling Green R-I School District,11152,1687,350
MO,29,5700,Bradleyville R-I School District,1029,193,44
MO,29,5760,Branson R-IV School District,28458,4658,933
MO,29,5820,Braymer C-4 School District,1768,302,74
MO,29,5850,Breckenridge R-I School District,571,105,23
MO,29,5880,Brentwood School District,8128,946,45
MO,29,5910,Bronaugh R-VII School District,1379,251,58
MO,29,5940,Brookfield R-III School District,6215,1108,238
MO,29,6030,Brunswick R-II School District,1529,243,51
MO,29,10590,Buchanan County R-IV School District,2120,364,38
MO,29,6090,Bucklin R-II School District,1022,144,35
MO,29,6170,Bunker R-III School District,1472,223,69
MO,29,6360,Butler R-V School District,6072,968,219
MO,29,6430,Cabool R-IV School District,5552,958,294
MO,29,6450,Cainsville R-I School District,485,76,18
MO,29,6480,Calhoun R-VIII School District,1084,202,39
MO,29,6540,Callao C-8 School District,632,109,17
MO,29,6990,Camdenton R-III School District,32592,4382,963
MO,29,7020,Cameron R-I School District,12846,1711,288
MO,29,7050,Campbell R-II School District,3404,624,211
MO,29,7080,Canton R-V School District,3913,645,143
MO,29,7120,Cape Girardeau 63 School District,39739,5284,1082
MO,29,7350,Carl Junction R-I School District,15950,3520,589
MO,29,7380,Carrollton R-VII School District,5318,886,171
MO,29,7460,Carthage R-IX School District,23854,4520,1160
MO,29,7470,Caruthersville 18 School District,5640,1105,448
MO,29,8170,Cassville R-IV School District,11786,1795,410
MO,29,8250,Center 58 School District,25892,3146,659
MO,29,8340,Centerville R-I School District,750,98,36
MO,29,29170,Central R-III School District,11860,2115,530
MO,29,8400,Centralia R-VI School District,7770,1478,231
MO,29,8430,Chadwick R-I School District,1681,291,38
MO,29,8460,Chaffee R-II School District,3753,628,161
MO,29,8670,Charleston R-I School District,8067,1190,400
MO,29,8730,Chilhowee R-IV School District,1077,188,54
MO,29,8760,Chillicothe R-II School District,12870,1948,372
MO,29,16380,Clark County R-I School District,6673,1108,242
MO,29,9090,Clarksburg C-2 School District,823,189,22
MO,29,9120,Clarkton C-4 School District,1773,358,115
MO,29,9720,Clayton School District,18666,2152,71
MO,29,9750,Clearwater R-I School District,6526,1045,320
MO,29,9780,Clever R-V School District,6434,1208,159
MO,29,9810,Climax Springs R-IV School District,2949,305,88
MO,29,25290,Clinton County R-III School District,5397,893,115
MO,29,9860,Clinton School District,11223,1783,393
MO,29,9900,Cole Camp R-I School District,5102,816,171
MO,29,26970,Cole County R-I School District,4029,775,58
MO,29,11550,Cole County R-V School District,5033,943,125
MO,29,1000,Columbia 93 School District,149987,20381,2592
MO,29,10020,Community R-VI School District,2193,368,72
MO,29,10080,Concordia R-II School District,3729,638,106
MO,29,6150,Cooper County R-IV School District,938,140,25
MO,29,10140,Cooter R-IV School District,811,166,40
MO,29,10200,Couch R-I School District,1192,149,57
MO,29,10230,Cowgill R-VI School District,373,54,10
MO,29,10260,Craig R-III School District,656,93,16
MO,29,10290,Crane R-III School District,3517,601,136
MO,29,10410,Crawford County R-2 School District,8972,1422,426
MO,29,5640,Crawford County R-I School District,6098,1046,212
MO,29,10350,Crocker R-II School District,3318,562,131
MO,29,10380,Crystal City 47 School District,4087,701,97
MO,29,10440,Dadeville R-II School District,933,160,31
MO,29,6120,Dallas County R-I School District,12799,2145,568
MO,29,10470,Davis R-XII School District,475,58,6
MO,29,10500,De Soto 73 School District,17563,2915,466
MO,29,5730,Delta C-7 School District,836,128,49
MO,29,10620,Delta R-V School District,2208,355,67
MO,29,10710,Dent-Phelps R-III School District,2773,429,79
MO,29,10770,Dexter R-XI School District,12698,1973,406
MO,29,10800,Diamond R-IV School District,5658,1082,158
MO,29,10830,Dixon R-I School District,6384,1099,239
MO,29,10920,Doniphan R-I School District,9959,1650,535
MO,29,10950,Dora R-III School District,1762,271,98
MO,29,11070,Drexel R-IV School District,1834,317,40
MO,29,14250,Dunklin R-V School District,9471,1562,221
MO,29,11250,East Buchanan County C-1 School District,4330,779,75
MO,29,11100,East Carter County R-II School District,4186,792,235
MO,29,11160,East Lynne 40 School District,1393,273,23
MO,29,30420,East Newton County R-VI School District,8911,1739,316
MO,29,11220,East Prairie R-II School District,5508,988,321
MO,29,11310,El Dorado Springs R-II School District,8178,1342,373
MO,29,11340,Eldon R-I School District,12216,1978,537
MO,29,11400,Elsberry R-II School District,5120,821,130
MO,29,11450,Eminence R-I School District,1983,309,136
MO,29,11580,Everton R-III School District,1150,184,38
MO,29,11650,Excelsior Springs 40 School District,18285,3083,355
MO,29,11670,Exeter R-VI School District,1894,366,69
MO,29,11700,Fair Grove R-X School District,5899,1132,149
MO,29,11730,Fair Play R-II School District,2567,447,106
MO,29,11760,Fairfax R-III School District,1013,147,23
MO,29,11850,Fairview R-XI School District,4463,759,168
MO,29,11910,Farmington R-VII School District,28273,4191,741
MO,29,11990,Fayette R-III School District,5143,704,145
MO,29,12010,Ferguson-Florissant R-II School District,69117,12401,2754
MO,29,12030,Festus R-VI School District,18274,3297,402
MO,29,12180,Fordland R-III School District,4781,829,258
MO,29,12240,Forsyth R-III School District,9263,1278,285
MO,29,12290,Fort Osage R-I School District,26029,5145,911
MO,29,8370,Fort Zumwalt R-II School District,120810,23103,1191
MO,29,12300,Fox C-6 School District,69560,12469,1281
MO,29,28950,Francis Howell R-III School District,124556,21864,1056
MO,29,12510,Franklin County R-II School District,1374,245,20
MO,29,12540,Fredericktown R-I School District,10940,1896,406
MO,29,12550,Fulton 58 School District,19431,2486,411
MO,29,12600,Gainesville R-V School District,4276,620,209
MO,29,12630,Galena R-II School District,3703,528,194
MO,29,12660,Gallatin R-V School District,3156,600,92
MO,29,12720,Gasconade C-4 School District,836,140,35
MO,29,14280,Gasconade County R-I School District,7446,1141,159
MO,29,23340,Gasconade County R-II School District,11611,1834,262
MO,29,12780,Gideon 37 School District,1607,279,86
MO,29,12840,Gilliam C-4 School District,340,54,8
MO,29,12870,Gilman City R-IV School District,752,131,34
MO,29,12900,Glasgow School District,2084,349,48
MO,29,15180,Glenwood R-VIII School District,2345,398,88
MO,29,12930,Golden City R-III School District,1618,269,59
MO,29,13080,Grain Valley R-V School District,18384,3802,338
MO,29,13140,Grandview C-4 School District,33086,5439,1151
MO,29,13170,Grandview R-II School District,4921,862,147
MO,29,13230,Green City R-I School District,1606,262,57
MO,29,13260,Green Forest R-II School District,1914,314,89
MO,29,13290,Green Ridge R-VIII School District,2148,446,71
MO,29,13320,Greenfield R-IV School District,3128,465,113
MO,29,13380,Greenville R-II School District,5508,796,279
MO,29,12690,Grundy County R-V School District,994,170,34
MO,29,13500,Hale R-I School District,763,135,29
MO,29,13530,Halfway R-III School District,2270,477,75
MO,29,13560,Hallsville R-IV School District,7961,1535,264
MO,29,13590,Hamilton R-II School District,3661,733,113
MO,29,13620,Hancock Place School District,8649,1322,278
MO,29,13650,Hannibal 60 School District,22736,3693,819
MO,29,27330,Hardeman R-X School District,560,83,14
MO,29,13680,Hardin-Central C-2 School District,1237,222,26
MO,29,13710,Harrisburg R-VIII School District,3571,666,60
MO,29,13760,Harrisonville R-IX School District,14613,2640,322
MO,29,13770,Hartville R-II School District,4353,786,298
MO,29,13800,Hayti R-II School District,3565,679,306
MO,29,13830,Hazelwood School District,118652,20238,3639
MO,29,32110,Henry County R-I School District,4532,799,228
MO,29,14310,Hermitage R-IV School District,3020,305,131
MO,29,14340,Hickman Mills C-1 School District,48768,8963,2461
MO,29,14320,Hickory County R-I School District,4815,858,211
MO,29,14370,Higbee R-VIII School District,1380,224,54
MO,29,21150,High Point R-III School District,835,190,41
MO,29,14430,Hillsboro R-III School District,21809,3866,410
MO,29,14460,Holcomb R-III School District,2460,547,144
MO,29,14490,Holden R-III School District,8831,1494,166
MO,29,14520,Holliday C-2 School District,548,95,16
MO,29,14550,Hollister R-V School District,11186,1425,313
MO,29,14840,Houston R-I School District,5846,971,256
MO,29,15210,Howell Valley R-I School District,1995,397,89
MO,29,15240,Hudson R-IX School District,435,89,28
MO,29,15300,Humansville R-IV School District,3167,487,160
MO,29,15330,Hume R-VIII School District,800,161,32
MO,29,15390,Hurley R-I School District,1515,266,97
MO,29,15420,Iberia R-V School District,4048,770,128
MO,29,15480,Independence 30 School District,98223,15192,3477
MO,29,15510,Iron County C-4 School District,2796,467,119
MO,29,15600,Jackson R-II School District,31060,5770,632
MO,29,15660,Jamestown C-1 School District,1443,257,25
MO,29,16140,Jasper County R-V School District,3012,548,105
MO,29,16200,Jefferson C-123 School District,850,134,11
MO,29,16190,Jefferson City Public Schools,72732,11386,1735
MO,29,16230,Jefferson County R-VII School District,6157,1070,107
MO,29,16290,Jennings School District,17346,3380,973
MO,29,8320,Johnson County R-VII School District,3720,686,85
MO,29,16350,Joplin School District,60737,9269,2065
MO,29,15060,Junction Hill C-12 School District,1875,340,102
MO,29,16400,Kansas City 33 School District,201274,29958,9690
MO,29,16450,Kearney R-I School District,19438,4188,156
MO,29,16470,Kelso C-7 School District,2180,356,30
MO,29,16500,Kennett 39 School District,10266,1873,649
MO,29,16530,Keytesville R-III School District,1229,188,37
MO,29,16590,King City R-I School District,1860,320,51
MO,29,16620,Kingston 42 School District,466,48,12
MO,29,31140,Kingston K-14 School District,4868,896,318
MO,29,16660,Kingsville R-I School District,2001,316,42
MO,29,16710,Kirbyville R-VI School District,3032,520,81
MO,29,16740,Kirksville R-III School District,21865,2752,499
MO,29,16770,Kirkwood R-VII School District,40314,6757,194
MO,29,16830,Knob Noster R-VIII School District,8626,1476,176
MO,29,11280,Knox County R-I School District,3943,691,205
MO,29,16920,La Monte R-IV School District,1966,380,67
MO,29,16950,La Plata R-II School District,2679,520,131
MO,29,17000,Laclede County C-5 School District,3943,729,167
MO,29,10110,Laclede County R-I School District,4492,857,158
MO,29,17820,Ladue School District,26976,5150,191
MO,29,14400,Lafayette County C-1 School District,6441,1038,223
MO,29,10520,Lakeland R-III School District,3093,430,130
MO,29,17850,Lamar R-I School District,7083,1248,248
MO,29,17880,Laquey R-V School District,3923,692,112
MO,29,17910,Laredo R-VII School District,466,65,17
MO,29,17970,Lathrop R-II School District,4783,886,89
MO,29,18220,Lawson R-XIV School District,5889,1134,102
MO,29,18270,Lebanon R-III School District,24731,4393,942
MO,29,18300,Lee's Summit R-VII School District,95342,19708,1326
MO,29,18330,Leesville R-IX School District,1052,125,35
MO,29,18360,Leeton R-X School District,1932,365,46
MO,29,18420,Leopold R-III School District,887,154,16
MO,29,18450,Lesterville R-IV School District,1214,189,55
MO,29,18460,Lewis County C-1 School District,6400,1098,187
MO,29,18480,Lexington R-V School District,5772,914,219
MO,29,18510,Liberal R-II School District,2850,573,84
MO,29,18540,Liberty 53 School District,58278,11948,555
MO,29,18600,Licking R-VIII School District,6590,866,276
MO,29,18670,Lincoln R-II School District,3949,523,154
MO,29,18690,Lindbergh School District,46263,6786,296
MO,29,6000,Linn County R-I School District,1503,289,58
MO,29,8790,Livingston County R-III School District,621,110,27
MO,29,19140,Lockwood R-I School District,2217,403,94
MO,29,19170,Logan-Rogersville R-VIII School District,13497,2506,229
MO,29,19230,Lone Jack C-6 School District,3203,590,54
MO,29,19200,Lonedell R-XIV School District,3547,572,141
MO,29,19260,Louisiana R-II School District,4384,746,220
MO,29,23400,Lutie R-VI School District,1544,182,47
MO,29,19380,Macks Creek R-V School District,2540,370,87
MO,29,19410,Macon County R-I School District,8519,1432,241
MO,29,21880,Macon County R-IV School District,842,139,25
MO,29,19840,Madison C-3 School District,1382,237,38
MO,29,19890,Malden R-I School District,5914,1045,343
MO,29,19920,Malta Bend R-V School District,649,122,19
MO,29,19950,Manes R-V School District,555,91,26
MO,29,19980,Mansfield R-IV School District,4237,762,223
MO,29,20010,Maplewood-Richmond Heights School District,13904,1354,134
MO,29,20050,Marceline R-V School District,3440,599,82
MO,29,30870,Maries County R-I School District,3889,606,96
MO,29,1,Maries County R-II School District,5337,832,161
MO,29,20160,Marion C. Early R-V School District,4037,691,119
MO,29,20280,Marion County R-II School District,1271,236,42
MO,29,20310,Marionville R-IX School District,4591,779,240
MO,29,20340,Mark Twain R-VIII School District,712,95,24
MO,29,20370,Marquand-Zion R-VI School District,1263,213,90
MO,29,20410,Marshall School District,14736,2475,479
MO,29,20430,Marshfield R-I School District,17960,3412,685
MO,29,20490,Maryville R-II Schools,15301,1496,175
MO,29,20550,Maysville R-I School District,4090,718,64
MO,29,20610,McDonald County R-I School District,18604,3452,882
MO,29,23640,Meadow Heights R-II School District,3730,597,105
MO,29,20640,Meadville R-IV School District,1222,239,40
MO,29,20670,Mehlville R-IX School District,94958,13515,846
MO,29,23460,Meramec Valley R-III School District,23151,3648,495
MO,29,20810,Mexico 59 School District,15433,2580,599
MO,29,20820,Miami R-I School District,1396,246,38
MO,29,20840,Miami R-I School District,552,87,22
MO,29,11940,Mid-Buchanan County R-V School District,4284,765,101
MO,29,20880,Middle Grove C-1 School District,678,179,68
MO,29,31800,Midway R-I School District,3360,587,87
MO,29,20940,Milan C-2 School District,3672,602,128
MO,29,30510,Miller County R-III School District,1438,231,33
MO,29,21000,Miller R-II School District,4089,751,163
MO,29,21030,Mirabile C-1 School District,355,58,8
MO,29,21060,Missouri City 56 School District,568,71,7
MO,29,21100,Moberly School District,16087,2422,498
MO,29,21120,Monett R-I School District,12218,2324,507
MO,29,6510,Moniteau County R-I School District,7421,1372,186
MO,29,21180,Moniteau County R-V School District,1132,312,62
MO,29,21210,Monroe City R-I School District,5347,908,125
MO,29,21330,Montgomery County R-II School District,8089,1332,226
MO,29,21360,Montrose R-XIV School District,775,109,21
MO,29,29610,Morgan County R-I School District,5200,782,240
MO,29,30840,Morgan County R-II School District,10880,1836,501
MO,29,21480,Mound City R-II School District,1620,246,42
MO,29,21600,Mount Vernon R-V School District,9165,1589,254
MO,29,21510,Mountain Grove R-III School District,9307,1614,503
MO,29,21540,Mountain View-Birch Tree R-III School District,7924,1365,480
MO,29,21720,Naylor R-II School District,1773,289,84
MO,29,21750,Neelyville R-IV School District,3805,672,216
MO,29,7320,Nell Holcomb R-IV School District,2904,509,77
MO,29,21810,Neosho R-V School District,26163,4610,930
MO,29,21840,Nevada R-V School District,14743,2588,544
MO,29,21875,New Bloomfield R-III School District,4299,801,90
MO,29,21940,New Franklin R-I School District,2665,447,65
MO,29,21960,New Haven School District,2568,452,61
MO,29,4,New Madrid County R-I School District,8709,1466,573
MO,29,22110,New York R-IV School District,302,56,7
MO,29,22140,Newburg R-II School District,2858,460,75
MO,29,22470,Newtown-Harris R-III School District,463,95,24
MO,29,22500,Niangua R-V School District,2073,306,73
MO,29,22530,Nixa School District,31185,6159,578
MO,29,22560,Nodaway-Holt R-VII School District,1484,214,44
MO,29,22620,Norborne R-VIII School District,1161,185,21
MO,29,22650,Normandy Schools Collaborative,37842,6479,2032
MO,29,22710,North Andrew County R-VI School District,1926,362,54
MO,29,22740,North Callaway County R-I School District,6970,1253,229
MO,29,15630,North Daviess R-III School District,765,133,59
MO,29,22770,North Harrison R-III School District,1367,285,49
MO,29,22800,North Kansas City 74 School District,135125,21693,2497
MO,29,20750,North Mercer County R-III School District,1012,165,29
MO,29,21690,North Nodaway County R-VI School District,1323,213,23
MO,29,23760,North Pemiscot County R-I School District,1641,245,110
MO,29,22830,North Platte County R-I School District,4399,756,58
MO,29,28140,North Shelby School District,2014,374,58
MO,29,5430,North St. Francis County R-I School District,20652,3161,678
MO,29,10650,North Wood R-IV School District,1927,307,90
MO,29,21660,Northeast Nodaway County R-V School District,1277,208,31
MO,29,22860,Northeast Randolph County R-IV School District,1978,384,64
MO,29,27600,Northeast Vernon County R-I School District,1935,366,90
MO,29,22890,Northwest R-I School District,46756,7515,988
MO,29,22920,Northwestern R-I School District,986,166,29
MO,29,22950,Norwood R-I School District,2072,453,114
MO,29,23010,Oak Grove R-VI School District,11297,2354,269
MO,29,23040,Oak Hill R-I School District,1444,216,66
MO,29,23070,Oak Ridge R-VI School District,2370,397,56
MO,29,23100,Odessa R-VII School District,12030,2117,369
MO,29,23130,Oran R-III School District,2100,408,41
MO,29,23160,Orchard Farm R-V School District,11644,1865,164
MO,29,27450,Orearville R-IV School District,388,61,9
MO,29,16860,Oregon-Howell R-III School District,1593,254,60
MO,29,23220,Orrick R-XI School District,1993,355,33
MO,29,8490,Osage County R-I School District,1134,197,51
MO,29,19080,Osage County R-II School District,5197,833,97
MO,29,31830,Osage County R-III School District,6400,1169,62
MO,29,23250,Osborn R-O School District,756,109,21
MO,29,23270,Osceola School District,3103,462,163
MO,29,23310,Otterville R-VI School District,1535,286,54
MO,29,23430,Ozark R-VI School District,31809,6203,651
MO,29,23490,Palmyra R-I School District,6702,1259,167
MO,29,23530,Paris R-II School District,3002,404,106
MO,29,23550,Park Hill School District,70536,12650,791
MO,29,23580,Parkway C-2 School District,139888,21546,894
MO,29,23670,Pattonsburg R-II School District,1094,158,36
MO,29,23700,Pattonville R-III School District,41034,5504,702
MO,29,23790,Pemiscot County R-III School District,879,153,40
MO,29,24530,Perry County 32 School District,18001,3161,427
MO,29,15270,Pettis County R-V School District,2190,456,71
MO,29,24690,Pettis County R-XII School District,1055,178,38
MO,29,25080,Phelps County R-III School District,1991,344,74
MO,29,25110,Pierce City R-VI School District,4330,790,207
MO,29,25140,Pike County R-III School District,3007,522,82
MO,29,25170,Pilot Grove C-4 School District,1712,319,43
MO,29,11040,Plainview R-VIII School District,784,136,34
MO,29,25210,Plato R-V School District,3369,626,135
MO,29,25230,Platte County R-III School District,25190,4142,321
MO,29,25330,Pleasant Hill R-III School District,11540,2198,169
MO,29,25350,Pleasant Hope R-VI School District,5025,963,193
MO,29,13440,Pleasant View R-VI School District,436,83,12
MO,29,25410,Polo R-VII School District,2096,344,44
MO,29,25450,Poplar Bluff R-I School District,32073,5556,1548
MO,29,3,Portageville School District,3950,669,247
MO,29,25500,Potosi R-III School District,13317,2273,515
MO,29,25530,Prairie Home R-V School District,1396,266,50
MO,29,25590,Princeton R-V School District,2558,461,85
MO,29,25620,Purdy R-II School District,3373,669,181
MO,29,25640,Putnam County R-I School District,4680,748,188
MO,29,25650,Puxico R-VIII School District,4882,774,186
MO,29,25710,Ralls County R-II School District,5296,825,111
MO,29,26040,Raymondville R-VII School District,1159,189,68
MO,29,23730,Raymore-Peculiar R-II School District,34312,6435,478
MO,29,26070,Raytown C-2 School District,61051,10146,1981
MO,29,26160,Reeds Spring R-IV School District,16327,1894,387
MO,29,26190,Renick R-V School District,1188,201,20
MO,29,26220,Republic R-III School District,24867,5018,758
MO,29,26310,Rich Hill R-IV School District,2466,484,77
MO,29,26370,Richards R-V School District,3341,626,182
MO,29,26400,Richland R-I School District,1511,236,84
MO,29,26430,Richland R-IV School District,3453,574,123
MO,29,26480,Richmond R-XVI School District,9742,1520,247
MO,29,31230,Richwoods R-VII School District,1643,304,103
MO,29,26490,Ridgeway R-V School District,699,123,33
MO,29,26550,Ripley County R-III School District,792,134,25
MO,29,26580,Ripley County R-IV School District,1056,177,56
MO,29,26610,Risco R-II School District,713,123,21
MO,29,26640,Ritenour School District,43533,6569,1341
MO,29,26670,Riverview Gardens School District,40950,8399,2594
MO,29,26790,Rock Port R-II School District,2161,331,46
MO,29,26850,Rockwood R-VI School District,116163,24122,745
MO,29,26890,Rolla 31 School District,30659,4348,871
MO,29,26940,Roscoe C-1 School District,648,86,14
MO,29,27090,Salem R-80 School District,6929,1186,378
MO,29,27520,Salisbury R-IV School District,3366,571,99
MO,29,3000,Santa Fe R-X School District,2464,463,56
MO,29,27540,Sarcoxie R-II School District,4197,892,192
MO,29,27570,Savannah R-III School District,13844,2324,218
MO,29,27630,School of The Osage School District,13128,1911,401
MO,29,27660,Schuyler County R-I School District,4638,855,230
MO,29,20700,Scotland County R-I School District,4968,995,246
MO,29,15450,Scott City R-I School District,5263,898,302
MO,29,21420,Scott County Central Schools,1938,356,92
MO,29,4890,Scott County R-IV School District,5809,1069,222
MO,29,27830,Sedalia 200 School District,30040,5291,1061
MO,29,27870,Senath-Hornersville C-8 School District,4482,842,200
MO,29,27900,Seneca R-VII School District,8775,1630,244
MO,29,27930,Seymour R-II School District,7066,1690,727
MO,29,28080,Shawnee R-III School District,621,124,15
MO,29,28110,Shelby County R-IV School District,4088,760,168
MO,29,28170,Sheldon R-VIII School District,1117,202,41
MO,29,28200,Shell Knob 78 School District,2569,213,39
MO,29,10320,Sherwood Cass R-VIII School District,5204,964,137
MO,29,28260,Sikeston R-VI School District,20215,3434,1058
MO,29,28290,Silex R-I School District,2725,494,36
MO,29,11010,Skyline R-II School District,1094,145,45
MO,29,28360,Slater School District,2009,341,79
MO,29,28380,Smithton R-VI School District,3741,715,110
MO,29,28410,Smithville R-II School District,13094,2659,122
MO,29,28430,South Callaway County R-II School District,4527,832,112
MO,29,2,South Harrison County R-II School District,5413,944,217
MO,29,23190,South Holt County R-I School District,1674,246,44
MO,29,28470,South Iron County R-I School District,2203,360,123
MO,29,28500,South Nodaway County R-IV School District,959,153,15
MO,29,28530,South Pemiscot County R-V School District,3305,613,234
MO,29,28560,Southern Boone County R-I School District,8694,1666,93
MO,29,28590,Southern Reynolds County R-II School District,2852,467,117
MO,29,28620,Southland C-9 School District,1932,371,121
MO,29,28680,Southwest Livingston County R-I School District,1209,189,27
MO,29,28710,Southwest R-V School District,4746,831,171
MO,29,28740,Sparta R-III School District,4848,833,125
MO,29,28770,Spickard R-II School District,572,104,36
MO,29,28800,Spokane R-VII School District,5217,918,99
MO,29,12450,Spring Bluff R-XV School District,1784,365,12
MO,29,28860,Springfield R-XII School District,215589,28889,5861
MO,29,28920,St. Charles R-VI School District,58582,7107,782
MO,29,29100,St. Clair R-XIII School District,12668,2207,349
MO,29,29130,St. Elizabeth R-IV School District,1286,235,21
MO,29,29250,St. James R-I School District,10093,1815,302
MO,29,27060,St. Joseph School District,80577,13133,2503
MO,29,29280,St. Louis City School District,308626,40237,12563
MO,29,29340,Stanberry R-II School District,2266,473,78
MO,29,29370,Ste. Genevieve County R-II School District,14933,2417,339
MO,29,29430,Steelville R-III School District,5740,1001,238
MO,29,29490,Stewartsville C-2 School District,1243,189,14
MO,29,29520,Stockton R-I School District,6975,1241,322
MO,29,29580,Stoutland R-II School District,2917,469,120
MO,29,29640,Strafford R-VI School District,6991,1351,249
MO,29,12480,Strain-Japan R-XVI School District,904,143,16
MO,29,29670,Strasburg C-3 School District,1156,187,38
MO,29,29700,Sturgeon R-V School District,3853,815,190
MO,29,29730,Success R-VI School District,1024,161,49
MO,29,29760,Sullivan C-2 School District,11869,2082,399
MO,29,29810,Summersville R-II School District,3012,467,168
MO,29,29820,Sunrise R-IX School District,3361,590,65
MO,29,29850,Swedeborg R-III School District,548,89,13
MO,29,29880,Sweet Springs R-VII School District,2792,489,86
MO,29,29910,Taneyville R-II School District,1711,335,64
MO,29,29940,Tarkio R-I School District,2101,305,59
MO,29,30270,Thayer R-II School District,3742,643,167
MO,29,23370,Thornfield R-I School District,608,103,31
MO,29,30300,Tina-Avalon R-II School District,882,151,24
MO,29,30330,Tipton R-VI School District,5126,763,168
MO,29,30360,Trenton R-IX School District,7587,1224,293
MO,29,30390,Tri-County R-VII School District,1987,499,125
MO,29,30450,Troy R-III School District,35536,6910,733
MO,29,30520,Twin Rivers R-X School District,5936,961,296
MO,29,30570,Union R-XI School District,20335,3564,406
MO,29,30600,Union Star R-II School District,972,155,28
MO,29,30660,University City School District,35789,4444,619
MO,29,30690,Valley Park School District,8410,997,134
MO,29,30720,Valley R-VI School District,2909,456,107
MO,29,30750,Van Buren R-I School District,2950,450,164
MO,29,30780,Van-Far R-I School District,5439,598,170
MO,29,30810,Verona R-VII School District,2385,540,198
MO,29,30990,Walnut Grove R-V School District,2036,343,78
MO,29,31050,Warren County R-III School District,19660,3564,540
MO,29,31020,Warrensburg R-VI School District,26502,3385,454
MO,29,31070,Warsaw R-IX School District,10830,1214,315
MO,29,31110,Washington School District,32385,5669,469
MO,29,31440,Waynesville R-VI Schools,36255,5279,621
MO,29,31460,Weaubleau R-III School District,2534,387,107
MO,29,31500,Webb City R-VII School District,21850,4495,677
MO,29,31530,Webster Groves School District,32059,5284,186
MO,29,31560,Wellington-Napoleon R-IX School District,2312,401,54
MO,29,31620,Wellsville-Middletown R-I School District,2466,424,89
MO,29,31650,Wentzville R-IV School District,78294,15203,738
MO,29,30900,West Nodaway County R-I School District,1719,250,52
MO,29,31680,West Plains R-VII School District,13366,2208,704
MO,29,31710,West Platte County R-II School District,4330,715,43
MO,29,18240,West St. Francois County R-IV School District,5957,1083,270
MO,29,31860,Westran R-I School District,3600,607,107
MO,29,31890,Westview C-6 School District,1226,223,40
MO,29,31920,Wheatland R-II School District,2964,330,124
MO,29,31950,Wheaton R-III School District,2379,472,144
MO,29,32010,Willard R-II School District,24844,4751,590
MO,29,32070,Willow Springs R-IV School District,7662,1383,330
MO,29,32100,Windsor C-1 School District,18616,3496,337
MO,29,32190,Winfield R-IV School District,10693,1916,304
MO,29,32220,Winona R-III School District,2563,474,224
MO,29,32250,Winston R-VI School District,1214,215,31
MO,29,19350,Woodland R-IV School District,5908,1032,234
MO,29,32300,Worth County R-III School District,2100,323,62
MO,29,32310,Wright City R-II of Warren County,11391,1914,237
MO,29,32490,Zalma R-V School District,1388,215,42
