AL,ALABAMA,100005,Albertville City,107 W Main St,Albertville,35950,No,5445,0,6,Yes,Yes.1,Yes.2,TIMOTHY,TIDMORE,256-891-1183,ttidmore@albertk12.org,TIMOTHY.1,TIDMORE.1,256-891-1183.1,ttidmore@albertk12.org.1,TIMOTHY.2,TIDMORE.2,256-891-1183.2,ttidmore@albertk12.org.2,No.1,Yes.3,Yes.4,www.albertk12.org/apps/pages/index.jsp?uREC_ID=368921&type=d&termREC_ID=&pREC_ID=689254,Yes.5,No.2,Yes.6,Yes.7,Yes.8,Yes.9,No.3,No.4,Yes.10,No.5,1,6.1,127,0.1,Yes.11,-9,-9.1,-9.2,Yes.12,Yes.13,No.6,No.7,No.8
VT,VERMONT,5000001,Castleton-Hubbardton USD #42,P.O. Box 68,Castleton,5735,No,387,8,1,Yes,Yes,Yes,CASEY,O'MEARA,8022654905,comeara@arsu.org,CASEY,O'MEARA,8022654905,comeara@arsu.org,KRIS,BENWAY,8022654905,kbenway@arsu.org,No,Yes,Yes,https://drive.google.com/file/d/1D92_ZjMcspj_tgHmNt9lX1MZ4nISHUQ_/view,No,-9,Yes,No,No,Yes,No,Yes,Yes,No,0,22,24,0,Yes,-9,-9,-9,Yes,Yes,No,No,No
VT,VERMONT,5000002,Spaulding UHSD #41,155 Ayers Street,Barre,5641,No,827,0,2,Yes,Yes,Yes,LUKE,AITHER,(802)476-4811 x1115,laithshs@u61.net,PAM,SMITH,(802)476-4811 x2110,psmitshs@u61.net,PAM,SMITH,(802)476-4811 x2110,psmitshs@u61.net,No,Yes,Yes,https://www.shsu61.org/general-info/district-policy-manual,No,-9,No,-9,-9,-9,-9,-9,-9,-9,-9,-9,-9,-9,-9,-9,-9,-9,No,-9,-9,-9,-9
VT,VERMONT,5000003,Lakeview USD #43,Barr Hill Road,Greensboro,5841,No,62,0,1,Yes,Yes,Yes,ERIC,ERWIN,472-533-7066,eerwin@ossu.org,ERIC,ERWIN,472-533-7066,eerwin@ossu.org,ERIC,ERWIN,472-533-7066,eerwin@ossu.org,No,Yes,Yes,http://www.lakeview.ossu.org/,No,-9,No,-9,-9,-9,-9,-9,-9,-9,-9,-9,-9,-9,-9,-9,-9,-9,Yes,Yes,No,No,No
VT,VERMONT,5000005,Woodside Juvenile Rehabilitation Center,26 Woodside Drive,Colchester,5446,Yes,92,0,1,No,No,No,-9,-9,-9,-9,-9,-9,-9,-9,-9,-9,-9,-9,No,No,-9,-9,No,-9,No,-9,-9,-9,-9,-9,-9,-9,-9,-9,-9,-9,-9,-9,-9,-9,No,-9,-9,-9,-9
VT,VERMONT,5000009,Union School District #47,6378 VT Route 7A,Sunderland,5250,No,167,0,1,Yes,Yes,Yes,BROOKE,DEBONIS,802-645-9009,BDEBONIS@BRSU.ORG,BROOKE,DEBONIS,802-645-9009,BDEBONIS@BRSU.ORG,BROOKE,DEBONIS,802-645-9009,BDEBONIS@BRSU.ORG,No,Yes,Yes,https://drive.google.com/open?id=1_wj2eEaEusyzGcg4JFqFqRDFhfBJayeo,No,-9,Yes,Yes,No,Yes,No,Yes,Yes,Yes,0,3,13,18,Yes,-9,-9,-9,Yes,Yes,No,No,No
VT,VERMONT,5000024,Rivendell Interstate School District,PO Box 271,Orford,3777,No,521,8,3,Yes,Yes,Yes,ELAINE,ARBOUR,(603)353-2170,earbour@rivendellschool.org,ELAINE,ARBOUR,(603)353-2170,earbour@rivendellschool.org,NANCY,HALL,(603)353-4321,nhall@rivendellschool.org,No,Yes,No,-9,No,-9,Yes,No,Yes,No,Yes,Yes,Yes,Yes,0,12,29,8,Yes,-9,-9,-9,Yes,Yes,No,No,No
VT,VERMONT,5000026,Athens/Grafton Contract School District,P.O. Box 226,Grafton,5146,No,73,37,6,Yes,Yes,Yes,CHRIS,PRATT,8024639958,chris.pratt@wnesu.com,NO,NO,8024639958,chris.pratt@wnesu.com,NO,NO,8024639958,chris.pratt@wnesu.com,No,Yes,Yes,http://wnesu.org/,Yes,Yes,Yes,Yes,Yes,Yes,Yes,Yes,Yes,Yes,0,21,30,3,Yes,-9,-9,-9,Yes,Yes,Yes,Yes,Yes
VT,VERMONT,5000027,Whitingham/Wilmington Joint School District,P.O. Box 199,Jacksonville,5342,No,423,15,2,Yes,Yes,Yes,CHRIS,PRATT,8024641300,CPRATT@WSWSU49.ORG,CHRIS,PRATT,8024641300,CPRATT@WSWSU49.ORG,CHRIS,PRATT,8024641300,CPRATT@WSWSU49.ORG,No,Yes,Yes,https://docs.google.com/a/wswsu49.org/document/d/18fA6T_33o0Oj5pfGAXXDWMskOsw8fgFionJ9aFRR9FA/edit?usp=drive_web,Yes,Yes,Yes,Yes,No,No,No,Yes,Yes,Yes,1,12,27,0,Yes,-9,-9,-9,Yes,Yes,No,No,No
VT,VERMONT,5000374,Brookline/Newfane Joint School Contract,14 School Road,Newfane,5345,No,115,2,1,Yes,Yes,Yes,STEPHANIE,BETIT-HANCOCK,802-365-9510,sbetit-hancock@windhamcentral.org,STEPHANIE,BETIT-HANCOCK,802-365-9510,sbetit-hancock@windhamcentral.org,STEPHANIE,BETIT-HANCOCK,802-365-9510,sbetit-hancock@windhamcentral.org,No,Yes,Yes,www.windhamcentralboard.org/school-boards/brookline-newfane/b-n-policies,No,-9,Yes,No,Yes,Yes,No,No,Yes,Yes,0,0,28,9,Yes,-9,-9,-9,Yes,Yes,No,No,No
VT,VERMONT,5000386,Mountain Towns Regional Education District USD #301,6378 VT Route 7A,Sunderland,5250,No,294,195,1,Yes,Yes,Yes,NEAL,MCINTYRE,802-824-6811,NMCINTYRE@BRSU.ORG,NEAL,MCINTYRE,802-824-6811,NMCINTYRE@BRSU.ORG,NEAL,MCINTYRE,802-824-6811,NMCINTYRE@BRSU.ORG,No,Yes,Yes,https://drive.google.com/open?id=1_wj2eEaEusyzGcg4JFqFqRDFhfBJayeo,No,-9,Yes,No,No,Yes,No,Yes,Yes,No,0,26,29,0,Yes,-9,-9,-9,Yes,Yes,No,No,No
VT,VERMONT,5000387,Mount Mansfield Modified USD #401A,PO Box 282,Richmond,5477,No,1093,171,5,Yes,Yes,Yes,REBECCA,THIBAULT,(802) 434-2128,rebecca.thibault@cesuvt.org,REBECCA,THIBAULT,802-434-2128,rebecca.thibault@cesuvt.org,REBECCA,THIBAULT,802-434-2128,rebecca.thibault@cesuvt.org,No,Yes,Yes,https://www.cesuvt.org/school-board/mmmusdpolicies,No,-9,Yes,Yes,No,Yes,No,Yes,Yes,Yes,0,74,97,0,Yes,-9,-9,-9,Yes,Yes,No,No,No
VT,VERMONT,5000388,Mount Mansfield Modified USD #401B,PO Box 282,Richmond,5477,No,1512,0,3,Yes,Yes,Yes,REBECCA,THIBAULT,802-434-2128,rebecca.thibault@cesuvt.org,REBECCA,THIBAULT,802-434-2128,rebecca.thibault@cesuvt.org,REBECCA,THIBAULT,802-434-2128,rebecca.thibault@cesuvt.org,No,Yes,Yes,https://cesuvt.org/school-board/mmmusdpolicies,No,-9,No,-9,-9,-9,-9,-9,-9,-9,-9,-9,-9,-9,-9,-9,-9,-9,No,-9,-9,-9,-9
VT,VERMONT,5000389,Bridgewater/Pomfret Joint Contract School District,1071 Pomfret Road,Woodstock,5091,No,91,0,1,Yes,Yes,Yes,JOHN,HANSEN,8024571234,jhansen@wcsu.net,JOHN,HANSEN,80244571234,jhansen@wcsu.net,JOHN,HANSEN,80245471234,jhansen@wcsu.net,No,Yes,Yes,https://drive.google.com/drive/folders/1cb56uwjI1Ho2pPzpwnTVl24Zb8red0dm,No,-9,No,-9,-9,-9,-9,-9,-9,-9,-9,-9,-9,-9,-9,-9,-9,-9,Yes,Yes,No,No,No
VT,VERMONT,5000390,Barstow Unified Union School District,223 Chittenden Road,Chittenden,5737,No,210,94,1,Yes,Yes,Yes,MARSHA,BRUCE,802-247-5757,mbruce@rnesu.org,MARSHA,BRUCE,802-247-5757,mbruce@rnesu.org,MARSHA,BRUCE,802-247-5757,mbruce@rnesu.org,No,Yes,Yes,https://drive.google.com/file/d/0B7gJgbuGsJ5MQXFYay0xbVJ4RTg/view,No,-9,Yes,No,No,Yes,No,Yes,Yes,No,0,13,10,0,Yes,-9,-9,-9,Yes,Yes,No,No,No
VT,VERMONT,5000391,Elmore Morristown Unified School District,46 Copley Avenue,Morrisville,5661,No,855,12,4,Yes,Yes,Yes,TRACY,WREND,(802)888-4541,tracy.wrend@lssuvt.org,TRACY,WREND,(802)888-4541,tracy.wrend@lssuvt.org,TRACY,WREND,(802)888-4541,tracy.wrend@lssuvt.org,No,Yes,Yes,https://drive.google.com/a/lssuvt.org/file/d/1dxRPjALUQvars1KKPYupONEVOqjfTahV/view?usp=drivesdk,No,-9,Yes,No,No,Yes,No,Yes,Yes,Yes,0,16,16,3,Yes,-9,-9,-9,Yes,Yes,No,No,No
VT,VERMONT,5000392,Otter Valley Unified Union School District,2997 Franklin Street,Brandon,5733,No,1303,45,5,Yes,Yes,Yes,MARSHA,BRUCE,(802)247-5757,mbruce@rnesu.org,MARSHA,BRUCE,(802)247-5757,mbruce@rnesu.org,MARSHA,BRUCE,(802)247-5757,mbruce@rnesu.org,No,Yes,Yes,https://drive.google.com/file/d/0B7gJgbuGsJ5MQXFYay0xbVJ4RTg/view,No,-9,Yes,No,No,Yes,No,Yes,Yes,No,0,1,4,0,Yes,-9,-9,-9,Yes,Yes,No,No,No
VT,VERMONT,5000393,Mill River Unified School District,"2321 Middle Rd, Suite 1",N. Clarendon,5759,No,884,1,5,Yes,Yes,Yes,BRIAN,HILL,(802)775-3264,bhill@millriverschools.org,BRIAN,HILL,(802)775-3264,bhill@millriverschools.org,BRIAN,HILL,(802)775-3264,bhill@millriverschools.org,No,Yes,Yes,"http://millriverschools.org/documents/mruusd/F20%20Hazing,%20Harassment%20and%20Bullying%20of%20Students.pdf",No,-9,Yes,Yes,No,Yes,No,Yes,Yes,No,0,41,42,0,Yes,-9,-9,-9,Yes,Yes,No,No,No
VT,VERMONT,5000395,Essex-Westford Educational Community Unified School District,51 Park Street,Essex Junction,5452,No,4378,0,10,Yes,Yes,Yes,ERIN,MAGUIRE,8028572018,emaguire@ewsd.org,ERIN,MAGUIRE,8028572018,emaguire@ewsd.org,ERIN,MAGUIRE,8028572018,emaguire@ewsd.org,No,Yes,Yes,https://www.ewsd.org/Page/799,No,-9,Yes,No,No,Yes,Yes,Yes,Yes,Yes,0,178,191,0,Yes,-9,-9,-9,Yes,Yes,No,No,No
VT,VERMONT,5000396,Champlain Valley Unified School District,5420 Shelburne Road,Shelburne,5482,No,3931,15,5,Yes,Yes,Yes,MEAGAN/MARK,ROY/MCDERMOTT,802-383-1234,mroy@cvsdvt.org,MEAGAN/MARK,ROY/MCDERMOTT,802-383-1234,mroy@cvsdvt.org,MEAGAN/MARK,ROY/MCDERMOTT,802-383-1234,mmcdermott@cvsdvt.org,No,Yes,Yes,https://drive.google.com/file/d/1BJOhwwJW0yFrJ6he_s0o2z_xdAcae-hr/view,No,-9,Yes,Yes,No,Yes,No,Yes,Yes,Yes,0,19,41,29,Yes,-9,-9,-9,Yes,Yes,No,No,No
VT,VERMONT,5000397,Lamoille North Modified USD #058B,96 Cricket Hill Road,Hyde Park,5655,No,717,0,2,Yes,Yes,Yes,CATHERINE,GALLAGHER,802.851.11761,cgallagher@lnsd.org,CATHERINE,GALLAGHER,802.851.1171,cgallagher@lnsd.org,CATHERINE,GALLAGHER,802.851.1171,cgallagher@lnsd.org,No,Yes,Yes,www.lnsd.org,No,-9,No,-9,-9,-9,-9,-9,-9,-9,-9,-9,-9,-9,-9,-9,-9,-9,No,-9,-9,-9,-9
VT,VERMONT,5000398,Addison Northwest School District,"11 Main Street, Suite B100",Vergennes,5491,No,916,0,4,Yes,Yes,Yes,,,0,ssoule@anwsd.org,,,0,ssoule@anwsd.org,KARA,GRISWOLD,8028773332,kgriswold@anwsd.org,No,Yes,Yes,http://www.anwsd.org/departments/superintendent/board-policies,No,-9,Yes,Yes,No,Yes,No,Yes,Yes,Yes,0,32,51,59,Yes,-9,-9,-9,Yes,Yes,No,No,No
VT,VERMONT,5000399,Maple Run Unified School District,28 Catherine Street,Saint Albans,5478,No,2651,116,4,Yes,Yes,Yes,JOANNE,WELLS,(802)370-3949,jwells@maplerun.org,JOANNE,WELLS,(802)370-3949,jwells@maplerun.org,JOANNE,WELLS,(802)370-3949,jwells@maplerun.org,No,Yes,Yes,https://core-docs.s3.amazonaws.com/documents/asset/uploaded_file/95766/C10_Harassment_Hazing_Bullying_2016.08.09.pdf,No,-9,Yes,Yes,No,Yes,No,Yes,Yes,Yes,0,108,136,136,Yes,-9,-9,-9,Yes,Yes,No,No,No
VT,VERMONT,5000400,Orange Southwest Unified School District,24 Central Street,Randolph,5060,No,923,8,5,Yes,Yes,Yes,STEPHEN,KINNEY,(802)728-9844,skinney@orangesouthwest.org,STEPHEN,KINNEY,(802)728-9844,skinney@orangesouthwest.org,STEPHEN,KINNEY,(802)728-9844,skinney@orangesouthwest.org,No,Yes,Yes,orangesouthwestunifiedschooldistrict.org,Yes,No,Yes,No,No,Yes,No,Yes,Yes,Yes,0,11,13,20,Yes,-9,-9,-9,Yes,Yes,No,Yes,No
VT,VERMONT,5000401,Lamoille North Modified USD #058A,96 Cricket Hill Road,Hyde Park,5655,No,751,116,4,Yes,Yes,Yes,JADE,HAZARD,802.851.1171,jhazard@lnsd.org,JADE,HAZARD,802.851.1171,jhazard@lnsd.org,JADE,HAZARD,802.851.1171,jhazard@lnsd.org,No,Yes,Yes,www.lnsu.org,No,-9,Yes,No,No,Yes,No,Yes,Yes,Yes,0,61,76,0,Yes,-9,-9,-9,Yes,Yes,No,No,No
VT,VERMONT,5000402,Addison Central Unified School District,49 Charles Avenue,Middlebury,5753,No,1954,3,9,Yes,Yes,Yes,VICKI,WELLS,802-382-1286,vwells@acsdvt.org,VICKI,WELLS,802-382-1286,vwells@acsdvt.org,VICKI,WELLS,802-382-1286,vwells@acsdvt.org,No,Yes,Yes,https://drive.google.com/file/d/1kWoz1EwBs5b2vBcNXxZLEFYl4KBMmtEc/view,No,-9,Yes,No,No,Yes,No,Yes,Yes,Yes,0,4,81,73,Yes,-9,-9,-9,Yes,Yes,No,No,No
VT,VERMONT,5000403,Harwood Unified School District,340 Mad River Park Suite 7,Waitsfield,5673,No,1945,0,8,Yes,Yes,Yes,BRIGID,NEASE,802-583-7945,bnease@huusd.org,BRIGID,NEASE,802-583-7945,bnease@huusd.org,DONARAE,DAWSON,802-583-7946,ddawson@huusd.org,No,Yes,Yes,www.wwsu.org,No,-9,Yes,No,No,Yes,No,Yes,Yes,No,0,108,118,0,No,Yes,Yes,Yes,Yes,Yes,No,No,No
VT,VERMONT,5001740,Albany School District,351 Main Street,Albany,5820,No,77,1,1,Yes,Yes,Yes,STEPHEN,OWENS,(802)755.6168,sowens@ocsu.org,STEPHEN,OWENS,(802)755.6168,sowens@ocsu.org,STEPHEN,OWENS,(802)755.6168,sowens@ocsu.org,No,Yes,Yes,www.ocsu.org/ocsu-policies.html,No,-9,Yes,Yes,No,Yes,No,Yes,Yes,No,0,6,7,0,Yes,-9,-9,-9,Yes,Yes,No,No,No
VT,VERMONT,5001770,Alburgh School District,45 Champlain Street,Alburgh,5440,No,227,0,1,Yes,Yes,Yes,WENDY,SAVAGE,802-796-3573,wsavage@gisu.org,WENDY,SAVAGE,802-796-3573,wsavage@gisu.org,WENDY,SAVAGE,802-796-3573,wsavage@gisu.org,No,Yes,Yes,http://www.alburghschool.org/uploads/1/1/1/6/111679509/alburgh_policy_040116.docx,No,-9,Yes,No,No,Yes,No,Yes,Yes,Yes,0,10,16,5,Yes,-9,-9,-9,Yes,Yes,No,No,No
VT,VERMONT,5001830,Arlington School District,529 East Arlington Road,Arlington,5250,No,415,0,2,Yes,Yes,Yes,SARAH,MERRILL,802-375-1570,merrills@bvsu.org,SARAH,MERRILL,802-375-1570,merrills@bvsu.org,SARAH,MERRILL,802-375-1570,Merrills@bvsu.org,No,Yes,Yes,www.arlingtonschools.org/AHS,No,-9,Yes,Yes,No,Yes,No,No,No,Yes,0,0,15,15,Yes,-9,-9,-9,Yes,Yes,No,Yes,No
VT,VERMONT,5001890,Bakersfield School District,P.O. Box 17,Bakersfield,5441,No,148,4,1,Yes,Yes,Yes,LYNN,COTA,802-848-7661 x 13,lcota@fnesu.net,LYNN,COTA,802-848-7661 x 13,lcota@fnesu.net,LYNN,COTA,802-848-7661 x 13,lcota@fnesu.net,No,Yes,Yes,www.fnesu.net,No,-9,Yes,Yes,No,Yes,No,Yes,Yes,No,0,10,18,0,Yes,-9,-9,-9,Yes,Yes,No,No,No
VT,VERMONT,5001950,Barnard School District,P.O. Box 157,Barnard,5031,No,77,0,1,Yes,Yes,Yes,HANNAH,THEIN,802-234-9763,hthein@wcsu.net,HANNAH,THEIN,802-234-9763,hthein@wcsu.net,HANNAH,THEIN,802-234-9763,hthein@wcsu.net,No,Yes,Yes,https://drive.google.com/open?id=0ByWC9KO7sI4ZaExFbUNRbF9CWG8,No,-9,Yes,Yes,No,No,No,Yes,Yes,No,0,11,7,13,Yes,-9,-9,-9,Yes,Yes,No,No,No
VT,VERMONT,5001980,Barnet School District,163 Kid Row,Barnet,5821,No,190,0,1,Yes,Yes,Yes,SHAWN,GONYAW,8026334978,shawn.gonyaw@ccsuvt.net,SHAWN,GONYAW,8026334978,shawn.gonyaw@ccsuvt.net,ANGEL,ROY,8026334978,aroy@kidrow.net,No,Yes,Yes,https://sites.google.com/a/ccsuonline.org/ccsu/ApprovedSchoolBoardPolicies.pdf?attredirects=0,Yes,No,Yes,Yes,No,Yes,No,Yes,Yes,Yes,0,10,10,16,Yes,-9,-9,-9,Yes,Yes,No,No,No
VT,VERMONT,5002010,Barre City School District,50 Parkside Terrace,Barre,5641,No,893,28,1,Yes,Yes,Yes,LAFLAMME,PIERRE,(802)476-6541 x4320,plafbce@u61.net,MORRISON,KRISTIN,(802)476-6541 x4142,kmorrbce@u61.net,MORRISON,KRISTIN,(802)476-6541 x4142,kmorrbce@u61.net,No,Yes,Yes,https://www.bcemsvt.org/,Yes,Yes,Yes,No,No,Yes,No,Yes,Yes,Yes,0,14,65,40,Yes,-9,-9,-9,Yes,Yes,No,No,No
VT,VERMONT,5002040,Barre Town School District,70 Websterville Road,Barre,5641,No,853,11,1,Yes,Yes,Yes,ERICA,PEARSON,(802)476-6617,epearbte@u61.net,WILLIAM,WALLER,(802)476-6617,bwallbte@u61.net,DONALD,MCMAHON,(802)476-6617,dmcmabsu@u61.net,No,Yes,Yes,https://www.btmes.org/,No,-9,Yes,No,No,Yes,No,Yes,Yes,Yes,0,28,44,43,Yes,-9,-9,-9,Yes,Yes,No,No,No
VT,VERMONT,5002070,Barton Incorporated School District,P.O. Box 588,Barton,5822,No,165,2,1,Yes,Yes,Yes,KIMBERLY,WHEELOCK,802-525-3636,kwheelock@ocsu.org,KIMBERLY,WHEELOCK,802-525-3636,kwheelock@ocsu.org,KIMBERLY,WHEELOCK,802-545-3636,kwheelock@ocsu.org,No,Yes,Yes,http://bartongraded.weebly.com/uploads/5/4/6/9/54696411/f24_-_policy_on_the_prevention_of_harassment_hazing_and_bullying_of_students.pdf,No,-9,Yes,Yes,No,Yes,No,Yes,Yes,Yes,0,7,10,3,Yes,-9,-9,-9,Yes,Yes,No,No,No
VT,VERMONT,5002130,Bennington Incorporated School District,246 South Stream Road,Bennington,5201,No,981,276,3,Yes,Yes,Yes,EDIE,DUNN,8074477501,edie.dunn@svsu.org,EDIE,DUNN,8074477501,edie.dunn@svsu.org,WENDY,FORAN,8024477501,wforan@svsu.org,No,Yes,Yes,www.svsu.org,No,-9,Yes,No,No,Yes,No,Yes,Yes,Yes,0,152,175,11,Yes,-9,-9,-9,Yes,Yes,No,No,No
VT,VERMONT,5002160,Benson School District,32 School Street,Benson,5743,No,57,1,1,Yes,Yes,Yes,CASEY,OMEARA,8022654905,comeara@arsu.org,CASEY,OMEARA,8022654905,comeara@arsu.org,KRISTIN,BENWAY,8022654905,kbenway@arsu.org,No,Yes,Yes,https://drive.google.com/file/d/1D92_ZjMcspj_tgHmNt9lX1MZ4nISHUQ_/view,No,-9,Yes,No,No,Yes,No,Yes,Yes,No,0,5,11,0,Yes,-9,-9,-9,Yes,Yes,No,No,No
VT,VERMONT,5002190,Berkshire School District,4850 Water Tower Road,Richford,5476,No,218,3,1,Yes,Yes,Yes,LYNN,COTA,802-848-7661 x13,lcota@fnesu.net,LYNN,COTA,802-848-7661 x13,lcota@fnesu.net,LYNN,COTA,802-848-7661 x13,lcota@fnesu.net,No,Yes,Yes,www.fnesu.net,No,-9,Yes,Yes,No,Yes,No,Yes,Yes,No,0,11,13,0,Yes,-9,-9,-9,Yes,Yes,No,No,No
VT,VERMONT,5002220,Berlin School District,372 Paine Turnpike North,Berlin,5602,No,217,11,1,Yes,Yes,Yes,CAROL,AMOS,(802)223-2796,camos@u32.org,CAROL,AMOS,(802)223-2796,camos@u32.org,CAROL,AMOS,(802)223-2796,camos@u32.org,No,Yes,Yes,https://drive.google.com/file/d/0B5Fr3yKVYzC1T2VUQ0tkUTBqZjQ/view,No,-9,Yes,Yes,No,No,No,Yes,Yes,Yes,0,21,15,0,Yes,-9,-9,-9,Yes,Yes,No,No,No
VT,VERMONT,5002250,Bethel School District,273 Pleasant Street,Bethel,5032,No,262,1,2,Yes,Yes,Yes,ANDRA,BOWEN,802-234-9966,abowen@wrvsu.org,ANDRA,BOWEN,802-234-9966,abowen@wrvsu.org,NICOLE,LAMOTHE,802-234-9966,nlamothe@wrvsu.org,No,Yes,Yes,www.bethelschools.org,No,-9,Yes,Yes,Yes,Yes,Yes,Yes,Yes,Yes,0,8,10,0,Yes,-9,-9,-9,Yes,Yes,No,No,No
VT,VERMONT,5002340,Bradford Incorporated School District,143 Fairground Road,Bradford,5033,No,239,27,1,Yes,Yes,Yes,ADAM,NORWOOD,802-222-4077 x223,anorwood@beschool.org,ADAM,NORWOOD,802-222-4077 x223,anorwood@beschool.org,ADAM,NORWOOD,802-222-4077 x223,anorwood@beschool.org,No,Yes,Yes,https://drive.google.com/file/d/1YvgWHuF-cKEC9GwKTvVHNOZ77OHKApqs/view,No,-9,Yes,No,No,Yes,No,Yes,Yes,Yes,0,18,24,5,Yes,-9,-9,-9,No,-9,-9,-9,-9
VT,VERMONT,5002490,Brattleboro School District,53 Green Street,Brattleboro,5301,No,722,15,3,Yes,Yes,Yes,KATE,MARGAITIS,802-451-3412,kmargaitis@wsesu.org,KATE,MARGAITIS,802-451-3412,kmargaitis@wsesu.org,KATE,MARGAITIS,802-451-3412,kmargaitis@wsesu.org,No,Yes,Yes,www.wsesu.org,No,-9,Yes,Yes,No,Yes,No,Yes,Yes,Yes,0,73,77,10,Yes,-9,-9,-9,Yes,Yes,No,No,No
VT,VERMONT,5002520,Brattleboro UHSD #6,131 Fairground Road,Brattleboro,5301,No,1070,13,2,Yes,Yes,Yes,KATE,MARGAITIS,802-451-3431,KMARGAITIS@WSESU.ORG,KATE,MARGAITIS,802-451-3431,KMARGAITIS@WSESU.ORG,KATE,MARGAITIS,802-451-3431,KMARGAITIS@WSESU.ORG,No,Yes,Yes,https://drive.google.com/file/d/1P8sM_bP9Etf_JyZ_rLUELpATA5puz1Wf/view,No,-9,No,-9,-9,-9,-9,-9,-9,-9,-9,-9,-9,-9,-9,-9,-9,-9,No,-9,-9,-9,-9
VT,VERMONT,5002610,Brighton School District,P.O. Box 419,Island Pond,5846,No,89,3,1,Yes,Yes,Yes,JUDITH,CASTONGUAY,802-723-4373 x1606,Judith.Castonguay@ncsuvt.org,JUDITH,CASTONGUAY,802-723-4373 x1606,Judith.Castonguay@ncsuvt.org,JUDITH,CASTONGUAY,802-723-4373 x1606,Judith.Castonguay@ncsuvt.org,No,Yes,Yes,https://drive.google.com/file/d/11qG3cp84LilWCr9HIk3jL-icD4TpOOOB/view,No,-9,Yes,No,No,Yes,No,Yes,Yes,Yes,0,2,7,1,Yes,-9,-9,-9,Yes,Yes,No,No,No
VT,VERMONT,5002640,Bristol School District,57 Mountain Street,Bristol,5443,No,255,1,1,Yes,Yes,Yes,KEVIN,ROBINSON,(802)453-3227,kevin.robinson@mausd.org,KEVIN,ROBINSON,(802)453-3227,kevin.robinson@mausd.org,KEVIN,ROBINSON,(802)453-3227,kevin.robinson@mausd.org,No,Yes,Yes,www.mausd.org,No,-9,No,-9,-9,-9,-9,-9,-9,-9,-9,-9,-9,-9,-9,-9,-9,-9,Yes,Yes,No,No,No
VT,VERMONT,5002730,Brownington School District,103 Chase Road,Brownington,5860,No,105,0,1,Yes,Yes,Yes,LAWRENCE,FLIEGELMAN,802-754-8476,lfliegelman@ocsu.org,LAWRENCE,FLIEGELMAN,802-754-8476,lfliegelman@ocsu.org,LAWRENCE,FLIEGELMAN,802-754-8476,lfliegelman@ocsu.org,No,Yes,Yes,http://www.ocsu.org/uploads/4/1/2/4/41243031/f24_-_policy_on_the_prevention_of_harassment_hazing_and_bullying_of_students.pdf,No,-9,Yes,Yes,No,Yes,No,Yes,Yes,No,0,5,6,0,Yes,-9,-9,-9,Yes,Yes,No,No,No
VT,VERMONT,5002790,Burke School District,3293 Burke Hollow Road,West Burke,5871,No,214,0,1,Yes,Yes,Yes,LAUREN,GRADER-FOX,802-467-3385,laurengrader-fox@kingdomeast.com,LAUREN,GRADER-FOX,802-467-3385,laurengrader-fox@kingdomeast.org,LAUREN,GRADER-FOX,802-467-3385,laurengrader-fox@kingdomeast.org,No,Yes,Yes,https://drive.google.com/file/d/0B0MOx76GciW4VXNUX2JCNXk3cTQ/view?usp=sharing,No,-9,Yes,Yes,Yes,Yes,Yes,Yes,Yes,Yes,0,21,14,3,Yes,-9,-9,-9,Yes,Yes,No,No,No
VT,VERMONT,5002820,Burlington School District,150 Colchester Avenue,Burlington,5401,No,3466,38,11,Yes,Yes,Yes,NIKKI,FULLER,802-864-2159,nfuller@bsdvt.org,NIKKI,FULLER,802-864-2159,nfuller@bsdvt.org,NIKKI,FULLER,802-864-2159,nfuller@bsdvt.org,No,Yes,Yes,https://www.bsdvt.org/wp-content/uploads/2017/07/F-29R-Prevention-of-Harassment-Hazing-Bullying-of-Students.pdf,No,-9,Yes,Yes,No,Yes,Yes,Yes,Yes,Yes,0,21,29,6,Yes,-9,-9,-9,Yes,Yes,No,No,No
VT,VERMONT,5002850,Cabot School District,P.O. Box 98,Cabot,5647,No,174,6,1,Yes,Yes,Yes,MARK,TUCKER,(802)454-9924 x201,mtucker@washnesu.org,MARK,TUCKER,(802)454-9924 x201,mtucker@washnesu.org,JULIA,PRITCHARD,(802)454-9924 x204,jpritchard@washnesu.org,No,Yes,Yes,http://washnesu.org/supervisory_union_board/policies,No,-9,Yes,No,No,Yes,No,Yes,Yes,No,0,15,7,0,Yes,-9,-9,-9,Yes,Yes,No,Yes,No
VT,VERMONT,5002880,Calais School District,321 Lightening Ridge Road,Plainfield,5667,No,126,5,1,Yes,Yes,Yes,CATHERINE,FAIR,(802)454-7777,cfair@u32.org,CATHERINE,FAIR,(802)454-7777,cfair@u32.org,CATHERINE,FAIR,(802)454-7777,cfair@u32.org,No,Yes,Yes,https://drive.google.com/file/d/0B-yFdQM-D7zLYkczanhxdnZKU28/view,No,-9,Yes,Yes,No,No,No,Yes,Yes,Yes,0,11,5,0,Yes,-9,-9,-9,Yes,Yes,No,No,No
VT,VERMONT,5002910,Cambridge School District,186 School Street,Jeffersonville,5464,No,344,16,1,Yes,Yes,Yes,CATHERINE,GALLAGHER,802.851.1171,cgallagher@lnsd.org,CATHERINE,GALLAGHER,802.851.1171,cgallagher@lnsd.org,CATHERINE,GALLAGHER,802.851.1171,cgallagher@lnsd.org,No,Yes,Yes,www.cesvt.net,No,-9,Yes,No,No,Yes,No,No,Yes,Yes,0,0,53,38,Yes,-9,-9,-9,Yes,Yes,No,No,No
VT,VERMONT,5002940,Canaan School District,99 School Street,Canaan,5903,No,162,0,1,Yes,Yes,Yes,DEBBIE,LYNCH,80202668910,dlynch@canaanschools.org,DEBBIE,LYNCH,80222668910,dlynch@canaanschools.org,JENNIFER,LAWCEWICZ,8022668910,jlawcewicz@canaanschools.org,No,Yes,Yes,www.canaanschools.org,No,-9,Yes,No,No,Yes,No,Yes,Yes,Yes,0,0,10,3,No,Yes,Yes,Yes,Yes,Yes,No,No,No
VT,VERMONT,5003010,Cavendish School District,P.O. Box 236,Proctorsville,5153,No,110,29,1,Yes,Yes,Yes,MEG,POWDEN,80287533655,MEG.POWDEN@TRSU.ORG,MEG,POWDEN,80287533655,MEG.POWDEN@TRSU.ORG,MEG,POWDEN,80287533655,MEG.POWDEN@TRSU.ORG,No,Yes,Yes,https://drive.google.com/file/d/0Byj0ybaUrJkLN3BJMTZSdFA3M1pGRDhIUzVNYXNzekh1Q1A0/view,No,-9,No,-9,-9,-9,-9,-9,-9,-9,-9,-9,-9,-9,-9,-9,-9,-9,Yes,Yes,No,No,No
VT,VERMONT,5003060,Charleston School District,255 Center School Road,West Charleston,5872,No,114,0,1,Yes,Yes,Yes,CHRISTOPHER,LAWSON,802-895-2915,Christopher.Lawson@ncsuvt.org,CHRISTOPHER,LAWSON,802-895-2915,Christopher.Lawson@ncsuvt.org,CHRISTOPHER,LAWSON,802-895-2915,Christopher.Lawson@ncsuvt.org,No,Yes,Yes,http://ces.ncsuvt.org,No,-9,Yes,Yes,No,No,No,Yes,Yes,No,0,10,8,0,Yes,-9,-9,-9,Yes,Yes,No,No,No
VT,VERMONT,5003120,Chelsea School District,6 School Street,Chelsea,5038,No,201,0,1,Yes,Yes,Yes,WENDY,MCCULLOUGH,802-685-4551,WMCCULLOUGH@WRVSU.ORG,WHITE,WHITE,802-685-4551,WMCCULLOUGH@WRVSU.ORG,WENDY,MCCULLOUGH,802-685-4551,WMCCULLOUGH@WRVSU.ORG,No,Yes,No,-9,Yes,No,Yes,No,No,Yes,No,Yes,Yes,Yes,0,2,12,10,Yes,-9,-9,-9,Yes,Yes,No,No,No
VT,VERMONT,5003240,Colchester School District,P.O. Box 27,Colchester,5446,No,2209,174,5,Yes,Yes,Yes,AMY,MINOR,(802) 264-5990,amy.minor@colchestersd.org,AMY,MINOR,(802) 264-5990,amy.minor@colchestersd.org,CARRIE,LUTZ,(802) 264-5986,carrie.lutz@colchestersd.org,No,Yes,Yes,https://www.csdvt.org/district/schoolboard/policies.php,No,-9,Yes,No,No,Yes,No,Yes,Yes,Yes,0,113,136,19,Yes,-9,-9,-9,Yes,Yes,No,No,No
VT,VERMONT,5003270,Concord School District,173 School Street,Concord,5824,No,137,0,1,Yes,No,Yes,ANDREA,FRESSIE,802-695-2550 x 132,afressie@kingdomeast.org,-9,-9,-9,-9,ANDREA,FRESSIE,802-695-2550 x 132,afressie@kingdomeast.org,No,Yes,No,-9,No,-9,Yes,Yes,No,No,No,Yes,Yes,Yes,0,4,8,0,Yes,-9,-9,-9,Yes,Yes,No,No,No
VT,VERMONT,5003360,Coventry School District,P.O. Box 92,Coventry,5825,No,151,0,1,Yes,Yes,Yes,TODD,ROHLEN,802-754-6464,TODD.ROHLEN@NCSUVT.ORG,TODD,ROHLEN,802-754-6464,TODD.ROHLEN@NCSUVT.ORG,TODD,ROHLEN,802-754-6464,TODD.ROHLEN@NCSUVT.ORG,No,Yes,Yes,https://cvs.ncsuvt.org/,Yes,No,Yes,No,No,Yes,No,Yes,Yes,Yes,0,2,10,1,Yes,-9,-9,-9,Yes,Yes,No,No,No
VT,VERMONT,5003390,Craftsbury School District,P.O. Box 73,Craftsbury Common,5827,No,203,0,1,Yes,Yes,Yes,MERRI,GREENIA,802-586-2541,mgreenia@ossu.org,MERRI,GREENIA,802-586-2541,mgreenia@ossu.org,MERRI,GREENIA,802-586-2541,mgreenia@ossu.org,No,Yes,Yes,http://www.craftsbury.ossu.org/resources/student-handbook,No,-9,Yes,Yes,No,No,No,Yes,Yes,Yes,0,2,3,5,Yes,-9,-9,-9,Yes,Yes,No,No,No
VT,VERMONT,5003450,Danville School District,148 Peacham Road,Danville,5828,No,380,1,1,Yes,Yes,Yes,CATHY,BROWNE,802-684-3801,cathy.browne@ccsuvt.net,CATHY,BROWNE,802-684-3801,cathy.browne@ccsuvt.net,CATHY,BROWNE,802-684-3801,cathy.browne@ccsuvt.net,No,Yes,Yes,www.ccsuonline.org,No,-9,Yes,Yes,No,Yes,No,Yes,Yes,No,0,14,20,0,Yes,-9,-9,-9,Yes,Yes,No,No,No
VT,VERMONT,5003480,Derby School District,907 Elm Street,Derby Line,5830,No,437,20,1,Yes,Yes,Yes,LAURA,FERNANDES,802-873-3162,laura.fernandes@ncsuvt.org,LAURA,FERNANDES,802-873-3162,laura.fernandes@ncsuvt.org,LAURA,FERNANDES,802-873-3162,laura.fernandes@ncsuvt.org,No,Yes,Yes,https://www.ncsuvt.org/ncsu-full-board/policies,No,-9,Yes,Yes,Yes,Yes,No,Yes,Yes,No,0,25,32,0,Yes,-9,-9,-9,No,-9,-9,-9,-9
VT,VERMONT,5003510,Dorset School District,6378 VT Route 7A,Sunderland,5250,No,161,154,1,Yes,Yes,Yes,ROSANNA,MORAN,802-362-2606,RMORAN@BRSU.ORG,ROSANNA,MORAN,802-362-2606,RMORAN@BRSU.ORG,ROSANNA,MORAN,802-362-2606,RMORAN@BRSU.ORG,No,Yes,Yes,https://drive.google.com/open?id=1_wj2eEaEusyzGcg4JFqFqRDFhfBJayeo,No,-9,Yes,No,No,Yes,No,Yes,Yes,No,0,20,7,0,Yes,-9,-9,-9,Yes,Yes,No,No,No
VT,VERMONT,5003540,Dover School District,9 Schoolhouse Road,East Dover,5341,No,89,12,1,Yes,Yes,Yes,MATTHEW,MARTYN,802-464-5386,mmartyn@doverschool.net,MATTHEW,MARTYN,802-464-5386,mmartyn@doverschool.net,MATTHEW,MARTYN,802-464-5386,mmartyn@doverschool.net,No,Yes,Yes,https://www.google.com/url?q=https://docs.google.com/document/d/1fTIUPi0rHqL0GhUBWD1x_onKFCjSB_HnlGg72tzvQh8/edit?usp%3Dsharing&sa=D&ust=1556563819854000&usg=AFQjCNHvS2M0M-ZaITW2OLYQDZwOvX6SzA,No,-9,Yes,Yes,No,Yes,No,Yes,Yes,Yes,0,4,12,0,Yes,-9,-9,-9,Yes,Yes,No,No,No
VT,VERMONT,5003570,Dummerston School District,52 Schoolhouse Road,East Dummerston,5346,No,145,0,1,Yes,Yes,Yes,KATE,MARGAITIS,(802)451-3400,kmargaitis@wsesu.org,KATE,MARGAITIS,(802)451-3400,kmargaitis@wsesu.org,KATE,MARGAITIS,(802)451-3400,kmargaitis@wsesu.org,No,Yes,Yes,https://dummerston.wsesu.org/,No,-9,Yes,No,Yes,No,No,Yes,Yes,Yes,0,9,11,16,Yes,-9,-9,-9,Yes,Yes,No,No,No
VT,VERMONT,5003690,East Montpelier School District,665 Vincent Flats Road,East Montpelier,5651,No,229,10,1,Yes,Yes,Yes,ALICIA,LYFORD,(802)223-7936 x357,alyford@u32.org,ALICIA,LYFORD,(802)223-7936 x357,alyford@u32.org,ALICIA,LYFORD,(802)223-7936 x357,alyford@u32.org,No,Yes,Yes,https://drive.google.com/file/d/0Bzvh-sFg6pd4NUwzdHlpZ3EtQ1E/view,No,-9,Yes,Yes,No,No,No,Yes,Yes,Yes,0,19,22,0,Yes,-9,-9,-9,Yes,Yes,No,No,No
VT,VERMONT,5003780,Enosburgh Town School District,P.O. Box 530,Enosburg Falls,5450,No,730,6,2,Yes,Yes,Yes,LYNN,COTA,802-848-7661 x13,lcota@fnesu.net,LYNN,COTA,802-848-7661 x13,lcota@fnesu.net,LYNN,COTA,802-848-7661 x13,lcota@fnesu.net,No,Yes,Yes,www.fnesu.net,No,-9,Yes,Yes,No,No,No,Yes,Yes,No,0,37,31,0,Yes,-9,-9,-9,Yes,Yes,No,No,No
VT,VERMONT,5003870,Fair Haven School District,115 North Main Street,Fair Haven,5743,No,343,11,1,Yes,Yes,Yes,CASEY,O'MEARA,(802)265-4905,comeara@arsu.org,CASEY,O'MEARA,(802)265-4905,comeara@arsu.org,KRIS,BENWAY,(802)265-4905,kbenway@arsu.org,No,Yes,Yes,https://drive.google.com/file/d/1D92_ZjMcspj_tgHmNt9lX1MZ4nISHUQ_/view,No,-9,Yes,No,No,Yes,No,Yes,Yes,No,0,14,29,0,Yes,-9,-9,-9,Yes,Yes,No,No,No
VT,VERMONT,5003900,Fair Haven UHSD #16,33 Mechanic Street Extension,Fair Haven,5743,No,397,0,1,Yes,Yes,Yes,CASEY,O'MEARA,(802)265-4905,comeara@arsu.org,CASEY,O'MEARA,(802)265-4905,comeara@arsu.org,KRIS,BENWAY,(802)265-4905,kbenway@arsu.org,No,Yes,Yes,https://drive.google.com/file/d/1D92_ZjMcspj_tgHmNt9lX1MZ4nISHUQ_/view,No,-9,No,-9,-9,-9,-9,-9,-9,-9,-9,-9,-9,-9,-9,-9,-9,-9,No,-9,-9,-9,-9
VT,VERMONT,5003930,Fairfax School District,4496 Highbridge Road,Fairfax,5454,No,911,0,2,Yes,Yes,Yes,GERI,WITALEC,8028496711,gwitalec@fwsu.org>,GERI,WITALEC,8028496711,gwitalec@fwsu.org>,GERI,WITALEC,8028496711,gwitalec@fwsu.org>,No,Yes,Yes,https://drive.google.com/file/d/0BzZ2XH8fOL9neVRtWTNXSWhlZEk/view,No,-9,No,-9,-9,-9,-9,-9,-9,-9,-9,-9,-9,-9,-9,-9,-9,-9,Yes,Yes,No,No,No
VT,VERMONT,5004080,Fletcher School District,340 School Road,Cambridge,5444,No,135,0,1,Yes,Yes,Yes,CHRIS,DODGE,8028496251,CDODGE@FWSU.ORG,CHRIS,DODGE,8028496251,CDODGE@FWSU.ORG,CHRIS,DODGE,8028496251,CDODGE@FWSU.ORG,No,Yes,Yes,https://drive.google.com/file/d/0BzZ2XH8fOL9nX19fTXRFMDFaV3M/view,No,-9,Yes,No,No,Yes,No,Yes,Yes,Yes,0,16,10,1,Yes,-9,-9,-9,Yes,Yes,No,No,No
VT,VERMONT,5004110,Franklin School District,P.O. Box 146,Franklin,5457,No,125,0,1,Yes,Yes,Yes,JULIE,REGIMBAL,8028684967,jregimbal@fnwsu.org,JULIE,REGIMBAL,8028684967,jregimbal@fnwsu.org,JULIE,REGIMBAL,8028684967,jregimbal@fnwsu.org,No,Yes,Yes,www.fnwsu.org,No,-9,Yes,No,No,Yes,No,Yes,Yes,Yes,0,8,16,0,Yes,-9,-9,-9,Yes,No,No,Yes,No
VT,VERMONT,5004140,Georgia School District,4416 Ethan Allen Highway,Saint Albans,5478,No,634,0,1,Yes,Yes,Yes,FRANK,CALANO,8025246358,fcalano@fwsu.org,FRANK,CALANO,8025246358,fcalano@fwsu.org,FRANK,CALANO,8025246358,fcalano@fwsu.org,No,Yes,Yes,https://drive.google.com/a/fwsu.org/file/d/0BzZ2XH8fOL9nLUtFcWphUTBpQVU/view?usp=sharing,No,-9,No,-9,-9,-9,-9,-9,-9,-9,-9,-9,-9,-9,-9,-9,-9,-9,No,-9,-9,-9,-9
VT,VERMONT,5004170,Glover School District,100 School Street,Glover,5839,No,112,12,1,Yes,Yes,Yes,ANGELIQUE,BROWN,8025256958,abrown@ocsu.org,ANGELIQUE,BROWN,8025256958,abrown@ocsu.org,ANGELIQUE,BROWN,8025256958,abrown@ocsu.org,No,Yes,Yes,http://www.ocsu.org/uploads/4/1/2/4/41243031/f24_-_policy_on_the_prevention_of_harassment_hazing_and_bullying_of_students.pdf,No,-9,Yes,Yes,No,Yes,No,Yes,Yes,No,0,6,6,0,Yes,-9,-9,-9,Yes,Yes,No,No,No
VT,VERMONT,5004290,Grand Isle School District,224 U.S. Route 2,Grand Isle,5458,No,190,15,1,Yes,Yes,Yes,RUARI,CLANCY,8023726913,rclancy@gisu.org,RUARI,CLANCY,8023726913,rclancy@gisu.org,LAUREN,LANDRIGAN,8023726913,llandrigan@gisu.org,No,Yes,Yes,www.gisu.org,No,-9,Yes,No,Yes,No,No,Yes,Yes,Yes,0,0,6,9,Yes,-9,-9,-9,Yes,Yes,No,No,No
VT,VERMONT,5004470,Guilford School District,374 School Road,Guilford,5301,No,107,0,1,Yes,Yes,Yes,JOHN,GAGNON,8022542271,jgagnon@wsesu.org,JOHN,GAGBNON,8022542271,jgagnon@wsesu.org,JOHN,GAGNON,8022542271,jgagnon@wsesu.org,No,Yes,Yes,www.guilfordcentralschool.org,No,-9,Yes,Yes,No,No,No,No,Yes,Yes,0,0,1,1,Yes,-9,-9,-9,Yes,Yes,No,No,No
VT,VERMONT,5004500,Halifax School District,Branch Road,West Halifax,5358,No,57,0,1,Yes,Yes,Yes,SANDRA,PENTAK,802-368-2888,spentak@halifaxschool.net,SANDRA,PENTAK,802-368-2888,spentak@halifaxschool.net,SANDRA,PENTAK,802-368-2888,spentak@halifaxschool.net,No,Yes,Yes,https://sites.google.com/wswsu49.org/windhamswsupervisoryunion/home,No,-9,No,-9,-9,-9,-9,-9,-9,-9,-9,-9,-9,-9,-9,-9,-9,-9,Yes,Yes,No,No,No
VT,VERMONT,5004560,Hardwick School District,Main Street,Hardwick,5843,No,236,0,1,Yes,Yes,Yes,PAT,PENNOCK,802-472-5411,ppennock@ossu.org,PAT,PENNOCK,802-472-5411,ppennock@ossu.org,PAT,PENNOCK,802-472-5411,ppennock@ossu.org,No,Yes,Yes,http://www.hardwick.ossu.org/,No,-9,Yes,No,No,No,No,Yes,Yes,Yes,0,3,6,6,Yes,-9,-9,-9,Yes,Yes,No,No,No
VT,VERMONT,5004590,Hartford School District,73 Highland Ave,White River Junction,5001,No,1553,12,5,Yes,Yes,Yes,NOEL,BRYANT,802-295-8600,bryantn@hartfordschools.net,NOEL,BRYAN,802-295-8600,bryantn@hartfordschools.net,TOM,DEBALSI,802-295-8600,debalsit@hartfordschools.net,No,Yes,Yes,www.hsdvt.com,No,-9,Yes,No,No,Yes,No,Yes,Yes,Yes,0,12,38,26,Yes,-9,-9,-9,Yes,Yes,No,No,No
VT,VERMONT,5004620,Hartland School District,97 Martinsville Road,Hartland,5048,No,286,0,1,Yes,Yes,Yes,GENE,MORSE,802-436-2255,gene.morse@wsesu.net,GENE,MORSE,802-436-2255,gene.morse@wsesu.net,GENE,MORSE,802-436-2255,gene.morse@wsesu.net,No,Yes,Yes,hartland.k12.vt.us,No,-9,No,-9,-9,-9,-9,-9,-9,-9,-9,-9,-9,-9,-9,-9,-9,-9,Yes,Yes,No,No,No
VT,VERMONT,5004650,Highgate School District,P.O. Box 163,Highgate Center,5459,No,316,3,1,Yes,Yes,Yes,CHRISTOPHER,PALMER,(802)868-4170,cpalmer@fnwsu.org,CHRISTOPHER,PALMER,(802)868-4170,cpalmer@fnwsu.org,CHRISTOPHER,PALMER,(802)868-4170,cpalmer@fnwsu.org,No,Yes,Yes,https://sites.google.com/a/fnwsu.org/highgate-elementary-school/bullying-and-harassment,No,-9,Yes,Yes,No,Yes,No,No,No,No,0,0,13,5,Yes,-9,-9,-9,Yes,Yes,No,No,No
VT,VERMONT,5004710,Holland School District,26 School Road,Derby Line,5830,No,45,0,1,Yes,Yes,Yes,KELLI,DEAN,802-895-4455,kelli.dean@ncsuvt.org,KELLI,DEAN,802-895-4455,kelli.dean@ncsuvt.org,KELLI,DEAN,802-895-4455,kelli.dean@ncsuvt.org,No,Yes,Yes,www.ncsuvt.org,No,-9,Yes,No,No,Yes,No,Yes,Yes,No,0,6,5,0,Yes,-9,-9,-9,Yes,Yes,No,No,No
VT,VERMONT,5004770,Huntington School District,120 School Street,Huntington,5462,No,143,9,1,Yes,Yes,Yes,REBECCA,THIBAULT,802-434-2128,rebecca.thibault@cesuvt.org,REBECCA,THIBAULT,802-434-2128,rebecca.thibault@cesuvt.org,REBECCA,THIBAULT,802-434-2128,rebecca.thibault@cesuvt.org,No,Yes,Yes,https://www.cesuvt.org/school-board/huntingtonpolicies,No,-9,Yes,Yes,No,No,No,Yes,Yes,Yes,0,14,28,0,Yes,-9,-9,-9,Yes,Yes,No,No,No
VT,VERMONT,5004860,Irasburg School District,272 Route 58 East,Irasburg,5845,No,124,18,1,Yes,Yes,Yes,PAUL,SIMMONS,802-754-8810,psimmons@ocsu.org,PAUL,SIMMONS,802-754-8810,psimmons@ocsu.org,PAUL,SIMMONS,802-754-8810,psimmons@ocsu.org,No,Yes,Yes,http://www.ocsu.org/uploads/4/1/2/4/41243031/f24_-_policy_on_the_prevention_of_harassment_hazing_and_bullying_of_students.pdf,No,-9,Yes,Yes,No,Yes,No,Yes,Yes,Yes,0,5,13,0,Yes,-9,-9,-9,Yes,Yes,No,No,No
VT,VERMONT,5004890,Isle La Motte School District,42 School Street Ext.,Isle La Motte,5463,No,28,0,1,Yes,Yes,Yes,THOMAS,TREGAN,802-928-3231,ttregan@gisu.org,THOMAS,TREGAN,802-928-3231,ttregan@gisu.org,BETH,HEMINGWAY,802-372-6921,bhemingway@gisu.org,No,Yes,Yes,www.gisu.org,No,-9,No,-9,-9,-9,-9,-9,-9,-9,-9,-9,-9,-9,-9,-9,-9,-9,Yes,Yes,No,No,No
VT,VERMONT,5004920,Jamaica School District,P.O. Box 488,Jamaica,5343,No,60,1,1,Yes,Yes,Yes,STEPHANIE,BETIT-HANCOCK,(802)365-9510,sbetit-hancock@windhamcentral.org,STEPHANIE,BETIT-HANCOCK,(802)365-9510,sbetit-hancock@windhamcentral.org,STEPHANIE,BETIT-HANCOCK,(802)365-9510,sbetit-hancock@windhamcentral.org,No,Yes,Yes,https://drive.google.com/file/d/0B-DOn4gQSCqCZzIyNTZ4X2h4enM/view,No,-9,Yes,Yes,No,Yes,No,No,Yes,No,0,0,7,0,Yes,-9,-9,-9,Yes,Yes,No,No,No
VT,VERMONT,5004960,Jay/Westfield Joint Elementary School District,257 Revoir Flats,Jay,5859,No,79,0,1,Yes,Yes,Yes,KRISTY,ELLIS,(802)988-4042,kristy.ellis@ncsuvt.org,KRISTY,ELLIS,(802)988-4042,kristy.ellis@ncsuvt.org,KRISTY,ELLIS,(802)988-4042,kristy.ellis@ncsuvt.org,No,Yes,Yes,https://docs.google.com/a/ncsuvt.org/viewer?a=v&pid=sites&srcid=bmNzdXZ0Lm9yZ3xqYXktd2VzdGZpZWxkLWVsZW1lbnRhcnktc2Nob29sfGd4Ojc4NmFhZDk1NzYwOTA4NDU,No,-9,Yes,Yes,No,Yes,No,Yes,Yes,No,0,8,8,0,Yes,-9,-9,-9,Yes,Yes,No,No,No
VT,VERMONT,5005050,Lake Region UHSD #24,317 Lake Region Road,Orleans,5860,No,358,2,1,Yes,Yes,Yes,ANDRE,MESSIER,8027546521,amessier@ocsu.org,SHARON,GONYAW,8027546521,sgonyaw@ocsu.org,KATHY,POGINY,8025251209,kpoginy@ocsu.org,No,Yes,Yes,www.lruhs.com,No,-9,No,-9,-9,-9,-9,-9,-9,-9,-9,-9,-9,-9,-9,-9,-9,-9,No,-9,-9,-9,-9
VT,VERMONT,5005120,Leland and Gray UHSD #34,P.O. Box 128,Townshend,5353,No,289,0,1,Yes,Yes,Yes,BOB,THIBAULT,802-365-7355,bthibault@lelandandgray.org,BOB,THIBAULT,802-365-7355,bthibault@lelandandgray.org,BOB,THIBAULT,802-365-7355,bthibault@lelandandgray.org,No,Yes,Yes,http://lelandandgray.org/index.php/families-cols2/hazing-harassment-and-bullying,No,-9,No,-9,-9,-9,-9,-9,-9,-9,-9,-9,-9,-9,-9,-9,-9,-9,No,-9,-9,-9,-9
VT,VERMONT,5005160,Lincoln School District,795 East River Road,Lincoln,5443,No,118,0,1,Yes,Yes,Yes,TORY,RILEY,8024532119,tory.riley@mausd.org,TORY,RILEY,8024532119,tory.riley@mausd.org,TORY,RILEY,8024532119,tory.riley@mausd.ord,No,Yes,Yes,http://www.mausd.org,No,-9,No,-9,-9,-9,-9,-9,-9,-9,-9,-9,-9,-9,-9,-9,-9,-9,Yes,Yes,No,No,No
VT,VERMONT,5005220,Lowell School District,52 Gelo Park Road,Lowell,5847,No,109,0,1,Yes,Yes,Yes,ANITA,GAGNER,(802)744-6641,anita.gagner@ncsuvt.org,ANITA,GAGNER,(802)744-6641,anita.gagner@ncsuvt.org,ANITA,GAGNER,(802)744-6641,anita.gagner@ncsuvt.org,No,Yes,Yes,ncsuvt.org,No,-9,Yes,No,No,Yes,No,Yes,Yes,No,0,6,13,0,Yes,-9,-9,-9,Yes,Yes,No,No,No
VT,VERMONT,5005250,Ludlow School District,45 Main Street,Ludlow,5149,No,111,0,1,Yes,Yes,Yes,KAREN,TRIMBOLI,802-875-5151,karen.trimboli@trsu.org,KAREN,TRIMBOLI,802-875-5151,karen.trimboli@trsu.org,KAREN,TRIMBOLI,802-875-5151,karen.trimboli@trsu.org,No,Yes,Yes,ludlow.elementary.org,No,-9,Yes,No,No,Yes,No,Yes,Yes,Yes,0,1,1,1,Yes,-9,-9,-9,Yes,Yes,No,No,No
VT,VERMONT,5005280,Lunenburg School District,P.O. Box 97,Gilman,5904,No,140,0,3,Yes,Yes,Yes,CHERYL,MCVETTY,802-892-5969,cmcvetty@kingdomeast.org,CHERYL,MCVETTY,802-892-5969,cmcvetty@kingdomeast.org,CHERYL,MCVETTY,802-892-5969,cmcvetty@kingdomeast.org,No,Yes,Yes,https://kingdomeast.org,No,-9,Yes,No,No,Yes,No,Yes,Yes,Yes,0,4,4,9,Yes,-9,-9,-9,Yes,Yes,No,No,No
VT,VERMONT,5005310,Lyndon School District,119 Park Street,Lyndonville,5851,No,463,243,1,Yes,Yes,Yes,JENNIFER,BOTZOJORNS,(802)626-6100,jbotzojorns@kingdomeast.org,JENNIFER,BOTZOJORNS,(802)626-6100,jbotzojorns@kingdomeast.org,JENNIFER,BOTZOJORNS,(802)626-6100,jbotzojorns@kingdomeast.org,No,Yes,Yes,https://docs.google.com/document/d/1w0GObkqkHwNPGbD7a5aXCESq0XIBTPX3mZyVy2yzrP4/edit,No,-9,Yes,Yes,Yes,Yes,Yes,Yes,Yes,Yes,0,25,52,0,Yes,-9,-9,-9,Yes,Yes,No,No,No
VT,VERMONT,5005370,Manchester School District,6378 VT Route 7A,Sunderland,5250,No,402,274,1,Yes,Yes,Yes,BETSY,MEMOE,802-362-1597,BMEMOE@BRSU.ORG,BETSY,MEMOE,802-362-1597,BMEMOE@BRSU.ORG,BETSY,MEMOE,802-362-1597,BMEMOE@BRSU.ORG,No,Yes,Yes,https://drive.google.com/open?id=1_wj2eEaEusyzGcg4JFqFqRDFhfBJayeo,No,-9,Yes,Yes,No,Yes,No,Yes,Yes,No,0,23,51,0,Yes,-9,-9,-9,Yes,Yes,No,No,No
VT,VERMONT,5005400,Marlboro School District,P.O. Box D,Marlboro,5344,No,76,65,1,Yes,Yes,Yes,WAYNE,KERMENSKI,802-254-2668,wkermenski@marlboroschool.net,WAYNE,KERMENSKI,802-254-2668,wkermenski@marlboroschool.net,WAYNE,KERMENSKI,802-254-2668,wkermenski@marlboroschool.net,No,Yes,Yes,https://education.vermont.gov/student-support/healthy-and-safe-schools/school-climate,No,-9,No,-9,-9,-9,-9,-9,-9,-9,-9,-9,-9,-9,-9,-9,-9,-9,Yes,Yes,No,No,No
VT,VERMONT,5005550,Middlesex School District,433 Shady Rill Road,Middlesex,5602,No,176,11,1,Yes,Yes,Yes,AIMEE,TOTH,(802)223-5429,atoth@u32.org,AIMEE,TOTH,(802)223-5429,atoth@u32.org,AIMEE,TOTH,(802)223-5429,atoth@u32.org,No,Yes,Yes,https://drive.google.com/file/d/1r4cK18TESTNHA-QKMbfg8eSrBqUwdn4i/view,No,-9,Yes,Yes,No,No,No,Yes,Yes,Yes,0,14,19,0,Yes,-9,-9,-9,Yes,Yes,No,No,No
VT,VERMONT,5005580,Middletown Springs School District,P.O. Box 1267,Middletown Springs,5757,No,71,19,1,Yes,Yes,Yes,RICHARD,BEAL,802-235-2365,rick.beal@grcsu.org,RICHARD,BEAL,802-235-2365,rick.beal@grcsu.org,RICHARD,BEAL,802-235-2365,rick.beal@grcsu.org,No,Yes,Yes,www.rswsu.org,No,-9,Yes,Yes,No,No,No,Yes,Yes,Yes,0,7,5,1,Yes,-9,-9,-9,Yes,Yes,No,No,No
VT,VERMONT,5005610,Milton Incorporated School District,42 Herrick Avenue,Milton,5468,No,1617,123,3,Yes,Yes,Yes,TAMMY,BOONE,8028935305,tboone@mymtsd-vt.org,TAMMY,BOONE,8028935305,tboone@mymtsd-vt.org,TAMMY,BOONE,8028935305,tboone@mymtsd-vt.org,No,Yes,Yes,https://www.mtsd-vt.org/apps/pages/index.jsp?uREC_ID=1115274&type=d&pREC_ID=1391143,No,-9,Yes,Yes,Yes,Yes,Yes,Yes,Yes,Yes,3,94,14,2,Yes,-9,-9,-9,Yes,Yes,No,No,No
VT,VERMONT,5005620,Missisquoi Valley UHSD #7,175Thunder Bird Drive,Swanton,5488,No,807,53,1,Yes,Yes,Yes,STEVE,MESSIER,(802)868-7311 x138,smessier@fnwsu.org,STEVE,MESSIER,(802)868-7311 x138,smessier@fnwsu.org,JAY,HARTMAN,(802)868-7311 x133,jhartman@fnwsu.org,No,Yes,Yes,http://www.fnwsu.org/polices-procedures/,No,-9,No,-9,-9,-9,-9,-9,-9,-9,-9,-9,-9,-9,-9,-9,-9,-9,No,-9,-9,-9,-9
VT,VERMONT,5005640,Monkton School District,P.O. Box 40,Monkton,5469,No,142,0,1,Yes,Yes,Yes,BETSY,KNOX,802-453-3423,betsy.knox@mausd.org,BETSY,KNOX,802-453-3423,betsy.knox@mausd.org,BETSY,KNOX,802-453-3423,betsy.knox@mausd.org,No,Yes,Yes,anesu.org,No,-9,No,-9,-9,-9,-9,-9,-9,-9,-9,-9,-9,-9,-9,-9,-9,-9,Yes,Yes,No,No,No
VT,VERMONT,5005670,Montgomery Town School District,249 School Drive,Montgomery Center,5471,No,154,10,1,Yes,Yes,Yes,LYNN,COTA,802-848-7661 x13,lcota@fnesu.net,LYNN,COTA,802-848-7661 x13,lcota@fnesu.net,LYNN,COTA,802-848-7661 x13,lcota@fnesu.net,No,Yes,Yes,www.fnesu.net,No,-9,Yes,Yes,No,No,No,Yes,Yes,No,0,14,17,0,Yes,-9,-9,-9,Yes,Yes,No,No,No
VT,VERMONT,5005700,Montpelier School District,5 High School Drive Unit 1,Montpelier,5602,No,1204,11,3,Yes,Yes,Yes,MICHAEL,BERRY,802-225-8684,michaelberry@mpsvt.org,MICHAEL,BERRY,802-225-8684,michaelberry@mpsvt.org,MARY,LUNDEEN,802-225-8687,maryl@mpsvt.org,No,Yes,Yes,https://docs.google.com/document/d/1ORUCovCXHhurUIDmH_HwKTokMiROyPhVSDGZ70ESRsI/edit,No,-9,Yes,No,No,Yes,No,Yes,Yes,Yes,0,68,56,65,Yes,-9,-9,-9,Yes,Yes,No,No,No
VT,VERMONT,5005810,Mount Anthony UHSD #14,301 Park Street,Bennington,5201,No,1486,0,2,Yes,Yes,Yes,BETH,BECKER,8024477511,bbecker@svsu.org,BETH,BECKER,8024477511,bbecker@svsu.org,BETH,BECKER,8024477511,bbecker@svsu.org,No,Yes,Yes,mauhs.org,No,-9,No,-9,-9,-9,-9,-9,-9,-9,-9,-9,-9,-9,-9,-9,-9,-9,No,-9,-9,-9,-9
VT,VERMONT,5005820,Mount Holly School District,150 School Street,Mount Holly,5758,No,111,1,1,Yes,Yes,Yes,CRAIG,HUTT VATER,802-259-2392,craig.huttvater@trsu.org,CRAIG,HUTT VATER,802-259-2392,craig.huttvater@trsu.org,CRAIG,HUTT VATER,802-259-2392,craig.huttvater@trsu.org,No,Yes,Yes,https://su.trsu.org/boards/policies,No,-9,Yes,Yes,No,No,No,Yes,Yes,No,0,12,14,0,Yes,-9,-9,-9,Yes,Yes,No,No,No
VT,VERMONT,5005880,New Haven School District,50 North Street,New Haven,5472,No,91,0,1,Yes,Yes,Yes,KRISTINE,EVARTS,(802)453-2331 x4103,kevarts@anesu.org,KRISTINE,EVARTS,(802)453-2331 x4103,kevarts@anesu.org,KRISTINE,EVARTS,(802)453-2331 x4103,kevarts@anesu.org,No,Yes,Yes,www.beemanelementary.org,No,-9,No,-9,-9,-9,-9,-9,-9,-9,-9,-9,-9,-9,-9,-9,-9,-9,Yes,Yes,No,No,No
VT,VERMONT,5005910,Newark School District,1448 Newark Street,Newark,5871,No,60,0,1,Yes,Yes,Yes,TIMOTHY,MULLIGAN,802-467-3401,tmulligan@kingdomeast.org,TIMOTHY,MULLIGAN,802-467-3401,tmulligan@kingdomeast.org,TIMOTHY,MULLIGAN,802-437-3401,tmulligan@kingdomeast.org,No,Yes,No,-9,No,-9,No,-9,-9,-9,-9,-9,-9,-9,-9,-9,-9,-9,-9,-9,-9,-9,Yes,Yes,No,No,No
VT,VERMONT,5005940,Newbury School District,P.O. Box 68,Newbury,5051,No,131,0,1,Yes,Yes,Yes,CHANCE,LINDSLEY,802-866-5621,clindsley@nesvt.org,CHANCE,LINDSLEY,802-866-5621,clindsley@nesvt.org,CHANCE,LINDSLEY,802-866-5621,clindsley@nesvt.org,No,Yes,No,-9,No,-9,Yes,No,Yes,No,No,Yes,Yes,Yes,0,3,10,3,Yes,-9,-9,-9,Yes,Yes,No,No,No
VT,VERMONT,5006000,Newport City School District,166 Sias Avenue,Newport,5855,No,378,0,1,Yes,Yes,Yes,ELAINE,COLLINS,802-334-2455,elaine.collins@ncsuvt.org,ELAINE,COLLINS,802-334-2455,elaine.collins@ncsuvt.org,ELAINE,COLLINS,802-334-2455,elaine.collins@ncsuvt.org,No,Yes,Yes,www.ncsuvt.org,No,-9,Yes,No,No,Yes,No,No,No,No,0,16,29,45,Yes,-9,-9,-9,Yes,Yes,No,No,No
VT,VERMONT,5006030,Newport Town School District,4212 VT Route 105,Newport Center,5857,No,89,0,1,Yes,Yes,Yes,WENDY,WOOD,802-334-5201,WENDY.WOOD@NCSUVT.ORG,WENDY,WOOD,802-334-5201,WENDY.WOOD@NCSUVT.ORG,WENDY,WOOD,802-334-5201,WENDY.WOOD@NCSUVT.ORG,No,Yes,Yes,https://www.ncsuvt.org/,No,-9,No,-9,-9,-9,-9,-9,-9,-9,-9,-9,-9,-9,-9,-9,-9,-9,No,-9,-9,-9,-9
VT,VERMONT,5006090,North Hero School District,6441 U.S. Route 2,North Hero,5474,No,44,16,1,Yes,Yes,Yes,JOE,RESTEGHINI,(802)372-8866,jresteghini@gisu.org,JOE,RESTEGHINI,(802)372-8866,jresteghini@gisu.org,JOE,RESTEGHINI,(802)372-8866,jresteghini@gisu.org,No,Yes,Yes,https://docs.google.com/document/d/1jx-HAcjxO98qUbjzsSjOaKXVgGZqEfR_o4M-F7Z2p-o/edit,Yes,No,Yes,No,No,Yes,No,Yes,Yes,Yes,0,6,10,0,Yes,-9,-9,-9,Yes,Yes,No,No,No
VT,VERMONT,5006120,Northfield School District,111B Brush Hill Road,Williamstown,5679,No,590,15,2,Yes,Yes,Yes,SUSETTE,BOLLARD,(802)433-5818,sbollard@cvsu.org,SUSETTE,BOLLARD,(802)433-5818,sbollard@cvsu.org,SUSETTE,BOLLARD,(802)433-5818,sbollard@cvsu.org,No,Yes,Yes,www.cvsu.org,Yes,Yes,Yes,No,No,Yes,No,Yes,Yes,Yes,0,19,45,0,Yes,-9,-9,-9,Yes,Yes,No,No,No
VT,VERMONT,5006180,Norwich School District,P.O. Box 900,Norwich,5055,No,281,0,1,Yes,No,Yes,KATIE,CORMIER,8026491703,katiecormier@hanovernorwichschools.org,-9,-9,-9,-9,RHETT,DARAK,6036436050,rhett.darak@hanovernorwichschools.org,No,Yes,Yes,https://drive.google.com/drive/folders/0Bxa16nIYNgNgMEJJcllza1hCSzA,No,-9,Yes,Yes,No,No,No,Yes,Yes,Yes,0,15,22,6,Yes,-9,-9,-9,Yes,Yes,No,No,No
VT,VERMONT,5006210,Orange School District,111B Brush Hill Road,Williamstown,5679,No,99,2,1,Yes,Yes,Yes,SUSETTE,BOLLARD,8024335818,sbollard@cvsu.org,SUSETTE,BOLLARD,8024335818,sbollard@cvsu.org,SUSETTE,BOLLARD,8024335818,sbollard@cvsu.org,No,Yes,Yes,www.cvsu.org,Yes,Yes,Yes,No,No,Yes,No,Yes,Yes,Yes,0,3,8,1,Yes,-9,-9,-9,Yes,Yes,No,No,No
VT,VERMONT,5006240,Orleans Incorporated School District,53 School Street,Orleans,5860,No,113,15,1,Yes,Yes,Yes,KIM,HASTINGS,(802) 754-6650,khastings@ocsu.org,KIM,HASTINGS,(802) 754-6650,khastings@ocsu.org,KIM,HASTINGS,(802) 754-6650,khastings@ocsu.org,No,Yes,Yes,http://www.ocsu.org/uploads/4/1/2/4/41243031/f24_-_policy_on_the_prevention_of_harassment_hazing_and_bullying_of_students.pdf,Yes,No,Yes,Yes,No,Yes,No,Yes,Yes,Yes,0,5,5,0,Yes,-9,-9,-9,Yes,Yes,No,No,No
VT,VERMONT,5006270,Orwell School District,494 Main Street,Orwell,5760,No,142,19,1,Yes,Yes,Yes,CASEY,O'MEARA,(802)2654905,comeara@arsu.org,CASEY,O'MEARA,(802)265-4905,comeara@arsu.org,KRIS,BENWAY,(802)265-4905,kbenway@arsu.org,No,Yes,Yes,https://drive.google.com/file/d/0B6uDFVG9RYoFVHdxQW0wRWRidms/view,No,-9,Yes,No,No,Yes,No,Yes,Yes,No,0,7,12,0,Yes,-9,-9,-9,Yes,Yes,No,No,No
VT,VERMONT,5006390,Peacham School District,P.O. Box 271,Peacham,5862,No,63,0,1,Yes,Yes,Yes,CATHY,BROWNE,(802)684-3801 x205,cathy.browne@ccsuvt.net,CATHY,BROWNE,(802)6843801 x205,cathy.browne@ccsuvt.net,CATHY,BROWNE,(802)6843801 x205,cathy.browne@ccsuvt.net,No,Yes,Yes,http://peachamelementaryschool.com/peacham-school-board/school-board-policies/,No,-9,Yes,Yes,No,Yes,No,Yes,Yes,Yes,0,4,7,0,Yes,-9,-9,-9,Yes,Yes,No,No,No
VT,VERMONT,5006600,Poultney School District,16 Evelyn Street,Rutland,5701,No,451,0,2,Yes,Yes,Yes,JUDY,PULLINEN,8022875286,judith.pullinen@rswsu.org,JUDY,PULLINEN,8022875286,judith.pullinen@rswsu.org,JUDY,PULLINEN,8022875286,judith.pullinen@rswsu.org,No,Yes,Yes,www.rswsu.org,No,-9,Yes,Yes,No,No,No,Yes,Yes,Yes,0,9,9,3,Yes,-9,-9,-9,Yes,Yes,No,No,No
VT,VERMONT,5006630,Pownal School District,94 Schoolhouse Road,Pownal,5261,No,222,0,1,Yes,Yes,Yes,TODD,PHILLIPS,802-823-7333,tphillips@svsu.org,TODD,PHILLIPS,802-823-7333,tphillips@svsu.org,TODD,PHILLIPS,802-823-7333,tphillips@svsu.org,No,Yes,Yes,http://sites.google.com/a/apps.svsu/about-us/policies/5000--students/5004--harassment-hazing-and-bullying,No,-9,No,-9,-9,-9,-9,-9,-9,-9,-9,-9,-9,-9,-9,-9,-9,-9,Yes,Yes,No,No,No
VT,VERMONT,5006660,Proctor School District,16 Evelyn Street,Rutland,5701,No,271,1,2,Yes,Yes,Yes,CHRISTY,COLOUTTI,802-459-2225,christy.coloutti@grcsu.org,CHRISTY,COLOUTTI,802-459-2225,christy.coloutti@grcsu.org,CHRISTY,COLOUTTI,802-459-2225,christy.coloutti@grcsu.org,No,Yes,Yes,grcsu.org,No,-9,Yes,Yes,No,Yes,No,Yes,Yes,Yes,0,8,10,8,Yes,-9,-9,-9,Yes,Yes,No,No,No
VT,VERMONT,5006690,Putney School District,182 Westminster Road,Putney,5346,No,171,1,1,Yes,Yes,Yes,MARISA,LAZARUS,802-387-5521,mlazarus@wsesu.org,MARISA,LAZARUS,802-387-5521,mlazarus@wsesu.org,ARLENE,SCOTT,802-387-5521,ascott@wsesu.org,No,Yes,Yes,https://docs.wixstatic.com/ugd/b2da50_dc6db3c4b5b84f7f8a12afee2e606f8f.pdf,No,-9,Yes,Yes,No,No,No,No,Yes,Yes,0,0,21,0,Yes,-9,-9,-9,Yes,Yes,No,No,No
VT,VERMONT,5006750,Reading School District,P.O. Box 176,Reading,5062,No,59,0,1,Yes,Yes,Yes,CATHY,KNIGHT,802-484-7230,cknight@wcsu.net,CATHY,KNIGHT,802-484-7230,cknight@wcsu.net,CATHY,KNIGHT,802-484-7230,cknight@wcsu.net,No,Yes,Yes,https://drive.google.com/open?id=0ByWC9KO7sI4ZaExFbUNRbF9CWG8,No,-9,Yes,No,No,Yes,No,Yes,Yes,No,0,12,7,0,Yes,-9,-9,-9,Yes,Yes,No,No,No
VT,VERMONT,5006780,Readsboro School District,P.O. Box 248,Readsboro,5350,No,55,0,1,Yes,Yes,Yes,SANDRA,PENTAK,802 423 7786,spentak@halifaxschool.net,SANDRA,PENTAK,802 423 7786,spentak@halifaxschool.ne,SANDRA,PENTAK,802 423 7786,spentak@halifaxschool.ne,No,Yes,Yes,https://sites.google.com/wswsu49.org/windhamswsupervisoryunion/home,Yes,Yes,Yes,No,No,Yes,No,Yes,Yes,Yes,0,2,1,0,Yes,-9,-9,-9,Yes,Yes,No,No,No
VT,VERMONT,5006810,Richford Town School District,1 Corliss Heights,Richford,5476,No,428,0,2,Yes,Yes,Yes,LYNN,COTA,802-848-7661 x13,lcota@fnesu.net,LYNN,COTA,802-848-7661 x13,lcota@fnesu.net,LYNN,COTA,802-848-7661 x13,lcota@fnesu.net,No,Yes,Yes,www.fnesu.net,No,-9,Yes,Yes,No,No,No,Yes,Yes,No,0,15,18,0,Yes,-9,-9,-9,Yes,Yes,No,No,No
VT,VERMONT,5006900,Rochester School District,222 South Main Street,Rochester,5767,No,130,130,1,Yes,Yes,Yes,DEA,KIMBALL,802-767-4632,bbourne@wrvsu.org,BONNIE,BOURNE,802-767-4632,bbourne@wrvsu.org,KAY,STRINGER,802-767-4632,bbourne@wrvsu.org,No,Yes,No,-9,No,-9,Yes,No,No,Yes,No,No,Yes,No,0,11,15,0,Yes,-9,-9,-9,Yes,Yes,No,No,No
VT,VERMONT,5006930,Rockingham School District,25 Cherry Hill,Bellows Falls,5101,No,495,0,3,Yes,Yes,Yes,KAREN,BUKOWSKI,802-463-4366,karen.bukowski@wnesu.com,DANA,AQUADRO,802-4634366,dana.aquadro@wnesu.com,NANCY,ERICKSON,802-869-2637,nancy.erickson@wnesu.com,No,Yes,Yes,wnesu.org,Yes,Yes,Yes,Yes,Yes,Yes,Yes,Yes,Yes,Yes,0,15,12,2,Yes,-9,-9,-9,Yes,Yes,Yes,Yes,Yes
VT,VERMONT,5006990,Royalton School District,223 South Windsor Street,South Royalton,5068,No,397,25,1,Yes,Yes,Yes,REED,MCCRACKEN,802-763-7740 x2004,rmccracken@wrvsu.org,DAVID,WELLS,802-763-7740  x2003,dwells@wrvsu.org,DAVID,WELLS,802-763-7740  x2003,dwells@wrvsu.org,No,Yes,Yes,https://drive.google.com/drive/folders/1QrQve1tWBojBEFtAcJ-UO1T21P5NW7VI,No,-9,Yes,Yes,No,Yes,No,Yes,Yes,Yes,0,3,10,11,Yes,-9,-9,-9,Yes,Yes,No,No,No
VT,VERMONT,5007050,Rutland City School District,6 Church Street,Rutland,5701,No,2361,0,6,Yes,Yes,Yes,ELOISE,MCGARRY,802-773-1917,emcgarry@rutlandschools.org,ROBERT,BLISS,802-786-1942,rbliss@rutlandschools.org,ELOISE,MCGARRY,802-773-1917,emcgarry@rutlandschools.org,No,Yes,Yes,https://www.rutlandcitypublicschools.org/,Yes,No,Yes,Yes,Yes,No,Yes,Yes,Yes,Yes,0,43,65,20,Yes,-9,-9,-9,Yes,Yes,No,No,No
VT,VERMONT,5007080,Rutland Town School District,1612 Post Road,Rutland Town,5701,No,343,2,1,Yes,Yes,Yes,AARON,BOYNTON,802-775-0566,aaron.boynton@grcsu.org,AARON,BOYNTON,802-775-0566,aaron.boynton@grcsu.org,AARON,BOYNTON,802-775-0566,aaron.boynton@grcsu.org,No,Yes,Yes,rts.grcsu.org,No,-9,No,-9,-9,-9,-9,-9,-9,-9,-9,-9,-9,-9,-9,-9,-9,-9,Yes,Yes,No,No,No
VT,VERMONT,5007230,Shaftsbury School District,Administration Offices,Bennington,5201,No,219,0,1,Yes,Yes,Yes,JEFF,JOHNSON,8024424373,JJohnson@svsu.org,JEFF,JOHNSON,8024424373,JJohnson@svsu.org,JEFF,JOHNSON,8024424373,JJohnson@svsu.org,No,Yes,Yes,https://www.svsu.org,No,-9,No,-9,-9,-9,-9,-9,-9,-9,-9,-9,-9,-9,-9,-9,-9,-9,Yes,Yes,No,No,No
VT,VERMONT,5007260,Sharon School District,75 Route 132,Sharon,5065,No,161,0,1,Yes,Yes,Yes,BARRETT,WILLIAMS,802-763-7425 x 11,bwilliams@wrvsu.org,BARRETT,WILLIAMS,802-763-7425 x 11,bwilliams@wrvsu.org,BARRETT,WILLIAMS,802-763-7425 x 11,bwilliams@wrvsu.org,No,Yes,Yes,https://sharonelementary.org/,No,-9,Yes,No,No,Yes,No,Yes,Yes,Yes,0,14,24,0,Yes,-9,-9,-9,Yes,Yes,No,No,No
VT,VERMONT,5007350,Sheldon School District,78 Poor Farm Road,Sheldon,5483,No,283,6,1,Yes,Yes,Yes,JULIE,REGIMBAL,802-868-4967,jregimbal@fnwsu.org,JULIE,REGIMBAL,802-868-4967,jregimbal@fnwsu.org,JULIE,REGIMBAL,802-868-4967,jregimbal@fnwsu.org,No,Yes,Yes,https://drive.google.com/file/d/1PM__xlQh8kn_uOyGJhVEiNyjTQI5AGX3/view,No,-9,Yes,No,No,Yes,No,Yes,Yes,Yes,0,4,26,10,Yes,-9,-9,-9,Yes,Yes,No,No,No
VT,VERMONT,5007380,Killington Town School District,686 Schoolhouse Road,Killington,5751,No,88,0,1,Yes,Yes,Yes,MARY,GUGGENBERGER,(802)422-3366 x1311,mguggenberger@wcsu.net,MARY,GUGGENBERGER,(802)422-3366 x1311,mguggenberger@wcsu.net,MARY,GUGGENBERGER,(802)422-3366 x1311,mguggenberger@wcsu.net,No,Yes,Yes,http://www.kesvt.org/uploadedfiles/WCSU%20FAMILY%20HANDBOOK%2018-19.pdf,Yes,Yes,No,-9,-9,-9,-9,-9,-9,-9,-9,-9,-9,-9,-9,-9,-9,-9,Yes,Yes,No,No,No
VT,VERMONT,5007470,South Burlington School District,500 Dorset Street,South Burlington,5403,No,2824,25,5,Yes,Yes,Yes,JOANNE,GODEK,802-652-7392,jgodek@sbschools.net,JOANNE,GODEK,802-652-7392,jgodek@sbschools.net,JOANNE,GODEK,802-652-7392,jgodek@sbschools.net,No,Yes,Yes,https://sburl-my.sharepoint.com/:w:/r/personal/jcraig_sbschools_net/_layouts/15/Doc.aspx?sourcedoc=%7Bd1b4d49a-e49a-475e-8d55-846b959bcbf0%7D&action=default&gad=930,No,-9,Yes,Yes,No,No,No,Yes,Yes,Yes,0,120,155,5,Yes,-9,-9,-9,Yes,Yes,No,No,No
VT,VERMONT,5007500,South Hero School District,75 South Street,South Hero,5486,No,132,0,1,Yes,Yes,Yes,SUSAN,MCKELVIE,802-372-6600,SMCKELVIE@GISU.ORG,SUSAN,MCKELVIE,802-372-6600,SMCKELVI@GISU.ORG,SUSAN,MCKELVIE,802-372-6600,SMCKELVIE@GISU.ORG,No,Yes,Yes,http://www.gisu.org/,No,-9,No,-9,-9,-9,-9,-9,-9,-9,-9,-9,-9,-9,-9,-9,-9,-9,Yes,Yes,No,No,No
VT,VERMONT,5007530,Springfield School District,60 Park Street,Springfield,5156,No,1215,160,4,Yes,Yes,Yes,DAVID,COHN,(802) 885-5112,dcohn@ssdvt.org,DAVID,COHN,(802) 885-5112,dcohn@ssdvt.org,DAVID,COHN,(802) 885-5112,dcohn@ssdvt.org,No,Yes,Yes,http://www.ssdvt.org/main/district/bullying/,Yes,Yes,Yes,No,Yes,No,Yes,Yes,Yes,Yes,0,55,74,2,Yes,-9,-9,-9,Yes,Yes,No,No,No
VT,VERMONT,5007650,Saint Johnsbury School District,161 Western Avenue Suite 2,Saint Johnsbury,5819,No,775,72,1,Yes,Yes,Yes,BRIAN,RICCA,802-745-2789,bricca@stjsd.org,BRIAN,RICCA,802-745-2789,bricca@stjsd.org,KARA,LUFKIN,802-745-2789,klufkin@stjsd.org,No,Yes,Yes,https://docs.google.com/document/d/1bbBSnjSnmSrkQnEhujBU-6uz3c2uU4jSN_tN5zQAnSM/edit,No,-9,Yes,Yes,Yes,Yes,Yes,Yes,Yes,Yes,0,35,72,69,Yes,-9,-9,-9,Yes,Yes,No,No,No
VT,VERMONT,5007680,Stamford School District,986 Main Road,Stramford,5352,No,75,3,1,Yes,Yes,Yes,MICAH,HAYRE,(802)694-1379,mhayre@stamfordelementary.com,MICAH,HAYRE,(802)694-1379,mhayre@stamfordelementary.com,KATELYN,MILLARD,(802)694-1379,kmillard@stamfordelementary.com,No,Yes,Yes,https://docs.google.com/document/d/16E5OcCjIIagq0N9_7K73KVM_clIw5x5XhMOVBiwQNrA/edit,No,-9,No,-9,-9,-9,-9,-9,-9,-9,-9,-9,-9,-9,-9,-9,-9,-9,Yes,Yes,No,No,No
VT,VERMONT,5007740,Starksboro School District,P.O. Box 10,Starksboro,5487,No,141,0,1,Yes,Yes,Yes,EDORAH,FRAZER,(802) 453-2949,edorah.frazer@mausd.org,EDORAH,FRAZER,(802) 453-2949,edorah.frazer@mausd.org,EDORAH,FRAZER,(802) 453-2949,edorah.frazer@mausd.org,No,Yes,Yes,www.mausd.org,No,-9,No,-9,-9,-9,-9,-9,-9,-9,-9,-9,-9,-9,-9,-9,-9,-9,Yes,Yes,No,No,No
VT,VERMONT,5007770,Stockbridge School District,2933 VT Route 107,Stockbridge,5772,No,58,0,1,Yes,Yes,Yes,MARY,DOLAN,802-234-9248,mdolan@wrvsu.org,MARY,DOLAN,802-234-9248,mdolan@wrvsu.org,MARY,DOLAN,802-234-9248,mdolan@wrvsu.org,No,Yes,No,-9,No,-9,Yes,Yes,No,Yes,No,Yes,Yes,Yes,0,4,6,6,Yes,-9,-9,-9,Yes,Yes,No,No,No
VT,VERMONT,5007800,Stowe School District,46 Copley Avenue,Morrisville,5661,No,789,2,2,Yes,Yes,Yes,TRACY,WREND,(802)888-4541,tracy.wrend@lssuvt.org,TRACY,WREND,(802)888-4541,tracy.wrend@lssuvt.org,TRACY,WREND,(802)888-4541,tracy.wrend@lssuvt.org,No,Yes,Yes,https://drive.google.com/a/lssuvt.org/file/d/1S2HZuStXX2ArjiYnK34mI4ndDNZau-gp/view?usp=drivesdk,No,-9,Yes,No,No,Yes,No,Yes,Yes,Yes,0,5,11,3,Yes,-9,-9,-9,Yes,Yes,No,No,No
VT,VERMONT,5007830,Strafford School District,P.O. Box 239,South Strafford,5070,No,100,5,4,Yes,No,Yes,GREG,BAGNATO,(802)765-4351,gbagnato@newtonschool.org,-9,-9,-9,-9,DEANNA,CAYER,(802)765-4351,dcayer@newtonschool.org,No,Yes,Yes,https://newtonschool.org/wp-content/uploads/2018/07/Handbook-18-19-.pdf,Yes,Yes,Yes,No,Yes,Yes,Yes,Yes,Yes,Yes,4,7,7,1,Yes,-9,-9,-9,Yes,Yes,No,No,No
VT,VERMONT,5007920,Sunderland School District,6378 VT Route 7A,Sunderland,5250,No,87,77,1,Yes,Yes,Yes,JENNIFER,TURNER,802-375-6100,JTURNER@BRSU.ORG,JENNIFER,TURNER,802-375-6100,JTURNER@BRSU.ORG,JENNIFER,TURNER,802-375-6100,JTURNER@BRSU.ORG,No,Yes,Yes,https://drive.google.com/open?id=1_wj2eEaEusyzGcg4JFqFqRDFhfBJayeo,No,-9,Yes,No,No,Yes,No,Yes,Yes,No,0,5,5,0,Yes,-9,-9,-9,Yes,Yes,No,No,No
VT,VERMONT,5007950,Sutton School District,95 Underpass Road,Sutton,5867,No,108,48,1,Yes,Yes,Yes,JENNIFER,BOTZOJORNS,8026266100,jbotzojorns@kingdomeast.org,JENNIFER,BOTZOJORNS,8026266100,jbotzojorns@kingdomeast.org,JENNIFER,BOTZOJORNS,8026266100,jbotzojorns@kingdomeast.org,No,Yes,Yes,kingdomeast.org,No,-9,Yes,Yes,Yes,Yes,Yes,Yes,Yes,Yes,0,5,9,0,Yes,-9,-9,-9,Yes,Yes,No,No,No
VT,VERMONT,5007980,Swanton School District,24 Fourth Street,Swanton,5488,No,627,6,1,Yes,Yes,Yes,JUSTINA,JENNETT,802-868-5346,jjennett@fnwsu.org,DENA,ST. AMOUR,802-868-5346,dstamour@fnwsu.org,KATY,THOMPSON,802-868-5346,katythompson@fnwsu.org,No,Yes,Yes,http://www.fnwsu.org/polices-procedures/,No,-9,Yes,No,No,Yes,No,Yes,Yes,No,0,34,42,0,Yes,-9,-9,-9,Yes,Yes,No,No,No
VT,VERMONT,5008010,Thetford School District,P.O. Box 182,Thetford,5074,No,235,0,1,Yes,Yes,Yes,COLIN,MCLAUGHLIN,8027852426,cmclaughlin@thetfordeschool.org,COLIN,MCLAUGHLIN,8027852426,cmclaughlin@thetfordeschool.org,COLIN,MCLAUGHLIN,8027852426,cmclaughlin@thetfordeschool.org,No,Yes,No,-9,No,-9,Yes,No,Yes,No,Yes,Yes,Yes,Yes,0,18,5,8,Yes,-9,-9,-9,Yes,Yes,No,No,No
VT,VERMONT,5008100,Townshend School District,P.O. Box 236,Townshend,5353,No,81,81,1,Yes,Yes,Yes,CRAIG,ROACH,802-365-7506,CROACH@TOWNSHENDSCHOOL.ORG,CRAIG,ROACH,802-365-7506,CROACH@TOWNSHENDSCHOOL.ORG,CRAIG,ROACH,802-365-7506,CROACH@TOWNSHENDSCHOOL.ORG,No,Yes,No,-9,No,-9,Yes,Yes,No,No,No,No,Yes,Yes,0,0,9,0,Yes,-9,-9,-9,Yes,Yes,No,No,No
VT,VERMONT,5008130,Troy School District,P.O. Box 110,North Troy,5859,No,195,0,1,Yes,Yes,Yes,CHRIS,YOUNG,(802)988-2565,chris.young@ncsuvt.org,CHRIS,YOUNG,(802)988-2565,chris.young@ncsuvt.org,JESSICA,HINTON,(802)988-2565,jessica.hinton@ncsuvt.org,No,Yes,Yes,https://troy.ncsuvt.org/parents,No,-9,Yes,Yes,No,Yes,No,Yes,Yes,Yes,0,8,10,2,Yes,-9,-9,-9,Yes,Yes,No,No,No
VT,VERMONT,5008160,Tunbridge School District,523 VT RTE 110,Tunbridge,5077,No,108,16,1,Yes,Yes,Yes,CYNTHIA,POWERS,802-763-8840,cpowers@wrvsu.org,CYNTHIA,POWERS,802-763-8840,cpowers@wrvsu.org,DEB,MATTHEWS,802-763-8840,dmatthews@wrvsu.org,No,Yes,Yes,owsu.org,Yes,No,Yes,No,Yes,No,Yes,Yes,Yes,Yes,0,1,8,7,Yes,-9,-9,-9,No,-9,-9,-9,-9
VT,VERMONT,5008224,Blue Mountain USD #21,2420 Route 302,Wells River,5081,No,434,0,1,Yes,Yes,Yes,SUE,REARDON,8027572711,sue.reardon@bmuschool.org,SUE,REARDON,8027572711,sue.reardon@bmuschool.org,KIMBERLY,FRENCH,8027572711,kimberly.french@bmuschool.org,No,Yes,Yes,www.bmuschool.org,No,-9,Yes,No,No,Yes,No,Yes,Yes,No,0,20,11,0,Yes,-9,-9,-9,Yes,Yes,No,No,No
VT,VERMONT,5008225,Twinfield USD #33,106 Nasmith Brook Road,Plainfield,5667,No,325,5,1,Yes,Yes,Yes,MARK,TUCKER,(802)4549924 x204,mtucker@washnesu.org,MARK,TUCKER,(802)454-9924,mtucker@washnesu.org,JULIA,PRITCHARD,(802)454-9924,jpritchard@washnesu.org,No,Yes,Yes,http://washnesu.org/supervisory_union_board/policies,No,-9,Yes,No,No,Yes,No,Yes,Yes,No,0,19,18,0,Yes,-9,-9,-9,Yes,Yes,No,Yes,No
VT,VERMONT,5008228,Millers Run School,3249 VT Route 122,Sheffield,5866,No,117,0,1,Yes,Yes,Yes,PATRICK,HAM,8026269755,pham@kingdomeast.org,PATRICK,HAM,8026269755,pham@kingdomeast.org,PATRICK,HAM,8026269755,pham@kingdomeast.org,No,Yes,Yes,cnsuschools.org,No,-9,Yes,Yes,Yes,Yes,Yes,Yes,Yes,Yes,0,6,13,0,Yes,-9,-9,-9,Yes,Yes,No,No,No
VT,VERMONT,5008235,Mount Abraham UHSD #28,220 Airport Drive,Bristol,5443,No,622,19,1,Yes,Yes,Yes,JUSTIN,BOUVIER,802-453-2333,justin.bouvier@mausd.org,JUSTIN,BOUVIER,802-453-2333,justin.bouvier@mausd.org,JUSTIN,BOUVIER,802-453-2333,justin.bouvier@mausd.org,No,Yes,Yes,www.mausd.org,No,-9,No,-9,-9,-9,-9,-9,-9,-9,-9,-9,-9,-9,-9,-9,-9,-9,No,-9,-9,-9,-9
VT,VERMONT,5008237,UHSD #32,930 Gallison Hill Road,Montpelier,5602,No,741,0,1,Yes,Yes,Yes,STEVEN,DELLINGER PATE,(802)229-0321,sdpate@u32.org,STEVEN,DELLINGER PATE,(802)229-0321,sdpate@u32.org,STEVEN,DELLINGER PATE,(802)229-0321,sdpate@u32.org,No,Yes,Yes,https://drive.google.com/file/d/1l1xJxOr1IJC8mURl5hExzFKCESo6sSAc/view,No,-9,No,-9,-9,-9,-9,-9,-9,-9,-9,-9,-9,-9,-9,-9,-9,-9,No,-9,-9,-9,-9
VT,VERMONT,5008240,Union School District #23,6378 VT Route 7A,Sunderland,5250,No,86,0,1,Yes,Yes,Yes,CAROLYN,PARILLO,802-293-5191,CPARILLO@BRSU.ORG,CAROLYN,PARILLO,802-293-5191,CPARILLO@BRSU.ORG,CAROLYN,PARILLO,802-293-5191,CPARILLO@BRSU.ORG,No,Yes,Yes,https://drive.google.com/open?id=1_wj2eEaEusyzGcg4JFqFqRDFhfBJayeo,No,-9,Yes,Yes,No,Yes,No,Yes,Yes,Yes,0,4,5,2,Yes,-9,-9,-9,Yes,Yes,No,No,No
VT,VERMONT,5008241,Black River USD #39,43 Main Street,Ludlow,5149,No,128,0,1,Yes,Yes,Yes,KAREN,TRIMBOLI,(802)875-4721,karen.trimboli@trsu.org,KAREN,TRIMBOLI,(802)875-4721,karen.trimboli@trsu.org,KAREN,TRIMBOLI,(802)875-4721,karen.trimboli@trsu.org,No,Yes,Yes,https://sites.google.com/trsu.org/trsu/boards/policies?authuser=0,No,-9,No,-9,-9,-9,-9,-9,-9,-9,-9,-9,-9,-9,-9,-9,-9,-9,No,-9,-9,-9,-9
VT,VERMONT,5008242,Waits River Valley USD #36,6 Waits River Valley Road,East Corinth,5040,No,217,0,1,Yes,Yes,Yes,AMY,CRAMER,802-439-5534,acramer@wrvschool.org,AMY,CRAMER,802-439-5534,acramer@wrvschool.org,AMY,CRAMER,802-439-5534,acramer@wrvschool.org,No,Yes,Yes,https://drive.google.com/file/d/1f1uBnyvfiuOxG03_h0QSgH-jjU3WHmMt/view,No,-9,No,-9,-9,-9,-9,-9,-9,-9,-9,-9,-9,-9,-9,-9,-9,-9,Yes,Yes,No,No,No
VT,VERMONT,5008243,Hazen UHSD #26,P.O. Box 368,Hardwick,5843,No,305,6,1,Yes,Yes,Yes,JOHN,MCCARTHY,802-472-6511,jmccarthy@ossu.org,JOHN,MCCARTHY,802-472-6511,jmccarthy@ossu.org,JOHN,MCCARTHY,802-472-6511,jmccarthy@ossu.org,No,Yes,Yes,https://sites.google.com/a/ossu.org/hazen-union/our-school,No,-9,No,-9,-9,-9,-9,-9,-9,-9,-9,-9,-9,-9,-9,-9,-9,-9,No,-9,-9,-9,-9
VT,VERMONT,5008245,Chester-Andover USD #29,72 Main Street,Chester,5143,No,224,224,1,Yes,Yes,Yes,NICOLE,LEWIS,802-875-6834,nicole.lewis@trsu.org,NICOLE,LEWIS,802-875-6834,nicole.lewis@trsu.org,NICOLE,LEWIS,802-875-6834,nicole.lewis@trsu.org,No,Yes,Yes,https://drive.google.com/file/d/0ByxUuo21l8pNSEZUeFl6QXZrMy1veE5BWVJ2Ylc0emtNdHpJ/view,No,-9,No,-9,-9,-9,-9,-9,-9,-9,-9,-9,-9,-9,-9,-9,-9,-9,Yes,Yes,No,No,No
VT,VERMONT,5008246,Bellows Falls UHSD #27,P.O. Box 429,Bellows Falls,5101,No,334,0,1,Yes,Yes,Yes,CHRIS,HODSDEN,802-463-3944,chris.hodsden@wnesu.com,JOHN,BRODLEY,802-463-3944,john.brodley@wnesu.com,CHRIS,HODSDEN,802-463-3944,chris.hodsden@wnesu.com,No,Yes,Yes,wnesu.org,No,-9,No,-9,-9,-9,-9,-9,-9,-9,-9,-9,-9,-9,-9,-9,-9,-9,No,-9,-9,-9,-9
VT,VERMONT,5008247,Oxbow UHSD #30,36 Oxbow Drive,Bradford,5033,No,329,0,1,Yes,Yes,Yes,ROBIN,WOZNY,(802)222-5214 x137,rwozny@oxbowhs.org,ROBIN,WOZNY,(802)222-5214 x137,rwozny@oxbowhs.org,ROBIN,WOZNY,(802)222-5214 x137,rwozny@oxbowhs.org,No,Yes,Yes,http://oxbowhighschool.org/wp-content/uploads/2015/08/Policy-on-Prevention-of-Harassment-Hazing-Bullying.pdf,No,-9,No,-9,-9,-9,-9,-9,-9,-9,-9,-9,-9,-9,-9,-9,-9,-9,No,-9,-9,-9,-9
VT,VERMONT,5008248,Green Mountain UHSD #35,716 VT Route 103 South,Chester,5143,No,323,8,1,Yes,Yes,Yes,MIKE,RIPLEY,(802)875-2146,michael.ripley@trsu.org,MIKE,RIPLEY,(802)875-2146,michael.ripley@trsu.org,MIKE,RIPLEY,(802)875-2146,michael.ripley@trs.org,No,Yes,Yes,https://drive.google.com/file/d/147i1aweqnj8TpR0lc64WqTE97fkdrk/view,No,-9,No,-9,-9,-9,-9,-9,-9,-9,-9,-9,-9,-9,-9,-9,-9,-9,No,-9,-9,-9,-9
VT,VERMONT,5008310,Vernon School District,381 Governor Hunt Road,Vernon,5354,No,162,0,1,Yes,Yes,Yes,KATE,MARGATIS,8024513400,kmargatis@wsesu.org,KATE,MARGATIS,8024513400,kmargatis@wsesu.org,KATE,MARGATIS,8024513400,kmargatis@wsesu.org,No,Yes,Yes,https://www.wsesu.org/parent-resources.html,No,-9,No,-9,-9,-9,-9,-9,-9,-9,-9,-9,-9,-9,-9,-9,-9,-9,Yes,Yes,No,No,No
VT,VERMONT,5008430,Walden School District,135 Cahoon Farm Road,West Danville,5873,No,78,1,1,Yes,Yes,Yes,TRAVIS,HILL,802-563-3000,travis.hill@ccsuvt.net,TRAVIS,HILL,802-563-3000,travis.hill@ccsuvt.net,TRAVIS,HILL,802-563-3000,travis.hill@ccsuvt.net,No,Yes,Yes,walden.ccsuvt.net,Yes,No,Yes,Yes,No,Yes,No,Yes,Yes,No,0,1,8,0,Yes,-9,-9,-9,Yes,Yes,No,No,No
VT,VERMONT,5008520,Wardsboro School District,P.O. Box 107,Wardsboro,5355,No,43,23,1,Yes,Yes,Yes,JENNIFER,MCKUSICK,(802)365-9510,jmckusick@windhamcentral.org,JENNIFER,MCKUSICK,(802)365-9510,jmckusick@windhamcentral.org,STEPHANIE,BETIT-HANCOCK,(802)365-9510,sbetithancock@windhamcentral.org,No,Yes,Yes,http://www.windhamcentralboard.org/school-boards/wardsboro,No,-9,Yes,Yes,Yes,Yes,Yes,No,No,No,0,1,4,1,Yes,-9,-9,-9,Yes,Yes,No,No,No
VT,VERMONT,5008580,Washington School District,111B Brush Hill Road,Williamstown,5679,No,96,2,1,Yes,Yes,Yes,SUSETTE,BOLLARD,(802)433-5818,sbollard@cvsu.org,SUSETTE,BOLLARD,(802)433-5818,sbollard@cvsu.org,SUSETTE,BOLLARD,(802)433-5818,sbollard@cvsu.org,No,Yes,Yes,www.cvsu.org,Yes,Yes,Yes,No,No,Yes,No,Yes,Yes,Yes,0,2,5,0,Yes,-9,-9,-9,Yes,Yes,No,No,No
VT,VERMONT,5008640,Waterford School District,276 Duck Pond Road,Waterford,5819,No,156,0,1,Yes,Yes,Yes,KELLEY,BROOKS,8027489393,kelley.brooks@ccsuvt.net,KELLEY,BROOKS,8027489393,kelley.brooks@ccsuvt.net,KELLEY,BROOKS,8027489393,kelley.brooks@ccsuvt.net,No,Yes,Yes,www.ccsuonline.org,Yes,No,Yes,No,No,Yes,No,Yes,Yes,Yes,0,1,2,1,Yes,-9,-9,-9,Yes,Yes,No,No,No
VT,VERMONT,5008700,Weathersfield School District,P.O. Box 279,Ascutney,5030,No,210,3,1,Yes,Yes,Yes,JEANMARIE,OAKMAN,802-674-5400,jmoakman@wsesu.net,JEANMARIE,OAKMAN,802-674-5400,jmoakman@wsesu.net,KAREN,WOOLSEY,802-674-2144,kwoolsey@wsesu.net,No,Yes,Yes,wsesu.net,No,-9,No,-9,-9,-9,-9,-9,-9,-9,-9,-9,-9,-9,-9,-9,-9,-9,Yes,Yes,No,No,No
VT,VERMONT,5008760,Wells School District,16 Evelyn Street,Rutland,5701,No,88,0,1,Yes,Yes,Yes,BERNIE,PEATMAN,802-775-4342,bernie.peatman@rswsu.org,BERNIE,PEATMAN,802-775-4342,bernie.peatman@rswsu.org,BERNIE,PEATMAN,802-775-4342,bernie.peatman@rswsu.org,No,Yes,Yes,https://drive.google.com/open?id=1VckN5FCqHPbYtIPGCpM9CXed-5WCA9J8,No,-9,Yes,Yes,No,No,No,Yes,Yes,Yes,0,6,10,0,Yes,-9,-9,-9,Yes,Yes,No,No,No
VT,VERMONT,5008850,West Rutland School District,713 Main Street,West Rutland,5777,No,346,342,1,Yes,Yes,Yes,HARRINGTON,JOSEPH,8024382288,joseph.harrington@grcsu.org,HARRINGTON,JOSEPH,8024382288,joseph.harrington@grcsu.org,KAMM,CHRISTINE,8027754342,christine.kamm@grcsu.org,No,Yes,Yes,WRS.GRCSU.ORG,No,-9,Yes,Yes,No,No,No,Yes,Yes,Yes,0,9,14,21,Yes,-9,-9,-9,Yes,Yes,No,No,No
VT,VERMONT,5008880,West Windsor School District,P.O. Box 88,Brownsville,5037,No,61,0,1,Yes,Yes,Yes,JENIFER,ALDRICH,(802)484-3344,jaldrich@wsesu.net,JENIFER,ALDRICH,(802)484-3344,jaldrich@wsesu.net,JENIFER,ALDRICH,(802)484-3344,jaldrich@wsesu.net,No,Yes,Yes,https://drive.google.com/drive/folders/0B5qQdZAjxtV8Q01qU2VBeUxKLTA,No,-9,No,-9,-9,-9,-9,-9,-9,-9,-9,-9,-9,-9,-9,-9,-9,-9,Yes,Yes,No,No,No
VT,VERMONT,5008970,Westminster School District,301 School Street,Westminster,5158,No,185,0,1,Yes,Yes,Yes,DOUG,KUSSIUS,802-722-3241,doug.kussius@wnesu.com,DOUG,KUSSIUS,802-722-3241,doug.kussius@wnesu.com,JOE,SMITH,802-722-3241,joseph.smith@wnesu.com,No,Yes,Yes,https://drive.google.com/file/d/0B2Ml1zOwnMXkMmtxV19XZFpFbFk/view,No,-9,Yes,No,No,Yes,No,Yes,Yes,Yes,0,0,20,4,Yes,-9,-9,-9,Yes,Yes,No,No,No
VT,VERMONT,5009180,Williamstown School District,111B Brush Hill Road,Williamstown,5679,No,501,10,2,Yes,Yes,Yes,SUSETTE,BOLLARD,(802)433-5818,sbollard@cvsu.org,SUSETTE,BOLLARD,(802)433-5818,sbollard@cvsu.org,SUSETTE,BOLLARD,(802)433-5818,sbollard@cvsu.org,No,Yes,Yes,www.cvsu.org,Yes,Yes,Yes,No,No,Yes,No,Yes,Yes,Yes,0,17,26,0,Yes,-9,-9,-9,Yes,Yes,No,No,No
VT,VERMONT,5009270,Windham School District,5940 Windham Hill Road,Windham,5359,No,16,0,1,Yes,Yes,Yes,MICKEY,PARKER-JENNINGS,802-874-4159,MPARKERJENNINS@WINDHAMSCHOOL.ORG,MICKEY,PARKER-JENNINGS,802-874-4159,MPARKERJENNINS@WINDHAMSCHOOL.ORG,MICKEY,PARKER-JENNINGS,802-874-4159,MPARKERJENNINS@WINDHAMSCHOOL.ORG,No,Yes,No,-9,No,-9,No,-9,-9,-9,-9,-9,-9,-9,-9,-9,-9,-9,-9,-9,-9,-9,Yes,Yes,No,No,No
VT,VERMONT,5009300,Windsor School District,127 State Street,Windsor,5089,No,538,0,1,Yes,Yes,Yes,ANGELA,LADEAU,802-674-2144,aladeau@wsesu.net,ANGELA,LADEAU,802-674-2144,aladeau@wsesu.net,KAREN,WOOLSEY,802-674-2144,kwoolsey@wsesu.net,No,Yes,Yes,www.wsesu.net,Yes,Yes,Yes,No,No,Yes,No,Yes,Yes,Yes,0,11,12,0,Yes,-9,-9,-9,No,-9,-9,-9,-9
VT,VERMONT,5009360,Winooski School District,60 Normand Street,Winooski,5404,No,888,15,3,Yes,Yes,Yes,WENDY,LETOURNEAU,(802)383-6140,wletourneau@wsdschools.org,WENDY,LETOURNEAU,(802)383-6140,wletourneau@wsdschools.org,WENDY,LETOURNEAU,(802)383-6140,wletourneau@wsdschools.org,No,Yes,Yes,http://assets.wsdschools.org/mandatory-training/bullying.html,Yes,No,Yes,No,No,Yes,No,Yes,Yes,Yes,0,43,57,6,Yes,-9,-9,-9,Yes,Yes,No,No,No
VT,VERMONT,5009390,Wolcott School District,P.O. Box 179,Wolcott,5680,No,138,0,1,Yes,Yes,Yes,MATT,FOSTER,802-472-6551,mfoster@ossu.org,MATT,FOSTER,802-472-6551,mfoster@ossu.org,MATT,FOSTER,802-472-6551,mfoster@ossu.org,No,Yes,Yes,http://www.wolcott.ossu.org/,No,-9,No,-9,-9,-9,-9,-9,-9,-9,-9,-9,-9,-9,-9,-9,-9,-9,Yes,Yes,No,No,No
VT,VERMONT,5009420,Woodbury School District,P.O. Box 328,Woodbury,5681,No,46,0,1,Yes,Yes,Yes,AMY,MASSE,802-472-5715,amasse@ossu.org,AMY,MASSE,802-472-5715,amasse@ossu.org,AMY,MASSE,802-472-5715,amasse@ossu.org,No,Yes,Yes,http://www.woodbury.ossu.org/,No,-9,No,-9,-9,-9,-9,-9,-9,-9,-9,-9,-9,-9,-9,-9,-9,-9,Yes,Yes,No,No,No
VT,VERMONT,5009450,Woodford School District,Administration Offices,Bennington,5201,No,23,0,1,Yes,Yes,Yes,SANDRA,FOSTER,8024424071,sfoster@svsu.org,SANDRA,FOSTER,8024424071,sfoster@svsu.org,SANDRA,FOSTER,8024424071,sfoster@svsu.org,No,Yes,Yes,www.svsu.org,No,-9,No,-9,-9,-9,-9,-9,-9,-9,-9,-9,-9,-9,-9,-9,-9,-9,No,-9,-9,-9,-9
VT,VERMONT,5009480,Woodstock School District,15 South Street,Woodstock,5091,No,160,35,1,Yes,Yes,Yes,MAGGIE,MILLS,802-457-2522,mmills@wcsu.net,MAGGIE,MILLS,802-457-2522,mmills@wcsu.net,MAGGIE,MILLS,802-457-2522,mmills@wcsu.net,No,Yes,Yes,https://drive.google.com/open?id=1cb56uwjI1Ho2pPzpwnTVl24Zb8red0dm,No,-9,Yes,No,Yes,No,Yes,Yes,Yes,Yes,0,16,17,2,Yes,-9,-9,-9,Yes,Yes,No,No,No
VT,VERMONT,5009510,Woodstock UHSD #4,100 Amsden Way,Woodstock,5091,No,492,0,2,Yes,Yes,Yes,GARON,SMAIL,(802)457-1317,gsmail@wcsu.net,GARON,SMAIL,(802)457-1317,gsmail@wcsu.net,GARON,SMAIL,(802)457-1317,gsmail@wcsu.net,No,Yes,Yes,https://www.wuhsms.org/index.php/home/our-school-policies,No,-9,No,-9,-9,-9,-9,-9,-9,-9,-9,-9,-9,-9,-9,-9,-9,-9,No,-9,-9,-9,-9
VT,VERMONT,5009540,Worcester School District,P.O. Box 162,Worcester,5682,No,80,4,1,Yes,Yes,Yes,MATTHEW,YOUNG,(802)223-5656 x124,myoung@u32.org,MATTHEW,YOUNG,(802)223-5656 x124,myoung@u32.org,MATTHEW,YOUNG,(802)223-5656 x124,myoung@u32.org,No,Yes,Yes,https://drive.google.com/file/d/0B2acQxmYmYjwMzJ0eU5qQTZkQnc/view,No,-9,Yes,Yes,No,No,No,Yes,Yes,Yes,0,7,9,0,Yes,-9,-9,-9,Yes,Yes,No,No,No
VT,VERMONT,5009570,North Country Junior UHSD #22,57 Junior High Drive,Derby,5829,No,235,2,1,Yes,Yes,Yes,NICOLE,CORBETT,8027662276,nicole.corbett@ncsuvt.org,NICOLE,CORBETT,8027662276,nicole.corbett@ncsuvt.org,NICOLE,CORBETT,80247662276,nicole.corbett@ncsuvt.org,No,Yes,Yes,https://drive.google.com/file/d/11qG3cp84LilWCr9HIk3jL-icD4TpOOOB/view,No,-9,No,-9,-9,-9,-9,-9,-9,-9,-9,-9,-9,-9,-9,-9,-9,-9,No,-9,-9,-9,-9
VT,VERMONT,5009600,North Country Senior UHSD #22,209 Veterans Avenue,Newport,5855,No,705,0,1,Yes,Yes,Yes,JOHN,CASTLE,(802)334-7921 x 2025,john.castle@ncsuvt.org,JOHN,CASTLE,(802)334-7921 x2025,john.castle@ncsuvt.org,JOHN,CASTLE,(802)334-7921 x2025,john.castle@ncsuvt.org,No,Yes,Yes,https://www.ncsuvt.org/ncsu-full-board/policies,No,-9,No,-9,-9,-9,-9,-9,-9,-9,-9,-9,-9,-9,-9,-9,-9,-9,No,-9,-9,-9,-9
VT,VERMONT,5099901,ADDISON NORTHEAST SUPERVISORY UNION,57 mountain Street,Bristol,5443,No,22,0,1,Yes,Yes,Yes,CATRINA,DINAPOLI,802-453-3657,catrina.dinapoli@mausd.org,CATRINA,DINAPOLI,802-453-3657,catrina.dinapoli@mausd.org,SUSAN,BRUHL,802-453-3657,susan.bruhl@mausd.org,No,Yes,Yes,http://www.anesu.org/policies-and-procedures/mausd-mandatory-policies,No,-9,Yes,No,No,Yes,No,Yes,Yes,No,0,5,17,0,Yes,-9,-9,-9,No,-9,-9,-9,-9
