State Postal Code,State FIPS Code,District ID,Name,Estimated Total Population,Estimated Population 5-17,Estimated number of relevant children 5 to 17 years old in poverty who are related to the householder
VT,50,99903,Addison Central Supervisory Union,14704,1671,140
VT,50,99901,Addison Northeast Supervisory Union,10634,1541,120
VT,50,99902,Addison Northwest Supervisory Union,7896,1110,59
VT,50,99904,Addison Rutland Supervisory Union,10331,1318,181
VT,50,7,Barre Supervisory Union,16618,2466,306
VT,50,4,Battenkill Valley Supervisory Union,2609,347,51
VT,50,99906,Bennington Rutland Supervisory Union,14173,2010,158
VT,50,8224,Blue Mountain Union School District 21,2515,367,73
VT,50,2820,Burlington School District,43997,3634,596
VT,50,99909,Caledonia Central Supervisory Union,5397,823,103
VT,50,99908,Caledonia North Supervisory Union,10770,1491,229
VT,50,99913,Chittenden Central Supervisory Union,11716,1324,92
VT,50,99912,Chittenden East Supervisory Union,15822,2712,107
VT,50,99914,Chittenden South Supervisory Union,25584,4318,257
VT,50,3240,Colchester School District,17703,2191,189
VT,50,99918,Essex Caledonia Supervisory Union,4822,712,108
VT,50,6,Essex Community Education Center,20323,1110,47
VT,50,99919,Essex North Supervisory Union,1587,206,48
VT,50,3840,Essex Town School District,10704,1171,70
VT,50,99923,Franklin Central Supervisory Union,15208,2318,245
VT,50,99920,Franklin Northeast Supervisory Union,9552,1573,204
VT,50,99921,Franklin Northwest Supervisory Union,13913,2283,294
VT,50,99922,Franklin West Supervisory Union,10352,1852,88
VT,50,99924,Grand Isle Supervisory Union,6998,977,103
VT,50,4590,Hartford School District,9671,1354,89
VT,50,99925,Lamoille North Supervisory Union,12840,1901,228
VT,50,99926,Lamoille South Supervisory Union,10762,1655,190
VT,50,5610,Milton Incorporated School District,10738,1759,131
VT,50,5700,Montpelier School District,7687,972,92
VT,50,99931,North Country Supervisory Union,18869,2734,409
VT,50,6180,Norwich School District,3322,605,16
VT,50,99927,Orange East Supervisory Union,9755,1476,181
VT,50,99929,Orange North Supervisory Union,5511,787,66
VT,50,99928,Orange Southwest Supervisory Union,7319,961,135
VT,50,99930,Orange Windsor Supervisory Union,7794,1041,109
VT,50,99934,Orleans Central Supervisory Union,7268,1075,275
VT,50,99935,Orleans Southwest Supervisory Union,7680,1214,149
VT,50,24,Rivendell Interstate School District,2362,296,46
VT,50,99937,Rutland Central Supervisory Union,7797,1097,86
VT,50,7050,Rutland City School District,15795,2087,351
VT,50,99936,Rutland Northeast Supervisory Union,11107,1538,211
VT,50,99933,Rutland South Supervisory Union,6059,821,83
VT,50,99938,Rutland Southwest Supervisory Union,5519,652,85
VT,50,7470,South Burlington School District,18569,2304,153
VT,50,99905,Southwest Vermont Supervisory Union,22353,3164,609
VT,50,7530,Springfield School District,9117,1255,248
VT,50,7650,St. Johnsbury School District,7346,1038,266
VT,50,385,Two Rivers Supervisory Union,8785,1151,117
VT,50,99932,Washington Central Supervisory Union,9597,1487,93
VT,50,99941,Washington Northeast Supervisory Union,4168,667,77
VT,50,99943,Washington South Supervisory Union,6763,696,54
VT,50,99942,Washington West Supervisory Union,12570,1933,114
VT,50,99946,Windham Central Supervisory Union,7955,1054,98
VT,50,99947,Windham Northeast Supervisory Union,9230,1345,292
VT,50,99948,Windham Southeast Supervisory Union,20162,2658,323
VT,50,99949,Windham Southwest Supervisory Union,5444,748,80
VT,50,99951,Windsor Central Supervisory Union,7620,999,86
VT,50,99950,Windsor Northwest Supervisory Union,4408,567,59
VT,50,99952,Windsor Southeast Supervisory Union,10571,1401,107
VT,50,9360,Winooski Incorporated School District,7538,773,227
