AL,ALABAMA,100005,Albertville City,107 W Main St,Albertville,35950,No,5445,0,6,Yes,Yes.1,Yes.2,TIMOTHY,TIDMORE,256-891-1183,ttidmore@albertk12.org,TIMOTHY.1,TIDMORE.1,256-891-1183.1,ttidmore@albertk12.org.1,TIMOTHY.2,TIDMORE.2,256-891-1183.2,ttidmore@albertk12.org.2,No.1,Yes.3,Yes.4,www.albertk12.org/apps/pages/index.jsp?uREC_ID=368921&type=d&termREC_ID=&pREC_ID=689254,Yes.5,No.2,Yes.6,Yes.7,Yes.8,Yes.9,No.3,No.4,Yes.10,No.5,1,6.1,127,0.1,Yes.11,-9,-9.1,-9.2,Yes.12,Yes.13,No.6,No.7,No.8
WV,WEST VIRGINIA,5400210,CALHOUN COUNTY SCHOOLS,540 Alan B Mollohan Drive,MT ZION,26151,No,1233,0,4,Yes,Yes,Yes,TYSON,PRICE,304-354-7011,tlprice@k12.wv.us,TYSON,PRICE,304-354-7011,tlprice@k12.wv.us,JEANNIE,BENNETT,304-354-7011,jlbennett@k12.wv.us,No,Yes,Yes,http://boe.calhoun.k12.wv.us/board-office-operations/policies/students/,Yes,Yes,Yes,Yes,No,No,No,No,Yes,Yes,1,1,66,2,Yes,-9,-9,-9,Yes,Yes,No,No,No
WV,WEST VIRGINIA,5400270,DODDRIDGE COUNTY SCHOOLS,1117 WV Route 18 North,WEST UNION,26456,No,1118,1,4,Yes,Yes,Yes,WESLEY,EZELL,3048732521,wezell@k12.wv.us,WESLEY,EZELL,3048732521,wezell@k12.wv.us,WESLEY,EZELL,3048732521,wezell@k12.wv.us,No,Yes,Yes,http://www.dcschools.us/SectionVIII-Students.aspx,Yes,Yes,Yes,Yes,No,Yes,No,Yes,Yes,Yes,0,2,61,7,Yes,-9,-9,-9,Yes,Yes,No,No,No
WV,WEST VIRGINIA,5400330,GILMER COUNTY SCHOOLS,454 Vanhorn Drive,Glenville,26351,No,799,1,2,Yes,Yes,Yes,JOSEPH,FRASHURE,3044627386 X100,jfrashur@k12.wv.us,JOSEPH,FRASHURE,3044627386X100,jfrashur@k12.wv.us,PATRICIA,LOWTHER,3044627386X110,plowther@k12.wv.us,No,Yes,Yes,http://gilmer-k12.wvnet.edu/wp-content/uploads/2016/06/3210_-_Bullying_Harrassment_and_Intimidation.pdf,No,-9,Yes,Yes,No,Yes,No,No,Yes,Yes,0,0,40,1,Yes,-9,-9,-9,Yes,Yes,No,No,No
WV,WEST VIRGINIA,5400360,GRANT COUNTY SCHOOLS,204 JEFFERSON AVENUE,PETERSBURG,26847,No,1679,72,4,Yes,Yes,Yes,TROY,RAVENSCROFT,304-257-1011 X124,tlravenscroft@k12.wv.us,TROY,RAVENSCROFT,304-257-1011 X124,tlravenscroft@k12.wv.us,MELISSA,SMOUSE,304-257-1011 X125,msmouse@k12.wv.us,No,Yes,Yes,https://www.grantcountyschools.org/files/user/1/file/policy_3210_bullying_harassment_and_intimidation.pdf,Yes,No,Yes,Yes,No,No,No,No,Yes,No,2,8,89,1,Yes,-9,-9,-9,Yes,Yes,No,No,No
WV,WEST VIRGINIA,5400511,INSTITUTIONAL EDUCATIONAL PROGRAMS,CAPITOL COMPLEX BLDG 6 RM 221,CHARLESTON,25305,Yes,579,0,20,Yes,Yes,Yes,JACOB,GREEN,(304)558-8833,jgreen@k12.wv.us,JACOB,GREEN,(304)558-8833,jgreen@k12.wv.us,JARED,HUGHES,(304)558-8833,jbhughes@k12.wv.us,No,Yes,Yes,http://wvde.state.wv.us/healthyschools/Policy4373ExpectedBehaviorsinSafeandSupportiveSchools.htm,No,-9,No,-9,-9,-9,-9,-9,-9,-9,-9,-9,-9,-9,-9,-9,-9,-9,Yes,Yes,No,No,No
WV,WEST VIRGINIA,5401080,PENDLETON COUNTY SCHOOLS,108 WALNUT STREET,FRANKLIN,26807,No,940,0,4,Yes,Yes,Yes,NICOLE,HEVENER,304-358-7065 x122,nhevener@k12.wv.us,NICOLE,HEVENER,304-358-7065 x122,nhevener@k12.wv.us,NICOLE,HEVENER,304-358-7065 X122,nhevener@k12.wv.us,No,Yes,Yes,www.pendletoncountyschools.com,No,-9,Yes,Yes,No,No,No,No,Yes,Yes,0,0,0,0,Yes,-9,-9,-9,Yes,Yes,No,No,No
WV,WEST VIRGINIA,5401110,PLEASANTS COUNTY SCHOOLS,202 FAIRVIEW DR,ST MARYS,26170,No,1143,4,5,Yes,Yes,Yes,KIM,KEHRER,(304)684-2215 x106,kkehrer@k12.wv.us,KIM,KEHRER,(304)684-2215 x106,kkehrer@k12.wv.us,KIM,KEHRER,(304)684-2215 x106,kkehrer@k12.wv.us,No,Yes,Yes,http://www.pleasantscountyschools.com/Downloads/Policy_8000_Expected_Behavior.pdf,Yes,No,Yes,Yes,No,No,No,Yes,Yes,Yes,1,3,71,1,Yes,-9,-9,-9,Yes,Yes,No,No,No
WV,WEST VIRGINIA,5401140,POCAHONTAS COUNTY SCHOOLS,404 Old Buckeye Road,Buckeye,24924,No,1031,17,5,Yes,Yes,Yes,RUTH,BLAND,(304)7994505 x2224,rbland@k12.wv.us,RUTH,BLAND,(304)7994505 x2224,rbland@k12.wv.us,RUTH,BLAND,(304)7994505 x2224,rbland@k12.wv.us,No,Yes,Yes,http://pocahontas-k12.wvnet.edu/boe/2015/09/24/harassment-and-violence-policy/,No,-9,Yes,Yes,No,No,No,Yes,Yes,No,1,5,61,0,Yes,-9,-9,-9,Yes,Yes,No,No,No
WV,WEST VIRGINIA,5401290,RITCHIE COUNTY SCHOOLS,134 S. PENN AVE.,HARRISVILLE,26362,No,1453,0,6,Yes,Yes,Yes,DEBORAH,BEVER,304-304-2991 x103,dbever@k12.wv.us,DEBORAH,BEVER,304-643-2991 x 103,dbever@k12.wv.us,DEBORAH,BEVER,304-643-2991 x103,dbever@k12.wv.us,No,Yes,Yes,http://www.ritchieschools.com/Policies1.aspx,No,-9,Yes,Yes,No,No,No,No,Yes,Yes,0,29,79,79,Yes,-9,-9,-9,Yes,Yes,No,No,No
WV,WEST VIRGINIA,5401350,SUMMERS COUNTY SCHOOLS,116 MAIN STREET,HINTON,25951,No,1538,24,5,Yes,Yes,Yes,LINDA,KNOTT,304-466-6006,lknott@k12.wv.us,LINDA,KNOTT,304-466-6006,lknott@k12.wv.us,LINDA,KNOTT,304-466-6006,lknott@k12.wv.us,No,Yes,Yes,http://summers-k12.wvnet.edu/boe/wp-content/uploads/sites/4/2015/05/VII-A-10_Summers_Countys_Expected__Behaviors_in_Safe_and_Supportive_Schools.pdf,No,-9,Yes,Yes,No,No,No,Yes,Yes,No,0,2,85,1,Yes,-9,-9,-9,Yes,Yes,No,No,No
WV,WEST VIRGINIA,5401410,TUCKER COUNTY SCHOOLS,100 Education Lane,PARSONS,26287,No,1007,0,3,Yes,Yes,Yes,JONATHAN,HICKS,3044782771,jrhicks@k12.wv.us,JONATHAN,HICKS,3044782771,jrhicks@k12.wv.us,JONATHAN,HICKS,3044782771,jrhicks@k12.wv.us,No,Yes,Yes,www.tuckercountyschools.com,No,-9,Yes,Yes,No,Yes,No,Yes,Yes,Yes,0,5,67,1,Yes,-9,-9,-9,Yes,Yes,No,No,No
WV,WEST VIRGINIA,5401440,TYLER COUNTY SCHOOLS,1993 SILVER KNIGHT ST.,MIDDLEBOURNE,26149,No,1364,0,4,Yes,Yes,Yes,PATRICIA,FELDMEIER,304-758-2145,pfeldmei@k12.wv.us,PATRICIA,FELDMEIER,304-758-2145,pfeldmei@k12.wv.us,PATRICIA,FELDMEIER,304-758-2145,pfeldmei@k12.wv.us,No,Yes,Yes,http://tylercountysd.schoolinsites.com/?DivisionID=18660&DepartmentID=20538&ToggleSideNav=,Yes,No,Yes,Yes,No,Yes,No,No,Yes,Yes,0,3,91,2,Yes,-9,-9,-9,Yes,Yes,No,No,No
WV,WEST VIRGINIA,5401530,WEBSTER COUNTY SCHOOLS,315 SO. MAIN ST.,WEBSTER SPRINGS,26288,No,1362,1,4,Yes,Yes,Yes,ALLISON,PYLE,304-847-5638 x106,apyle@k12.wv.us,ALLISON,PYLE,304-847-5638 x106,apyle@k12.wv.us,ALLISON,PYLE,304-847-5638 x106,apyle@k12.wv.us,No,Yes,Yes,https://www.boarddocs.com/wv/webs/Board.nsf/Public#,No,-9,Yes,Yes,No,No,No,No,Yes,Yes,0,0,69,1,Yes,-9,-9,-9,Yes,Yes,No,No,No
WV,WEST VIRGINIA,5401590,WIRT COUNTY SCHOOLS,389 MULBERRY STREET,ELIZABETH,26143,No,1034,2,3,Yes,Yes,Yes,ANGELA,DOMICO COX,302-275-4279,amcox@k12.wv.us,ANGELA,DOMICO COX,305-275-4279,amcox@k12.wv.us,ANGELA,DOMICO COX,302-275-4279,amcox@k12.wv.us,No,Yes,Yes,wirtcountyschools.com,No,-9,Yes,Yes,No,No,No,No,Yes,Yes,0,5,56,0,Yes,-9,-9,-9,Yes,Yes,No,No,No
