State Postal Code,State FIPS Code,District ID,Name,Estimated Total Population,Estimated Population 5-17,Estimated number of relevant children 5 to 17 years old in poverty who are related to the householder
UT,49,60,Beaver School District,6386,1480,174
UT,49,180,Daggett School District,1029,185,17
UT,49,300,Garfield School District,5078,883,115
UT,49,570,Morgan School District,11873,3232,133
UT,49,690,North Summit School District,5570,1131,67
UT,49,780,Piute School District,1420,275,65
UT,49,840,Rich School District,2391,518,66
UT,49,990,South Summit School District,7919,1705,71
UT,49,1020,Tintic School District,965,185,28
UT,49,1170,Wayne School District,2719,525,110
