AL,ALABAMA,100005,Albertville City,107 W Main St,Albertville,35950,No,5445,0,6,Yes,Yes.1,Yes.2,TIMOTHY,TIDMORE,256-891-1183,ttidmore@albertk12.org,TIMOTHY.1,TIDMORE.1,256-891-1183.1,ttidmore@albertk12.org.1,TIMOTHY.2,TIDMORE.2,256-891-1183.2,ttidmore@albertk12.org.2,No.1,Yes.3,Yes.4,www.albertk12.org/apps/pages/index.jsp?uREC_ID=368921&type=d&termREC_ID=&pREC_ID=689254,Yes.5,No.2,Yes.6,Yes.7,Yes.8,Yes.9,No.3,No.4,Yes.10,No.5,1,6.1,127,0.1,Yes.11,-9,-9.1,-9.2,Yes.12,Yes.13,No.6,No.7,No.8
UT,UTAH,4900009,City Academy,555 E 200 S,SALT LAKE CITY,84102,No,178,0,1,Yes,Yes,Yes,SONIA,WOODBURY,(801)596-8489,sonia.woodbury@cityacademyslc.org,SONIA,WOODBURY,(801)596-8489,sonia.woodbury@cityacademyslc.org,KIM,COLTON,(801)596-8489,kim.colton@cityacademyslc.org,No,Yes,Yes,www.cityacademyslc.org,No,-9,No,-9,-9,-9,-9,-9,-9,-9,-9,-9,-9,-9,-9,-9,-9,-9,No,-9,-9,-9,-9
UT,UTAH,4900011,Soldier Hollow Charter School,3444 West 3000 South,HEBER CITY,84032,No,317,0,1,Yes,Yes,Yes,MORGAN,MURDOCK,435-654-1347,morgan.murdock@myshcs.org,MORGAN,MURDOCK,435-654-1347,morgan.murdock@myshcs.org,MORGAN,MURDOCK,435-654-1347,morgan.murdock@myshcs.org,No,Yes,No,-9,No,-9,No,-9,-9,-9,-9,-9,-9,-9,-9,-9,-9,-9,-9,-9,-9,-9,Yes,No,Yes,Yes,No
UT,UTAH,4900012,Tuacahn High School for the Performing Arts,1100 TUACAHN DR,IVINS,84738,No,379,0,1,Yes,Yes,Yes,DREW,WILLIAMS,(435) 652-3201,dwilliams@tuacahnhs.org,DREW,WILLIAMS,(435) 652-3201,dwilliams@tuacahnhs.org,DREW,WILLIAMS,(435) 652-3201,dwilliams@tuacahnhs.org,No,Yes,Yes,www.tuacahnhs.org,No,-9,No,-9,-9,-9,-9,-9,-9,-9,-9,-9,-9,-9,-9,-9,-9,-9,No,-9,-9,-9,-9
UT,UTAH,4900013,Uintah River High,998 E 7500 S,FORT DUCHESNE,84026,No,72,0,1,Yes,Yes,Yes,RONEE,WOPSOCK,(435) 725-4096,RoneeW@UteTribe.com,RONEE,WOPSOCK,(435) 725-4096,RoneeW@UteTribe.com,RONEE,WOPSOCK,(435) 725-4096,RoneeW@UteTribe.com,No,Yes,No,-9,No,-9,No,-9,-9,-9,-9,-9,-9,-9,-9,-9,-9,-9,-9,-9,-9,-9,No,-9,-9,-9,-9
UT,UTAH,4900014,John Hancock Charter School,125 N 100 E,PLEASANT GROVE,84062,No,188,0,1,Yes,Yes,Yes,JULIE,ADAMIC,(801) 796-5646,julie@johnhancockcs.org,JULIE,ADAMIC,(801) 796-5646,julie@johnhancockcs.org,HEATHER,ROGERS,(801) 796-5646,rogers@johnhancockcs.org,No,Yes,Yes,johnhancockcs.org,No,-9,No,-9,-9,-9,-9,-9,-9,-9,-9,-9,-9,-9,-9,-9,-9,-9,Yes,No,No,Yes,No
UT,UTAH,4900018,Salt Lake Arts Academy,844 S 200 E,SALT LAKE CITY,84111,No,392,392,1,Yes,Yes,Yes,JENNIFER,BURROW-SANCHEZ,(801)531-1173,jennifer@slarts.org,JENNIFER,BURROW-SANCHEZ,(801)531-1173,jennifer@slarts.org,JENNIFER,BURROW-SANCHEZ,(801)531-1173,jennifer@slarts.org,No,Yes,Yes,www.slarts.org,No,-9,No,-9,-9,-9,-9,-9,-9,-9,-9,-9,-9,-9,-9,-9,-9,-9,No,-9,-9,-9,-9
UT,UTAH,4900019,Fast Forward High,875 W 1400 N,LOGAN,84321,No,236,0,1,Yes,Yes,Yes,JILL,LOWE,4357134255,jill@ffchs.org,JILL,LOWE,4357134255,jill@ffchs.org,KATHY,ANDERSON,4357134255,kathy@ffchs.org,No,No,-9,-9,No,-9,No,-9,-9,-9,-9,-9,-9,-9,-9,-9,-9,-9,-9,-9,-9,-9,No,-9,-9,-9,-9
UT,UTAH,4900023,Beehive Science & Technology Academy,830 E 9400 S,SANDY,84094,No,307,0,1,Yes,Yes,Yes,VICKIE,PETERSON,(801)576-0070,vickie.peterson@beehiveacademy.org,VICKIE,PETERSON,(801)576-0070,vickie.peterson@beehiveacademy.org,VICKIE,PETERSON,(801)576-0070,vickie.peterson@beehiveacademy.org,No,Yes,Yes,http://beehiveacademy.org/images/School%20Policies/School_Policies_ADA/BSTA_BullyingPolicy.pdf,No,-9,No,-9,-9,-9,-9,-9,-9,-9,-9,-9,-9,-9,-9,-9,-9,-9,No,-9,-9,-9,-9
UT,UTAH,4900035,Moab Charter School,358 E 300 S,MOAB,84532,No,111,0,1,Yes,Yes,Yes,CARRIE ANN,MARINELLI,(435)259-2277,carrieann@moabcharterschool.org,CARRIE ANN,MARINELLI,(435)259-2277,carrieann@moabcharterschool.org,GAIL,WAKEFIELD,(435)259-2277,gail@moabcharterschool.org,No,Yes,Yes,https://drive.google.com/file/d/1CbwRha5Gszd9mKkw5Q_ZnCI5fCGuEhXY/view,No,-9,No,-9,-9,-9,-9,-9,-9,-9,-9,-9,-9,-9,-9,-9,-9,-9,Yes,Yes,No,No,No
UT,UTAH,4900036,East Hollywood High,2185 S 3600 W,WEST VALLEY CITY,84119,No,362,0,1,Yes,Yes,Yes,KATRINA,WALKER,(801) 886-8181,kwalker@ehhs.us,KATRINA,WALKER,(801) 886-8181,kwalker@ehhs.us,KATRINA,WALKER,(801) 886-8181,kwalker@ehhs.us,No,Yes,Yes,https://www.easthollywood.org/bullying-cyber-bullying-hazing-and-harrassment-policy.html,No,-9,No,-9,-9,-9,-9,-9,-9,-9,-9,-9,-9,-9,-9,-9,-9,-9,No,-9,-9,-9,-9
UT,UTAH,4900039,InTech Collegiate High School,1787 N RESEARCH PARK WAY,NORTH LOGAN,84341,No,171,0,1,Yes,Yes,Yes,JASON,STANGER,435-753-7377,jstanger@intechchs.org,JASON,STANGER,435-753-7377,jstanger@intechchs.org,DIANNA,BROADBENT,435-753-7377,dbroadbent@intechchs.org,No,Yes,Yes,https://drive.google.com/drive/folders/1LEnr189ArJQwbHs7UFcCgAws_M0qr4xM,No,-9,No,-9,-9,-9,-9,-9,-9,-9,-9,-9,-9,-9,-9,-9,-9,-9,No,-9,-9,-9,-9
UT,UTAH,4900050,Salt Lake School for the Performing Arts,2291 S 2000 E,SALT LAKE CITY,84106,No,278,0,1,Yes,Yes,Yes,RONALD,LITTERAL,801-466-6700,rlitteral@saltlakespa.org,RONALD,LITTERAL,801-466-6700,rlitteral@saltlakespa.org,WILLOW,AMENDOLA,801-466-6700,wamendola@saltlakespa.org,No,Yes,Yes,http://www.slcschools.org/policies/,No,-9,No,-9,-9,-9,-9,-9,-9,-9,-9,-9,-9,-9,-9,-9,-9,-9,No,-9,-9,-9,-9
UT,UTAH,4900064,Ranches Academy,7789 TAWNY OWL CIR,EAGLE MOUNTAIN,84005,No,373,0,1,Yes,Yes,Yes,STEPHANIE,COLSON,801-822-9997,scolson@theranchesacademy.com,STEPHANIE,COLSON,801-822-9997,scolson@theranchesacademy.com,STEPHANIE,COLSON,801-822-9997,scolson@theranchesacademy.com,No,Yes,Yes,https://www.theranchesacademy.org/wp-content/uploads/2017/04/BULLYING.pdf,No,-9,No,-9,-9,-9,-9,-9,-9,-9,-9,-9,-9,-9,-9,-9,-9,-9,Yes,No,No,Yes,No
UT,UTAH,4900067,Itineris Early College High,8714 Roy Del Circle,WEST JORDAN,84088,No,403,0,1,Yes,Yes,Yes,RENEE,EDWARDS,385-800-2140 x105,renee.edwards@iechs.org,RENEE,EDWARDS,385-800-2140x105,renee.edwards@iechs.org,RENEE,EDWARDS,385-800-2140x105,renee.edwards@iechs.org,No,Yes,Yes,https://drive.google.com/file/d/1XrOFfAJnx_iTOCFKVywaWVR7PQevT_3g/view,No,-9,No,-9,-9,-9,-9,-9,-9,-9,-9,-9,-9,-9,-9,-9,-9,-9,No,-9,-9,-9,-9
UT,UTAH,4900069,Utah Schools for Deaf & Blind,742 HARRISON BLVD,OGDEN,84404,No,301,0,7,Yes,Yes,Yes,RENEE,MOORE,801-464-2031,reneem@usdb.org,RENEE,MOORE,801-464-2031,reneem@usdb.org,RENEE,MOORE,801-464-2031,reneem@usdb.org,No,Yes,Yes,https://www.usdb.org/resources/policies/,Yes,Yes,Yes,Yes,Yes,No,No,Yes,Yes,No,0,30,47,41,No,Yes,No,Yes,Yes,Yes,No,No,No
UT,UTAH,4900070,Edith Bowen Laboratory School,6700 OLD MAIN HILL,LOGAN,84322,No,358,0,1,Yes,Yes,Yes,UTAH STATE,UNIVERSITY,(435) 797-1266,hilary.renshaw@usu.edu,UTAH STATE,UNIVERSITY,(435) 797-1266,hilary.renshaw@usu.edu,UTAH STATE,UNIVERSITY,(435) 797-1266,hilary.renshaw@usu.edu,No,No,-9,-9,No,-9,No,-9,-9,-9,-9,-9,-9,-9,-9,-9,-9,-9,-9,-9,-9,-9,Yes,No,No,Yes,No
UT,UTAH,4900072,Guadalupe School,1385 N 1200 W,SALT LAKE CITY,84116,No,303,0,1,Yes,Yes,Yes,TONYA,PASSEY,(385)424-1058,tonya.passey@guadschool.org,TONYA,PASSEY,(385)424-1058,tonya.passey@guadschool.org,KATINA,SANTAMARIA,(801)531-6100,katina.santamaria@guadschool.org,No,Yes,Yes,http://www.guadschool.org/parent-handbook.html,No,-9,No,-9,-9,-9,-9,-9,-9,-9,-9,-9,-9,-9,-9,-9,-9,-9,Yes,Yes,No,No,No
UT,UTAH,4900074,C.S. Lewis Academy,354 N SR-198,SANTAQUIN,84655,No,321,0,1,Yes,Yes,Yes,CODY,LAIRD,8017543376,cslaird@cslewisacademy.net,CODY,LAIRD,8017543376,cslaird@cslewisacademy.net,CODY,LAIRD,8017543376,cslaird@cslewisacademy.net,No,Yes,Yes,"https://cslewisacademy.net/dynamic/content/1152/235/bullying,%20cyberbullying%20harassment,%20hazing,%20and%20retaliation.pdf",No,-9,No,-9,-9,-9,-9,-9,-9,-9,-9,-9,-9,-9,-9,-9,-9,-9,Yes,Yes,No,No,No
UT,UTAH,4900118,Open Classroom,134 D STREET,SALT LAKE CITY,84103,No,371,0,1,Yes,Yes,Yes,TINA,HATCH,801-578-8388,TINA.HATCH@SLCSCHOOLS.ORG,TINA,HATCH,801-578-8388,TINA.HATCH@SLCSCHOOLS.ORG,TINA,HATCH,801-578-8388,TINA.HATCH@SLCSCHOOLS.ORG,No,Yes,Yes,https://www.slcschools.org/board-of-education/policies/g-19/g-19-policy,No,-9,Yes,No,Yes,No,Yes,Yes,Yes,Yes,0,4,13,2,Yes,-9,-9,-9,Yes,No,No,Yes,Yes
UT,UTAH,4900131,Merit College Preparatory Academy,1440 W CENTER STREET,SPRINGVILLE,84663,No,405,21,1,Yes,Yes,Yes,JESSE,MEEKS,8014917600 x 103,jesse.meeks@meritacademy.org,JESSE MEEKS,MEEKS,8014917600 x103,jesse.meeks@meritacademy.org,SCOTT,JENKINS,8014917600,scott.jenkins@meritacademy.org,No,Yes,Yes,http://meritacademy.org/wp-content/uploads/2018/07/Merit-Academy-Bullying-Policy.pdf,No,-9,No,-9,-9,-9,-9,-9,-9,-9,-9,-9,-9,-9,-9,-9,-9,-9,No,-9,-9,-9,-9
UT,UTAH,4900146,Bear River Charter School,75 S 400 W,LOGAN,84321,No,166,0,1,Yes,Yes,Yes,JANET,ADAMS,(435)753-8811,j.adams@brcs-logan.org,JANET,ADAMS,(435)753-8811,j.adams@brcs-logan.org,JANET,ADAMS,(435)753-8811,j.adams@brcs-logan.org,No,Yes,Yes,https://bearrivercharter.org/dynamic/content/1046/93/brcs%20bullying%20policy%209.18.18.pdf,No,-9,No,-9,-9,-9,-9,-9,-9,-9,-9,-9,-9,-9,-9,-9,-9,-9,Yes,Yes,No,No,No
UT,UTAH,4900158,Valley Academy,539 N 870 W,HURRICANE,84737,No,350,0,1,Yes,Yes,Yes,TRACY,STEVENS,(435)635-7815,tracy@valleyacademycharter.com,TRACY,STEVENS,(435)635-7815,tracy@valleyacademycharter.com,TRACY,STEVENS,(435)635-7815,tracy@valleyacademycharter.com,No,Yes,Yes,https://valleyacademycharter.com/policies,No,-9,No,-9,-9,-9,-9,-9,-9,-9,-9,-9,-9,-9,-9,-9,-9,-9,Yes,Yes,No,No,No
UT,UTAH,4900159,Pacific Heritage Academy,1755 W 1100 N,SALT LAKE CITY,84116,No,402,0,1,Yes,Yes,Yes,JANET,STICE,(801)363-1892,janet@chartersolutions.org,JANET,STICE,(801)363-1892,janet@chartersolutions.org,BRIDGETTE,BARROWES,(801)363-1892,Bridgette.barrowes@phlearning.org,No,Yes,Yes,https://www.phlearning.org/uploads/8/2/7/0/82702740/pha_pp_manual.pdf,No,-9,No,-9,-9,-9,-9,-9,-9,-9,-9,-9,-9,-9,-9,-9,-9,-9,Yes,Yes,No,No,No
UT,UTAH,4900165,Mana Academy Charter School,2355 South Technology Drive,WEST VALLEY CITY,84119,No,320,0,1,Yes,Yes,Yes,SILVIA,GARCIA,8010726262,sgarcia@themanaacademy.org,SILVIA,GARCIA,8019726262,sgarcia@themanaacademy.org,EDITH,PARK,8019726262,epark@themanaacademy.org,No,Yes,Yes,www.themanaacademy.org,No,-9,No,-9,-9,-9,-9,-9,-9,-9,-9,-9,-9,-9,-9,-9,-9,-9,Yes,Yes,No,No,No
UT,UTAH,4900166,Utah International Charter School,350 East Baird Circle,SALT LAKE CITY,84115,No,243,0,1,Yes,Yes,Yes,IVY,FARGUHESON,385-290-1306,ifarguheson@utahinternational.org,ANGELA,ROWLAND,385-290-1306,arowland@utahinternational.org,IVY,FARGUHESON,385-290-1306,ifarguheson@utahinternational.org,No,Yes,Yes,http://utahinternational.org/?page_id=1847,No,-9,No,-9,-9,-9,-9,-9,-9,-9,-9,-9,-9,-9,-9,-9,-9,-9,No,-9,-9,-9,-9
UT,UTAH,4900167,Weber State University Charter Academy,1351 Edvalson Street,OGDEN,84408,No,32,0,1,Yes,Yes,Yes,CAMIE,BEARDEN,801-626-6271,cbearden@weber.edu,CAMIE,BEARDEN,801-626-6271,cbearden@weber.edu,CAMIE,BEARDEN,801-626-6271,cbearden@weber.edu,No,Yes,Yes,https://www.weber.edu/charteracademy/Policies.html,No,-9,No,-9,-9,-9,-9,-9,-9,-9,-9,-9,-9,-9,-9,-9,-9,-9,Yes,No,No,Yes,No
UT,UTAH,4900168,Winter Sports School,4251 Shadow Mountain Drive,PARK CITY,84098,No,114,0,1,Yes,Yes,Yes,TESS,MINER-FARRA,(435)649-8760,tminerfarra@wintersportsschool.org,TESS,MINER-FARRA,(435)649-8760,tminerfarra@wintersportsschool.org,AMY,TROMBETTI,(435)229-7366,spedco.director@gmail.com,No,Yes,Yes,http://www.wintersportsschool.org/legal/,No,-9,No,-9,-9,-9,-9,-9,-9,-9,-9,-9,-9,-9,-9,-9,-9,-9,No,-9,-9,-9,-9
UT,UTAH,4900171,Utah Career Path High School,550 E 300 S RM 2025,KAYSVILLE,84037,No,166,0,1,Yes,Yes,Yes,STACEY,HUTCHINGS,(801)593-2440,stacey.hutchings@utahcph.org,STACEY,HUTCHINGS,(801)593-2440,stacey.hutchings@utahcph.org,RYAN,WELCH,(801)593-2440,ryan.welch@utahcph.org,No,Yes,Yes,https://careerpathhigh.org/dynamic/content/1224/108/bullying%20and%20hazing%20policy%20revised%204-11-17.pdf,No,-9,No,-9,-9,-9,-9,-9,-9,-9,-9,-9,-9,-9,-9,-9,-9,-9,No,-9,-9,-9,-9
UT,UTAH,4900177,Greenwood Charter School,840 N. Hwy. 89,Harrisville,84404,No,359,0,1,Yes,Yes,Yes,JESSIE,KIDD,801-590-2972,jkidd@greenwoodcharter.org,JESSIE,KIDD,801-590-2972,jkidd@greenwoodcharter.org,JESSIE,KIDD,801-590-2972,jkidd@greenwoodcharter.org,No,Yes,Yes,https://greenwoodcharter.org/dynamic/content/1068/462/anti_discrimination_and_bullying_policy_2017-2018.pdf,No,-9,No,-9,-9,-9,-9,-9,-9,-9,-9,-9,-9,-9,-9,-9,-9,-9,Yes,Yes,Yes,Yes,No
UT,UTAH,4900178,Roots Charter High School,2250 South 1300 West,WEST VALLEY CITY,84119,No,182,0,1,Yes,Yes,Yes,TYLER,BASTIAN,385-715-2591,tyler@rootshigh.org,TYLER,BASTIAN,385-715-2591,tyler@rootshigh.org,ALISA,AMANI,385-715-2591,aamani@rootshigh.org,No,Yes,Yes,https://www.rootshigh.org/bullying-policy.html,No,-9,No,-9,-9,-9,-9,-9,-9,-9,-9,-9,-9,-9,-9,-9,-9,-9,No,-9,-9,-9,-9
UT,UTAH,4900180,Daggett District,196 W 200 N,MANILA,84046,No,202,0,4,Yes,Yes,Yes,BRUCE,NORTHCOTT,435-784-3174,bnorthcott@dsdf.org,BRUCE,NORTHCOTT,435-784-3174,bnorthcott@dsdf.org,CAMIILLE,CLEGG,435-784-3174,cclegg@dsdf.org,No,Yes,Yes,https://dsdf.org,No,-9,Yes,No,No,Yes,No,No,Yes,Yes,0,0,8,1,Yes,-9,-9,-9,Yes,No,No,Yes,No
UT,UTAH,4900186,American Academy of Innovation,5410 S Jordan Pkwy,South Jordan,84009,No,313,0,1,Yes,Yes,Yes,SCOTT,JONES,801-810-4786,scott.jones@aaiutah.org,SCOTT,JONES,801-810-4786,scott.jones@aaiutah.org,SCOTT,JONES,801-810-4786,scott.jones@aaiutah.org,No,Yes,Yes,https://aaiutah.org/handbook/,No,-9,No,-9,-9,-9,-9,-9,-9,-9,-9,-9,-9,-9,-9,-9,-9,-9,No,-9,-9,-9,-9
UT,UTAH,4900188,St. George Academy,1995 Dove Circle,SANTA CLARA,84765,No,203,0,1,Yes,Yes,Yes,DAVID,JONES,(435) 319-0105,djones@stgacademy.org,DAVID,JONES,(435) 319-0105,djones@stgacademy.org,KAREN,JANE,(435) 319-0105,karen-jane@stgacademy.org,No,Yes,Yes,http://www.stgacademy.org/sga-policies/,No,-9,No,-9,-9,-9,-9,-9,-9,-9,-9,-9,-9,-9,-9,-9,-9,-9,No,-9,-9,-9,-9
UT,UTAH,4900193,The Center for Creativity Innovation and Discovery,PO Box 693,PROVIDENCE,84332,No,348,0,1,Yes,Yes,Yes,LAURA,BANDA,4352587097,laura.banda@ccidschool.org,LAURA,BANDA,4352587097,laura.banda@ccidschool.org,LAURA,BANDA,4352587097,laura.banda@ccidschool.org,No,Yes,Yes,https://ccidschool.org/wp-content/uploads/2018/08/Bullying-Cyber-Bullying-Hazing-and-Retaliation-Policy.pdf,No,-9,No,-9,-9,-9,-9,-9,-9,-9,-9,-9,-9,-9,-9,-9,-9,-9,Yes,Yes,No,Yes,No
UT,UTAH,4900196,Leadership Academy of Utah,1366 S. Legend Hills Dr. Ste.,CLEARFIELD,84015,No,268,0,1,Yes,Yes,Yes,PETER,JENSEN,800-200-6869 x144,Pete@lautah.org,PETER,JENSEN,800-200-6869 x144,Pete@lautah.org,KATE,CHANEY,800-200-6869 x155,Kate@lautah.org,No,Yes,Yes,https://www.lautah.org/board-policies-and-reports/,No,-9,No,-9,-9,-9,-9,-9,-9,-9,-9,-9,-9,-9,-9,-9,-9,-9,No,-9,-9,-9,-9
UT,UTAH,4900197,Real Salt Lake Academy High School,"14787 South Academy Parkway, Building B",HERRIMAN,84096,No,246,27,1,Yes,Yes,Yes,GRANT,STOCK,385-474-9052,gstock@rslacademy.org,GRANT,STOCK,385-474-9052,gstock@rslacademy.org,HEATHER,FARNSWORTH,385-474-9052,hfarnsworth@rslacademy.org,No,Yes,Yes,http://rslacademy.org/dynamic/content/1104/146/rsl%20academy%20student-parent%20handbook.pdf,No,-9,No,-9,-9,-9,-9,-9,-9,-9,-9,-9,-9,-9,-9,-9,-9,-9,No,-9,-9,-9,-9
UT,UTAH,4900780,Piute District,P O BOX 69,JUNCTION,84740,No,304,0,5,Yes,Yes,Yes,SHANE,ERICKSON,435-577-2912,shane.erickson@piutek12.org,SHANE,ERICKSON,435-577-2912,shane.erickson@piutek12.org,SHANE,ERICKSON,435-577-2912,shane.erickson@piutek12.org,No,Yes,Yes,https://www.piutek12.org/board-of-education/pcsd-policies/17-2000-3000-personnel/369-bully.html,No,-9,Yes,No,No,Yes,Yes,Yes,Yes,Yes,0,16,21,1,Yes,-9,-9,-9,Yes,Yes,No,No,No
UT,UTAH,4901020,Tintic District,PO BOX 210,EUREKA,84628,No,251,12,5,Yes,Yes,Yes,KODEY,HUGHES,(435)433-6363,khuhges@tintic.org,KODEY,HUGHES,(435)433-6363,khughes@tintic.org,KODEY,HUGHES,(435)433-6363,khughes@tintic.org,No,Yes,Yes,https://www.tintic.org/board-of-education/policies/f-students.html,No,-9,Yes,No,No,Yes,Yes,No,Yes,Yes,0,0,12,0,Yes,-9,-9,-9,Yes,No,No,Yes,No
