AL,ALABAMA,100005,Albertville City,107 W Main St,Albertville,35950,No,5445,0,6,Yes,Yes.1,Yes.2,TIMOTHY,TIDMORE,256-891-1183,ttidmore@albertk12.org,TIMOTHY.1,TIDMORE.1,256-891-1183.1,ttidmore@albertk12.org.1,TIMOTHY.2,TIDMORE.2,256-891-1183.2,ttidmore@albertk12.org.2,No.1,Yes.3,Yes.4,www.albertk12.org/apps/pages/index.jsp?uREC_ID=368921&type=d&termREC_ID=&pREC_ID=689254,Yes.5,No.2,Yes.6,Yes.7,Yes.8,Yes.9,No.3,No.4,Yes.10,No.5,1,6.1,127,0.1,Yes.11,-9,-9.1,-9.2,Yes.12,Yes.13,No.6,No.7,No.8
UT,UTAH,4900005,American Preparatory Academy - LEA,12894 S PONY EXPRESS RD,DRAPER,84020,No,4722,0,6,Yes,Yes,Yes,LINDSEY,LAJEUNESSE,(801)797-0089,llajeunesse@apamail.org,DEBRA,LLOYD,(801)797-0089,dlloyd@apamail.org,JOAN,OZ,(801)797-0089,joz@apamail.org,No,Yes,Yes,http://wiki.apaserver.org:8090/display/LVAPA/Copy+of+CHAPTER+H+-+STUDENT+BEHAVIOR#CopyofCHAPTERH-STUDENTBEHAVIOR-H-3.0CODEOFCONDUCT,No,-9,No,-9,-9,-9,-9,-9,-9,-9,-9,-9,-9,-9,-9,-9,-9,-9,Yes,Yes,Yes,Yes,No
UT,UTAH,4900008,Pinnacle Canyon Academy,210 N 600 E,Price,84501,No,449,0,1,Yes,Yes,Yes,ROBERTA,HARDY,435-613-8102,hardyr@pantheremail.com,ROBERTA,HARDY,435-613-8102,hardyr@pantheremail.com,ROBERTA,HARDY,435-613-8102,hardyr@pantheremail.com,No,Yes,Yes,www.pcaschool.com,No,-9,No,-9,-9,-9,-9,-9,-9,-9,-9,-9,-9,-9,-9,-9,-9,-9,Yes,Yes,No,No,No
UT,UTAH,4900009,City Academy,555 E 200 S,SALT LAKE CITY,84102,No,178,0,1,Yes,Yes,Yes,SONIA,WOODBURY,(801)596-8489,sonia.woodbury@cityacademyslc.org,SONIA,WOODBURY,(801)596-8489,sonia.woodbury@cityacademyslc.org,KIM,COLTON,(801)596-8489,kim.colton@cityacademyslc.org,No,Yes,Yes,www.cityacademyslc.org,No,-9,No,-9,-9,-9,-9,-9,-9,-9,-9,-9,-9,-9,-9,-9,-9,-9,No,-9,-9,-9,-9
UT,UTAH,4900011,Soldier Hollow Charter School,3444 West 3000 South,HEBER CITY,84032,No,317,0,1,Yes,Yes,Yes,MORGAN,MURDOCK,435-654-1347,morgan.murdock@myshcs.org,MORGAN,MURDOCK,435-654-1347,morgan.murdock@myshcs.org,MORGAN,MURDOCK,435-654-1347,morgan.murdock@myshcs.org,No,Yes,No,-9,No,-9,No,-9,-9,-9,-9,-9,-9,-9,-9,-9,-9,-9,-9,-9,-9,-9,Yes,No,Yes,Yes,No
UT,UTAH,4900012,Tuacahn High School for the Performing Arts,1100 TUACAHN DR,IVINS,84738,No,379,0,1,Yes,Yes,Yes,DREW,WILLIAMS,(435) 652-3201,dwilliams@tuacahnhs.org,DREW,WILLIAMS,(435) 652-3201,dwilliams@tuacahnhs.org,DREW,WILLIAMS,(435) 652-3201,dwilliams@tuacahnhs.org,No,Yes,Yes,www.tuacahnhs.org,No,-9,No,-9,-9,-9,-9,-9,-9,-9,-9,-9,-9,-9,-9,-9,-9,-9,No,-9,-9,-9,-9
UT,UTAH,4900013,Uintah River High,998 E 7500 S,FORT DUCHESNE,84026,No,72,0,1,Yes,Yes,Yes,RONEE,WOPSOCK,(435) 725-4096,RoneeW@UteTribe.com,RONEE,WOPSOCK,(435) 725-4096,RoneeW@UteTribe.com,RONEE,WOPSOCK,(435) 725-4096,RoneeW@UteTribe.com,No,Yes,No,-9,No,-9,No,-9,-9,-9,-9,-9,-9,-9,-9,-9,-9,-9,-9,-9,-9,-9,No,-9,-9,-9,-9
UT,UTAH,4900014,John Hancock Charter School,125 N 100 E,PLEASANT GROVE,84062,No,188,0,1,Yes,Yes,Yes,JULIE,ADAMIC,(801) 796-5646,julie@johnhancockcs.org,JULIE,ADAMIC,(801) 796-5646,julie@johnhancockcs.org,HEATHER,ROGERS,(801) 796-5646,rogers@johnhancockcs.org,No,Yes,Yes,johnhancockcs.org,No,-9,No,-9,-9,-9,-9,-9,-9,-9,-9,-9,-9,-9,-9,-9,-9,-9,Yes,No,No,Yes,No
UT,UTAH,4900015,Thomas Edison - Lea,180 E 2600 N,NORTH LOGAN,84341,No,1296,0,2,Yes,Yes,Yes,SHEM,SMITH,(435) 787-2820 x 118,ssmith@edisoncs.org,SHEM,SMITH,(435) 787-2820 x 118,ssmith@edisoncs.org,SHEM,SMITH,(435) 787-2820 x 118,ssmith@edisoncs.org,No,Yes,Yes,https://thomased.org/dynamic/content/1226/529/policies_and_procedures_manual_3-13-19.pdf,No,-9,No,-9,-9,-9,-9,-9,-9,-9,-9,-9,-9,-9,-9,-9,-9,-9,Yes,No,No,Yes,No
UT,UTAH,4900016,Timpanogos Academy,70 S TITAN TRAIL,LINDON,84042,No,478,0,1,Yes,Yes,Yes,ERROL,PORTER,801-785-4979,eporter@timpacademy.org,ERROL,PORTER,801-785-4979,eporter@timpacademy.org,ERROL,PORTER,801-785-4979,eporter@timpacademy.org,No,Yes,Yes,https://timpacademy.org/files/user/23/file/Timpanogos%20Academy%20Safe%20Schools%20Policy%20TA5180.pdf,No,-9,No,-9,-9,-9,-9,-9,-9,-9,-9,-9,-9,-9,-9,-9,-9,-9,Yes,No,No,Yes,No
UT,UTAH,4900017,Academy for Math Engineering & Science,5715 S 1300 E,SALT LAKE CITY,84121,No,482,0,1,Yes,Yes,Yes,BRETT,WILSON,801-278-9460,bwilson@ames-slc.org,HEMA,KATOA,801-278-9460,hkatoa@ames-slc.org,CINDY,HACKETT,801-278-9460,chackett@ames-slc.org,No,Yes,Yes,www.ames-slc.org,No,-9,No,-9,-9,-9,-9,-9,-9,-9,-9,-9,-9,-9,-9,-9,-9,-9,No,-9,-9,-9,-9
UT,UTAH,4900018,Salt Lake Arts Academy,844 S 200 E,SALT LAKE CITY,84111,No,392,392,1,Yes,Yes,Yes,JENNIFER,BURROW-SANCHEZ,(801)531-1173,jennifer@slarts.org,JENNIFER,BURROW-SANCHEZ,(801)531-1173,jennifer@slarts.org,JENNIFER,BURROW-SANCHEZ,(801)531-1173,jennifer@slarts.org,No,Yes,Yes,www.slarts.org,No,-9,No,-9,-9,-9,-9,-9,-9,-9,-9,-9,-9,-9,-9,-9,-9,-9,No,-9,-9,-9,-9
UT,UTAH,4900019,Fast Forward High,875 W 1400 N,LOGAN,84321,No,236,0,1,Yes,Yes,Yes,JILL,LOWE,4357134255,jill@ffchs.org,JILL,LOWE,4357134255,jill@ffchs.org,KATHY,ANDERSON,4357134255,kathy@ffchs.org,No,No,-9,-9,No,-9,No,-9,-9,-9,-9,-9,-9,-9,-9,-9,-9,-9,-9,-9,-9,-9,No,-9,-9,-9,-9
UT,UTAH,4900020,Utah County Academy of Science,940 W 800 S,OREM,84058,No,504,0,1,Yes,Yes,Yes,ANNA,TREVINO,(801)863-2224,anna.trevino@ucas-edu.net,ANNA,TREVINO,(801)863-2224,anna.trevino@ucas-edu.net,ANNA,TREVINO,(801)863-2224,anna.trevino@ucas-edu.net,No,Yes,Yes,https://ucas-edu.net/about-ucas/policies/,No,-9,No,-9,-9,-9,-9,-9,-9,-9,-9,-9,-9,-9,-9,-9,-9,-9,No,-9,-9,-9,-9
UT,UTAH,4900021,Odyssey Charter School,738 E QUALITY DR,AMERICAN FORK,84003,No,459,0,1,Yes,Yes,Yes,RUSSELL,SCHELLHOUS,801-492-8105 x137,rschellhous@odysseycharter.net,RUSSELL,SCHELLHOUS,801-492-8105 x137,rschellhous@odysseycharter.net,BROOKE,AUSTIN,801-492-8105 x118,baustin@odysseycharter.net,No,Yes,Yes,www.odysseycharter.net,No,-9,No,-9,-9,-9,-9,-9,-9,-9,-9,-9,-9,-9,-9,-9,-9,-9,Yes,No,No,Yes,No
UT,UTAH,4900022,Lincoln Academy,1582 W 3300 N,PLEASANT GROVE,84062,No,855,0,1,Yes,Yes,Yes,JAKE,HUNT,801-756-2039,hunt@lincoln-academy.org,JAKE,HUNT,801-756-2039,hunt@lincoln-academy.org,PETER,EHLEN,801-756-2039,ehlen@lincoln-academy.org,No,Yes,Yes,http://www.lincoln-academy.org/wp-content/uploads/2016/12/1104-Bullying.pdf,No,-9,No,-9,-9,-9,-9,-9,-9,-9,-9,-9,-9,-9,-9,-9,-9,-9,Yes,No,No,Yes,No
UT,UTAH,4900023,Beehive Science & Technology Academy,830 E 9400 S,SANDY,84094,No,307,0,1,Yes,Yes,Yes,VICKIE,PETERSON,(801)576-0070,vickie.peterson@beehiveacademy.org,VICKIE,PETERSON,(801)576-0070,vickie.peterson@beehiveacademy.org,VICKIE,PETERSON,(801)576-0070,vickie.peterson@beehiveacademy.org,No,Yes,Yes,http://beehiveacademy.org/images/School%20Policies/School_Policies_ADA/BSTA_BullyingPolicy.pdf,No,-9,No,-9,-9,-9,-9,-9,-9,-9,-9,-9,-9,-9,-9,-9,-9,-9,No,-9,-9,-9,-9
UT,UTAH,4900024,Wasatch Peak Academy,414 N CUTLER DRIVE,North Salt Lake,84054,No,422,0,1,Yes,Yes,Yes,AMY,PILKINGTON,801-936-3066,apilkington@wasatchpeak.org,AMY,PILKINGTON,801-936-3066,apilkington@wasatchpeak.org,AMY,PILKINGTON,801-936-3066,apilkington@wasatchpeak.org,No,Yes,Yes,https://www.wasatchpeak.org/policies,No,-9,No,-9,-9,-9,-9,-9,-9,-9,-9,-9,-9,-9,-9,-9,-9,-9,Yes,No,No,Yes,No
UT,UTAH,4900025,North Star Academy,2920 W 14000 S,Bluffdale,84065,No,523,0,1,Yes,Yes,Yes,LISA,HARDY,801-302-9579,lhardy@north-staracademy.com,TANA,ARCHER,801-302-9579,tarcher@north-staracademy.com,LISA,HARDY,801-302-9579,lhardy@north-staracademy.com,No,Yes,Yes,http://www.north-staracademy.com/nsa-policies.html,No,-9,No,-9,-9,-9,-9,-9,-9,-9,-9,-9,-9,-9,-9,-9,-9,-9,Yes,No,No,Yes,No
UT,UTAH,4900030,Alpine District,575 N 100 E,AMERICAN FORK,84003,No,74590,0,83,Yes,Yes,Yes,SUSAN,HAYES,801-6108400,shayes@alpinedistrict.org,INGRID,ANDROMIDAS,801-610-8576,iandromidas@alpinedistrict.org,CRAIG,JENSEN,(801) 376-6155,craigjensen@alpinedistrict.org,No,Yes,Yes,http://http://policy.alpinedistrict.org/policy/5181_Bullying_Policy,No,-9,Yes,No,No,Yes,Yes,Yes,Yes,Yes,0,0,0,0,Yes,-9,-9,-9,Yes,Yes,No,Yes,No
UT,UTAH,4900032,Reagan Academy,1143 W CENTER,SPRINGVILLE,84663,No,682,0,1,Yes,Yes,Yes,LANNY,ADAMSON,801-489-7828,ladamson@reaganacademy.org,LANNY,ADAMSON,801-489-7828,ladamson@reaganacademy.org,LANNY,ADAMSON,801-489-7828,ladamson@reaganacademy.org,No,Yes,Yes,www.reaganacademy.org/apps/pages/index.jsp?uREC_ID=250032&type=d&pREC_ID=1302696,No,-9,No,-9,-9,-9,-9,-9,-9,-9,-9,-9,-9,-9,-9,-9,-9,-9,Yes,No,No,Yes,No
UT,UTAH,4900033,American Leadership Academy,898 W 1100 S,SPANISH FORK,84660,No,1765,0,1,Yes,Yes,Yes,JULIEL,DAVIS,8017942226 ex221,jdavis@americanleadership.net,JULIEL,DAVIS,8017942226 ex221,jdavis@americanleadership.net,JULIEL,DAVIS,8017942226 ex221,jdavis@americanleadership.net,No,Yes,Yes,https://americanleadershipacademy.org/wp-content/uploads/2018/10/Policy-Against-Abusive-Conduct-Bullying-Cyber-Bullying-Hazing-and-Retaliation.pdf,No,-9,No,-9,-9,-9,-9,-9,-9,-9,-9,-9,-9,-9,-9,-9,-9,-9,Yes,Yes,No,Yes,No
UT,UTAH,4900034,Navigator Pointe Academy,6844 S NAVIGATOR RD,WEST JORDAN,84084,No,484,0,1,Yes,Yes,Yes,CASEY,JACKSON,801-840-1210,cjackson@npacademy.org,CASEY,JACKSON,801-840-1210,cjackson@npacademy.org,WENDY,ATWAN,801-840-1210,watwan@npacademy.org,No,Yes,Yes,http://navigatorpointeacademy.org/pdfs/SAFE%20SCHOOL%20POLICY.pdf,No,-9,No,-9,-9,-9,-9,-9,-9,-9,-9,-9,-9,-9,-9,-9,-9,-9,Yes,No,No,Yes,No
UT,UTAH,4900035,Moab Charter School,358 E 300 S,MOAB,84532,No,111,0,1,Yes,Yes,Yes,CARRIE ANN,MARINELLI,(435)259-2277,carrieann@moabcharterschool.org,CARRIE ANN,MARINELLI,(435)259-2277,carrieann@moabcharterschool.org,GAIL,WAKEFIELD,(435)259-2277,gail@moabcharterschool.org,No,Yes,Yes,https://drive.google.com/file/d/1CbwRha5Gszd9mKkw5Q_ZnCI5fCGuEhXY/view,No,-9,No,-9,-9,-9,-9,-9,-9,-9,-9,-9,-9,-9,-9,-9,-9,-9,Yes,Yes,No,No,No
UT,UTAH,4900036,East Hollywood High,2185 S 3600 W,WEST VALLEY CITY,84119,No,362,0,1,Yes,Yes,Yes,KATRINA,WALKER,(801) 886-8181,kwalker@ehhs.us,KATRINA,WALKER,(801) 886-8181,kwalker@ehhs.us,KATRINA,WALKER,(801) 886-8181,kwalker@ehhs.us,No,Yes,Yes,https://www.easthollywood.org/bullying-cyber-bullying-hazing-and-harrassment-policy.html,No,-9,No,-9,-9,-9,-9,-9,-9,-9,-9,-9,-9,-9,-9,-9,-9,-9,No,-9,-9,-9,-9
UT,UTAH,4900037,Success Academy,351 W UNIVERSITY BLVD,CEDAR CITY,84720,No,445,0,2,Yes,Yes,Yes,JOHN,TRIPP,(435)865-8790,johntripp@successacademy.org,JOHN,TRIPP,(435)865-8790,johntripp@successacademy.org,JOHN,TRIPP,(435)865-8790,johntripp@successacademy.org,No,Yes,Yes,https://www.irondistrict.org/media/helpcenter/JFBA.pdf,No,-9,No,-9,-9,-9,-9,-9,-9,-9,-9,-9,-9,-9,-9,-9,-9,-9,No,-9,-9,-9,-9
UT,UTAH,4900038,Renaissance Academy,3435 N 1120 E,LEHI,84043,No,755,0,1,Yes,Yes,Yes,STEPHANIE,AVERY,8017684202,smccappin@renacademy.org,STEPHANIE,AVERY,8017684202,smccappin@renacademy.org,STEPHANIE,AVERY,8017684202,smccappin@renacademy.org,No,Yes,Yes,https://renacademy.org/policies-procedures,No,-9,No,-9,-9,-9,-9,-9,-9,-9,-9,-9,-9,-9,-9,-9,-9,-9,Yes,No,No,Yes,No
UT,UTAH,4900039,InTech Collegiate High School,1787 N RESEARCH PARK WAY,NORTH LOGAN,84341,No,171,0,1,Yes,Yes,Yes,JASON,STANGER,435-753-7377,jstanger@intechchs.org,JASON,STANGER,435-753-7377,jstanger@intechchs.org,DIANNA,BROADBENT,435-753-7377,dbroadbent@intechchs.org,No,Yes,Yes,https://drive.google.com/drive/folders/1LEnr189ArJQwbHs7UFcCgAws_M0qr4xM,No,-9,No,-9,-9,-9,-9,-9,-9,-9,-9,-9,-9,-9,-9,-9,-9,-9,No,-9,-9,-9,-9
UT,UTAH,4900040,Channing Hall,13515 S 150 E,DRAPER,84020,No,649,0,1,Yes,Yes,Yes,JENNIFER,BARRETT,8015722709,jbarrett@channinghall.org,JENNIFER,BARRETT,8015722709,jbarrett@channinghall.org,JENNIFER,BARRETT,8015722709,jbarrett@channinghall.org,No,Yes,Yes,https://channinghall.org/policies-and-procedures,No,-9,No,-9,-9,-9,-9,-9,-9,-9,-9,-9,-9,-9,-9,-9,-9,-9,Yes,No,Yes,Yes,No
UT,UTAH,4900041,Entheos Academy,4710 W 6200 S,KEARNS,84118,No,1055,0,2,Yes,Yes,Yes,ERIC,ROBINS,801-417-5444,eric.robins@entheosacademy.org,ERIC,ROBINS,801-417-5444,eric.robins@entheosacademy.org,BRYAN,CROWN,801-417-5444,bryan.crown@entheosacademy.org,No,Yes,Yes,https://entheosacademy.org/wp-content/uploads/2018/05/Bullying-Policy.pdf,No,-9,No,-9,-9,-9,-9,-9,-9,-9,-9,-9,-9,-9,-9,-9,-9,-9,Yes,Yes,No,Yes,No
UT,UTAH,4900042,Spectrum Academy,575 CUTLER DRIVE,NORTH SALT LAKE,84054,No,1158,1,2,Yes,Yes,Yes,JAIME,CHRISTENSEN,(801)936-0318 x7020,jchristensen@spectrumcharter.org,JAIME,CHRISTENSEN,(801)936-0318 x7020,jchristensen@spectrumcharter.org,JAIME,CHRISTENSEN,(801)936-0318 x7020,jchristensen@spectrumcharter.org,No,Yes,Yes,www.spectrumcharter.org/manuals-policies,No,-9,No,-9,-9,-9,-9,-9,-9,-9,-9,-9,-9,-9,-9,-9,-9,-9,Yes,Yes,No,Yes,No
UT,UTAH,4900043,Lakeview Academy,527 W 400 N,SARATOGA SPRINGS,84045,No,1022,0,1,Yes,Yes,Yes,RICHARD,VEASEY,801-331-6788,rveasey@lakeview-academy.com,RICHARD,VEASEY,801-331-6788,rveasey@lakeview-academy.com,ASHLEY,HINTZE,801-331-6788,ahintze@lakeview-academy.com,No,Yes,Yes,http://www.lakeview-academy.com/index.php/board-of-trustees/board-policy/15-policies/327-220-bullying-and-hazing-policy,No,-9,No,-9,-9,-9,-9,-9,-9,-9,-9,-9,-9,-9,-9,-9,-9,-9,Yes,No,No,Yes,No
UT,UTAH,4900044,Syracuse Arts Academy,2893 W 1700 S,SYRACUSE,84075,No,1771,0,2,Yes,Yes,Yes,LEX,PUFFER,801-827-0540,lpuffer@saacharter.org,LEX,PUFFER,801-827-0540,lpuffe@saacharter.org,LEX,PUFFER,801-827-0540,lpuffer@saacharter.org,No,Yes,Yes,www.syracuseartsacademy.org,No,-9,No,-9,-9,-9,-9,-9,-9,-9,-9,-9,-9,-9,-9,-9,-9,-9,Yes,No,No,Yes,No
UT,UTAH,4900045,Legacy Preparatory Academy,1375 W CENTER STREET,NORTH SALT LAKE,84054,No,1108,0,1,Yes,Yes,Yes,PAUL,MURPHY,801-294-2801 x 2003,pmurphy@legacyprep.org,PAUL,MURPHY,801-294-2801 x 2003,pmurphy@legacyprep.org,MARDEE,MERRILL,801-294-2801 X2005,mmerrill@legacyprep.org,No,Yes,Yes,https://www.legacyprep.org/apps/pages/index.jsp?uREC_ID=996397&type=d&pREC_ID=1308826,No,-9,No,-9,-9,-9,-9,-9,-9,-9,-9,-9,-9,-9,-9,-9,-9,-9,Yes,No,No,Yes,No
UT,UTAH,4900046,George Washington Academy,2277 S 3000 E,ST GEORGE,84790,No,1016,1001,1,Yes,Yes,Yes,GLENDA,WILSON-RASHCKE,435-673-2232,HR@GWACADEMY.ORG,GLENDA,WILSON-RASHCKE,435-473-2232,HR@GWACADEMY.ORG,MARICA,MCMICKEN,435-673-2232,MMCMICKEN@GWACADEMY.ORG,No,Yes,Yes,http://www.gwacademy.org/wp-content/uploads/2018/09/320-–-Bullying-Cyber-Bullying-Hazing-and-Retaliation-Policy.pdf,No,-9,No,-9,-9,-9,-9,-9,-9,-9,-9,-9,-9,-9,-9,-9,-9,-9,Yes,Yes,No,No,No
UT,UTAH,4900048,Noah Webster Academy,205 E 400 S,OREM,84058,No,559,0,1,Yes,Yes,Yes,KAT,NELSON,801-426-6624,KNELSON@MYNWA.US,KAT,NELSON,801-426-6624,KNELSON@MYNWA.US,KAT,NELSON,801-426-6624,KNELSON@MYNWA.US,No,Yes,Yes,https://drive.google.com/file/d/1GpcREZgSpGyVHlT9hCp_k0MGL-XlxTTH/view,No,-9,No,-9,-9,-9,-9,-9,-9,-9,-9,-9,-9,-9,-9,-9,-9,-9,Yes,No,No,Yes,No
UT,UTAH,4900049,Monticello Academy,2782 S CORPORATE PARK DRIVE,WEST VALLEY CITY,84120,No,771,0,1,Yes,Yes,Yes,SHARI,BRADLEY,8014178040,shari.bradley@monticelloacademy.net,SHARI,BRADLEY,8014178040,shari.bradley@monticelloacademy.net,SHARI,BRADLEY,8014178040,Shari.bradley@monticelloacademy.net,No,Yes,Yes,https://docs.google.com/document/d/1Ih475dz2pHdwSVxjZXARLTQSuuT57pAOzbKSFLMFy0g/edit,No,-9,No,-9,-9,-9,-9,-9,-9,-9,-9,-9,-9,-9,-9,-9,-9,-9,Yes,No,No,Yes,No
UT,UTAH,4900050,Salt Lake School for the Performing Arts,2291 S 2000 E,SALT LAKE CITY,84106,No,278,0,1,Yes,Yes,Yes,RONALD,LITTERAL,801-466-6700,rlitteral@saltlakespa.org,RONALD,LITTERAL,801-466-6700,rlitteral@saltlakespa.org,WILLOW,AMENDOLA,801-466-6700,wamendola@saltlakespa.org,No,Yes,Yes,http://www.slcschools.org/policies/,No,-9,No,-9,-9,-9,-9,-9,-9,-9,-9,-9,-9,-9,-9,-9,-9,-9,No,-9,-9,-9,-9
UT,UTAH,4900051,Mountainville Academy,195 S MAIN,ALPINE,84004,No,760,0,1,Yes,Yes,Yes,BRENDA,VERHAAREN,8017569805,bverhaaren@malions.org,BRENDA,VERHAAREN,8017569805,bverhaaren@malions.org,BRENDA,VERHAAREN,8017569805,bverhaaren@malions.org,No,Yes,Yes,https://mountainvilleacademy.org/dynamic/content/1233/68/mappmasterfilemarch28-2018.pdf,No,-9,No,-9,-9,-9,-9,-9,-9,-9,-9,-9,-9,-9,-9,-9,-9,-9,Yes,No,No,Yes,No
UT,UTAH,4900052,Paradigm High School,11577 S 3600 W,SOUTH JORDAN,84095,No,536,0,1,Yes,Yes,Yes,FERNANDO,SEMINARIO,(801)676-1018,fseminario@paradigmhigh.org,FERNANDO,SEMINARIO,(801)676-1018,fseminario@paradigmhigh.org,FERNANDO,SEMINARIO,(801)676-1018,fseminario@paradigmhigh.org,No,Yes,Yes,https://paradigmschools.org/dynamic/content/1021/73/2018-2019%20policy%20handbook_GJNIj.pdf,No,-9,No,-9,-9,-9,-9,-9,-9,-9,-9,-9,-9,-9,-9,-9,-9,-9,No,-9,-9,-9,-9
UT,UTAH,4900056,Karl G. Maeser Preparatory Academy,320 W 600 S,LINDON,84042,No,641,0,1,Yes,Yes,Yes,STEFANIE,SLADE,(801)235-9000,stefanie.slade@maeserprep.org,ROBYN,ELLIS,(801)235-9000,robyn.ellis@maeserprep.org,SANDRA,SORENSON,(801)235-9000,sandra.sorenson@maeserprep.org,No,Yes,Yes,http://maeserprep.org/wp-content/uploads/policies/Student%20policies/Discipline%20Policy%20(approved%2001.24.2017).docx,No,-9,No,-9,-9,-9,-9,-9,-9,-9,-9,-9,-9,-9,-9,-9,-9,-9,No,-9,-9,-9,-9
UT,UTAH,4900058,Ogden Preparatory Academy,1415 Lincoln Ave.,OGDEN,84404,No,1086,0,1,Yes,Yes,Yes,AMIE,CAMPBELL,(801)627-3066,acampbell@ogdenprep.org,AMIE,CAMPBELL,(801)627-3066,acampbell@ogdenprep.org,TERYL,YOUNG,(801)627-2066,tyoung@ogdenprep.org,No,Yes,Yes,https://ogdenprep.org/policies-and-procedures-draft/,No,-9,No,-9,-9,-9,-9,-9,-9,-9,-9,-9,-9,-9,-9,-9,-9,-9,Yes,Yes,No,Yes,No
UT,UTAH,4900060,Beaver District,290 N MAIN ST,BEAVER,84713,No,1582,0,7,Yes,Yes,Yes,JODY,HEAPS,(435)386-2484,jody.heap@beaver.k12.ut.us,RAY,TERRY,(435)438-2291 x 6010,ray.terry@beaver.k12.ut.us,RAY,TERRY,(435)438-2291 x 6010,ray.terry@beaver.k12.ut.us,No,Yes,Yes,http://usba.cc/policy-manual/section-f/ff-student-activities/fg-curricular-and-noncurricular-student-groups/fgaa-demonstrations/fgad-bullying-cyber-bullying-hazing-and-abusive-conduct/,No,-9,Yes,No,No,Yes,Yes,Yes,Yes,Yes,0,14,22,6,Yes,-9,-9,-9,Yes,No,No,Yes,No
UT,UTAH,4900061,Walden School of Liberal Arts,4230 N UNIVERSITY AVE,PROVO,84604,No,446,0,1,Yes,Yes,Yes,SHARON,BEECROFT,(801)374-1545,sharon.beecroft@waldenschool.us,SHARON,BEECROFT,(801)374-1545,sharon.beecroft@waldenschool.us,SHARON,BEECROFT,(801)374-1545,sharon.beecroft@waldenschool.us,No,Yes,Yes,https://www.waldenschool.us/,No,-9,No,-9,-9,-9,-9,-9,-9,-9,-9,-9,-9,-9,-9,-9,-9,-9,Yes,Yes,No,Yes,No
UT,UTAH,4900062,Freedom Preparatory Academy,1190 W 900 N,PROVO,84604,No,1556,0,2,Yes,Yes,Yes,LYNNE,HERRING,8014373100 x 3101,lherring@freedomprep.net,LYNNE,HERRING,8014373100 x 3101,lherring@freedomprep.net,LYNNE,HERRING,8014373100 x 3101,lherring@freedomprep.net,No,Yes,Yes,https://freedomprep.net/services-all/school-policies/,No,-9,No,-9,-9,-9,-9,-9,-9,-9,-9,-9,-9,-9,-9,-9,-9,-9,Yes,No,No,Yes,No
UT,UTAH,4900063,No. UT. Acad. for Math Engineering & Science,2750 N UNIVERSITY PARK BLVD,LAYTON,84041,No,761,0,1,Yes,Yes,Yes,NATE,TAGGART,801.395.3350,ntaggart@dsdmail.net,NATE,TAGGART,801.395.3350,ntaggart@dsdmail.net,DAWN,WINTER,801.395.3350,Dwinter@dsdmail.net,No,Yes,Yes,https://livedsdmail-my.sharepoint.com/personal/jsimonsen_dsdmail_net/_layouts/15/onedrive.aspx?id=%2Fpersonal%2Fjsimonsen_dsdmail_net%2FDocuments%2FBackup%20Website%20Files%2FBullying%20Policy%209-27-2018%2Epdf&parent=%2Fpersonal%2Fjsimonsen_dsdmail_net%,No,-9,No,-9,-9,-9,-9,-9,-9,-9,-9,-9,-9,-9,-9,-9,-9,-9,No,-9,-9,-9,-9
UT,UTAH,4900064,Ranches Academy,7789 TAWNY OWL CIR,EAGLE MOUNTAIN,84005,No,373,0,1,Yes,Yes,Yes,STEPHANIE,COLSON,801-822-9997,scolson@theranchesacademy.com,STEPHANIE,COLSON,801-822-9997,scolson@theranchesacademy.com,STEPHANIE,COLSON,801-822-9997,scolson@theranchesacademy.com,No,Yes,Yes,https://www.theranchesacademy.org/wp-content/uploads/2017/04/BULLYING.pdf,No,-9,No,-9,-9,-9,-9,-9,-9,-9,-9,-9,-9,-9,-9,-9,-9,-9,Yes,No,No,Yes,No
UT,UTAH,4900065,Davinci Academy,2033 GRANT AVE,OGDEN,84401,No,1187,0,1,Yes,Yes,Yes,FRED,DONALDSON,801-409-0708,fred.donaldson@davinciacademy.org,FRED,DONALDSON,801-409-0708,fred.donaldson@davinciacademy.org,SIMON,POST,801-409-0671,simon.post@davinciacademy.org,No,Yes,No,-9,No,-9,No,-9,-9,-9,-9,-9,-9,-9,-9,-9,-9,-9,-9,-9,-9,-9,Yes,No,No,Yes,No
UT,UTAH,4900066,Summit Academy,1285 E 13200 S,DRAPER,84020,No,2484,0,3,Yes,Yes,Yes,KATHY,BRACKEN,(801)572-9007,kathy.bracken@summitacademyschools.org,KATHY,BRACKEN,(801)572-9007,kathy.bracken@summitacademyschools.org,JACQUE,SCHMIDT,(801)572-9007,jacque.schmidt@summitacademyschools.org,No,Yes,Yes,https://4.files.edl.io/5800/10/30/18/234308-547dbedd-0425-49f0-9654-2a5e9bf07246.pdf,No,-9,No,-9,-9,-9,-9,-9,-9,-9,-9,-9,-9,-9,-9,-9,-9,-9,Yes,No,No,Yes,No
UT,UTAH,4900067,Itineris Early College High,8714 Roy Del Circle,WEST JORDAN,84088,No,403,0,1,Yes,Yes,Yes,RENEE,EDWARDS,385-800-2140 x105,renee.edwards@iechs.org,RENEE,EDWARDS,385-800-2140x105,renee.edwards@iechs.org,RENEE,EDWARDS,385-800-2140x105,renee.edwards@iechs.org,No,Yes,Yes,https://drive.google.com/file/d/1XrOFfAJnx_iTOCFKVywaWVR7PQevT_3g/view,No,-9,No,-9,-9,-9,-9,-9,-9,-9,-9,-9,-9,-9,-9,-9,-9,-9,No,-9,-9,-9,-9
UT,UTAH,4900068,North Davis Preparatory Academy,1765 W HILLFIELD RD,LAYTON,84041,No,1021,0,1,Yes,Yes,Yes,RYAN,ROBINSON,8015471809,rrobinson@northdavisprep.org,RYAN,ROBINSON,8015471809,rrobinson@northdavisprep.org,TONYA,ANDIARENA,8013363601,tandiarena@northdavisprep.org,No,Yes,Yes,https://northdavisprep.org/policies,No,-9,No,-9,-9,-9,-9,-9,-9,-9,-9,-9,-9,-9,-9,-9,-9,-9,Yes,No,No,Yes,No
UT,UTAH,4900069,Utah Schools for Deaf & Blind,742 HARRISON BLVD,OGDEN,84404,No,301,0,7,Yes,Yes,Yes,RENEE,MOORE,801-464-2031,reneem@usdb.org,RENEE,MOORE,801-464-2031,reneem@usdb.org,RENEE,MOORE,801-464-2031,reneem@usdb.org,No,Yes,Yes,https://www.usdb.org/resources/policies/,Yes,Yes,Yes,Yes,Yes,No,No,Yes,Yes,No,0,30,47,41,No,Yes,No,Yes,Yes,Yes,No,No,No
UT,UTAH,4900070,Edith Bowen Laboratory School,6700 OLD MAIN HILL,LOGAN,84322,No,358,0,1,Yes,Yes,Yes,UTAH STATE,UNIVERSITY,(435) 797-1266,hilary.renshaw@usu.edu,UTAH STATE,UNIVERSITY,(435) 797-1266,hilary.renshaw@usu.edu,UTAH STATE,UNIVERSITY,(435) 797-1266,hilary.renshaw@usu.edu,No,No,-9,-9,No,-9,No,-9,-9,-9,-9,-9,-9,-9,-9,-9,-9,-9,-9,-9,-9,-9,Yes,No,No,Yes,No
UT,UTAH,4900071,Canyon Rim Academy,3005 S 2900 E,SALT LAKE CITY,84109,No,504,0,1,Yes,Yes,Yes,KENT,FULLER,(801)474-2066,kfuller@canyonrimacademy.org,KENT,FULLER,(801)474-2066,kfuller@canyonrimacademy.org,KENT,FULLER,(801)474-2066,kfuller@canyonrimacademy.org,No,Yes,Yes,https://canyonrimacademy.org/dynamic/content/1114/23/p_pbullying_hazingpolicy8-2018.pdf,No,-9,No,-9,-9,-9,-9,-9,-9,-9,-9,-9,-9,-9,-9,-9,-9,-9,Yes,No,No,Yes,Yes
UT,UTAH,4900072,Guadalupe School,1385 N 1200 W,SALT LAKE CITY,84116,No,303,0,1,Yes,Yes,Yes,TONYA,PASSEY,(385)424-1058,tonya.passey@guadschool.org,TONYA,PASSEY,(385)424-1058,tonya.passey@guadschool.org,KATINA,SANTAMARIA,(801)531-6100,katina.santamaria@guadschool.org,No,Yes,Yes,http://www.guadschool.org/parent-handbook.html,No,-9,No,-9,-9,-9,-9,-9,-9,-9,-9,-9,-9,-9,-9,-9,-9,-9,Yes,Yes,No,No,No
UT,UTAH,4900073,Dual Immersion Academy,1155 S GLENDALE DRIVE,SALT LAKE CITY,84104,No,492,0,1,Yes,Yes,Yes,ANGELA,FANJUL,801-972-1425,angela.fanjul@diacharter.org,ANGELA,FANJUL,801-972-1425,angela.fanjul@diacharter.org,JANETTE,FIAGLE,801-972-1425,janette.fiagle@diacharter.org,No,Yes,Yes,https://static1.squarespace.com/static/5588702ee4b0ca6f99b9622b/t/5cabb4d7c83025d6b439caba/1554756826526/Family+Handbook+2018-2019+-ENGLISH+4.19.pdf,No,-9,Yes,No,Yes,No,No,Yes,Yes,Yes,0,4,6,8,Yes,-9,-9,-9,Yes,Yes,No,No,No
UT,UTAH,4900074,C.S. Lewis Academy,354 N SR-198,SANTAQUIN,84655,No,321,0,1,Yes,Yes,Yes,CODY,LAIRD,8017543376,cslaird@cslewisacademy.net,CODY,LAIRD,8017543376,cslaird@cslewisacademy.net,CODY,LAIRD,8017543376,cslaird@cslewisacademy.net,No,Yes,Yes,"https://cslewisacademy.net/dynamic/content/1152/235/bullying,%20cyberbullying%20harassment,%20hazing,%20and%20retaliation.pdf",No,-9,No,-9,-9,-9,-9,-9,-9,-9,-9,-9,-9,-9,-9,-9,-9,-9,Yes,Yes,No,No,No
UT,UTAH,4900090,Box Elder District,960 S MAIN,BRIGHAM CITY,84302,No,11932,0,24,Yes,Yes,Yes,GARY,ALLEN,(435)734-4800,gary.allen@besd.net,DARRELL,EDDINGTON,(435)734-4800,darrell.eddington@besd.net,DENISE,LEFEVRE,(435)734-4800,denise.levevre@besd.net,No,Yes,Yes,www.besd.net,No,-9,Yes,No,No,Yes,Yes,Yes,Yes,Yes,8,109,161,134,No,Yes,No,No,Yes,Yes,No,Yes,No
UT,UTAH,4900118,Open Classroom,134 D STREET,SALT LAKE CITY,84103,No,371,0,1,Yes,Yes,Yes,TINA,HATCH,801-578-8388,TINA.HATCH@SLCSCHOOLS.ORG,TINA,HATCH,801-578-8388,TINA.HATCH@SLCSCHOOLS.ORG,TINA,HATCH,801-578-8388,TINA.HATCH@SLCSCHOOLS.ORG,No,Yes,Yes,https://www.slcschools.org/board-of-education/policies/g-19/g-19-policy,No,-9,Yes,No,Yes,No,Yes,Yes,Yes,Yes,0,4,13,2,Yes,-9,-9,-9,Yes,No,No,Yes,Yes
UT,UTAH,4900120,Cache District,84 E 2400 N,North Logan,84341,Yes,18434,0,26,Yes,Yes,Yes,KIRK,MCRAE,(435)752-3925,kirk.mcrae@ccsdut.org,KIRK,MCRAE,(435)752-3925,kirk.mcrae@ccsdut.org,JOEL,ALLRED,(435)752-3925,joel.allred@ccsdut.org,No,Yes,Yes,http://www.boarddocs.com/ut/ccsdut/Board.nsf//Public?open&id=policies#,No,-9,Yes,No,No,Yes,Yes,No,Yes,Yes,0,118,288,48,No,Yes,Yes,Yes,Yes,Yes,No,Yes,No
UT,UTAH,4900122,Gateway Preparatory Academy,201 E THOROUGHBRED WAY,ENOCH,84721,No,676,0,1,Yes,Yes,Yes,ANDREW,BURT,(435)867-5558,andrewburt@gpacharter.org,ANDREW,BURT,(435)867-5558,andrewburt@gpacharter.org,ANDREW,BURT,(435)867-5558,andrewburt@gpacharter.org,No,Yes,Yes,https://gpacharter.org/wp-content/uploads/2016/04/Bullying-Policy-2018.pdf,No,-9,No,-9,-9,-9,-9,-9,-9,-9,-9,-9,-9,-9,-9,-9,-9,-9,Yes,Yes,No,Yes,No
UT,UTAH,4900123,Salt Lake Center for Science Education,1400 W GOODWIN AVE,SALT LAKE CITY,84116,No,409,0,1,Yes,Yes,Yes,TINA,HATCH,801-578-8388,tina.hatch@slcschools.org,TINA,HATCH,801-578-8388,tina.hatch@slcschools.org,TINA,HATCH,801-578-8388,tina.hatch@slcschools.org,No,Yes,Yes,https://www.slcschools.org/board-of-education/policies/g-19/g-19-policy,No,-9,No,-9,-9,-9,-9,-9,-9,-9,-9,-9,-9,-9,-9,-9,-9,-9,No,-9,-9,-9,-9
UT,UTAH,4900124,Providence Hall,4557 W Patriot Ridge Drive,HERRIMAN,84096,No,2104,0,1,Yes,Yes,Yes,ERICA,HANCOCK,(801)727-8260,ehancock@providencehall.com,ERICA,HANCOCK,(801)727-8260,ehancock@providencehall.com,REBECCA,LUCY,(801)727-8260x4006,rlucy@providencehall.com,No,Yes,Yes,http://providencehall.com/dynamic/content/1100/114/bullying_policy_2016-2017_updated_A7IIJ.pdf,No,-9,No,-9,-9,-9,-9,-9,-9,-9,-9,-9,-9,-9,-9,-9,-9,-9,Yes,Yes,No,Yes,No
UT,UTAH,4900125,Rockwell Charter High School,3435 E STONEBRIDGE LANE,EAGLE MOUNTAIN,84005,No,434,0,1,Yes,Yes,Yes,CANDICE,SPIVEY,8017897625,cspivey@rockwellhigh.net,CANDICE,SPIVEY,8017897625,cspivey@rockwellhigh.net,DARREN,BECK,8017897625,dbeck@rockwellhigh.net,No,Yes,Yes,www.rockwellhigh.net,No,-9,No,-9,-9,-9,-9,-9,-9,-9,-9,-9,-9,-9,-9,-9,-9,-9,No,-9,-9,-9,-9
UT,UTAH,4900130,Utah Virtual Academy,310 E 4500 S,MURRAY,84107,No,2069,0,1,Yes,Yes,Yes,SHELLY,STRAHAN,8012624922,sstrahan@utahvirtual.org,SHELLY,STRAHAN,8012624922,sstrahan@utahvirtual.org,SHELLY,STRAHAN,8012624922,sstrahan@utahvirtual.org,No,Yes,Yes,https://utva.k12.com/title-ix-non-discrimination.html,No,-9,No,-9,-9,-9,-9,-9,-9,-9,-9,-9,-9,-9,-9,-9,-9,-9,Yes,Yes,No,Yes,No
UT,UTAH,4900131,Merit College Preparatory Academy,1440 W CENTER STREET,SPRINGVILLE,84663,No,405,21,1,Yes,Yes,Yes,JESSE,MEEKS,8014917600 x 103,jesse.meeks@meritacademy.org,JESSE MEEKS,MEEKS,8014917600 x103,jesse.meeks@meritacademy.org,SCOTT,JENKINS,8014917600,scott.jenkins@meritacademy.org,No,Yes,Yes,http://meritacademy.org/wp-content/uploads/2018/07/Merit-Academy-Bullying-Policy.pdf,No,-9,No,-9,-9,-9,-9,-9,-9,-9,-9,-9,-9,-9,-9,-9,-9,-9,No,-9,-9,-9,-9
UT,UTAH,4900132,Quest Academy,4862 W 4000 S,WEST HAVEN,84401,No,978,0,1,Yes,Yes,Yes,DAVID,BULLOCK,801-731-9859,dbullock@questac.org,DAVID,BULLOCK,801-731-9859,dbullock@questac.org,DAVID,BULLOCK,801-731-9859,dbullock@questac.org,No,Yes,Yes,https://www.questac.org/wp-content/uploads/2019/03/QA-Policies-Procedures-Manual-3-13-19.pdf,No,-9,No,-9,-9,-9,-9,-9,-9,-9,-9,-9,-9,-9,-9,-9,-9,-9,Yes,No,No,Yes,No
UT,UTAH,4900133,Venture Academy,495 N 1500 W,MARRIOTT-SLATERVILLE CITY,84404,No,803,0,1,Yes,Yes,Yes,ALEXI,FLINT,8013933900,aflint@venturelearning.org,ALEXI,FLINT,8013933900,aflint@venturelearning.org,ALEXI,FLINT,8013933900,aflint@venturelearning.org,No,Yes,Yes,https://venturelearning.org/common/pages/DisplayFile.aspx?itemId=68797681,No,-9,No,-9,-9,-9,-9,-9,-9,-9,-9,-9,-9,-9,-9,-9,-9,-9,Yes,No,No,Yes,No
UT,UTAH,4900136,Excelsior Academy,124 E ERDA WAY,ERDA,84074,No,701,0,1,Yes,Yes,Yes,CAMI,THORPE,(435)882-3062 x3117,cthorpe@eautah.org,CAMI,THORPE,(435)882-3062 x3117,cthorpe@eautah.org,JOHN,ANDERSON,(435)882-3062 x3112,janderson@eautah.org,No,Yes,Yes,https://www.excelsior-academy.org/pdf/Board%20Policy/Bullying%20and%20Hazing%20Policy.pdf,No,-9,No,-9,-9,-9,-9,-9,-9,-9,-9,-9,-9,-9,-9,-9,-9,-9,Yes,No,No,Yes,No
UT,UTAH,4900137,Hawthorn Academy,9062 S 2200 W,WEST JORDAN,84088,No,1444,0,2,Yes,Yes,Yes,DEBORAH,SWENSEN,801-282-9066,dswensen@hawthornacademy.org,DEBORAH,SWENSEN,8012829066,dswensen@hawrhornacademy.org,SHAUNAE,BEHUNIN,8012603040,sbehunn@hawthornacademy.org,No,Yes,Yes,https://www.hawthornacademy.org/dynamic/content/1175/67/ha_-_bullying_and_hazing_policy_revised_10-10-2018_final_(signed).pdf,No,-9,No,-9,-9,-9,-9,-9,-9,-9,-9,-9,-9,-9,-9,-9,-9,-9,Yes,No,Yes,Yes,No
UT,UTAH,4900138,Mountain Heights Academy,9067 S 1300 W Suite 204,WEST JORDAN,84088,No,685,0,1,Yes,Yes,Yes,EMILY,ANDERSEN,801.721.6329,eandersen@mountainheightsacademy.org,EMILY,ANDERSEN,801.721.6329,eandersen@mountainheightsacademy.org,EMILY,ANDERSEN,801.721.6329,eandersen@mountainheightsacademy.org,No,Yes,Yes,http://www.mountainheightsacademy.org/wp-content/uploads/2019/01/BOARD-POLICY-MANUAL-MHA.pdf,No,-9,No,-9,-9,-9,-9,-9,-9,-9,-9,-9,-9,-9,-9,-9,-9,-9,No,-9,-9,-9,-9
UT,UTAH,4900139,Jefferson Academy,1425 S ANGEL ST,KAYSVILLE,84037,No,579,0,1,Yes,Yes,Yes,NICOLE,JONES,8015938200,njones@jeffersonacademy.org,NICOLE,JONES,8015938200,njones@jeffersonacademy.org,NICOLE,JONES,8015938200,njones@jeffersonacademy.org,No,Yes,Yes,https://jeffersonacademy.org/wp-content/uploads/2018/11/ADMINISTRATIVE-POLICIES-PROCEDURES-MANUAL-JA-10.25.18.pdf,No,-9,No,-9,-9,-9,-9,-9,-9,-9,-9,-9,-9,-9,-9,-9,-9,-9,Yes,No,No,Yes,No
UT,UTAH,4900140,Early Light Academy at Daybreak,11709 S VADANIA DR,SOUTH JORDAN,84009,No,1002,0,1,Yes,Yes,Yes,MICHELLE,DRACHMAN,8013025988,mdrachman@earlylightacacemy.org,MICHELLE,DRACHMAN,8013025988,mdrachman@earlylightacaemy.org,MICHELLE,DRACHMAN,8013025988,mdrachman@earlylightacademy.org,No,Yes,Yes,www.earlylightacademy.org,No,-9,No,-9,-9,-9,-9,-9,-9,-9,-9,-9,-9,-9,-9,-9,-9,-9,Yes,No,No,Yes,No
UT,UTAH,4900141,Vista at Entrada School of Performing Arts and Technology,585 E CENTER STREET,IVINS,84738,No,908,0,1,Yes,Yes,Yes,SAM,GIBBS,(435)673-4110,sgibbs@vistautah.com,SAM,GIBBS,(435)673-4110,sgibbs@vistautah.com,MICHELLE,HANSEN,(435)673-4110,mhansen@vistautah.com,No,Yes,Yes,https://www.vistautah.com/wp-content/uploads/2017/06/Bullying-Policy.pdf,No,-9,No,-9,-9,-9,-9,-9,-9,-9,-9,-9,-9,-9,-9,-9,-9,-9,Yes,No,No,Yes,No
UT,UTAH,4900142,Canyons District,9361 South 300 East,SANDY,84070,No,32668,0,51,Yes,Yes,Yes,DANIEL,HARPER,8018265062,daniel.harper@canyonsdistrict.org,DANIEL,HARPER,8018265062,daniel.harper@canyonsdistrict.org,DANIEL,HARPER,8018265062,daniel.harper@canyonsdistrict.org,No,Yes,Yes,https://policy.canyonsdistrict.org/,No,-9,Yes,No,No,Yes,Yes,Yes,Yes,Yes,0,175,185,55,No,Yes,Yes,No,Yes,Yes,Yes,Yes,No
UT,UTAH,4900143,Canyon Grove Academy,588 W 3300 N,PLEASANT GROVE,84062,No,631,0,1,Yes,Yes,Yes,REBECCA,PILI,801-785-9300,becky.pili@canyongrove.com,REBECCA,PILI,801-785-9300,becky.pili@canyongrove.com,REBECCA,PILI,801-785-9300,becky.pili@canyongrove.com,No,Yes,Yes,https://canyongrove.com/wp-content/uploads/2019/02/CGA-Policy-Manual-.pdf,No,-9,No,-9,-9,-9,-9,-9,-9,-9,-9,-9,-9,-9,-9,-9,-9,-9,Yes,No,Yes,Yes,No
UT,UTAH,4900144,Maria Montessori Academy,2505 N 200 E,OGDEN,84414,No,647,0,1,Yes,Yes,Yes,RENE,BAKER,(801) 827-0150,rbaker@mariamontessoriacademy.org,RENE,BAKER,(801) 827-0150,rbaker@mariamontessoriacademy.org,RENE,BAKER,(801) 827-0150,rbaker@mariamonterssoriacademy.org,No,Yes,Yes,www.mariamontessoriacademy.org,No,-9,No,-9,-9,-9,-9,-9,-9,-9,-9,-9,-9,-9,-9,-9,-9,-9,Yes,No,No,Yes,No
UT,UTAH,4900145,Weilenmann School of Discovery,4199 W KILBY ROAD,PARK CITY,84098,No,598,0,1,Yes,Yes,Yes,CINDY,PHILLIPS,4355755411,cindyphillips@wsdpc.org,CINDY,PHILLIPS,4355755411,cindyphillips@wsdpc.org,CINDY,PHILLIPS,4355755411,cindyphillips@wsdpc.org,No,Yes,Yes,https://wsdpc.org/about/policies-and-guidelines/,No,-9,No,-9,-9,-9,-9,-9,-9,-9,-9,-9,-9,-9,-9,-9,-9,-9,Yes,Yes,No,No,No
UT,UTAH,4900146,Bear River Charter School,75 S 400 W,LOGAN,84321,No,166,0,1,Yes,Yes,Yes,JANET,ADAMS,(435)753-8811,j.adams@brcs-logan.org,JANET,ADAMS,(435)753-8811,j.adams@brcs-logan.org,JANET,ADAMS,(435)753-8811,j.adams@brcs-logan.org,No,Yes,Yes,https://bearrivercharter.org/dynamic/content/1046/93/brcs%20bullying%20policy%209.18.18.pdf,No,-9,No,-9,-9,-9,-9,-9,-9,-9,-9,-9,-9,-9,-9,-9,-9,-9,Yes,Yes,No,No,No
UT,UTAH,4900147,Good Foundations Academy,5101 S 1050 W,RIVERDALE,84405,No,555,0,1,Yes,Yes,Yes,DAVID,DAU,(801)393-2950,ddau@gfautah.org,DAVID,DAU,(801)393-2950,ddau@gfautah.org,DAVID,DAU,(801)393-2950,ddau@gfautah.org,No,Yes,Yes,https://gfautah.org/dynamic/content/1070/37/POLICY_antiharassment.pdf,No,-9,No,-9,-9,-9,-9,-9,-9,-9,-9,-9,-9,-9,-9,-9,-9,-9,Yes,No,No,Yes,No
UT,UTAH,4900148,Summit Academy High School,14942 S 560 W,BLUFFDALE,84065,No,609,0,1,Yes,Yes,Yes,KATHY,BRACKEN,(801)572-9007,kathy.bracken@summitacademyschools.org,KATHY,BRACKEN,(801)572-9007,kathy.bracken@summitacademyschools.org,JACQUE,SCHMIDT,(801)572-9007,jacque.schmidt@summitacademyschools.org,No,Yes,Yes,https://4.files.edl.io/5800/10/30/18/234308-547dbedd-0425-49f0-9654-2a5e9bf07246.pdf,No,-9,No,-9,-9,-9,-9,-9,-9,-9,-9,-9,-9,-9,-9,-9,-9,-9,No,-9,-9,-9,-9
UT,UTAH,4900150,Carbon District,251 W 400 N,PRICE,84501,No,3508,3,10,Yes,Yes,Yes,JUDY,MAINORD,4356133169,jmainord@carbonschools.org,JUDY,MAINORD,4356133169,jmainord@carbonschools.org,JUDY,MAINORD,4356133169,jmainord@carbonschools.org,No,Yes,Yes,http://carbonboard.iescentral.com/board-policy/,No,-9,Yes,No,No,No,Yes,Yes,Yes,Yes,13,39,94,44,Yes,-9,-9,-9,Yes,Yes,No,No,No
UT,UTAH,4900151,Utah Connections Academy,687 West 700 South Suite D,WOODS CROSS,84087,No,1041,0,1,Yes,Yes,Yes,JEFFREY,HERR,(801)298-6660,jherr@uca.connectionsacademy.org,JEFFREY,HERR,(801)298-6660,jherr@uca.connectionsacademy.org,KARY,ANDERSON,(801)298-6660,kanderson@uca.connectionsacademy.org,No,Yes,Yes,https://www.connexus.com/library/default.aspx?lineage=%2fHome%2f2018-2019+School+Handbooks%2f&category=2017-2018+School+Handbooks,No,-9,No,-9,-9,-9,-9,-9,-9,-9,-9,-9,-9,-9,-9,-9,-9,-9,Yes,Yes,No,No,No
UT,UTAH,4900155,Endeavor Hall,2614 S DECKER LAKE LANE,WEST VALLEY CITY,84119,No,498,0,1,Yes,Yes,Yes,GORDON,KENER,801-972-1153,gordon.kener@endeavorhall.org,GORDON,KENER,801-972-1153,gordon.kener@endeavorhall.org,GORDON,KENER,801-972-1153,gordon.kener@endeavorhall.org,No,Yes,Yes,https://endeavorhall.org/dynamic/content/1083/196/parent%20and%20student%20handbook%20rev%2009-10-2018.docx.pdf,No,-9,No,-9,-9,-9,-9,-9,-9,-9,-9,-9,-9,-9,-9,-9,-9,-9,Yes,No,No,Yes,No
UT,UTAH,4900156,Highmark Charter School,2467 EAST SOUTH WEBER DRIVE,SOUTH WEBER,84405,No,677,0,1,Yes,Yes,Yes,MARY,JOHNSTON,801-476-4627,mjohnston@hmcharterschool.org,MARY,JOHNSTON,801-476-4627,mjohnston@hmcharterschool.org,MARY,JOHNSTON,801-476-4627,mjohnston@hmcharterschool.org,No,Yes,Yes,https://blogs.hmcharterschool.org/uploads/document/attachment/129/POLICIES_AND_PROCEDURES_MANUAL_HMCS.pdf,No,-9,No,-9,-9,-9,-9,-9,-9,-9,-9,-9,-9,-9,-9,-9,-9,-9,Yes,No,No,Yes,No
UT,UTAH,4900157,Promontory School of Expeditionary Learning,1051 W 2700 S,PERRY,84302,No,460,0,1,Yes,Yes,Yes,JAMIE,MCKAY,4359191900,jmckay@promontoryschool.org,JAMIE,MCKAY,4359191900,jmckay@promontoryschool.org,JAMIE,MCKAY,4359191900,jmckay@promontoryschool.org,No,Yes,Yes,https://docs.wixstatic.com/ugd/d3e5ff_14f1b1baf928450a88e20adeb2e527aa.pdf,No,-9,No,-9,-9,-9,-9,-9,-9,-9,-9,-9,-9,-9,-9,-9,-9,-9,Yes,No,No,Yes,No
UT,UTAH,4900158,Valley Academy,539 N 870 W,HURRICANE,84737,No,350,0,1,Yes,Yes,Yes,TRACY,STEVENS,(435)635-7815,tracy@valleyacademycharter.com,TRACY,STEVENS,(435)635-7815,tracy@valleyacademycharter.com,TRACY,STEVENS,(435)635-7815,tracy@valleyacademycharter.com,No,Yes,Yes,https://valleyacademycharter.com/policies,No,-9,No,-9,-9,-9,-9,-9,-9,-9,-9,-9,-9,-9,-9,-9,-9,-9,Yes,Yes,No,No,No
UT,UTAH,4900159,Pacific Heritage Academy,1755 W 1100 N,SALT LAKE CITY,84116,No,402,0,1,Yes,Yes,Yes,JANET,STICE,(801)363-1892,janet@chartersolutions.org,JANET,STICE,(801)363-1892,janet@chartersolutions.org,BRIDGETTE,BARROWES,(801)363-1892,Bridgette.barrowes@phlearning.org,No,Yes,Yes,https://www.phlearning.org/uploads/8/2/7/0/82702740/pha_pp_manual.pdf,No,-9,No,-9,-9,-9,-9,-9,-9,-9,-9,-9,-9,-9,-9,-9,-9,-9,Yes,Yes,No,No,No
UT,UTAH,4900160,Voyage Academy,1891 N. 1500 W.,CLINTON,84015,No,536,0,1,Yes,Yes,Yes,ANNA,STANTON,8017764900,astanton@voyageacademyutah.org,ANNA,STANTON,8017764900,astanton@voyageacademyutah.org,KARREN,PYFER,8017764900,KPyfer@voyageacademyutahorg.onmicrosoft.com,No,Yes,Yes,https://1.cdn.edl.io/Eq62W1u1ZcywX949PGQg6A6DJ4DyYeSjs2D7JAXd9wwYrwsv.pdf,No,-9,No,-9,-9,-9,-9,-9,-9,-9,-9,-9,-9,-9,-9,-9,-9,-9,Yes,No,No,Yes,No
UT,UTAH,4900161,Esperanza School,4956 W 3500 S,WEST VALLEY CITY,84120,No,504,0,1,Yes,Yes,Yes,JULIA,BARRIENTOS,8013051450x305,julia.barrientos@esperanzaelementary.org,EULOGIO,ALEJANDRE,8013051450x304,eulogio.alejandre@esperanzaelementary.org,JULIA,BARRIENTOS,8013051450x305,julia.barrientos@esperanzaelementary.org,No,Yes,Yes,http://www.esperanzaelementary.org/uploads/7/1/6/4/71649173/esperanza_elementary_anti-bullying_policy___protocol_2017.pdf,No,-9,No,-9,-9,-9,-9,-9,-9,-9,-9,-9,-9,-9,-9,-9,-9,-9,Yes,Yes,No,No,No
UT,UTAH,4900162,Leadership Learning Academy,100 W. 2675 North,LAYTON,84041,No,846,0,2,Yes,Yes,Yes,HEIDI,BAUERLE,801-593-9552,hbauerle@llacharter.org,HEIDI,BAUERLE,801-593-9552,hbauerle@llacharter.org,HEIDI,BAUERLE,801-593-9552,hbauerle@llacharter.org,No,Yes,Yes,www.llacharter.org,No,-9,No,-9,-9,-9,-9,-9,-9,-9,-9,-9,-9,-9,-9,-9,-9,-9,Yes,Yes,No,Yes,No
UT,UTAH,4900165,Mana Academy Charter School,2355 South Technology Drive,WEST VALLEY CITY,84119,No,320,0,1,Yes,Yes,Yes,SILVIA,GARCIA,8010726262,sgarcia@themanaacademy.org,SILVIA,GARCIA,8019726262,sgarcia@themanaacademy.org,EDITH,PARK,8019726262,epark@themanaacademy.org,No,Yes,Yes,www.themanaacademy.org,No,-9,No,-9,-9,-9,-9,-9,-9,-9,-9,-9,-9,-9,-9,-9,-9,-9,Yes,Yes,No,No,No
UT,UTAH,4900166,Utah International Charter School,350 East Baird Circle,SALT LAKE CITY,84115,No,243,0,1,Yes,Yes,Yes,IVY,FARGUHESON,385-290-1306,ifarguheson@utahinternational.org,ANGELA,ROWLAND,385-290-1306,arowland@utahinternational.org,IVY,FARGUHESON,385-290-1306,ifarguheson@utahinternational.org,No,Yes,Yes,http://utahinternational.org/?page_id=1847,No,-9,No,-9,-9,-9,-9,-9,-9,-9,-9,-9,-9,-9,-9,-9,-9,-9,No,-9,-9,-9,-9
UT,UTAH,4900167,Weber State University Charter Academy,1351 Edvalson Street,OGDEN,84408,No,32,0,1,Yes,Yes,Yes,CAMIE,BEARDEN,801-626-6271,cbearden@weber.edu,CAMIE,BEARDEN,801-626-6271,cbearden@weber.edu,CAMIE,BEARDEN,801-626-6271,cbearden@weber.edu,No,Yes,Yes,https://www.weber.edu/charteracademy/Policies.html,No,-9,No,-9,-9,-9,-9,-9,-9,-9,-9,-9,-9,-9,-9,-9,-9,-9,Yes,No,No,Yes,No
UT,UTAH,4900168,Winter Sports School,4251 Shadow Mountain Drive,PARK CITY,84098,No,114,0,1,Yes,Yes,Yes,TESS,MINER-FARRA,(435)649-8760,tminerfarra@wintersportsschool.org,TESS,MINER-FARRA,(435)649-8760,tminerfarra@wintersportsschool.org,AMY,TROMBETTI,(435)229-7366,spedco.director@gmail.com,No,Yes,Yes,http://www.wintersportsschool.org/legal/,No,-9,No,-9,-9,-9,-9,-9,-9,-9,-9,-9,-9,-9,-9,-9,-9,-9,No,-9,-9,-9,-9
UT,UTAH,4900169,Dixie Montessori Academy,1160 N 645 W,WASHINGTON,84780,No,409,0,1,Yes,Yes,Yes,CHERYL,ASHCRAFT,435-251-8539,cashcraft@dixiemontessoriacademy.org,CHERYL,ASHCRAFT,435-251-8539,cashcraft@dixiemontessoriacademy.org,JULIE,ATWOOD,435-251-8539,jatwood@dixiemontessoriacademy.org,No,Yes,Yes,www.dixiemontessoriacademy.org,No,-9,No,-9,-9,-9,-9,-9,-9,-9,-9,-9,-9,-9,-9,-9,-9,-9,Yes,No,No,Yes,No
UT,UTAH,4900170,Scholar Academy,928 N 100 E,TOOELE,84074,No,540,0,1,Yes,Yes,Yes,SANDY,SHEPARD,435-566-6957,sshepard@scholarcharter.org,SANDY,SHEPARD,435-566-6957,sshepard@scholarcharter.org,SANDY,SHEPARD,435-566-6957,sshepard@scholarcharter.org,No,Yes,Yes,http://www.scholarcharter.org/policies.html,No,-9,No,-9,-9,-9,-9,-9,-9,-9,-9,-9,-9,-9,-9,-9,-9,-9,Yes,Yes,No,Yes,No
UT,UTAH,4900171,Utah Career Path High School,550 E 300 S RM 2025,KAYSVILLE,84037,No,166,0,1,Yes,Yes,Yes,STACEY,HUTCHINGS,(801)593-2440,stacey.hutchings@utahcph.org,STACEY,HUTCHINGS,(801)593-2440,stacey.hutchings@utahcph.org,RYAN,WELCH,(801)593-2440,ryan.welch@utahcph.org,No,Yes,Yes,https://careerpathhigh.org/dynamic/content/1224/108/bullying%20and%20hazing%20policy%20revised%204-11-17.pdf,No,-9,No,-9,-9,-9,-9,-9,-9,-9,-9,-9,-9,-9,-9,-9,-9,-9,No,-9,-9,-9,-9
UT,UTAH,4900172,American International School of Utah,4998 S. Galleria Drive,MURRAY,84123,No,1358,0,1,Yes,Yes,Yes,SHON,NIELSEN,801-989-7191,shon.nielsen@aisutah.org,SHON,NEILSEN,801-989-7191,shon.nielsen@aisutah.org,SIDNIE,OLSEN,801-989-7191,sidnie.olsen@aisutah.org,No,Yes,Yes,"https://www.myaisu.org/dynamic/content/1199/412/aisu%20complaint%20policy%20(charter,%20appendix%20e).pdf",No,-9,No,-9,-9,-9,-9,-9,-9,-9,-9,-9,-9,-9,-9,-9,-9,-9,Yes,No,Yes,Yes,No
UT,UTAH,4900174,Ascent Academies of Utah,5662 West 8200 South,West Jordan,84081,No,1924,0,3,Yes,Yes,Yes,WADE,GLATHAR,3852750909,WGLATHAR@ASCENTUTAH.ORG,WADE,GLATHAR,3852750909,WGLATHAR@ASECENTUTAH.ORG,WADE,GLATHAR,3852750909,WGLATHAR@ASCENTUTAH.ORG,No,Yes,Yes,https://s3.amazonaws.com/scschoolfiles/1683/notice_of_nondiscrimination_-_aau.pdf,No,-9,No,-9,-9,-9,-9,-9,-9,-9,-9,-9,-9,-9,-9,-9,-9,-9,Yes,No,No,Yes,No
UT,UTAH,4900175,Mountain West Montessori Academy,4125 West Foxview Drive,South Jordan,84009,No,489,0,1,Yes,Yes,Yes,ANGIE,JOHNSON,8015804972,ajohnson@mwmacademy.org,ANGIE,JOHNSON,8015804972,ajohnson@mwmacademy.org,AMBER,HORROCKS,8015666962,ahorrocks@mwmacademy.org,No,Yes,Yes,https://mwmacademy.org/uploads/document/attachment/125/Notice-of-Nondiscrimination-OCR-APPROVED-3-19-18-MWMA.pdf,No,-9,No,-9,-9,-9,-9,-9,-9,-9,-9,-9,-9,-9,-9,-9,-9,-9,Yes,No,No,Yes,No
UT,UTAH,4900176,Utah Military Academy,5120 S. 1050 W.,RIVERDALE,84405,No,781,0,2,Yes,Yes,Yes,JORDON,CHANDLER,8016893013,jchandler@utahmilitaryacademy.org,JORDON,CHANDLER,8016893013,jchandler@utahmilitaryacademy.org,MATT,THROCKMORTON,8016893013,matt@utahmilitaryacademy.org,No,Yes,Yes,https://utahmilitaryacademy.org/policies-procedures,No,-9,No,-9,-9,-9,-9,-9,-9,-9,-9,-9,-9,-9,-9,-9,-9,-9,No,-9,-9,-9,-9
UT,UTAH,4900177,Greenwood Charter School,840 N. Hwy. 89,Harrisville,84404,No,359,0,1,Yes,Yes,Yes,JESSIE,KIDD,801-590-2972,jkidd@greenwoodcharter.org,JESSIE,KIDD,801-590-2972,jkidd@greenwoodcharter.org,JESSIE,KIDD,801-590-2972,jkidd@greenwoodcharter.org,No,Yes,Yes,https://greenwoodcharter.org/dynamic/content/1068/462/anti_discrimination_and_bullying_policy_2017-2018.pdf,No,-9,No,-9,-9,-9,-9,-9,-9,-9,-9,-9,-9,-9,-9,-9,-9,-9,Yes,Yes,Yes,Yes,No
UT,UTAH,4900178,Roots Charter High School,2250 South 1300 West,WEST VALLEY CITY,84119,No,182,0,1,Yes,Yes,Yes,TYLER,BASTIAN,385-715-2591,tyler@rootshigh.org,TYLER,BASTIAN,385-715-2591,tyler@rootshigh.org,ALISA,AMANI,385-715-2591,aamani@rootshigh.org,No,Yes,Yes,https://www.rootshigh.org/bullying-policy.html,No,-9,No,-9,-9,-9,-9,-9,-9,-9,-9,-9,-9,-9,-9,-9,-9,-9,No,-9,-9,-9,-9
UT,UTAH,4900179,Terra Academy,267 Aggie Blvd.,VERNAL,84078,No,622,0,1,Yes,Yes,Yes,MEGAN,MCDONALD,844-322-6562,mmcdonald@theterraacademy.org,CASSIE,HAYS,844-322-6562,chays@theterraacademy.org,LORIE,MEEKS,844-322-6562,lmeeks@theterraacademy.org,No,Yes,Yes,https://docs.google.com/document/d/11Iu9Okb3lDGaXvy-gvUDKb5dYR8By4ahQRju7Z7elcA/edit,No,-9,No,-9,-9,-9,-9,-9,-9,-9,-9,-9,-9,-9,-9,-9,-9,-9,Yes,No,No,Yes,No
UT,UTAH,4900180,Daggett District,196 W 200 N,MANILA,84046,No,202,0,4,Yes,Yes,Yes,BRUCE,NORTHCOTT,435-784-3174,bnorthcott@dsdf.org,BRUCE,NORTHCOTT,435-784-3174,bnorthcott@dsdf.org,CAMIILLE,CLEGG,435-784-3174,cclegg@dsdf.org,No,Yes,Yes,https://dsdf.org,No,-9,Yes,No,No,Yes,No,No,Yes,Yes,0,0,8,1,Yes,-9,-9,-9,Yes,No,No,Yes,No
UT,UTAH,4900181,Athenian eAcademy,765 E. 340 S. Suite 203,AMERICAN FORK,84003,No,529,0,1,Yes,Yes,Yes,MARLENE,SWASEY,385-715-5400,marleneswasey@aea.rocks,MARLENE,SWASEY,385-715-5400,maleneswasey@aea.rocks,MARLENE,SWASEY,385-715-5400,marleneswasey@aea.rocks,Yes,Yes,Yes,www.aea.rocks,No,-9,No,-9,-9,-9,-9,-9,-9,-9,-9,-9,-9,-9,-9,-9,-9,-9,Yes,Yes,No,No,No
UT,UTAH,4900182,Lumen Scholar Institute,1353 West 760 North,OREM,84057,No,518,0,1,Yes,Yes,Yes,ROSANNA,WEEKS,8019879497,rweeks@lumenscholar.org,ROSANNA,WEEKS,8019879497,rweeks@lumenscholar.org,ROSANNA,WEEKS,8019879497,rweeks@lumenscholar.org,No,Yes,Yes,https://simbli.eboardsolutions.com/ePolicy/policy.aspx?PC=1105&Sch=3561&S=3561&C=1100&RevNo=1.01&T=A&Z=P&St=ADOPTED&PG=6&SN=true,No,-9,No,-9,-9,-9,-9,-9,-9,-9,-9,-9,-9,-9,-9,-9,-9,-9,Yes,No,No,Yes,No
UT,UTAH,4900183,Vanguard Academy,2650 South Decker Lake Lane,WEST VALLEY CITY,84119,No,441,0,1,Yes,Yes,Yes,JONIE,JENKINS,801-327-8724,jonie.jenkins@vanguardcharter.org,JONIE,JENKINS,801-327-8724,jonie.jenkins@vanguardcharter.org,SHIREE,REYNOLDS,801-327-8724,shiree.reynolds@vanguardcharter.org,No,Yes,Yes,http://ww.vanguardcharter.org/wp-content/uploads/2018/08/3159_001.pdf,No,-9,No,-9,-9,-9,-9,-9,-9,-9,-9,-9,-9,-9,-9,-9,-9,-9,No,-9,-9,-9,-9
UT,UTAH,4900184,Wallace Stegner Academy,980 S. Bending River Ct.,SALT LAKE CITY,84104,No,567,580,1,Yes,Yes,Yes,ANTHONY,SUDWEEKS,8014569570,asudweeks@wsacharter.org,ANTHONY,SUDWEEKS,8014569570,asudweeks@wsacharter.org,ANTHONY,SUDWEEKS,8014569570,asudweeks@wsacharter.org,No,Yes,Yes,https://wsacharter.org/policies-and-handbooks,No,-9,No,-9,-9,-9,-9,-9,-9,-9,-9,-9,-9,-9,-9,-9,-9,-9,Yes,Yes,No,No,No
UT,UTAH,4900185,Wasatch Waldorf Charter School,1458 East Murray-Holladay Road,HOLLADAY,84117,No,554,0,1,Yes,Yes,Yes,EMILY,MERCHANT,8018713950,emerchant@wasatchwaldorf.org,EMILY,MERCHANT,8018713950,emerchant@wasatchwaldorf.org,KARA,SALISBURY,8018713950,ksalisbury@wasatchwaldorf.org,No,Yes,Yes,http://wasatchwaldorf.org/wp-content/uploads/2019/01/Anti-Discrimination-and-Harassment-Policy.pdf,No,-9,No,-9,-9,-9,-9,-9,-9,-9,-9,-9,-9,-9,-9,-9,-9,-9,Yes,No,No,Yes,No
UT,UTAH,4900186,American Academy of Innovation,5410 S Jordan Pkwy,South Jordan,84009,No,313,0,1,Yes,Yes,Yes,SCOTT,JONES,801-810-4786,scott.jones@aaiutah.org,SCOTT,JONES,801-810-4786,scott.jones@aaiutah.org,SCOTT,JONES,801-810-4786,scott.jones@aaiutah.org,No,Yes,Yes,https://aaiutah.org/handbook/,No,-9,No,-9,-9,-9,-9,-9,-9,-9,-9,-9,-9,-9,-9,-9,-9,-9,No,-9,-9,-9,-9
UT,UTAH,4900187,Franklin Discovery Academy,320 E. Gammon Road,VINEYARD,84058,No,498,0,1,Yes,Yes,Yes,KATIE,BARKER,8017856500,katie.barker@franklindiscovery.org,KATIE,BARKER,8017856500,katie.barker@franklindiscovery.org,KATIE,BARKER,8017856500,katie.barker@franklindiscovery.org,No,Yes,Yes,https://docs.google.com/document/d/1KhiErycOoPPBOMe38ezgSZYYXE63XaW1IhYhc_oQNXQ/edit?usp=sharing,No,-9,No,-9,-9,-9,-9,-9,-9,-9,-9,-9,-9,-9,-9,-9,-9,-9,Yes,No,No,Yes,No
UT,UTAH,4900188,St. George Academy,1995 Dove Circle,SANTA CLARA,84765,No,203,0,1,Yes,Yes,Yes,DAVID,JONES,(435) 319-0105,djones@stgacademy.org,DAVID,JONES,(435) 319-0105,djones@stgacademy.org,KAREN,JANE,(435) 319-0105,karen-jane@stgacademy.org,No,Yes,Yes,http://www.stgacademy.org/sga-policies/,No,-9,No,-9,-9,-9,-9,-9,-9,-9,-9,-9,-9,-9,-9,-9,-9,-9,No,-9,-9,-9,-9
UT,UTAH,4900189,Athlos Academy of Utah,12309 Mustang Trail Way,HERRIMAN,84096,No,874,0,1,Yes,Yes,Yes,DOVETTA,FLOWERS,(801)438-4619,dflowers@athlosutah.org,DOVETTA,FLOWERS,(801)438-4619,dflowers@athlosutah.org,DOVETTA,FLOWERS,(801)438-4619,dflowers@athlosutah.org,No,Yes,Yes,https://www.athlosutah.org/wp-content/uploads/bsk-pdf-manager/5401_-_Anti-Bullying_55.pdf,No,-9,No,-9,-9,-9,-9,-9,-9,-9,-9,-9,-9,-9,-9,-9,-9,-9,Yes,No,No,Yes,No
UT,UTAH,4900192,Treeside Charter School,1724 South State Street,PROVO,84606,No,433,0,1,Yes,Yes,Yes,DENA,LUNDGREEN,385-309-1668,dlundgreen@treesidecharter.org,DENA,LUNDGREEN,385-309-1668,dlundgreen@treesidecharter.org,DENA,LUNDGREEN,385-309-1668,dlundgreen@treesidecharter.org,No,Yes,Yes,https://treesidecharter.org/policy-manual,No,-9,No,-9,-9,-9,-9,-9,-9,-9,-9,-9,-9,-9,-9,-9,-9,-9,Yes,Yes,No,Yes,No
UT,UTAH,4900193,The Center for Creativity Innovation and Discovery,PO Box 693,PROVIDENCE,84332,No,348,0,1,Yes,Yes,Yes,LAURA,BANDA,4352587097,laura.banda@ccidschool.org,LAURA,BANDA,4352587097,laura.banda@ccidschool.org,LAURA,BANDA,4352587097,laura.banda@ccidschool.org,No,Yes,Yes,https://ccidschool.org/wp-content/uploads/2018/08/Bullying-Cyber-Bullying-Hazing-and-Retaliation-Policy.pdf,No,-9,No,-9,-9,-9,-9,-9,-9,-9,-9,-9,-9,-9,-9,-9,-9,-9,Yes,Yes,No,Yes,No
UT,UTAH,4900195,Bonneville Academy,800 W Montauk Lane,STANSBURY PARK,84074,No,627,0,1,Yes,Yes,Yes,LAUREL,MARDEN,435-315-2080,laurel.marden@bonnevilleacademy.org,LAUREL,MARDEN,435-315-2080,laurel.marden@bonnevilleacademy.org,ERNIE,NIX,435-315-2080,ernie.nix@bonnevilleacademy.org,No,Yes,Yes,https://bonnevilleacademy.org/wp-content/uploads/2017/07/Discrimination-Policy.pdf,No,-9,No,-9,-9,-9,-9,-9,-9,-9,-9,-9,-9,-9,-9,-9,-9,-9,Yes,No,No,Yes,No
UT,UTAH,4900196,Leadership Academy of Utah,1366 S. Legend Hills Dr. Ste.,CLEARFIELD,84015,No,268,0,1,Yes,Yes,Yes,PETER,JENSEN,800-200-6869 x144,Pete@lautah.org,PETER,JENSEN,800-200-6869 x144,Pete@lautah.org,KATE,CHANEY,800-200-6869 x155,Kate@lautah.org,No,Yes,Yes,https://www.lautah.org/board-policies-and-reports/,No,-9,No,-9,-9,-9,-9,-9,-9,-9,-9,-9,-9,-9,-9,-9,-9,-9,No,-9,-9,-9,-9
UT,UTAH,4900197,Real Salt Lake Academy High School,"14787 South Academy Parkway, Building B",HERRIMAN,84096,No,246,27,1,Yes,Yes,Yes,GRANT,STOCK,385-474-9052,gstock@rslacademy.org,GRANT,STOCK,385-474-9052,gstock@rslacademy.org,HEATHER,FARNSWORTH,385-474-9052,hfarnsworth@rslacademy.org,No,Yes,Yes,http://rslacademy.org/dynamic/content/1104/146/rsl%20academy%20student-parent%20handbook.pdf,No,-9,No,-9,-9,-9,-9,-9,-9,-9,-9,-9,-9,-9,-9,-9,-9,-9,No,-9,-9,-9,-9
UT,UTAH,4900210,Davis District,P O BOX 588,FARMINGTON,84025,No,74068,0,91,Yes,Yes,Yes,BERNARDO,VILLAR,801-402-5186 x 5319,bvillar@dsdmail.net,BERNARDO,VILLAR,801-402-5186 x 5319,bvillar@dsdmail.net,MIDORI,CLOUGH,801-402-5186 x 5180,mclough@dsdmail.net,No,Yes,Yes,www.davis.k12.ut.us/district/administration/policy-manual/section-5-student-services,Yes,Yes,Yes,Yes,Yes,Yes,Yes,Yes,Yes,Yes,108,694,1265,157,Yes,-9,-9,-9,Yes,Yes,No,Yes,No
UT,UTAH,4900240,Duchesne District,1010 East 200 North,ROOSEVELT,84066,No,5245,0,14,Yes,Yes,Yes,SCOTT,FORSYTH,435-725-4520,sforsyth@dcsd.org,SCOTT,FORSYTH,435-725-4520,sforsyth@dcsd.org,JANALEE,GOODRICH,435-725-4452,jgoodrich@dcsd.org,No,Yes,Yes,http://www.dcsd.org/school-board-08aaf454/policies-2fff229f,No,-9,Yes,No,No,Yes,Yes,Yes,Yes,Yes,0,54,75,19,No,Yes,Yes,Yes,Yes,No,No,Yes,No
UT,UTAH,4900270,Emery District,P.O. BOX 120,HUNTINGTON,84528,No,2296,0,10,Yes,Yes,Yes,JED,JENSEN,435-687-9846,jed@emeryschools.org,RALPH,WORTHEN,435-687-9846,ralph@emeryschools.org,RYAN,MAUGHAN,435-687-9846,ryanm@emeryschools.org,No,Yes,Yes,http://www.emeryschools.org/District/Board-Policy-Manual,No,-9,Yes,No,No,Yes,Yes,Yes,Yes,Yes,0,44,60,35,Yes,-9,-9,-9,Yes,Yes,No,Yes,No
UT,UTAH,4900300,Garfield District,P O BOX 398,PANGUITCH,84759,No,973,0,9,Yes,Yes,Yes,CHRIS,KUPFER,435-590-8144,chris@kane.k12.ut.us,CHRIS,KUPFER,435-590-8144,chris@kane.k12.ut.us,CHRIS,KUPFER,435-590-8144,chris@kane.k12.ut.us,No,Yes,Yes,http://legacy.garfk12.org/images/docs/GCSD_Bullying_and_Hazing_Policy_wSignature_Page_7_23_2013.pdf,No,-9,Yes,No,No,Yes,Yes,Yes,Yes,Yes,0,27,27,28,Yes,-9,-9,-9,Yes,No,No,Yes,No
UT,UTAH,4900330,Grand District,264 S 400 E,MOAB,84532,No,1501,0,4,Yes,Yes,Yes,SHERRIE,BUCKINGHAM,435-259-3847,buckinghams@grandschools.org,SHERRIE,BUCKINGHAM,435-259-3847,buckinghams@grandschools.org,SHERRIE,BUCKINGHAM,435-259-3847,buckinghams@grandschools.org,No,Yes,Yes,http://www.grandschools.org/dopolicies,No,-9,No,-9,-9,-9,-9,-9,-9,-9,-9,-9,-9,-9,-9,-9,-9,-9,Yes,Yes,No,No,No
UT,UTAH,4900360,Granite District,2500 S STATE STREET,SALT LAKE CITY,84115,No,68105,0,89,Yes,Yes,Yes,CHARLENE,LUI,385-646-4205,CLUI@GRANITESCHOOLS.ORG,CHARLENE,LUI,385-646-4205,CLUI@GRANITESCHOOLS.ORG,NOELLE,CONVERSE,385-646-7336,NCONVERSE@GRANITESCHOOLS.ORG,No,Yes,Yes,https://cdn-59bd6cf5f911c923e82ee0ee.closte.com/wp-content/uploads/sites/22/2019/01/V.C.-1.-Prohibition-of-Discrimination-Harassment-and-Retaliation-1.pdf,No,-9,Yes,No,No,Yes,Yes,Yes,Yes,Yes,0,878,1559,176,No,Yes,Yes,Yes,Yes,Yes,No,Yes,No
UT,UTAH,4900390,Iron District,2077 W ROYAL HUNTE DRIVE,CEDAR CITY,84720,No,9562,0,17,Yes,Yes,Yes,KEVIN,GARRETT,435-586-2804,kevin.garrett@ironmail.org,KEVIN,GARRETT,435-586-2804,kevin.garrett@ironmail.org,KEVIN,GARRETT,435-586-2804,kevin.garrett@ironmail.org,No,Yes,Yes,irondistrict.org,No,-9,Yes,Yes,Yes,Yes,Yes,Yes,Yes,Yes,0,125,214,11,Yes,-9,-9,-9,Yes,Yes,No,Yes,No
UT,UTAH,4900420,Jordan District,7387 S CAMPUS VIEW DRIVE,WEST JORDAN,84084,No,54370,0,55,Yes,Yes,Yes,JUNE,MARTIN-LEMASTER,801-567-8223,june.lemaster@jordandistrict.org,JUNE,JUNE,801-567-8223,june.lemaster@jordandistrict.org,JUNE,JUNE,801-567-8223,june.lemaster@jordandistrict.org,No,Yes,Yes,http://policy.jordandistrict.org/as098/,Yes,Yes,Yes,No,No,Yes,Yes,Yes,Yes,Yes,10,380,588,54,No,Yes,Yes,Yes,Yes,Yes,No,Yes,No
UT,UTAH,4900450,Juab District,346 E 600 N,NEPHI,84648,No,2549,0,5,Yes,Yes,Yes,RICK,ROBINS,435-623-1940,rick.robins@juabsd.org,RICK,ROBINS,435-623-1940,rick.robins@juabsd.org,ROYD,DARRINGTON,435-623-1940,royd.darrington@juabsd.org,No,Yes,Yes,www.juabsd.org,No,-9,Yes,No,No,Yes,Yes,Yes,Yes,Yes,0,8,11,13,Yes,-9,-9,-9,Yes,No,No,Yes,No
UT,UTAH,4900480,Kane District,746 S 175 E,KANAB,84741,No,1327,0,10,Yes,Yes,Yes,MANDIE,LUCE,435-644-5800,lucem@kane.k12.ut.us,BEN,DALTON,435-644-2555,daltonb@kane.k12.ut.us,CHRIS,KUPFER,435-644-2555,chris@kane.k12.ut.us,No,Yes,Yes,http://www.kane.k12.ut.us/docs/Policies/Policy%20F-2015/FHAB%20Safe%20Schools%20Sexual%20Harassment.pdf,No,-9,Yes,Yes,Yes,Yes,Yes,Yes,Yes,Yes,0,21,43,10,Yes,-9,-9,-9,Yes,Yes,No,Yes,No
UT,UTAH,4900510,Logan City District,101 W CENTER,LOGAN,84321,No,5887,0,10,Yes,Yes,Yes,DAVID,LONG,4357552300,david.long@loganschools.org,DAVID,LONG,4357552300,david.long@loganschools.org,MARCI,ELLIOTT,4357552300,marci.elliott@loganschools.org,No,Yes,Yes,https://www.loganschools.org/516-discrimination-and-harassment,No,-9,Yes,No,No,Yes,No,Yes,Yes,Yes,0,41,206,88,Yes,-9,-9,-9,Yes,No,No,Yes,No
UT,UTAH,4900540,Millard District,285 E 450 N,DELTA,84624,No,3023,0,9,Yes,Yes,Yes,GEORGE,RICHARDSON,435-864-1033,george.richardson@millardk12.org,GEORGE,RICHARDSON,735-864-1033,george.richardson@millardk12.org,GREG,CHAPPELL,435-864-1044,greg.chappell@millardk12.org,No,Yes,Yes,www.millardk12.org/images/bofe/policy/Article6/6105.pdf,No,-9,Yes,No,No,Yes,Yes,Yes,Yes,No,0,13,111,0,Yes,-9,-9,-9,Yes,Yes,No,Yes,No
UT,UTAH,4900570,Morgan District,P O BOX 530,MORGAN,84050,No,3106,0,5,Yes,Yes,Yes,DOUGLAS,JACOBS,801 829-3411,djacobs@morgansd.org,DOUGLAS,JACOBS,801 829-3411,DJACOBS@MORGANSD.ORG,DOUGLAS,JACOBS,801 829-3411,djacobs@morgansd.org,No,Yes,Yes,https://www.morgansd.org/,No,-9,Yes,No,No,Yes,No,Yes,Yes,Yes,0,22,31,18,No,Yes,Yes,Yes,Yes,No,No,Yes,No
UT,UTAH,4900600,Murray District,5102 S. Commerce Drive,MURRAY,84107,No,6556,0,11,Yes,Yes,Yes,DARREN,DEAN,801-264-7400,ddean@murrayschools.org,DARREN,DEAN,801-264-7400,ddean@murrayschools.org,KELLI,KERCHER,801-264-7400,kkercher@murrayschools.org,No,Yes,Yes,https://cdn-5b7602e2f911cb0ac41f63fa.closte.com/wp-content/uploads/2019/04/PS-418-BULLYING-HAZING-09-13-2018.pdf,Yes,No,Yes,No,No,Yes,Yes,Yes,Yes,Yes,0,10,35,8,Yes,-9,-9,-9,Yes,Yes,No,Yes,No
UT,UTAH,4900630,Nebo District,350 S MAIN,SPANISH FORK,84660,No,33694,0,45,Yes,Yes,Yes,DAVID,GNEITING,(801)354-7440,david.gneiting@nebo.edu,DAVID,GNEITING,(801)354-7440,david.gneiting@nebo.edu,DAVID,GNEITING,(801)354-7440,david.gneiting@nebo.edu,No,Yes,Yes,http://www.nebo.edu/pubpolicy/J/JDD.pdf,No,-9,Yes,Yes,No,Yes,Yes,Yes,Yes,Yes,10,220,451,57,No,Yes,Yes,Yes,Yes,Yes,No,Yes,No
UT,UTAH,4900660,North Sanpete District,220 E 700 S,MT PLEASANT,84647,No,2603,0,8,Yes,Yes,Yes,SAMUEL L,RAY,435-462-2485,sam.ray@nsanpete.org,SAMUEL L,RAY,435-462-2485,sam.ray@nsanpete.org,SAMUEL L,RAY,435-462-2485,sam.ray@nsanpete.org,No,Yes,Yes,https://www.nsanpete.org/districtpolicies/districtpoliciesstudents/151-safe-schools-and-student-discipline.html,No,-9,Yes,No,No,Yes,Yes,Yes,Yes,Yes,0,38,67,17,Yes,-9,-9,-9,Yes,Yes,No,Yes,No
UT,UTAH,4900690,North Summit District,BOX 497,COALVILLE,84017,No,1085,0,4,Yes,Yes,Yes,JERRE,HOLMES,435-336-5654,jholmes@nsummit.org,JERRE,HOLMES,435-336-5654,jholmes@nsummit.org,JERRE,HOLMES,435-336-5654,jholmes@nsummit.org,No,Yes,Yes,https://www.nsummit.org/cms/lib/UT01918780/Centricity/Domain/26/PolicyFGAA.pdf,No,-9,Yes,No,Yes,Yes,Yes,Yes,Yes,Yes,0,11,22,2,Yes,-9,-9,-9,Yes,Yes,No,Yes,No
UT,UTAH,4900720,Ogden City District,1950 MONROE BLVD,OGDEN,84401,No,12980,0,21,Yes,Yes,Yes,SONDRA,JOLOVICH-MOTES,801-737-7283,jmotess@ogdensd.org,SONDRA,JOLOVICH-MOTES,801-737-7283,jmotess@ogdensd.org,KAREN,HARROP,801-737-7361,harropk@ogdensd.org,No,Yes,Yes,https://drive.google.com/file/d/0B1KCNEn8XWpZTjB0dGVsNmRKN1U/view,No,-9,Yes,No,No,Yes,No,No,No,No,15,81,99,19,No,Yes,Yes,Yes,Yes,Yes,No,Yes,No
UT,UTAH,4900750,Park City District,2700 KEARNS BLVD,PARK CITY,84060,No,4974,0,11,Yes,Yes,Yes,PATTY,SHIREY,(435)645-5600 X5011,PSHIREY@PCSCHOOLS.US,PATTY,SHIREY,(435)645-5600 X5011,PSHIREY@PCSCHOOLS.US,PATTY,SHIREY,(435)645-5600 X5011,PSHIREY@PCSCHOOLS.US,No,Yes,Yes,https://www.stopbullying.gov/,No,-9,Yes,Yes,Yes,Yes,Yes,Yes,Yes,Yes,0,50,106,1,Yes,-9,-9,-9,Yes,Yes,No,No,No
UT,UTAH,4900780,Piute District,P O BOX 69,JUNCTION,84740,No,304,0,5,Yes,Yes,Yes,SHANE,ERICKSON,435-577-2912,shane.erickson@piutek12.org,SHANE,ERICKSON,435-577-2912,shane.erickson@piutek12.org,SHANE,ERICKSON,435-577-2912,shane.erickson@piutek12.org,No,Yes,Yes,https://www.piutek12.org/board-of-education/pcsd-policies/17-2000-3000-personnel/369-bully.html,No,-9,Yes,No,No,Yes,Yes,Yes,Yes,Yes,0,16,21,1,Yes,-9,-9,-9,Yes,Yes,No,No,No
UT,UTAH,4900810,Provo City School District,280 W 940 N,PROVO,84604,Yes,16417,346,24,Yes,Yes,Yes,DOUGLAS,FINCH,801-370-4631,douglasf@provo.edu,DOUGLAS,FINCH,801-370-4631,douglasf@provo.ed,DOUGLAS,FINCH,801-370-4631,douglasf@provo.edu,No,Yes,Yes,https://provo.edu/wp-content/uploads/2018/08/08142018-3214-NON-DISCRIMINATION-AND-SEXUAL-HARASSMENT.pdf,No,-9,Yes,No,No,No,Yes,Yes,Yes,Yes,0,94,258,0,No,Yes,Yes,Yes,Yes,Yes,No,Yes,No
UT,UTAH,4900840,Rich District,P O BOX 67,RANDOLPH,84064,No,495,0,4,Yes,Yes,Yes,DALE,LAMBORN,435-793-2135 x101,dlamborn@richschool.org,DALE,LAMBORN,435-793-2135 x101,dlamborn@richschool.org,DALE,LAMBORN,435-793-2135 x101,dlamborn@richschool.org,No,Yes,Yes,https://www.richschool.org/files/user/7/file/500.pdf,No,-9,No,-9,-9,-9,-9,-9,-9,-9,-9,-9,-9,-9,-9,-9,-9,-9,Yes,Yes,No,No,No
UT,UTAH,4900870,Salt Lake City School District,440 E 100 S,SALT LAKE CITY,84111,No,23733,25,39,Yes,Yes,Yes,TINA,HATCH,801-578-8388,tina.hatch@slcschools.org,TINA,HATCH,801-578-8388,tina.hatch@slcschools.org,TINA,HATCH,801-578-8388,tina.hatch@slcschools.org,No,Yes,Yes,https://www.slcschools.org/board-of-education/policies/g-19/g-19-policy,Yes,Yes,Yes,Yes,Yes,Yes,Yes,Yes,Yes,Yes,0,201,673,82,Yes,-9,-9,-9,Yes,Yes,No,Yes,No
UT,UTAH,4900900,San Juan District,200 N MAIN STREET,BLANDING,84511,No,3207,0,12,Yes,Yes,Yes,MATTHEW,KEYES,(435)678-1270,MKEYES@SJSD.ORG,MATTHEW,KEYES,(435)678-1270,MKEYES@SJSD.ORG,ANTHONY,DONE,435-678-1222,ADONE@SJSD.ORG,No,Yes,Yes,https://www.boarddocs.com/ut/sjsd/Board.nsf/files/99QUSK7D5875/$file/1131.pdf,No,-9,Yes,Yes,No,Yes,No,No,Yes,Yes,0,37,110,10,Yes,-9,-9,-9,Yes,Yes,No,Yes,No
UT,UTAH,4900930,Sevier District,180 E 600 N,RICHFIELD,84701,No,4795,0,13,Yes,Yes,Yes,MICHAEL,WILLES,4358968214,michael.willes@seviersd.org,MICHAEL,WILLES,4358968214,michael.willes@seviersd.org,MICHAEL,WILLES,4358968214,michael.willes@seviersd.org,No,Yes,Yes,https://www.seviersd.org/index.php/parentstudents/topstudent/404-3950-student-rights-a-responsibilities-new.html,No,-9,Yes,Yes,Yes,Yes,Yes,No,No,Yes,0,0,0,94,Yes,-9,-9,-9,Yes,Yes,No,Yes,No
UT,UTAH,4900960,South Sanpete District,39 S MAIN,MANTI,84642,No,3440,27,8,Yes,Yes,Yes,ARLENE,ANDERSON,4358352261,arlene.anderson@ssanpete.org,ARLENE,ANDERSON,4358352261,arlene.anderson@ssanpete.org,AARON,PETERSON,4358352261,aaron.peterson@ssanpete.org,No,Yes,Yes,https://www.ssanpete.org/policies/j-students/634-jga-bullying-and-hazing.html?highlight=WyJqaCJd,No,-9,Yes,No,No,Yes,Yes,Yes,Yes,Yes,0,20,42,15,Yes,-9,-9,-9,Yes,Yes,No,Yes,No
UT,UTAH,4900990,South Summit District,285 East 400 South,KAMAS,84036,No,1681,1,5,Yes,Yes,Yes,SHAD,STEVENS,(435) 783-4313,sstevens@ssummit.org,LUCINDA,JOSIE,(435) 783-4301,ljosie@ssummit.org,DANIELLE,KATTERMAN,(435) 783-4318,dkatterman@ssummit.org,No,Yes,Yes,http://southsummitut.apptegy.us/o/south-summit-school-district/browse/29447,No,-9,Yes,No,No,Yes,Yes,Yes,Yes,Yes,0,6,40,10,Yes,-9,-9,-9,Yes,Yes,No,Yes,No
UT,UTAH,4901020,Tintic District,PO BOX 210,EUREKA,84628,No,251,12,5,Yes,Yes,Yes,KODEY,HUGHES,(435)433-6363,khuhges@tintic.org,KODEY,HUGHES,(435)433-6363,khughes@tintic.org,KODEY,HUGHES,(435)433-6363,khughes@tintic.org,No,Yes,Yes,https://www.tintic.org/board-of-education/policies/f-students.html,No,-9,Yes,No,No,Yes,Yes,No,Yes,Yes,0,0,12,0,Yes,-9,-9,-9,Yes,No,No,Yes,No
UT,UTAH,4901050,Tooele District,92 S LODESTONE WAY,TOOELE,84074,No,16434,0,25,Yes,Yes,Yes,DOELENE,PITT,4358331900,dpitt@tooeleschools.org,LARRY,ABRAHAM,4358331900,labraham@tooeleschools.org,MAT,JACKSON,4358331900,mjackson@tooeleschools.org,No,Yes,Yes,https://www.boarddocs.com/ut/tooelesd/Board.nsf/Public#,No,-9,Yes,No,No,Yes,Yes,Yes,Yes,Yes,0,82,216,217,Yes,-9,-9,-9,Yes,Yes,No,Yes,No
UT,UTAH,4901080,Uintah District,635 W 200 S,VERNAL,84078,No,7190,0,13,Yes,Yes,Yes,JULIE,WILDE,435-781-3100,julie.wilde@uintah.net,JULIE,WILDE,435-781-3100,julie.wilde@uintah.net,JULIE,WILDE,435-781-3100,julie.wilde@uintah.net,No,Yes,Yes,http://uintah.ss12.sharpschool.com/common/pages/DisplayFile.aspx?itemId=4702493http://uintah.ss12.sharpschool.com/common/pages/DisplayFile.aspx?itemId=2742616,Yes,No,Yes,No,No,Yes,Yes,Yes,Yes,Yes,0,78,122,16,Yes,-9,-9,-9,Yes,Yes,No,Yes,No
UT,UTAH,4901110,Wasatch District,101 E 200 N,HEBER CITY,84032,No,7037,0,9,Yes,Yes,Yes,ERIC,CAMPBELL,435-654-0280,Eric.campbell@wasatch.edu,ERIC,CAMPBELL,435-654-0280,Eric.campbell@wasatch.edu,BEN,SPRINGER,435-654-0280,ben.springer@wasatch.edu,No,Yes,Yes,https://www.wasatch.edu/site/Default.aspx?PageType=6&SiteID=1&SearchString=bullying,No,-9,Yes,No,No,No,Yes,Yes,Yes,Yes,0,1,58,128,Yes,-9,-9,-9,Yes,Yes,No,Yes,No
UT,UTAH,4901140,Washington District,121 W TABERNACLE,ST GEORGE,84770,No,31975,0,48,Yes,Yes,Yes,KAREN,BESS,435-986-5163,karen.bess@washk12.org,KAREN,BESS,435-986-5163,karen.bess@washk12.org,KAREN,BESS,435-986-5163,karen.bess@washk12.org,No,Yes,Yes,https://procedure.washk12.org/policy/2000/2115,No,-9,Yes,No,No,Yes,Yes,Yes,Yes,No,0,279,801,0,Yes,-9,-9,-9,Yes,Yes,No,Yes,No
UT,UTAH,4901170,Wayne District,P O BOX 127,BICKNELL,84715,No,475,0,4,Yes,Yes,Yes,JOHN,FAHEY,4356913000,supt.fahey@waynesd.org,JOHN,FAHEY,4356913000,supt.fahey@waynesd.org,JOHN,FAHEY,4356913000,supt.fahey@waynesd.org,No,Yes,Yes,https://www.waynesd.org/district/policies-procedures/39-district/policies-procedures/p-p-sec-f/376-fgad.html,No,-9,Yes,No,No,No,Yes,Yes,Yes,Yes,0,0,3,27,Yes,-9,-9,-9,Yes,Yes,No,No,No
UT,UTAH,4901200,Weber District,5320 S ADAMS AVE PKWY,OGDEN,84405,No,32216,128,46,Yes,Yes,Yes,BILL,GRILLZ,801-476-7876,bgrillz@wsd.net,LORI,RASMUSSEN,801-476-7852,ljrassmussen@wsd.net,GINA,BUTTER,801-476-7873,gbutter@wsd.net,No,Yes,Yes,https://wsd.net/parents-students/how-do-i/file-a-discrimination-complaint,Yes,Yes,Yes,No,No,Yes,Yes,No,Yes,Yes,0,70,148,43,Yes,-9,-9,-9,Yes,Yes,No,Yes,No
