State Postal Code,State FIPS Code,District ID,Name,Estimated Total Population,Estimated Population 5-17,Estimated number of relevant children 5 to 17 years old in poverty who are related to the householder
UT,49,30,Alpine School District,334245,88660,6237
UT,49,60,Beaver School District,6386,1480,174
UT,49,90,Box Elder School District,54079,12727,1054
UT,49,120,Cache School District,71182,19152,1457
UT,49,142,Canyons School District,225230,44379,3057
UT,49,150,Carbon School District,20295,3958,651
UT,49,180,Daggett School District,1029,185,17
UT,49,210,Davis School District,347637,82584,4701
UT,49,240,Duchesne School District,20026,4883,730
UT,49,270,Emery School District,10077,2271,352
UT,49,300,Garfield School District,5078,883,115
UT,49,330,Grand School District,10180,1568,268
UT,49,360,Granite School District,423689,83347,9907
UT,49,390,Iron School District,51001,10527,1848
UT,49,420,Jordan School District,242536,61663,3333
UT,49,450,Juab School District,10285,2710,342
UT,49,480,Kane School District,7567,1321,190
UT,49,510,Logan School District,53256,7733,1412
UT,49,540,Millard School District,12863,2978,463
UT,49,570,Morgan School District,11873,3232,133
UT,49,600,Murray School District,38577,6313,674
UT,49,630,Nebo School District,140450,39292,2609
UT,49,660,North Sanpete School District,12282,2746,452
UT,49,690,North Summit School District,5570,1131,67
UT,49,720,Ogden School District,90196,16523,3271
UT,49,750,Park City School District,27617,5174,273
UT,49,780,Piute School District,1420,275,65
UT,49,810,Provo School District,131730,18430,2376
UT,49,840,Rich School District,2391,518,66
UT,49,870,Salt Lake City School District,205617,29608,4406
UT,49,900,San Juan School District,14850,3364,956
UT,49,930,Sevier School District,21316,4721,660
UT,49,960,South Sanpete School District,17753,3140,383
UT,49,990,South Summit School District,7919,1705,71
UT,49,1020,Tintic School District,965,185,28
UT,49,1050,Tooele School District,67456,16796,1216
UT,49,1080,Uintah School District,35150,8654,1236
UT,49,1110,Wasatch School District,32106,7760,490
UT,49,1140,Washington School District,165662,32801,3971
UT,49,1170,Wayne School District,2719,525,110
UT,49,1200,Weber School District,161573,35597,2810
