State Postal Code,State FIPS Code,District ID,Name,Estimated Total Population,Estimated Population 5-17,Estimated number of relevant children 5 to 17 years old in poverty who are related to the householder
NJ,34,690,Alexandria Township School District,4810,551,15
NJ,34,720,Allamuchy Township School District,4244,515,16
NJ,34,750,Allendale Borough School District,6816,979,20
NJ,34,780,Allenhurst Borough School District,492,53,7
NJ,34,840,Alpha Borough School District,2329,338,32
NJ,34,870,Alpine Borough School District,1905,331,14
NJ,34,900,Andover Regional School District,6553,936,35
NJ,34,1020,Atlantic Highlands Borough School District,4353,285,16
NJ,34,1110,Avalon Borough School District,1283,77,14
NJ,34,1140,Avon-by-the-Sea Borough School District,1888,240,12
NJ,34,1200,Bass River Township School District,1445,95,11
NJ,34,1230,Bay Head Borough School District,1007,133,15
NJ,34,1290,Beach Haven Borough School District,1213,61,10
NJ,34,1440,Belvidere Town School District,2638,453,31
NJ,34,1710,Bethlehem Township School District,3934,496,8
NJ,34,1800,Blairstown Township School District,7491,612,30
NJ,34,1890,Bloomsbury Borough School District,858,142,8
NJ,34,1980,Boonton Township School District,4335,811,17
NJ,34,2610,Califon Borough School District,1052,134,2
NJ,34,2700,Cape May City School District,3479,155,18
NJ,34,2760,Cape May Point Borough School District,280,10,3
NJ,34,3030,Chesilhurst Borough School District,1618,205,36
NJ,34,3090,Chesterfield Township School District,7651,482,13
NJ,34,3330,Clinton Town-Glen Gardner School District,4609,448,16
NJ,34,3360,Clinton Township School District,13261,1411,28
NJ,34,3510,Corbin City School District,486,72,11
NJ,34,3540,Cranbury Township School District,4018,911,25
NJ,34,3630,Deal Borough School District,745,77,22
NJ,34,3720,Delaware Township School District,4486,405,12
NJ,34,3750,Delaware Valley Regional School District,16366,907,36
NJ,34,3810,Demarest Borough School District,5117,700,28
NJ,34,4050,Eagleswood Township School District,1660,128,17
NJ,34,4080,East Amwell Township School District,3920,414,14
NJ,34,4140,East Greenwich Township School District,9634,1008,32
NJ,34,4620,Elk Township School District,4214,358,35
NJ,34,4680,Elsinboro Township School District,985,121,13
NJ,34,4830,Essex Fells Borough School District,2175,253,12
NJ,34,5130,Farmingdale Borough School District,1316,123,17
NJ,34,5250,Florham Park Borough School District,11912,1090,32
NJ,34,5280,Folsom Borough School District,1857,299,32
NJ,34,5340,Frankford Township School District,6060,539,32
NJ,34,5460,Franklin Township School District,3136,351,7
NJ,34,5520,Franklin Township School District,3105,260,15
NJ,34,5550,Fredon Township School District,3218,294,35
NJ,34,5670,Frelinghuysen Township School District,2205,172,8
NJ,34,5700,Frenchtown Borough School District,1369,121,11
NJ,34,5790,Garwood Borough School District,4446,600,32
NJ,34,5850,Gibbsboro Borough School District,2263,226,15
NJ,34,6090,Green Township School District,3437,642,37
NJ,34,6150,Greenwich Township School District,778,85,11
NJ,34,6480,Hamburg Borough School District,3148,261,22
NJ,34,6600,Hampton Borough School District,1355,125,9
NJ,34,6630,Hampton Township School District,4935,338,15
NJ,34,6720,Harding Township School District,3878,711,29
NJ,34,6810,Harmony Township School District,2589,375,17
NJ,34,6960,Haworth Borough School District,3537,523,9
NJ,34,7080,Hi-Nella Borough School District,865,112,19
NJ,34,7110,High Bridge Borough School District,3579,360,21
NJ,34,7200,Highlands Borough School District,4989,201,32
NJ,34,7320,Ho-Ho-Kus Borough School District,4273,925,14
NJ,34,7380,Holland Township School District,5221,537,16
NJ,34,7470,Hope Township School District,1907,300,14
NJ,34,7650,Interlaken Borough School District,815,82,7
NJ,34,7710,Island Heights Borough School District,1705,133,12
NJ,34,8010,Kingwood Township School District,3761,374,16
NJ,34,8070,Knowlton Township School District,3006,230,26
NJ,34,8130,Lafayette Township School District,2396,246,12
NJ,34,15150,Lake Como Borough School District,1752,223,37
NJ,34,8280,Laurel Springs Borough School District,1897,302,30
NJ,34,8310,Lavallette Borough School District,1945,182,28
NJ,34,8430,Lebanon Borough School District,1333,106,6
NJ,34,8460,Lebanon Township School District,6213,644,18
NJ,34,790,Loch Arbour School District,194,28,1
NJ,34,8910,Long Beach Island School District,6558,243,26
NJ,34,8671,Longport Borough School District,880,84,5
NJ,34,9030,Lower Alloways Creek Township School District,1692,265,36
NJ,34,9480,Mannington Township School District,1720,212,32
NJ,34,9510,Mansfield Township School District,8569,662,19
NJ,34,9840,Medford Lakes Borough School District,4152,523,10
NJ,34,9900,Mendham Borough School District,5066,670,14
NJ,34,9930,Mendham Township School District,5966,910,14
NJ,34,10170,Milford Borough School District,1206,93,3
NJ,34,10380,Monmouth Beach Borough School District,3265,316,19
NJ,34,10770,Morris Plains Borough School District,5615,925,19
NJ,34,10860,Mount Arlington Borough School District,5114,606,31
NJ,34,11010,Mountain Lakes Borough School District,4229,1138,32
NJ,34,11100,National Park Borough School District,3076,242,26
NJ,34,11190,Netcong Borough School District,3280,257,33
NJ,34,11370,Newfield Elementary School District,1609,275,30
NJ,34,11580,North Hanover Township School District,4737,384,33
NJ,34,11730,Northern Highlands Regional School District,15369,1157,31
NJ,34,11820,Northvale Borough School District,4844,591,31
NJ,34,11850,Norwood Borough School District,6006,720,34
NJ,34,11910,Oakland Borough School District,13365,1791,35
NJ,34,12150,Ogdensburg Borough School District,2308,253,22
NJ,34,12180,Old Tappan Borough School District,6019,875,36
NJ,34,12210,Oldmans Township School District,1693,267,31
NJ,34,12240,Oradell Borough School District,8359,861,16
NJ,34,12300,Oxford Township School District,2476,382,23
NJ,34,13020,Pine Valley Borough School District,12,2,0
NJ,34,13260,Pohatcong Township School District,3282,476,26
NJ,34,13380,Port Republic City School District,1096,172,15
NJ,34,13950,River Vale Township School District,10125,1404,27
NJ,34,14040,Riverton Borough School District,2763,380,22
NJ,34,14070,Rochelle Park Township School District,5790,707,36
NJ,34,14160,Rockleigh Borough School District,556,75,1
NJ,34,14220,Roosevelt Borough School District,861,138,6
NJ,34,14250,Roseland Borough School District,6018,516,32
NJ,34,14400,Rumson-Fair Haven Regional School District,13093,1008,36
NJ,34,14520,Saddle River Borough School District,3304,542,17
NJ,34,14610,Sandyston-Walpack Township School District,1892,127,6
NJ,34,14730,Sea Girt Borough School District,1816,253,7
NJ,34,14760,Sea Isle City School District,2033,153,12
NJ,34,14820,Seaside Park Borough School District,1640,61,12
NJ,34,14880,Shamong Township School District,6523,848,36
NJ,34,14970,Shrewsbury Borough School District,3783,474,11
NJ,34,15270,South Harrison Township School District,3250,366,24
NJ,34,769,South Hunterdon Regional School District,7163,754,31
NJ,34,15660,Springfield Township School District,3398,296,29
NJ,34,15720,Stanhope Borough School District,3422,321,17
NJ,34,15750,Stillwater Township School District,3950,303,25
NJ,34,15810,Stone Harbor Borough School District,833,65,3
NJ,34,15840,Stow Creek Township School District,1395,140,25
NJ,34,16020,Tabernacle Township School District,6957,817,26
NJ,34,16170,Tewksbury Township School District,5864,735,12
NJ,34,16440,Union Township School District,5786,469,10
NJ,34,16620,Upper Saddle River Borough School District,8553,1395,30
NJ,34,17040,Washington Township School District,687,87,9
NJ,34,17160,Washington Township School District,6568,587,29
NJ,34,17190,Watchung Borough School District,6205,689,20
NJ,34,17340,Wenonah Borough School District,2307,236,5
NJ,34,17400,West Cape May Borough School District,973,36,8
NJ,34,17670,West Wildwood Borough School District,580,68,12
NJ,34,17850,Weymouth Township School District,2655,330,30
NJ,34,17910,White Township School District,4810,574,35
NJ,34,18030,Winfield Township School District,1546,198,24
NJ,34,18180,Woodbury Heights Borough School District,3101,236,8
NJ,34,18210,Woodcliff Lake Borough School District,5988,849,17
NJ,34,18240,Woodland Township School District,1779,134,8
NJ,34,18360,Wyckoff Township School District,17533,2521,37
