State Postal Code,State FIPS Code,District ID,Name,Estimated Total Population,Estimated Population 5-17,Estimated number of relevant children 5 to 17 years old in poverty who are related to the householder
NJ,34,660,Absecon City School District,8359,1188,179
NJ,34,690,Alexandria Township School District,4810,551,15
NJ,34,720,Allamuchy Township School District,4244,515,16
NJ,34,750,Allendale Borough School District,6816,979,20
NJ,34,780,Allenhurst Borough School District,492,53,7
NJ,34,810,Alloway Township School District,3307,633,55
NJ,34,840,Alpha Borough School District,2329,338,32
NJ,34,870,Alpine Borough School District,1905,331,14
NJ,34,900,Andover Regional School District,6553,936,35
NJ,34,930,Asbury Park City School District,16011,2305,757
NJ,34,960,Atlantic City School District,38895,6035,2700
NJ,34,1020,Atlantic Highlands Borough School District,4353,285,16
NJ,34,1050,Audubon Borough School District,9785,1332,106
NJ,34,1110,Avalon Borough School District,1283,77,14
NJ,34,1140,Avon-by-the-Sea Borough School District,1888,240,12
NJ,34,16470,Barnegat Township School District,21710,3458,554
NJ,34,1170,Barrington Borough School District,6920,948,68
NJ,34,1200,Bass River Township School District,1445,95,11
NJ,34,1230,Bay Head Borough School District,1007,133,15
NJ,34,1260,Bayonne City School District,68718,10774,2194
NJ,34,1290,Beach Haven Borough School District,1213,61,10
NJ,34,1320,Bedminster Township School District,8461,962,53
NJ,34,1350,Belleville Town School District,36978,5463,822
NJ,34,1380,Bellmawr Borough School District,11536,1032,222
NJ,34,1410,Belmar Borough School District,5749,611,104
NJ,34,1440,Belvidere Town School District,2638,453,31
NJ,34,1500,Bergenfield Borough School District,28103,4578,308
NJ,34,1530,Berkeley Heights Township School District,13826,2812,114
NJ,34,1560,Berkeley Township School District,42806,2070,279
NJ,34,1590,Berlin Borough School District,7554,851,55
NJ,34,1620,Berlin Township School District,5333,801,124
NJ,34,1650,Bernards Township School District,27686,5829,96
NJ,34,1710,Bethlehem Township School District,3934,496,8
NJ,34,1740,Beverly City School District,2545,367,63
NJ,34,1770,Black Horse Pike Regional School District,84255,4681,545
NJ,34,1800,Blairstown Township School District,7491,612,30
NJ,34,1830,Bloomfield Township School District,48844,6869,791
NJ,34,1860,Bloomingdale Borough School District,7830,1158,190
NJ,34,1890,Bloomsbury Borough School District,858,142,8
NJ,34,1920,Bogota Borough School District,8569,1439,117
NJ,34,1950,Boonton Town School District,8463,1106,116
NJ,34,1980,Boonton Township School District,4335,811,17
NJ,34,2030,Bordentown Regional School District,15837,2460,134
NJ,34,2100,Bound Brook Borough School District,10808,1498,231
NJ,34,2130,Bradley Beach Borough School District,4272,377,58
NJ,34,2160,Branchburg Township School District,14992,2703,86
NJ,34,2220,Brick Township School District,77842,12273,1054
NJ,34,2250,Bridgeton City School District,24750,4497,1696
NJ,34,2280,Bridgewater-Raritan Regional School District,53190,9348,284
NJ,34,2310,Brielle Borough School District,4725,949,38
NJ,34,2340,Brigantine City School District,9292,1064,186
NJ,34,2370,Brooklawn Borough School District,1937,305,77
NJ,34,2400,Buena Regional School District,11959,2006,278
NJ,34,2430,Burlington City School District,9934,1526,271
NJ,34,2460,Burlington Township School District,22562,4187,255
NJ,34,2520,Butler Borough School District,7765,1028,64
NJ,34,2550,Byram Township School District,8003,913,38
NJ,34,2580,Caldwell-West Caldwell School District,19167,2990,177
NJ,34,2610,Califon Borough School District,1052,134,2
NJ,34,2640,Camden City School District,76593,15624,5612
NJ,34,2700,Cape May City School District,3479,155,18
NJ,34,2760,Cape May Point Borough School District,280,10,3
NJ,34,2790,Carlstadt Borough School District,6418,618,49
NJ,34,2800,Carlstadt-East Rutherford School District,15757,622,42
NJ,34,2820,Carteret Borough School District,23781,4221,747
NJ,34,2850,Cedar Grove Township School District,12807,1864,85
NJ,34,2910,Central Regional School District,51222,2257,313
NJ,34,3000,Cherry Hill Township School District,70394,11714,802
NJ,34,3030,Chesilhurst Borough School District,1618,205,36
NJ,34,3060,Chester Township School District,9634,1429,46
NJ,34,3090,Chesterfield Township School District,7651,482,13
NJ,34,3120,Cinnaminson Township School District,15563,2464,130
NJ,34,3150,Clark Township School District,15505,2413,152
NJ,34,3180,Clayton Borough School District,8288,1460,178
NJ,34,3210,Clearview Regional School District,28001,2755,104
NJ,34,3240,Clementon Borough School District,4947,704,139
NJ,34,3270,Cliffside Park Borough School District,24749,2617,386
NJ,34,3300,Clifton City School District,85961,13012,2358
NJ,34,3330,Clinton Town-Glen Gardner School District,4609,448,16
NJ,34,3360,Clinton Township School District,13261,1411,28
NJ,34,3390,Closter Borough School District,8817,1189,55
NJ,34,3420,Collingswood Borough School District,13858,1709,186
NJ,34,3450,Colts Neck Township School District,9850,1363,70
NJ,34,3480,Commercial Township School District,5043,940,256
NJ,34,3510,Corbin City School District,486,72,11
NJ,34,3540,Cranbury Township School District,4018,911,25
NJ,34,3570,Cranford Township School District,23788,4226,104
NJ,34,3600,Cresskill Borough School District,8960,1882,67
NJ,34,3620,Cumberland Regional School District,23715,1288,314
NJ,34,3630,Deal Borough School District,745,77,22
NJ,34,3660,Deerfield Township School District,3047,406,74
NJ,34,3690,Delanco Township School District,4267,548,60
NJ,34,3720,Delaware Township School District,4486,405,12
NJ,34,3750,Delaware Valley Regional School District,16366,907,36
NJ,34,3780,Delran Township School District,16923,2802,196
NJ,34,15450,Delsea Regional High School School District,21201,1823,119
NJ,34,3810,Demarest Borough School District,5117,700,28
NJ,34,3840,Dennis Township School District,6205,993,217
NJ,34,3870,Denville Township School District,16929,1902,60
NJ,34,3900,Deptford Township School District,30992,4381,436
NJ,34,3930,Dover Town School District,19968,2692,516
NJ,34,3960,Downe Township School District,1555,227,39
NJ,34,3990,Dumont Borough School District,18236,3010,129
NJ,34,4020,Dunellen Borough School District,7520,1253,151
NJ,34,4050,Eagleswood Township School District,1660,128,17
NJ,34,4080,East Amwell Township School District,3920,414,14
NJ,34,4110,East Brunswick Township School District,49388,9186,623
NJ,34,4140,East Greenwich Township School District,9634,1008,32
NJ,34,4170,East Hanover Township School District,11322,1177,67
NJ,34,4200,East Newark Borough School District,2666,395,110
NJ,34,4230,East Orange City School District,66166,11580,2737
NJ,34,4290,East Rutherford Borough School District,9339,757,62
NJ,34,4320,East Windsor Regional School District,33349,5385,519
NJ,34,4350,Eastampton Township School District,6070,661,42
NJ,34,4380,Eastern Camden County Regional School District,38955,2163,96
NJ,34,4410,Eatontown Borough School District,12604,1108,171
NJ,34,4440,Edgewater Borough School District,12066,1067,76
NJ,34,4470,Edgewater Park Township School District,8908,1151,171
NJ,34,4500,Edison Township School District,104352,16150,1146
NJ,34,4530,Egg Harbor City School District,4186,447,132
NJ,34,4560,Egg Harbor Township School District,42581,7849,1117
NJ,34,4590,Elizabeth City School District,131336,22288,5388
NJ,34,4620,Elk Township School District,4214,358,35
NJ,34,4660,Elmwood Park Borough School District,20419,2864,256
NJ,34,4680,Elsinboro Township School District,985,121,13
NJ,34,4710,Emerson Borough School District,7739,1346,42
NJ,34,4740,Englewood City School District,28407,4156,497
NJ,34,4770,Englewood Cliffs Borough School District,5561,876,45
NJ,34,4830,Essex Fells Borough School District,2175,253,12
NJ,34,4860,Estell Manor City School District,1719,310,38
NJ,34,4890,Evesham Township School District,45520,4881,177
NJ,34,4920,Ewing Township School District,36431,4165,467
NJ,34,4950,Fair Haven Borough School District,6073,1003,38
NJ,34,4980,Fair Lawn Borough School District,33936,5343,213
NJ,34,5010,Fairfield Township School District,7686,677,38
NJ,34,5040,Fairfield Township School District,6075,533,155
NJ,34,5070,Fairview Borough School District,14491,1786,426
NJ,34,5130,Farmingdale Borough School District,1316,123,17
NJ,34,5190,Flemington-Raritan Regional School District,26309,2963,153
NJ,34,5220,Florence Township School District,12118,1772,162
NJ,34,5250,Florham Park Borough School District,11912,1090,32
NJ,34,5280,Folsom Borough School District,1857,299,32
NJ,34,5310,Fort Lee Borough School District,37094,4114,363
NJ,34,5340,Frankford Township School District,6060,539,32
NJ,34,5400,Franklin Borough School District,4818,447,46
NJ,34,5370,Franklin Lakes Borough School District,11088,1550,54
NJ,34,5430,Franklin Township School District,16986,1388,117
NJ,34,5460,Franklin Township School District,3136,351,7
NJ,34,5490,Franklin Township School District,64638,8739,696
NJ,34,5520,Franklin Township School District,3105,260,15
NJ,34,5550,Fredon Township School District,3218,294,35
NJ,34,5580,Freehold Borough School District,11972,1212,332
NJ,34,5610,Freehold Regional School District,190445,12091,628
NJ,34,5640,Freehold Township School District,35969,4124,282
NJ,34,5670,Frelinghuysen Township School District,2205,172,8
NJ,34,5700,Frenchtown Borough School District,1369,121,11
NJ,34,5730,Galloway Township School District,36617,3536,538
NJ,34,5760,Garfield City School District,31952,4924,720
NJ,34,5790,Garwood Borough School District,4446,600,32
NJ,34,5820,Gateway Regional School District,12825,958,71
NJ,34,5850,Gibbsboro Borough School District,2263,226,15
NJ,34,5880,Glassboro Borough School District,18804,2359,390
NJ,34,5940,Glen Ridge Borough School District,7743,1831,140
NJ,34,5970,Glen Rock Borough School District,12138,2725,41
NJ,34,6000,Gloucester City School District,11386,1933,440
NJ,34,6030,Gloucester Township School District,64303,7302,829
NJ,34,8,Great Meadows Regional School District,8447,1341,41
NJ,34,6060,Greater Egg Harbor Regional School District,72903,4071,617
NJ,34,6120,Green Brook Township School District,7420,1375,59
NJ,34,6090,Green Township School District,3437,642,37
NJ,34,6150,Greenwich Township School District,778,85,11
NJ,34,6180,Greenwich Township School District,4969,712,82
NJ,34,6210,Greenwich Township School District,5607,1288,38
NJ,34,6240,Guttenberg Town School District,12193,1642,482
NJ,34,6270,Hackensack City School District,45070,5161,763
NJ,34,6300,Hackettstown Town School District,9553,1206,106
NJ,34,6330,Haddon Heights Borough School District,7421,1162,39
NJ,34,6360,Haddon Township School District,14602,2163,120
NJ,34,6390,Haddonfield Borough School District,11553,2346,84
NJ,34,6420,Hainesport Township School District,6127,747,71
NJ,34,6450,Haledon Borough School District,8504,1062,260
NJ,34,6480,Hamburg Borough School District,3148,261,22
NJ,34,6510,Hamilton Township School District,26057,2881,490
NJ,34,6540,Hamilton Township School District,90179,13576,1538
NJ,34,6570,Hammonton Town School District,14519,2290,347
NJ,34,6600,Hampton Borough School District,1355,125,9
NJ,34,6630,Hampton Township School District,4935,338,15
NJ,34,6660,Hanover Park Regional School District,37158,1676,49
NJ,34,6690,Hanover Township School District,13924,1464,46
NJ,34,6720,Harding Township School District,3878,711,29
NJ,34,6780,Hardyston Township School District,7765,676,42
NJ,34,6810,Harmony Township School District,2589,375,17
NJ,34,6840,Harrington Park Borough School District,4889,720,45
NJ,34,6870,Harrison Town School District,14766,2046,466
NJ,34,6900,Harrison Township School District,12530,1470,56
NJ,34,6930,Hasbrouck Heights Borough School District,12502,1951,103
NJ,34,6960,Haworth Borough School District,3537,523,9
NJ,34,6990,Hawthorne Borough School District,19198,2862,307
NJ,34,13680,Hazlet Township School District,20191,3210,183
NJ,34,7050,Henry Hudson Regional School District,9342,477,38
NJ,34,7080,Hi-Nella Borough School District,865,112,19
NJ,34,7110,High Bridge Borough School District,3579,360,21
NJ,34,7140,High Point Regional School District,21314,1115,63
NJ,34,7170,Highland Park Borough School District,14550,2126,200
NJ,34,7200,Highlands Borough School District,4989,201,32
NJ,34,7230,Hillsborough Township School District,40163,7369,181
NJ,34,7260,Hillsdale Borough School District,10690,1446,70
NJ,34,7290,Hillside Township School District,22549,3772,525
NJ,34,7320,Ho-Ho-Kus Borough School District,4273,925,14
NJ,34,7350,Hoboken City School District,54541,2846,265
NJ,34,7380,Holland Township School District,5221,537,16
NJ,34,7410,Holmdel Township School District,16678,3190,125
NJ,34,7440,Hopatcong Borough School District,14405,2002,122
NJ,34,7470,Hope Township School District,1907,300,14
NJ,34,7500,Hopewell Township School District,4991,518,92
NJ,34,7530,Hopewell Valley Regional School District,23236,4481,134
NJ,34,7560,Howell Township School District,50699,6166,399
NJ,34,7590,Hunterdon Central Regional School District,50548,2720,77
NJ,34,7650,Interlaken Borough School District,815,82,7
NJ,34,7680,Irvington Township School District,55522,9244,2450
NJ,34,7710,Island Heights Borough School District,1705,133,12
NJ,34,7740,Jackson Township School District,56926,11056,767
NJ,34,7770,Jamesburg Borough School District,6138,974,144
NJ,34,7800,Jefferson Township School District,21628,3612,147
NJ,34,7830,Jersey City School District,270050,36407,8667
NJ,34,34001,Joint Base McGuire-Dix-Lakehurst,11423,1214,56
NJ,34,7860,Keansburg Borough School District,10033,1502,379
NJ,34,7890,Kearny Town School District,44399,6482,1016
NJ,34,7920,Kenilworth Borough School District,8317,1338,187
NJ,34,7950,Keyport Borough School District,7174,880,141
NJ,34,7980,Kingsway Regional School District,25844,2088,112
NJ,34,8010,Kingwood Township School District,3761,374,16
NJ,34,8040,Kinnelon Borough School District,10286,2118,58
NJ,34,8060,Kittatinny Regional School District,13994,1081,67
NJ,34,8070,Knowlton Township School District,3006,230,26
NJ,34,8100,Lacey Township School District,28668,5077,593
NJ,34,8130,Lafayette Township School District,2396,246,12
NJ,34,15150,Lake Como Borough School District,1752,223,37
NJ,34,8160,Lakehurst Borough School District,2752,582,80
NJ,34,8190,Lakeland Regional School District,23846,1294,61
NJ,34,8220,Lakewood Township School District,96242,23643,7469
NJ,34,8280,Laurel Springs Borough School District,1897,302,30
NJ,34,8310,Lavallette Borough School District,1945,182,28
NJ,34,8340,Lawnside Borough School District,2931,499,104
NJ,34,8370,Lawrence Township School District,3200,654,172
NJ,34,8400,Lawrence Township School District,34145,4674,344
NJ,34,8430,Lebanon Borough School District,1333,106,6
NJ,34,8460,Lebanon Township School District,6213,644,18
NJ,34,8490,Lenape Regional School District,140215,7677,269
NJ,34,8500,Lenape Valley Regional School District,14705,748,66
NJ,34,8520,Leonia Borough School District,9371,1563,116
NJ,34,8580,Lincoln Park Borough School District,10697,1294,75
NJ,34,8610,Linden City School District,42589,6658,907
NJ,34,8640,Lindenwold Borough School District,17524,2318,572
NJ,34,8670,Linwood City School District,6976,829,47
NJ,34,8700,Little Egg Harbor Township School District,20798,1616,299
NJ,34,8730,Little Falls Township School District,14739,956,101
NJ,34,8760,Little Ferry Borough School District,11146,1467,172
NJ,34,8790,Little Silver Borough School District,5914,807,42
NJ,34,8820,Livingston Township School District,30297,6140,202
NJ,34,790,Loch Arbour School District,194,28,1
NJ,34,8850,Lodi Borough School District,25266,3604,433
NJ,34,8880,Logan Township School District,6121,1167,76
NJ,34,8910,Long Beach Island School District,6558,243,26
NJ,34,8940,Long Branch City School District,30521,3955,1047
NJ,34,12660,Long Hill Township School District,8850,1075,46
NJ,34,8671,Longport Borough School District,880,84,5
NJ,34,9000,Lopatcong Township School District,7918,1201,90
NJ,34,9030,Lower Alloways Creek Township School District,1692,265,36
NJ,34,9090,Lower Cape May Regional School District,26454,1687,221
NJ,34,9150,Lower Township School District,22002,1465,272
NJ,34,9180,Lumberton Township School District,12540,1626,109
NJ,34,9210,Lyndhurst Township School District,21536,2726,207
NJ,34,9240,Madison Borough School District,16050,2554,88
NJ,34,9300,Magnolia Borough School District,4321,429,74
NJ,34,9330,Mahwah Township School District,27120,3977,136
NJ,34,9360,Mainland Regional School District,26066,1566,141
NJ,34,9390,Manalapan-Englishtown Regional School District,40542,4839,223
NJ,34,9420,Manasquan Borough School District,5864,980,67
NJ,34,9450,Manchester Township School District,44655,3438,426
NJ,34,9480,Mannington Township School District,1720,212,32
NJ,34,9510,Mansfield Township School District,8569,662,19
NJ,34,9540,Mansfield Township School District,7575,604,67
NJ,34,9600,Mantua Township School District,15472,1362,77
NJ,34,9630,Manville Borough School District,10728,1318,161
NJ,34,9660,Maple Shade Township School District,19141,2157,217
NJ,34,9690,Margate City School District,6247,637,46
NJ,34,9720,Marlboro Township School District,39807,5748,190
NJ,34,9750,Matawan-Aberdeen Regional School District,26819,3891,339
NJ,34,9780,Maurice River Township School District,7452,557,64
NJ,34,9810,Maywood Borough School District,10005,1408,66
NJ,34,9840,Medford Lakes Borough School District,4152,523,10
NJ,34,9870,Medford Township School District,22999,2942,75
NJ,34,9900,Mendham Borough School District,5066,670,14
NJ,34,9930,Mendham Township School District,5966,910,14
NJ,34,9960,Merchantville Borough School District,3763,550,68
NJ,34,9990,Metuchen Borough School District,14111,2388,76
NJ,34,10020,Middle Township School District,18211,2645,406
NJ,34,10050,Middlesex Borough School District,14188,2294,268
NJ,34,10110,Middletown Township School District,66087,11092,477
NJ,34,10140,Midland Park Borough School District,7483,1314,52
NJ,34,10170,Milford Borough School District,1206,93,3
NJ,34,10200,Millburn Township School District,20768,5151,246
NJ,34,10230,Millstone Township School District,10584,2305,84
NJ,34,10290,Milltown Borough School District,7176,1097,89
NJ,34,10320,Millville City School District,27674,5285,1458
NJ,34,10350,Mine Hill Township School District,3703,563,44
NJ,34,10380,Monmouth Beach Borough School District,3265,316,19
NJ,34,10440,Monmouth Regional School District,31546,1314,110
NJ,34,10470,Monroe Township School District,36578,6459,590
NJ,34,10500,Monroe Township School District,40738,5700,208
NJ,34,10530,Montague Township School District,3684,522,39
NJ,34,10560,Montclair Town School District,38845,7251,533
NJ,34,10590,Montgomery Township School District,23784,5477,163
NJ,34,10620,Montvale Borough School District,8219,1103,106
NJ,34,10650,Montville Township School District,21827,4059,140
NJ,34,10680,Moonachie Borough School District,2819,378,51
NJ,34,10710,Moorestown Township School District,20735,4237,146
NJ,34,10740,Morris Hills Regional School District,54597,2946,133
NJ,34,10770,Morris Plains Borough School District,5615,925,19
NJ,34,10810,Morris Township School District,41354,5310,472
NJ,34,10860,Mount Arlington Borough School District,5114,606,31
NJ,34,10890,Mount Ephraim Borough School District,4647,652,86
NJ,34,10920,Mount Holly Township School District,9548,952,138
NJ,34,10950,Mount Laurel Township School District,41847,4224,220
NJ,34,10980,Mount Olive Township School District,28603,5078,257
NJ,34,11010,Mountain Lakes Borough School District,4229,1138,32
NJ,34,11040,Mountainside Borough School District,6999,1192,49
NJ,34,11070,Mullica Township School District,6044,635,92
NJ,34,11100,National Park Borough School District,3076,242,26
NJ,34,11130,Neptune City School District,4781,574,94
NJ,34,11160,Neptune Township School District,27812,3854,665
NJ,34,11190,Netcong Borough School District,3280,257,33
NJ,34,11220,New Brunswick City School District,56712,7603,2341
NJ,34,11250,New Hanover Township School District,1501,253,51
NJ,34,11280,New Milford Borough School District,17124,2511,114
NJ,34,11310,New Providence Borough School District,12820,2477,56
NJ,34,11340,Newark City School District,285733,48920,14636
NJ,34,11370,Newfield Elementary School District,1609,275,30
NJ,34,11400,Newton Town School District,7727,980,116
NJ,34,11430,North Arlington Borough School District,16128,1896,127
NJ,34,11460,North Bergen Township School District,66240,9642,2184
NJ,34,11490,North Brunswick Township School District,43104,6533,709
NJ,34,11520,North Caldwell Borough School District,6367,696,64
NJ,34,11550,North Haledon Borough School District,8607,841,71
NJ,34,11580,North Hanover Township School District,4737,384,33
NJ,34,11610,North Hunterdon-Voorhees Regional School District,50123,2655,62
NJ,34,11640,North Plainfield Borough School District,22585,3448,459
NJ,34,9550,North Warren Regional School District,12702,1077,49
NJ,34,11670,North Wildwood City School District,3884,331,65
NJ,34,11700,Northern Burlington Regional School District,24355,1607,65
NJ,34,11730,Northern Highlands Regional School District,15369,1157,31
NJ,34,11760,Northern Valley Regional School District,39230,2892,84
NJ,34,11790,Northfield City School District,8476,989,187
NJ,34,11820,Northvale Borough School District,4844,591,31
NJ,34,11850,Norwood Borough School District,6006,720,34
NJ,34,11880,Nutley Town School District,29255,4268,241
NJ,34,11910,Oakland Borough School District,13365,1791,35
NJ,34,11940,Oaklyn Borough School District,4014,529,50
NJ,34,11970,Ocean City School District,11256,1162,149
NJ,34,12030,Ocean Gate Borough School District,2077,171,43
NJ,34,12060,Ocean Township School District,27119,4210,405
NJ,34,12090,Ocean Township School District,8638,1035,113
NJ,34,12120,Oceanport Borough School District,7250,703,58
NJ,34,12150,Ogdensburg Borough School District,2308,253,22
NJ,34,9270,Old Bridge Township School District,68051,11038,786
NJ,34,12180,Old Tappan Borough School District,6019,875,36
NJ,34,12210,Oldmans Township School District,1693,267,31
NJ,34,12240,Oradell Borough School District,8359,861,16
NJ,34,12270,Orange City Township School District,31292,5116,1454
NJ,34,12300,Oxford Township School District,2476,382,23
NJ,34,12360,Palisades Park Borough School District,20541,1945,307
NJ,34,12390,Palmyra Borough School District,7376,869,86
NJ,34,12420,Paramus Borough School District,27601,4532,198
NJ,34,12450,Park Ridge Borough School District,9062,1539,64
NJ,34,12480,Parsippany-Troy Hills Township School District,53982,7293,351
NJ,34,12510,Pascack Valley Regional School District,35022,2299,52
NJ,34,12540,Passaic City School District,71342,14687,4818
NJ,34,12600,Passaic County Manchester Regional School District,23105,1265,226
NJ,34,12570,Passaic Valley Regional School District,37861,1453,161
NJ,34,12690,Paterson City School District,149386,28347,10294
NJ,34,12720,Paulsboro Borough School District,6171,1142,339
NJ,34,12810,Pemberton Township School District,27544,4229,549
NJ,34,12840,Penns Grove-Carneys Point Regional School District,12539,2028,538
NJ,34,12870,Pennsauken Township School District,35804,6027,1206
NJ,34,9120,Pennsville Township School District,12746,1932,243
NJ,34,12900,Pequannock Township School District,15762,2417,89
NJ,34,12930,Perth Amboy City School District,52890,9789,2582
NJ,34,12960,Phillipsburg Town School District,14696,2304,556
NJ,34,12990,Pine Hill Borough School District,10170,1558,260
NJ,34,13020,Pine Valley Borough School District,12,2,0
NJ,34,13000,Pinelands Regional School District,27386,2058,192
NJ,34,13050,Piscataway Township School District,58237,7870,636
NJ,34,13080,Pitman Borough School District,9129,1441,145
NJ,34,13110,Pittsgrove Township School District,10244,1707,185
NJ,34,13140,Plainfield City School District,52225,8764,1996
NJ,34,13200,Pleasantville City School District,19932,3532,1124
NJ,34,13230,Plumsted Township School District,8745,1860,133
NJ,34,13260,Pohatcong Township School District,3282,476,26
NJ,34,13320,Point Pleasant Beach Borough School District,5163,766,43
NJ,34,13290,Point Pleasant Borough School District,19055,3282,291
NJ,34,13350,Pompton Lakes Borough School District,11340,1795,230
NJ,34,13380,Port Republic City School District,1096,172,15
NJ,34,13410,Princeton Public Schools,29156,3971,201
NJ,34,13470,Prospect Park Borough School District,5994,843,249
NJ,34,13500,Quinton Township School District,2492,404,57
NJ,34,13530,Rahway City School District,28715,4384,519
NJ,34,13560,Ramapo-Indian Hill Regional School District,41985,2869,51
NJ,34,13590,Ramsey Borough School District,15214,3025,73
NJ,34,13620,Rancocas Valley Regional School District,43089,2411,143
NJ,34,13650,Randolph Township School District,26082,5199,153
NJ,34,13710,Readington Township School District,15834,1775,43
NJ,34,13740,Red Bank Borough School District,12149,1016,245
NJ,34,13750,Red Bank Regional School District,21846,1002,107
NJ,34,13770,Ridgefield Borough School District,11567,1788,218
NJ,34,13800,Ridgefield Park Township School District,13330,2083,186
NJ,34,13830,Ridgewood Village School District,26149,5988,165
NJ,34,13860,Ringwood Borough School District,12530,1535,76
NJ,34,12260,River Dell Regional School District,20241,1804,41
NJ,34,13890,River Edge Borough School District,11882,1214,41
NJ,34,13950,River Vale Township School District,10125,1404,27
NJ,34,13980,Riverdale Borough School District,3628,401,41
NJ,34,14010,Riverside Township School District,8060,1176,178
NJ,34,14040,Riverton Borough School District,2763,380,22
NJ,34,17100,Robbinsville Township School District,13916,2918,75
NJ,34,14070,Rochelle Park Township School District,5790,707,36
NJ,34,14100,Rockaway Borough School District,6526,661,43
NJ,34,14130,Rockaway Township School District,24510,2633,120
NJ,34,14160,Rockleigh Borough School District,556,75,1
NJ,34,14220,Roosevelt Borough School District,861,138,6
NJ,34,14250,Roseland Borough School District,6018,516,32
NJ,34,14280,Roselle Borough School District,22140,3596,582
NJ,34,14310,Roselle Park Borough School District,13967,2204,207
NJ,34,14340,Roxbury Township School District,23657,4080,169
NJ,34,14370,Rumson Borough School District,7020,1110,40
NJ,34,14400,Rumson-Fair Haven Regional School District,13093,1008,36
NJ,34,14430,Runnemede Borough School District,8416,794,84
NJ,34,14460,Rutherford Borough School District,18924,2815,124
NJ,34,14490,Saddle Brook Township School District,14308,2006,106
NJ,34,14520,Saddle River Borough School District,3304,542,17
NJ,34,14550,Salem City School District,4891,883,412
NJ,34,14610,Sandyston-Walpack Township School District,1892,127,6
NJ,34,14640,Sayreville Borough School District,44488,6801,691
NJ,34,14670,Scotch Plains-Fanwood Regional School District,32529,6092,165
NJ,34,14730,Sea Girt Borough School District,1816,253,7
NJ,34,14760,Sea Isle City School District,2033,153,12
NJ,34,14790,Seaside Heights Borough School District,2994,206,74
NJ,34,14820,Seaside Park Borough School District,1640,61,12
NJ,34,14850,Secaucus Town School District,17731,2366,202
NJ,34,14880,Shamong Township School District,6523,848,36
NJ,34,14940,Shore Regional School District,18548,935,41
NJ,34,14970,Shrewsbury Borough School District,3783,474,11
NJ,34,15000,Somerdale Borough School District,5102,480,76
NJ,34,15030,Somers Point City School District,10614,953,207
NJ,34,9,Somerset Hills Regional School District,11620,2295,72
NJ,34,15090,Somerville Borough School District,12547,1610,181
NJ,34,15120,South Amboy City School District,8945,1264,177
NJ,34,15180,South Bound Brook Borough School District,4701,594,58
NJ,34,15210,South Brunswick Township School District,45172,9487,402
NJ,34,15240,South Hackensack Township School District,2504,365,38
NJ,34,15270,South Harrison Township School District,3250,366,24
NJ,34,769,South Hunterdon Regional School District,7163,754,31
NJ,34,15330,South Orange-Maplewood School District,41260,7430,401
NJ,34,15360,South Plainfield Borough School District,24341,4035,282
NJ,34,15390,South River Borough School District,16706,2601,367
NJ,34,15420,Southampton Township School District,10437,749,57
NJ,34,15480,Southern Regional School District,35297,2829,262
NJ,34,15510,Sparta Township School District,18650,3648,107
NJ,34,15540,Spotswood Borough School District,10858,1588,117
NJ,34,15570,Spring Lake Borough School District,2974,449,41
NJ,34,15600,Spring Lake Heights Borough School District,4665,565,38
NJ,34,15630,Springfield Township School District,16604,2401,106
NJ,34,15660,Springfield Township School District,3398,296,29
NJ,34,15690,Stafford Township School District,27526,2515,194
NJ,34,15720,Stanhope Borough School District,3422,321,17
NJ,34,2880,Sterling High School School District,16432,842,81
NJ,34,15750,Stillwater Township School District,3950,303,25
NJ,34,15810,Stone Harbor Borough School District,833,65,3
NJ,34,15840,Stow Creek Township School District,1395,140,25
NJ,34,15870,Stratford Borough School District,7010,757,79
NJ,34,15900,Summit City School District,22553,4812,202
NJ,34,15960,Sussex-Wantage Regional School District,12858,1413,97
NJ,34,15990,Swedesboro-Woolwich School District,12959,1668,91
NJ,34,16020,Tabernacle Township School District,6957,817,26
NJ,34,16080,Teaneck Township School District,41667,7193,431
NJ,34,16110,Tenafly Borough School District,15204,3726,150
NJ,34,16170,Tewksbury Township School District,5864,735,12
NJ,34,4,The Chathams School District,19690,4140,71
NJ,34,16200,Tinton Falls Borough School District,19232,1684,102
NJ,34,16230,Toms River Regional School District,112136,18911,1644
NJ,34,16260,Totowa Borough School District,11044,1070,112
NJ,34,16290,Trenton City School District,86634,13966,4586
NJ,34,16320,Tuckerton Borough School District,3483,271,44
NJ,34,16350,Union Beach Borough School District,6233,1007,161
NJ,34,16380,Union City School District,72452,11392,3319
NJ,34,16440,Union Township School District,5786,469,10
NJ,34,16500,Union Township School District,59599,8953,676
NJ,34,16530,Upper Deerfield Township School District,7430,890,186
NJ,34,16560,Upper Freehold Regional School District,8675,1656,46
NJ,34,16590,Upper Pittsgrove Township School District,3326,538,62
NJ,34,16620,Upper Saddle River Borough School District,8553,1395,30
NJ,34,16650,Upper Township School District,11903,2033,128
NJ,34,16680,Ventnor City School District,10471,1320,275
NJ,34,16710,Vernon Township School District,22454,3610,187
NJ,34,16740,Verona Borough School District,13758,2278,141
NJ,34,16800,Vineland City School District,59149,10476,2637
NJ,34,16830,Voorhees Township School District,29139,3111,167
NJ,34,16860,Waldwick Borough School District,10039,1756,80
NJ,34,16890,Wall Township School District,26002,4394,258
NJ,34,16920,Wallington Borough School District,11877,1345,153
NJ,34,16870,Wallkill Valley Regional School District,18040,804,51
NJ,34,16950,Wanaque Borough School District,11316,1118,106
NJ,34,16970,Warren Hills Regional School District,23600,1748,130
NJ,34,16980,Warren Township School District,15905,2268,60
NJ,34,17010,Washington Borough School District,6351,514,78
NJ,34,17040,Washington Township School District,687,87,9
NJ,34,17070,Washington Township School District,49471,8629,535
NJ,34,17130,Washington Township School District,18826,2620,48
NJ,34,17160,Washington Township School District,6568,587,29
NJ,34,17190,Watchung Borough School District,6205,689,20
NJ,34,17220,Watchung Hills Regional School District,30960,1946,54
NJ,34,17250,Waterford Township School District,10600,1706,123
NJ,34,17280,Wayne Township School District,55913,9332,494
NJ,34,17310,Weehawken Township School District,13689,1457,200
NJ,34,17340,Wenonah Borough School District,2307,236,5
NJ,34,17400,West Cape May Borough School District,973,36,8
NJ,34,17430,West Deptford Township School District,21926,3272,233
NJ,34,17460,West Essex Regional School District,22246,1914,63
NJ,34,17490,West Long Branch Borough School District,8032,719,50
NJ,34,17520,West Milford Township School District,26826,4384,253
NJ,34,17550,West Morris Regional School District,39492,2955,53
NJ,34,17580,West New York Town School District,54198,7050,1992
NJ,34,17610,West Orange Town School District,47606,7718,724
NJ,34,17670,West Wildwood Borough School District,580,68,12
NJ,34,17700,West Windsor-Plainsboro Regional School District,51615,10088,436
NJ,34,17730,Westampton Township School District,8803,999,61
NJ,34,17760,Westfield Town School District,31839,7148,185
NJ,34,17790,Westville Borough School District,4341,311,51
NJ,34,17820,Westwood Regional School District,21005,3240,123
NJ,34,17850,Weymouth Township School District,2655,330,30
NJ,34,17880,Wharton Borough School District,6632,700,91
NJ,34,17910,White Township School District,4810,574,35
NJ,34,17940,Wildwood City School District,5122,602,249
NJ,34,17970,Wildwood Crest Borough School District,3132,359,73
NJ,34,18000,Willingboro Township School District,31606,5086,724
NJ,34,18030,Winfield Township School District,1546,198,24
NJ,34,18060,Winslow Township School District,39545,6874,863
NJ,34,18300,Wood-Ridge Borough School District,7993,1241,49
NJ,34,18090,Woodbine Borough School District,2376,298,74
NJ,34,18120,Woodbridge Township School District,103406,15230,1532
NJ,34,18150,Woodbury City School District,10279,1555,310
NJ,34,18180,Woodbury Heights Borough School District,3101,236,8
NJ,34,18210,Woodcliff Lake Borough School District,5988,849,17
NJ,34,17640,Woodland Park Borough School District,12078,1137,205
NJ,34,18240,Woodland Township School District,1779,134,8
NJ,34,18270,Woodlynne Borough School District,2959,629,197
NJ,34,18330,Woodstown-Pilesgrove Regional School District,7157,1169,172
NJ,34,18360,Wyckoff Township School District,17533,2521,37
