State Postal Code,State FIPS Code,District ID,Name,Estimated Total Population,Estimated Population 5-17,Estimated number of relevant children 5 to 17 years old in poverty who are related to the householder
MT,30,1740,Absarokee High School District,2388,135,4
MT,30,17460,Alder Elementary School District,305,14,1
MT,30,1950,Alzada Elementary School District,172,5,1
MT,30,2490,Auchard Creek Elementary School District,162,26,2
MT,30,2430,Augusta Elementary School District,708,37,1
MT,30,2550,Avon Elementary School District,232,21,3
MT,30,2570,Ayers Elementary School District,82,10,1
MT,30,3000,Bear Paw Elementary School District,142,8,2
MT,30,3480,Benton Lake Elementary School District,82,7,2
MT,30,3600,Biddle Elementary School District,128,9,1
MT,30,3990,Birney Elementary School District,105,17,2
MT,30,4200,Bloomfield Elementary School District,114,14,1
MT,30,4920,Broadview High School District,1003,74,3
MT,30,5130,Brorson Elementary School District,202,22,2
MT,30,5330,Bynum Elementary School District,137,9,3
MT,30,5610,Carter County High School District,1203,65,5
MT,30,5760,Carter Elementary School District,165,15,3
MT,30,25140,Centerville High School District,1326,78,4
MT,30,4050,Cleveland Elementary School District,84,8,2
MT,30,7350,Cooke City Elementary School District,104,5,0
MT,30,7500,Cottonwood Elementary School District,270,24,3
MT,30,14150,Cottonwood Elementary School District,313,32,3
MT,30,8310,Davey Elementary School District,58,6,1
MT,30,8470,Deer Creek Elementary School District,353,35,2
MT,30,8730,Deerfield Elementary School District,53,10,2
MT,30,8860,Denton Elementary School District,523,58,3
MT,30,8850,Denton High School District,576,32,3
MT,30,9000,Divide Elementary School District,182,14,3
MT,30,9210,Drummond High School District,1350,60,4
MT,30,9780,Elliston Elementary School District,325,18,4
MT,30,10290,Fairview High School District,1583,110,3
MT,30,11260,Fort Benton High School District,2282,105,5
MT,30,11580,Froid High School District,465,26,5
MT,30,21480,Garrison Elementary School District,127,8,3
MT,30,12270,Geyser Elementary School District,393,39,4
MT,30,12300,Geyser High School District,393,18,2
MT,30,12350,Gildford Colony Elementary School District,132,20,4
MT,30,12600,Golden Ridge Elementary School District,162,16,2
MT,30,12900,Grant Elementary School District,154,16,1
MT,30,13200,Hall Elementary School District,320,30,4
MT,30,13280,Hawks Home Elementary School District,111,12,2
MT,30,13890,Helmville Elementary School District,219,16,2
MT,30,15060,Jackson Elementary School District,155,20,2
MT,30,15390,Judith Gap High School District,289,18,3
MT,30,15510,Kester Elementary School District,84,7,4
MT,30,15610,King Colony Elementary School District,320,27,4
MT,30,15690,Knees Elementary School District,159,27,4
MT,30,16020,Lambert High School District,389,20,2
MT,30,8400,Lindsay Elementary School District,328,43,3
MT,30,17340,Lustre Elementary School District,199,21,3
MT,30,17370,Luther Elementary School District,420,36,3
MT,30,17520,Malmborg Elementary School District,261,44,3
MT,30,18060,McLeod Elementary School District,225,20,2
MT,30,18210,Melrose Elementary School District,116,12,2
MT,30,18270,Melstone High School District,292,18,2
MT,30,18290,Melville Elementary School District,223,24,1
MT,30,21150,Miami Elementary School District,241,17,4
MT,30,18660,Molt Elementary School District,196,26,3
MT,30,18900,Moore High School District,541,25,5
MT,30,19310,North Harlem Colony Elementary School District,45,10,3
MT,30,19530,Nye Elementary School District,219,10,3
MT,30,19950,Ovando Elementary School District,244,9,1
MT,30,20170,Pass Creek Elementary School District,112,13,0
MT,30,20670,Pine Creek Elementary School District,372,16,1
MT,30,20690,Pine Grove Elementary School District,93,11,4
MT,30,20880,Pleasant Valley Elementary School District,180,7,1
MT,30,21000,Plevna K-12 Schools,427,85,5
MT,30,21030,Polaris Elementary School District,110,5,0
MT,30,21540,Power High School District,560,33,3
MT,30,21870,Rapelje Elementary School District,258,31,1
MT,30,21900,Rapelje High School District,364,21,1
MT,30,22290,Reichle Elementary School District,126,13,2
MT,30,22370,Richey Elementary School District,424,46,4
MT,30,22410,Richey High School District,496,22,1
MT,30,11990,Ross Elementary School District,26,3,3
MT,30,8040,S H Elementary School District,158,7,1
MT,30,8010,S Y Elementary School District,75,3,1
MT,30,23370,Saco Elementary School District,505,49,5
MT,30,23520,Savage Elementary School District,672,79,4
MT,30,7,South Stacey Elementary School District,98,7,1
MT,30,24690,Spring Creek Colony Elementary School District,50,9,1
MT,30,3660,Spring Creek Elementary School District,64,6,2
MT,30,7950,Spring Creek Elementary School District,99,10,3
MT,30,24810,Springhill Elementary School District,151,8,1
MT,30,15930,Swan Lake-Salmon Elementary School District,368,28,3
MT,30,25530,Swan Valley Elementary School District,592,45,3
MT,30,26190,Three Forks High School District,4096,253,5
MT,30,26400,Trail Creek Elementary School District,150,14,1
MT,30,26670,Turner High School District,297,21,3
MT,30,26880,Ulm Elementary School District,709,61,3
MT,30,27090,Valier High School District,1317,71,5
MT,30,94,West Glacier Elementary School District,532,42,2
MT,30,27730,Westby K-12 Schools,334,56,4
MT,30,28140,Willow Creek Elementary School District,407,34,2
MT,30,28170,Willow Creek High School District,359,17,0
MT,30,28500,Wisdom Elementary School District,253,16,3
MT,30,10820,Wise River Elementary School District,295,23,1
MT,30,28650,Woodman Elementary School District,473,52,4
MT,30,28830,Yaak Elementary School District,239,11,5
MT,30,28860,Yellowstone Academy Elementary School District,153,49,4
