AL,ALABAMA,100005,Albertville City,107 W Main St,Albertville,35950,No,5445,0,6,Yes,Yes.1,Yes.2,TIMOTHY,TIDMORE,256-891-1183,ttidmore@albertk12.org,TIMOTHY.1,TIDMORE.1,256-891-1183.1,ttidmore@albertk12.org.1,TIMOTHY.2,TIDMORE.2,256-891-1183.2,ttidmore@albertk12.org.2,No.1,Yes.3,Yes.4,www.albertk12.org/apps/pages/index.jsp?uREC_ID=368921&type=d&termREC_ID=&pREC_ID=689254,Yes.5,No.2,Yes.6,Yes.7,Yes.8,Yes.9,No.3,No.4,Yes.10,No.5,1,6.1,127,0.1,Yes.11,-9,-9.1,-9.2,Yes.12,Yes.13,No.6,No.7,No.8
MT,MONTANA,3000004,Mountain View Elem,PO Box 1169,Cut Bank,59427,No,20,0,1,Yes,Yes,Yes,JONI,WOLDSTAD,4064500450,joniwoldstad@yahoo.com,JONI,WOLDSTAD,4064500450,joniwoldstad@yahoo.com,JONI,WOLDSTAD,4064500450,joniwoldstad@yahoo.com,No,Yes,No,-9,No,-9,No,-9,-9,-9,-9,-9,-9,-9,-9,-9,-9,-9,-9,-9,-9,-9,Yes,No,No,Yes,No
MT,MONTANA,3000031,Flathead Special Ed. Coop.,15 Meridian Court,Kalispell,59901,No,5,0,16,Yes,Yes,Yes,CHERYL,RUSSELL,406 257-1852,crussell.fsecdirector@gmail.com,CHERYL,RUSSELL,406 257-1852,crussell.fsecdirector@gmail.com,CHERYL,RUSSELL,406 257-1852,crussell.fsecdirector@gmail.com,No,Yes,No,-9,No,-9,Yes,Yes,No,Yes,No,No,Yes,Yes,0,0,1,1,Yes,-9,-9,-9,Yes,Yes,No,No,No
MT,MONTANA,3000091,Dept of Corrections-Youth,PO Box 201301,Helena,59620,Yes,32,0,2,Yes,Yes,Yes,AMANDA,BUNDY,4062332234,abundy@mt.gov,TRACY,JUHL,4062332228,tjuhl@mt.gov,ROBIN,GOETZ,4062332258,rgoetz@mt.gov,No,Yes,Yes,https://cor.mt.gov/Portals/104/Resources/Policy/Chapter1/1-3-20%20Nondiscrimination%20and%20Sexual%20Harassment%2006292018.pdf?ver=2018-06-29-111218-573,No,-9,No,-9,-9,-9,-9,-9,-9,-9,-9,-9,-9,-9,-9,-9,-9,-9,No,-9,-9,-9,-9
MT,MONTANA,3001950,Alzada Elem,Box 8,Alzada,59311,No,5,0,1,Yes,Yes,Yes,TRACEY,WALKER,4067758714,twalker@mt.gov,TRACEY,WALKER,4067758714,twalker@mt.gov,TRACEY,WALKER,4067758714,twalker@mt.gov,No,Yes,No,-9,No,-9,Yes,No,No,Yes,No,No,No,Yes,0,0,0,1,Yes,-9,-9,-9,Yes,Yes,No,No,No
MT,MONTANA,3002430,Augusta Elem,PO Box 307,Augusta,59410,No,20,0,2,Yes,Yes,Yes,MATTHEW,GENGER,406-562-3384,mgenger@augusta.k12.mt.us,MATTHEW,GENGER,406-562-3384,mgenger@augusta.k12.mt.us,MATTHEW,GENGER,406-562-3384,mgenger@augusta.k12.mt.us,No,Yes,Yes,https://www.mtsba.org/home,Yes,Yes,Yes,No,No,Yes,No,Yes,Yes,No,0,4,6,0,Yes,-9,-9,-9,Yes,Yes,No,No,No
MT,MONTANA,3002490,Auchard Creek Elem,9605 Hwy 287,Wolf Creek,59648,No,13,13,1,Yes,Yes,Yes,KATRINA,CHANEY,4064478344,kchaney@lccountymt.gov,KATRINA,CHANEY,(406)447-8344,kchaney@lccountymt.gov,KATRINA,CHANEY,(406)447-8344,kchaney@lccountymt.gov,No,Yes,No,-9,No,-9,Yes,No,No,Yes,No,Yes,Yes,Yes,0,2,2,4,Yes,-9,-9,-9,Yes,Yes,No,No,No
MT,MONTANA,3002550,Avon Elem,PO Box 246,Avon,59713,No,16,0,1,Yes,Yes,Yes,JENNIFER,WADE,(406)492-6191,jenny_wade@avonschoolmt.com,JENNIFER,WADE,(406)492-6191,jenny_wade@avonschoolmt.com,JENNIFER,WADE,(406)492-6191,jenny_wade@avonschoolmt.com,No,Yes,No,-9,No,-9,No,-9,-9,-9,-9,-9,-9,-9,-9,-9,-9,-9,-9,-9,-9,-9,Yes,Yes,No,No,No
MT,MONTANA,3002570,Ayers Elem,Box 100,Grass Range,59032,No,5,0,1,Yes,Yes,Yes,ED,STAHL,(406)428-2368,edstahl@hotmail.com,ED,STAHL,(406)428-2368,edstahl@hotmail.com,ED,STAHL,(406)428-2368,edstahl@hotmail.com,No,Yes,No,-9,No,-9,No,-9,-9,-9,-9,-9,-9,-9,-9,-9,-9,-9,-9,-9,-9,-9,Yes,Yes,No,Yes,No
MT,MONTANA,3002820,Basin Elem,PO Box 128,Basin,59631,No,16,0,1,Yes,Yes,Yes,ALLYSON,ALEXANDER,406-225-3211,alexander@basinschool.net,ALLYSON,ALEXANDER,406-225-3211,alexander@basinschool.net,ALLYSON,ALEXANDER,406-225-3211,alexander@basinschool.net,No,Yes,No,-9,No,-9,No,-9,-9,-9,-9,-9,-9,-9,-9,-9,-9,-9,-9,-9,-9,-9,No,-9,-9,-9,-9
MT,MONTANA,3003480,Benton Lake Elem,17557 Bootlegger Trail,Floweree,59440,No,9,0,1,Yes,Yes,Yes,MARY LOU,TWEET,(406)622-3242,mtweet@mt.gov,MARY LOU,TWEET,(406)622-3242,mtweet@mt.gov,MARY LOU,TWEET,(406)622-3242,mtweet@mt.gov,No,Yes,No,-9,No,-9,No,-9,-9,-9,-9,-9,-9,-9,-9,-9,-9,-9,-9,-9,-9,-9,Yes,Yes,No,No,No
MT,MONTANA,3003600,Biddle Elem,Box 397,Biddle,59314,No,1,0,1,Yes,Yes,Yes,MOLLY,LLOYD,(406)436-2488,mlloyd@prco.mt.gov,MOLLY,LLOYD,(406)436-2488,mlloyd@prco.mt.gov,MOLLY,LLOYD,(406)436-2488,mlloyd@prco.mt.gov,No,Yes,Yes,https://www.mt-ssa.org/,Yes,No,Yes,No,No,Yes,No,No,Yes,No,0,0,1,0,Yes,-9,-9,-9,Yes,No,No,Yes,No
MT,MONTANA,3003660,Spring Creek Elem,Box 118,Decker,59025,No,7,0,1,Yes,Yes,Yes,ALEXIS,NIKIRK,4067572515,springcreekpronghorns@gmail.com,ALEXIS,NIKIRK,4067572515,springcreekpronghorns@gmail.com,ALEXIS,NIKIRK,4067572515,springcreekpronghorns@gmail.com,No,Yes,No,-9,No,-9,No,-9,-9,-9,-9,-9,-9,-9,-9,-9,-9,-9,-9,-9,-9,-9,Yes,Yes,No,No,No
MT,MONTANA,3003990,Birney Elem,PO Box 521,Birney,59012,No,15,0,1,Yes,Yes,Yes,LINDA,LOPEZ,406-784-2071,birneyclerk@birneyschool.com,LINDA,LOPEZ,406-784-2071,birneyclerk@birneyschool.com,LINDA,LOPEZ,406-784-2071,birneyclerk@birneyschool.com,No,Yes,No,-9,No,-9,No,-9,-9,-9,-9,-9,-9,-9,-9,-9,-9,-9,-9,-9,-9,-9,Yes,No,No,Yes,No
MT,MONTANA,3004050,Cleveland Elem,22820 Cleveland Road,Chinook,59523,No,4,0,1,Yes,Yes,Yes,VALERIE,WHITE,406-357-3270,vwhite@blainecounty-mt.gov,VALERIE,WHITE,406-357-3270,vwhite@blainecounty-mt.gov,VALERIE,WHITE,406-357-3270,vwhite@blainecounty-mt.gov,No,No,-9,-9,No,-9,No,-9,-9,-9,-9,-9,-9,-9,-9,-9,-9,-9,-9,-9,-9,-9,No,-9,-9,-9,-9
MT,MONTANA,3004200,Bloomfield Elem,207 West Bell,Glendive,59330,No,5,0,1,Yes,Yes,Yes,JAYNE,MITCHELL,(406)3454127,mitchellj@dawsoncountymontana.com,JAYNE,MITCHELL,(406) 345 4127,mitchellj@dawsoncountymontana.com,JAYNE,MITCHELL,(406)345 4127,mitchellj@dawsoncountymontana.com,No,Yes,No,-9,No,-9,Yes,Yes,No,No,No,No,Yes,Yes,0,0,2,1,Yes,-9,-9,-9,Yes,Yes,No,No,No
MT,MONTANA,3005130,Brorson Elem,PO Box 145,Sidney,59270,No,6,0,1,Yes,Yes,Yes,GAIL,STAFFANSON,(406)433-1608,gstaffanson@richland.org,GAIL,STAFFANSON,(406)433-1608,gstaffanson@richland.org,GAIL,STAFFANSON,(406)433-1608,gstaffanson@richland.org,No,Yes,No,-9,No,-9,No,-9,-9,-9,-9,-9,-9,-9,-9,-9,-9,-9,-9,-9,-9,-9,No,-9,-9,-9,-9
MT,MONTANA,3005330,Bynum Elem,PO Box 766,Bynum,59419,No,25,0,1,Yes,Yes,Yes,SUSAN,LUINSTRA,(406)469-2373,luinstra2203@gmail.com,SUSAN,LUINSTRA,(406)469-2373,luinstra2203@gmail.com,SUSAN,LUINSTRA,(406)469-2373,luinstra2203@gmail.com,No,Yes,No,-9,No,-9,No,-9,-9,-9,-9,-9,-9,-9,-9,-9,-9,-9,-9,-9,-9,-9,No,-9,-9,-9,-9
MT,MONTANA,3005760,Carter Elem,Box 158,Carter,59420,No,9,0,1,Yes,Yes,Yes,MARY LOU,TWEET,(406)622-3242,mtweet@mt.gov,MARY LOU,TWEET,(406)622-3242,mtweet@mt.gov,MARY LOU,TWEET,(406)622-3242,mtweet@mt.gov,No,Yes,No,-9,No,-9,No,-9,-9,-9,-9,-9,-9,-9,-9,-9,-9,-9,-9,-9,-9,-9,Yes,Yes,No,No,No
MT,MONTANA,3006030,McCormick Elem,1564 Old Highway 2 North,Troy,59935,No,13,0,1,Yes,Yes,Yes,KEVIN,THURSTON,(406)295-4145,mccormick_school@frontiernet.net,KEVIN,THURSTON,(406)295-4145,mccormick_school@frontiernet.ne,KEVIN,THURSTON,(406)295-4145,mccormick_school@frontiernet.ne,No,Yes,No,-9,No,-9,No,-9,-9,-9,-9,-9,-9,-9,-9,-9,-9,-9,-9,-9,-9,-9,Yes,Yes,No,No,No
MT,MONTANA,3007030,Cohagen Elem,PO Box 113,Cohagen,59322,No,15,0,1,Yes,Yes,Yes,JONI,CAROLL,(406)557-2771,cohagenschool@gmail.com,JONI,CAROLL,406-557-2771,cohagenschool@gmail.com,JONI,CAROLL,406-557-2771,cohagenschool@gmail.com,No,Yes,No,-9,No,-9,No,-9,-9,-9,-9,-9,-9,-9,-9,-9,-9,-9,-9,-9,-9,-9,Yes,Yes,No,No,No
MT,MONTANA,3007350,Cooke City Elem,PO Box 1070,Cooke City,59020,No,5,0,1,Yes,Yes,Yes,JO,NEWHALL,(406)222-4148,cosupt@parkcounty.org,JO,NEWHALL,(406)222-4148,cosupt@parkcounty.org,JO,NEWHALL,(406)222-4148,cosupt@parkcounty.org,No,Yes,No,-9,No,-9,No,-9,-9,-9,-9,-9,-9,-9,-9,-9,-9,-9,-9,-9,-9,-9,Yes,Yes,No,No,No
MT,MONTANA,3007500,Cottonwood Elem,13233 Cottonwood Road,Bozeman,59718,No,18,0,1,Yes,Yes,Yes,MATTHEW,HENRY,406-582-3090,matthew.henry@gallatin.mt.gov,MATTHEW,HENRY,406-582-3090,matthew.henry@gallatin.mt.gov,MATTHEW,HENRY,406-582-3090,matthew.henry@gallatin.mt.gov,No,Yes,No,-9,No,-9,No,-9,-9,-9,-9,-9,-9,-9,-9,-9,-9,-9,-9,-9,-9,-9,Yes,Yes,No,No,No
MT,MONTANA,3008010,S Y Elem,735 Road 664,Miles City,59301,No,2,0,1,Yes,Yes,Yes,DOUG,ELLINGSON,(406)874-3421,d.ellingson@co.custer.mt.us,DOUG,ELLINGSON,(406)874-3421,d.ellingson@co.custer.mt.us,DOUG,ELLINGSON,(406)874-3421,d.ellingson@co.custer.mt.us,No,Yes,No,-9,No,-9,No,-9,-9,-9,-9,-9,-9,-9,-9,-9,-9,-9,-9,-9,-9,-9,Yes,Yes,No,No,No
MT,MONTANA,3008040,S H Elem,6281 Moon Creek Rd,Miles City,59301,No,1,0,1,Yes,Yes,Yes,DOUG,ELLINGSON,(406)874-3421,d.ellingson@co.custer.mt.us,DOUG,ELLINGSON,(406)874-3421,d.ellingson@co.custer.mt.us,DOUG,ELLINGSON,(406)874-3421,d.ellingson@co.custer.mt.us,No,Yes,No,-9,No,-9,No,-9,-9,-9,-9,-9,-9,-9,-9,-9,-9,-9,-9,-9,-9,-9,No,-9,-9,-9,-9
MT,MONTANA,3008310,Davey Elem,PO Box 1829,Havre,59501,No,7,0,1,Yes,Yes,Yes,MAUREEN,ODEGARD,(406)265-5481 x2321,stottm@hillcounty.us,MAUREEN,ODEGARD,(406)265-5481 x2321,stottm@hillcounty.us,MAUREEN,ODEGARD,(406)265-5481 x2321,stottm@hillcounty.us,No,Yes,No,-9,No,-9,No,-9,-9,-9,-9,-9,-9,-9,-9,-9,-9,-9,-9,-9,-9,-9,Yes,Yes,No,No,No
MT,MONTANA,3008400,Lindsay Elem,PO Box 185,Lindsay,59339,No,12,0,1,Yes,Yes,Yes,JAYNE,MITCHELL,406 345 4127,MITCHELLJ@DAWSONCOUNTYMONTANA.COM,JAYNE,MITCHELL,406 345 4127,MITCHELLJ@DAWSONCOUNTYMONTANA.COM,JAYNE,MITCHELL,406 345 4127,MITCHELLJ@DAWSONCOUNTYMONTANA.COM,No,Yes,No,-9,No,-9,No,-9,-9,-9,-9,-9,-9,-9,-9,-9,-9,-9,-9,-9,-9,-9,Yes,No,No,Yes,No
MT,MONTANA,3008470,Deer Creek Elem,12 Road 564,Glendive,59330,No,16,0,1,Yes,Yes,Yes,JAYNE,MITCHELL,(406)345-4127,mitchellj@dawsoncountymontana.com,JAYNE,MITCHELL,(406) 345-4127,mitchellj@dawsoncountymontana.com,JAYNE,MITCHELL,(406) 345-4127,mitchellj@dawsoncountymontana.com,No,Yes,No,-9,No,-9,No,-9,-9,-9,-9,-9,-9,-9,-9,-9,-9,-9,-9,-9,-9,-9,No,-9,-9,-9,-9
MT,MONTANA,3008730,Deerfield Elem,1211 Oro Country Road,Lewistown,59457,No,15,0,1,Yes,Yes,Yes,EDWARD,STAHL,(406)538-7824,suptofschool@co.fergus.mt.us,EDWARD,STAHL,(406)538-7824,suptofschool@co.fergus.mt.us,EDWARD,STAHL,(406)538-7824,suptofschool@co.fergus.mt.us,No,Yes,No,-9,No,-9,No,-9,-9,-9,-9,-9,-9,-9,-9,-9,-9,-9,-9,-9,-9,-9,Yes,Yes,No,Yes,No
MT,MONTANA,3008850,Denton H S,PO Box 1048,Denton,59430,No,20,0,1,Yes,Yes,Yes,CRAIG,WIDHALM,406-567-2270,cwidhalm@denton.k12.mt.us,CRAIG,WIDHALM,406-781-2270,cwidhalm@denton.k12.mt.us,SHARI,GRUBB,406-567-2270,sgrubb@denton.k12.mt.us,No,Yes,Yes,https://issuu.com/montanaschoolboardsassociation/docs/denton_public_schools_policy_manual?e=16838009/12493230,No,-9,No,-9,-9,-9,-9,-9,-9,-9,-9,-9,-9,-9,-9,-9,-9,-9,No,-9,-9,-9,-9
MT,MONTANA,3008860,Denton Elem,PO Box 1048,Denton,59430,No,31,0,2,Yes,Yes,Yes,CRAIG,WIDHALM,406-567-2270,cwidhalm@denton.k12.mt.us,CRAIG,WIDHALM,406-567-2270,cwidhalm@denton.k12.mt.us,SHARI,GRUBB,406-567-2270,sgrubb@denton.k12.mt.us,No,Yes,Yes,https://issuu.com/montanaschoolboardsassociation/docs/denton_public_schools_policy_manual?e=16838009/12493230,No,-9,No,-9,-9,-9,-9,-9,-9,-9,-9,-9,-9,-9,-9,-9,-9,-9,Yes,Yes,No,No,No
MT,MONTANA,3009000,Divide Elem,50 Schoolhouse Road,Divide,59727,No,6,0,1,Yes,Yes,Yes,JUDITH,BOYLE,(406)267-3347,sagemountaintrail@gmail.com,JUDITH,BOYLE,(406)267-3347,sagemountaintrail@gmail.com,JUDITH,BOYLE,(406)267-3347,sagemountaintrail@gmail.com,No,No,-9,-9,No,-9,No,-9,-9,-9,-9,-9,-9,-9,-9,-9,-9,-9,-9,-9,-9,-9,Yes,Yes,No,No,No
MT,MONTANA,3009330,Dupuyer Elem,PO Box 149,Dupuyer,59432,No,17,0,1,Yes,Yes,Yes,ANGIE,MONROE,406-472-3350,desclerk@3rivers.net,ANGIE,MONROE,406-472-3350,desclerk@3rivers.net,ANGIE,MONROE,406-472-3350,desclerk@3rivers.net,No,Yes,No,-9,No,-9,No,-9,-9,-9,-9,-9,-9,-9,-9,-9,-9,-9,-9,-9,-9,-9,No,-9,-9,-9,-9
MT,MONTANA,3009670,Ekalaka Elem,Box 458,Ekalaka,59324,No,32,0,1,Yes,Yes,Yes,DANIEL,SCHROCK,(406) 852-4274,dschrock@ekalaka.k12.mt.us,DANIEL,SCHROCK,(406) 852-4274,dschrock@ekalaka.k12.mt.us,DANIEL,SCHROCK,(406) 852-4274,dschrock@ekalaka.k12.mt.us,No,Yes,Yes,www.ekalaka.net,No,-9,No,-9,-9,-9,-9,-9,-9,-9,-9,-9,-9,-9,-9,-9,-9,-9,Yes,Yes,No,No,No
MT,MONTANA,3009780,Elliston Elem,PO Box 160,Elliston,59728,No,15,0,1,Yes,Yes,Yes,LISA,KRUG,4064927676,ellistonschool@blackfoot.net,LISA,KRUG,4064927676,ellistonschool@blackfoot.net,LISA,KRUG,4064927676,ellistonschool@blackfoot.net,No,Yes,No,-9,No,-9,No,-9,-9,-9,-9,-9,-9,-9,-9,-9,-9,-9,-9,-9,-9,-9,Yes,No,No,Yes,No
MT,MONTANA,3010800,Fishtail Elem,PO Box 75,Fishtail,59028,No,6,0,1,Yes,Yes,Yes,JOHN,SMITH,(406)322-8057,jsmith@stillwatercountymt.gov,JOHN,SMITH,(406)322-8057,jsmtih@stillwatercountymt.gov,JOHN,SMITH,(406)322-8057,jsmith@stillwatercountymt.gov,No,Yes,No,-9,No,-9,No,-9,-9,-9,-9,-9,-9,-9,-9,-9,-9,-9,-9,-9,-9,-9,Yes,Yes,No,No,No
MT,MONTANA,3010820,Wise River Elem,PO Box 40,Wise River,59762,No,8,0,1,Yes,Yes,Yes,LINDA,MARSH,(406)683-3737,lmarsh@beaverheadcounty.org,LINDA,MARSH,(406)683-3737,lmarsh@beaverheadcounty.org,LINDA,MARSH,(406)683-3737,lmarsh@beaverheadcounty.org,No,Yes,No,-9,No,-9,No,-9,-9,-9,-9,-9,-9,-9,-9,-9,-9,-9,-9,-9,-9,-9,Yes,No,No,Yes,No
MT,MONTANA,3011580,Froid H S,Box 218,Froid,59226,No,26,0,1,Yes,Yes,Yes,JANESSA,PARENTEAU,(406) 766-2342,jparenteau@froidschool.com,JANESSA,PARENTEAU,(406) 766-2342,jparenteau@froidschool.com,ANGIE,STUART,(406) 766-2342,astuart@froidschool.com,No,Yes,Yes,https://issuu.com/montanaschoolboardsassociation/docs/froid_school_district_policy_manual,No,-9,No,-9,-9,-9,-9,-9,-9,-9,-9,-9,-9,-9,-9,-9,-9,-9,No,-9,-9,-9,-9
MT,MONTANA,3011730,Galata Elem,Box 76,Galata,59444,No,11,0,1,Yes,Yes,Yes,KELLY,HAYES,4064322123,gophers@northerntel.net,KELLY,HAYES,4064322123,gophers@northerntel.net,KELLY,HAYES,4064322321,gophers@northerntel.net,No,Yes,Yes,www.roybejamin.com,No,-9,Yes,No,No,Yes,No,No,Yes,Yes,0,0,2,2,Yes,-9,-9,-9,Yes,Yes,No,No,No
MT,MONTANA,3011990,Ross Elem,1491 Old Stage Rd,Mosby,59058,No,2,0,1,Yes,Yes,Yes,HEATHER,GIBSON,406-557-6115,gcsupt@midrivers.com,HEATHER,GIBSON,406-557-6115,gcsupt@midrivers.com,HEATHER,GIBSON,406-557-6115,gcsupt@midrivers.com,No,Yes,No,-9,No,-9,No,-9,-9,-9,-9,-9,-9,-9,-9,-9,-9,-9,-9,-9,-9,-9,No,-9,-9,-9,-9
MT,MONTANA,3012060,Sand Springs Elem,160 Twin Buttes Road,Sand Springs,59077,No,4,0,1,Yes,Yes,Yes,HEATHER,GIBSON,406-557-6115,gcsupt@midrivers.com,HEATHER,GIBSON,406-557-6115,gcsupt@midrivers.com,HEATHER,GIBSON,406-557-6115,gcsupt@midrivers.com,No,Yes,No,-9,No,-9,No,-9,-9,-9,-9,-9,-9,-9,-9,-9,-9,-9,-9,-9,-9,-9,No,-9,-9,-9,-9
MT,MONTANA,3012270,Geyser Elem,PO Box 70,Geyser,59447,No,20,0,2,Yes,Yes,Yes,DALE,BERNARD,(406) 735-4368,dbenard@geyser.k12.mt.us,DALE,BERNARD,(406) 735-4368,dbernard@geyser.k12.mt.us,DALE,BERNARD,(406) 735-4368,dbernard@geyser.k12.mt.us,No,Yes,Yes,www.geyser.k12.mt.us,No,-9,No,-9,-9,-9,-9,-9,-9,-9,-9,-9,-9,-9,-9,-9,-9,-9,Yes,Yes,No,No,No
MT,MONTANA,3012300,Geyser H S,PO Box 70,Geyser,59447,No,19,0,1,Yes,Yes,Yes,DALE,BERNARD,4067354368,dbernard@geyser.k12.mt.us,DALE,BERNARD,4067354368,dbernard@geyser.k12.mt.us,DALE,BERNARD,4067354368,dbernard@geyser.k12.mt.us,No,Yes,No,-9,No,-9,No,-9,-9,-9,-9,-9,-9,-9,-9,-9,-9,-9,-9,-9,-9,-9,No,-9,-9,-9,-9
MT,MONTANA,3012350,Gildford Colony Elem,PO Box 138,Gildford,59525,No,18,0,1,Yes,Yes,Yes,MAUREEN,ODEGARD,406-265-5481,"ODEGARDM@CO.HILL,MT.US",MAUREEN,ODEGARD,406-265-5481,ODEGARDM@CO.HILL.MT.ULS,MAUREEN,ODEGARD,406-265-5481,"oDEGARDM@CO.HILL,MT.US",No,Yes,No,-9,No,-9,No,-9,-9,-9,-9,-9,-9,-9,-9,-9,-9,-9,-9,-9,-9,-9,Yes,No,No,Yes,No
MT,MONTANA,3012570,Gold Creek Elem,825 Gold Creek Road,Gold Creek,59733,No,8,0,1,Yes,Yes,Yes,LEWIS,COZBY,406-846-9719,lcozby@powellcountymt.gov,LEWIS,COZBY,406-846-9719,lcozby@powellcountymt.gov,SHERI,NELSON,(406)288-3560,gcteacher@blackfoot.net,No,Yes,No,-9,No,-9,No,-9,-9,-9,-9,-9,-9,-9,-9,-9,-9,-9,-9,-9,-9,-9,Yes,Yes,No,No,No
MT,MONTANA,3012900,Grant Elem,12420 HWY 324,Dillon,59725,No,3,0,1,Yes,Yes,Yes,LINDA,MARSH,406-683-3737,lmarsh@beaverheadcounty.org,LINDA,MARSH,406-683-3737,lmarsh@beaverheadcounty.org,LINDA,MARSH,406-683-3737,lmarsh@beavereheadcounty.org,No,Yes,No,-9,No,-9,No,-9,-9,-9,-9,-9,-9,-9,-9,-9,-9,-9,-9,-9,-9,-9,No,-9,-9,-9,-9
MT,MONTANA,3012990,Grass Range H S,PO Box 58,Grass Range,59032,No,19,0,1,Yes,Yes,Yes,JOE,GAYLORD,406-428-2341,joe.gaylord@grps.k12.mt.us,JOE,GAYLORD,406-428-2341,joe.gaylord@grps.k12.mt.us,JOE,GAYLORD,406-428-2341,joe.gaylord@grps.k12.mt.us,No,Yes,Yes,https://issuu.com/montanaschoolboardsassociation/docs/grass_range_school_district_policy_?e=16838009/12506824,No,-9,No,-9,-9,-9,-9,-9,-9,-9,-9,-9,-9,-9,-9,-9,-9,-9,No,-9,-9,-9,-9
MT,MONTANA,3013140,Greycliff Elem,PO Box 65,Greycliff,59033,No,12,0,1,Yes,Yes,Yes,SUSAN,METCALF,406-930-1643,sgcountysuperintendent@yahoo.com,SUSAN,METCALF,406-930-1643,sgcountysuperintendent@yahoo.com,SUSAN,METCALF,406-930-1643,sgcountysuperintendent@yahoo.com,No,Yes,No,-9,No,-9,No,-9,-9,-9,-9,-9,-9,-9,-9,-9,-9,-9,-9,-9,-9,-9,Yes,Yes,No,No,No
MT,MONTANA,3013200,Hall Elem,109 West Main,Hall,59837,No,21,0,1,Yes,Yes,Yes,TERESA,KIELLEY,(406)288-3440,tkielley@hallschool.net,TERESA,KIELLEY,(406)288-3440,tkielley@hallschool.net,TERESA,KIELLEY,(406)288-3440,tkielley@hallschool.net,No,Yes,No,-9,No,-9,No,-9,-9,-9,-9,-9,-9,-9,-9,-9,-9,-9,-9,-9,-9,-9,Yes,Yes,No,No,No
MT,MONTANA,3013280,Hawks Home Elem,11 Talcott Lane,Hammond,59332,No,14,4,2,Yes,Yes,Yes,TRACEY,WALKER,4067758714,twalker@mt.gov,TRACEY,WALKER,4067758714,twalker@mt.gov,TRACEY,WALKER,4067758714,twalker@mt.gov,No,Yes,No,-9,No,-9,Yes,No,No,Yes,No,No,No,Yes,0,0,0,4,Yes,-9,-9,-9,Yes,Yes,No,No,No
MT,MONTANA,3013890,Helmville Elem,PO Box 91,Helmville,59843,No,14,0,1,Yes,Yes,Yes,SUSAN,GRAVELEY,(406)793-5656,sgraveley@helmvilleschool.org,SUSAN,GRAVELEY,(406)793-5656,sgraveley@helmvilleschool.org,SUSAN,GRAVELEY,(406)793-5656,sgraveley@helmvilleschool.org,No,Yes,No,-9,No,-9,No,-9,-9,-9,-9,-9,-9,-9,-9,-9,-9,-9,-9,-9,-9,-9,Yes,Yes,No,No,No
MT,MONTANA,3014150,Cottonwood Elem,PO Box 1024,Havre,59501,No,19,0,1,Yes,Yes,Yes,MAUREEN,ODEGARD,(406)265-5481,stottm@hillcounty.us,MAUREEN,ODEGARD,(406)265-5481,stottm@hillcounty.us,MAUREEN,ODEGARD,(406)265-5481,stottm@hillcounty.us,No,Yes,No,-9,No,-9,No,-9,-9,-9,-9,-9,-9,-9,-9,-9,-9,-9,-9,-9,-9,-9,Yes,Yes,No,No,No
MT,MONTANA,3014370,Hinsdale H S,PO Box 398,Hinsdale,59241,No,23,0,1,Yes,Yes,Yes,SHERYL,BURNHAM,406-364-2314,sburnham@hinsdale.k12.mt.us,SHERYL,BURNHAM,406-364-2314,sburnham@hinsdale.k12.mt.us,S. M.,MORGAN,406-364-2314,smorgan@hinsdale.k12.mt.us,No,Yes,Yes,https://hinsdale.k12.mt.us/,No,-9,No,-9,-9,-9,-9,-9,-9,-9,-9,-9,-9,-9,-9,-9,-9,-9,Yes,Yes,No,No,No
MT,MONTANA,3015060,Jackson Elem,PO Box 835,Jackson,59736,No,4,0,1,Yes,Yes,Yes,LINDA,MARSH,(406)683-3737,lmarsh@beaverheadcounty.org,LINDA,MARSH,(406)683-3737,lmarsh@beaverheadcounty.org,LINDA,MARSH,(406)683-3737,lmarsh@beaverheadcounty.org,No,Yes,No,-9,No,-9,No,-9,-9,-9,-9,-9,-9,-9,-9,-9,-9,-9,-9,-9,-9,-9,Yes,Yes,No,No,No
MT,MONTANA,3015360,Judith Gap Elem,PO Box 67,Judith Gap,59453,No,26,0,2,Yes,Yes,Yes,ANNETTE,HART,406-473-2211,AHART@JUDITHGAP.K12.MT.US,ANNETTE,HART,406-473-2211,AHART@JUDITHGAP.K12.MT.US,ANNETTE,HART,406-473-2211,AHART@JUDITHGAP.K12.MT,No,Yes,Yes,www.judithgap.k12.mt.us,No,-9,Yes,No,No,Yes,No,No,No,Yes,0,0,0,2,Yes,-9,-9,-9,Yes,Yes,No,No,No
MT,MONTANA,3015390,Judith Gap H S,PO Box 67,Judith Gap,59453,No,12,0,1,Yes,Yes,Yes,ANNETTE,HART,406-473-2211,AHART@JUDITHGAP.K12.MT.US,ANNETTE,HART,406-473-2211,AHART@JUDITHGAP.K12.MT.US,ANNETTE,HART,406-473-2211,AHART@JUDITHGAP.K12.MT.US,No,Yes,Yes,www.judithgap.k12.mt.us,No,-9,No,-9,-9,-9,-9,-9,-9,-9,-9,-9,-9,-9,-9,-9,-9,-9,No,-9,-9,-9,-9
MT,MONTANA,3015510,Kester Elem,2031 Haxby Road,Jordan,59337,No,6,0,1,Yes,Yes,Yes,HEATHER,GIBSON,406-557-6115,gcsupt@midrivers.com,HEATHER,GIBSON,406-557-6115,gcsupt@midrivers.com,HEATHER,GIBSON,4065576115,gcsupt@midrivers.com,No,Yes,No,-9,No,-9,No,-9,-9,-9,-9,-9,-9,-9,-9,-9,-9,-9,-9,-9,-9,-9,No,-9,-9,-9,-9
MT,MONTANA,3015610,King Colony Elem,2370 King Colony Road,Lewistown,59457,No,9,0,1,Yes,Yes,Yes,SAM,HOFER,(406)538-9702,suptofschool@co.fergus.mt.us,SAM,HOFER,(406)538-9702,suptofschool@co.fergus.mt.us,SAM,HOFER,(406)538-9702,suptofschool@co.fergus.mt.us,No,Yes,No,-9,No,-9,No,-9,-9,-9,-9,-9,-9,-9,-9,-9,-9,-9,-9,-9,-9,-9,Yes,Yes,No,Yes,No
MT,MONTANA,3015690,Knees Elem,4177 Beaver Slide Road,Carter,59420,No,12,0,1,Yes,Yes,Yes,MARY LOU,TWEET,(406)622-3242,mtweet@mt.gov,MARY LOU,TWEET,(406)622-3242,mtweet@mt.gov,MARYLOU,TWEET,(406)622-3242,mtweet@mt.gov,No,Yes,No,-9,No,-9,No,-9,-9,-9,-9,-9,-9,-9,-9,-9,-9,-9,-9,-9,-9,-9,No,-9,-9,-9,-9
MT,MONTANA,3015930,Swan Lake-Salmon Elem,23187 MT Hwy 83,Swan Lake,59911,No,4,0,1,Yes,Yes,Yes,CAROLYN,HALL,(406) 883-7263,lacosupt@lakemt.gov,CAROLYN,HALL,(406) 883-7263,lacosupt@lakemt.gov,CAROLYN,HALL,(406) 883-7263,lacosupt@lakemt.gov,No,Yes,No,-9,No,-9,No,-9,-9,-9,-9,-9,-9,-9,-9,-9,-9,-9,-9,-9,-9,-9,No,-9,-9,-9,-9
MT,MONTANA,3017370,Luther Elem,4 Luther Roscoe Road,Luther,59068,No,30,0,1,Yes,Yes,Yes,ANDREA,MOHAMMADI,406-446-2480,lutherk8clerk@outlook.com,ANDREA,MOHAMMADI,406-446-2480,lutherk8clerk@outlook.com,ANNA,DONOHOE,406-446-2480,donohoeba@gmail.com,No,Yes,No,-9,No,-9,No,-9,-9,-9,-9,-9,-9,-9,-9,-9,-9,-9,-9,-9,-9,-9,Yes,Yes,No,No,No
MT,MONTANA,3017460,Alder Elem,PO Box 127,Alder,59710,No,20,0,1,Yes,Yes,Yes,TERESA,MURDOCH,406-660-1006,teresa.aes@madisoncountymt.gov,TERESA,MURDOCH,406-660-1006,teresa.aes@madisoncountymt.gov,TERESA,MURDOCH,406-660-1006,teresa.aes@madisoncountymt.gov,No,Yes,Yes,http://madisoncountymt.gov/DocumentCenter/View/5129/Alder-Policy-Manual-PDF?bidId=,No,-9,No,-9,-9,-9,-9,-9,-9,-9,-9,-9,-9,-9,-9,-9,-9,-9,Yes,Yes,No,No,No
MT,MONTANA,3017520,Malmborg Elem,375 Jackson Creek Road,Bozeman,59715,No,6,0,1,Yes,Yes,Yes,MATTHEW,HENRY,406-582-3090,matthew.henry@gallatin.mt.gov,MATTHEW,HENRY,406-582-3090,matthew.henry@gallatin.mt.gov,MATTHEW,HENRY,406-582-3090,matthew.henry@gallatin.mt.gov,No,Yes,No,-9,No,-9,No,-9,-9,-9,-9,-9,-9,-9,-9,-9,-9,-9,-9,-9,-9,-9,Yes,Yes,No,No,No
MT,MONTANA,3018060,McLeod Elem,346 Otter Cr Rd,Big Timber,59011,No,8,0,1,Yes,Yes,Yes,DIANA,BAKER,406-932-6164,jbaker@northstarmasonryinc.com,DIANA,BAKER,406-932-6164,jbaker@northstarmasonryinc.com,DIANA,BAKER,406-932-6164,jbaker@northstarmasonryinc.com,No,Yes,No,-9,No,-9,No,-9,-9,-9,-9,-9,-9,-9,-9,-9,-9,-9,-9,-9,-9,-9,Yes,Yes,No,No,No
MT,MONTANA,3018210,Melrose Elem,PO Box 128,Melrose,59743,No,3,0,1,Yes,Yes,Yes,LAURA,CHAMBERLIN,4068650375,chamberlinlara@gmail.com,LAURA,CHAMBERLIN,4068650375,chamberlinlara@gmail.com,LAURA,CHAMBERLIN,4068650375,chamberlinlara@gmail.com,No,Yes,No,-9,No,-9,No,-9,-9,-9,-9,-9,-9,-9,-9,-9,-9,-9,-9,-9,-9,-9,Yes,Yes,No,No,No
MT,MONTANA,3018270,Melstone H S,Box 97,Melstone,59054,No,31,0,1,Yes,Yes,Yes,KELLY,HAALAND,406 358-2362,khaaland@melstone.k12.mt.us,KELLY,HAALAND,406 358 2352,khaaland@melstone.k12.mt.us,KELLY,HAALAND,406 358 2352,khaaland@melstone.k12.mt.us,No,Yes,Yes,melstone.schoolwires.com,No,-9,No,-9,-9,-9,-9,-9,-9,-9,-9,-9,-9,-9,-9,-9,-9,-9,No,-9,-9,-9,-9
MT,MONTANA,3018290,Melville Elem,PO Box 275,Melville,59055,No,28,0,1,Yes,Yes,Yes,ETTJE,PLAGGEMEYER,406-537-4457,eplaggemeyer@melvillek8.com,ETTJE,PLAGGEMEYER,406-537-4457,eplaggemeyer@melvillek8.com,ETTJE,PLAGGEMEYER,406-537-4457,eplaggemeyer@melvillek8.com,No,Yes,No,-9,No,-9,No,-9,-9,-9,-9,-9,-9,-9,-9,-9,-9,-9,-9,-9,-9,-9,Yes,Yes,No,No,No
MT,MONTANA,3018660,Molt Elem,PO Box 70,Molt,59057,No,2,0,1,Yes,Yes,Yes,JOHN,SMITH,(406)322-8057,jsmith@stillwatercountymt.gov,JOHN,SMITH,(406)322-8057,jsmith@stillwatercountymt.gov,JOHN,SMITH,(406)322-8057,jsmith@stillwatercountymt.gov,No,Yes,No,-9,No,-9,No,-9,-9,-9,-9,-9,-9,-9,-9,-9,-9,-9,-9,-9,-9,-9,Yes,Yes,No,No,No
MT,MONTANA,3018900,Moore H S,509 Highland,Moore,59464,No,30,0,2,Yes,Yes,Yes,DENISE,CHREST,(406)374-2231,dchrest@moore.k12.mt.us,TERESA,VAUGHN,(406)374-2231,tvaughn@moore.k12.mt.us,TAMMY,BREWINGTON,(406)374-2231,TBREWINGTON@MOORE.K12.MT.US,No,Yes,Yes,https://www.mooreschoolmt.com/,Yes,No,Yes,No,No,No,Yes,Yes,Yes,Yes,0,3,2,1,Yes,-9,-9,-9,Yes,Yes,No,No,No
MT,MONTANA,3019310,North Harlem Colony Elem,755 Hillcrest Road,Harlem,59526,No,15,0,2,Yes,Yes,Yes,ELI,HOFER,4063532800,elihofer49@yahoo.com,ELI,HOFER,4063532800,elihofer49@yahoo.com,ELI,HOFER,4063532800,elihofer49@yahoo.com,No,Yes,Yes,www.mt.-ssa-org,No,-9,No,-9,-9,-9,-9,-9,-9,-9,-9,-9,-9,-9,-9,-9,-9,-9,No,-9,-9,-9,-9
MT,MONTANA,3019530,Nye Elem,Box 472,Nye,59061,No,4,0,1,Yes,Yes,Yes,JOHN,SMITH,(406)322-8057,jsmith@stillwatercountymt.gov,JOHN,SMITH,(406)322-8057,jsmith@stillwatercountymt.gov,JOHN,SMITH,(406)322-8057,jsmith@stillwatercountymt.gov,No,Yes,No,-9,No,-9,No,-9,-9,-9,-9,-9,-9,-9,-9,-9,-9,-9,-9,-9,-9,-9,Yes,Yes,No,No,No
MT,MONTANA,3019950,Ovando Elem,PO Box 9,Ovando,59854,No,10,0,1,Yes,Yes,Yes,RICK,DUNCAN,(406)846-2757x826,rduncan@pchs.dl.k12.mt.us>,RICK,DUNCAN,(406)846-2757x826,rduncan@pchs.dl.k12.mt.us,RICK,DUNCAN,(406)846-2757x826,rduncan@pchs.dl.k12.mt.us,No,Yes,No,-9,No,-9,Yes,No,No,Yes,No,No,Yes,No,0,0,1,0,Yes,-9,-9,-9,Yes,Yes,No,No,No
MT,MONTANA,3020170,Pass Creek Elem,3747 Pass Creek Road,Belgrade,59714,No,12,0,1,Yes,Yes,Yes,MATTHEW,HENRY,406-582-3090,matthew.henry@gallatin.mt.gov,MATTHEW,HENRY,406-582-3090,matthew.henry@gallatin.mt.gov,MATTHEW,HENRY,406-582-3090,matthew.henry@gallatin.mt.gov,No,Yes,No,-9,No,-9,No,-9,-9,-9,-9,-9,-9,-9,-9,-9,-9,-9,-9,-9,-9,-9,Yes,Yes,No,No,No
MT,MONTANA,3020240,Pendroy Elem,PO Box 65,Pendroy,59467,No,16,0,1,Yes,Yes,Yes,KIMBERLY,HUESKE,(406)469-2387,khueske@gmail.com,KIMBERLY,HUESKE,(406)469-2387,khueske@gmail.com,KIMBERLY,HUESKE,(406)469-2387,khueske@gmail.com,No,Yes,No,-9,No,-9,No,-9,-9,-9,-9,-9,-9,-9,-9,-9,-9,-9,-9,-9,-9,-9,Yes,Yes,No,No,No
MT,MONTANA,3020690,Pine Grove Elem,3646 Brusett Road,Brusett,59318,No,8,0,1,Yes,Yes,Yes,HEATHER,GIBSON,406-557-6115,gcsupt@midrivers.com,HEATHER,GIBSON,406-557-6115,gcsupt@midrivers.com,HEATHER,GIBSON,406-557-6115,gcsupt@midrivers.com,No,Yes,No,-9,No,-9,No,-9,-9,-9,-9,-9,-9,-9,-9,-9,-9,-9,-9,-9,-9,-9,No,-9,-9,-9,-9
MT,MONTANA,3020880,Pleasant Valley Elem,7975 Pleasant Valley Road,Marion,59925,No,3,0,1,Yes,Yes,Yes,JACK,EGGENSPERGER,(406)758-5720,jeggensperger@flathead.mt.gov,JACK,EGGENSPERGER,(406)758-5720,jeggensperger@flathead.mt.gov,JACK,EGGENSPERGER,(406)758-5720,jeggensperger@flathead.mt.gov,No,Yes,Yes,https://www.pleasantvalleyschoolmontana.org/uploads/2/3/9/4/23941116/student_handbook_2017-2018_pvs.pdf,No,-9,No,-9,-9,-9,-9,-9,-9,-9,-9,-9,-9,-9,-9,-9,-9,-9,No,-9,-9,-9,-9
MT,MONTANA,3021030,Polaris Elem,19200 Hwy 278,Dillon,59725,No,8,0,1,Yes,Yes,Yes,LINDA,MARSH,(406)683-3737,lmarsh@beaverheadcounty.org,LINDA,MARSH,(406)683-3737,lmarsh@beaverheadcounty.org,LINDA,MARSH,(406)683-3737,lmarsh@beaverheadcounty.org,No,Yes,No,-9,No,-9,No,-9,-9,-9,-9,-9,-9,-9,-9,-9,-9,-9,-9,-9,-9,-9,Yes,Yes,No,No,No
MT,MONTANA,3021150,Miami Elem,110 S. Delaware,Conrad,59425,No,24,0,1,Yes,Yes,Yes,JANE,ARENDS,(406)472-3325,janemariearends@gmail.comj,JANE,ARENDS,(406)472-3325,janemariearends@hotmail.com,JANE,ARENDS,(406)472-3325,janemariearends@hotmail.com,No,Yes,No,-9,No,-9,No,-9,-9,-9,-9,-9,-9,-9,-9,-9,-9,-9,-9,-9,-9,-9,No,-9,-9,-9,-9
MT,MONTANA,3021480,Garrison Elem,33 School House Rd,Garrison,59731,No,17,0,1,Yes,Yes,Yes,DEBRA,CROW,4068461043,garrisonsch@gmail.com,DEBRA,CROW,4068461043,garrisonsch@gmail.com,DEBRA,CROW,4068461043,garrisonsch@gmail.com,No,Yes,No,-9,No,-9,No,-9,-9,-9,-9,-9,-9,-9,-9,-9,-9,-9,-9,-9,-9,-9,Yes,Yes,No,No,No
MT,MONTANA,3021900,Rapelje H S,PO Box 89,Rapelje,59067,No,22,0,1,Yes,Yes,Yes,CAROLE,MARSH,4066632215,cmarsh@rapelje.k12.mt.us,JERRY,THOMPSON,4066632215,jthompson@rapelje.k12.mt.us,JERRY,THOMPSON,4066632215,jthompson@rapelje.k12.mt.us,No,Yes,Yes,www.rapelje.k12.mt.us,No,-9,No,-9,-9,-9,-9,-9,-9,-9,-9,-9,-9,-9,-9,-9,-9,-9,No,-9,-9,-9,-9
MT,MONTANA,3022260,Reed Point H S,PO Box 338,Reed Point,59069,No,23,0,1,Yes,Yes,Yes,TERESA,BARE,(406) 326-2245,teresa@reedpoint.k12.mt.us,TERESA,BARE,(406) 326-2245,teresa@reedpoint.k12.mt.us,KARLEEN,MOSBY-GAUGER,(406) 326-2245,kgauger@reedpoint.k12.mt.us,No,Yes,Yes,https://drive.google.com/file/d/0B5mbgIzCvNHVUEJJSkZWRFdESzg/view,No,-9,No,-9,-9,-9,-9,-9,-9,-9,-9,-9,-9,-9,-9,-9,-9,-9,No,-9,-9,-9,-9
MT,MONTANA,3022290,Reichle Elem,PO Box 320097,Glen,59732,No,22,0,1,Yes,Yes,Yes,LINDA,MARSH,(406)683-3737,lmarsh@beaverheadcounty.org,LINDA,MARSH,(406)683-3737,lmarsh@beaverheadcounty.org,LINDA,MARSH,(406)683-3737,olmarsh@beaverheadcounty.org,No,Yes,No,-9,No,-9,No,-9,-9,-9,-9,-9,-9,-9,-9,-9,-9,-9,-9,-9,-9,-9,Yes,Yes,No,No,No
MT,MONTANA,3022410,Richey H S,Box 60,Richey,59259,No,28,0,1,Yes,Yes,Yes,MAUREEN,SIMONSON,4067735523,msimonson@richey.k12.mt.us,MAUREEN,SIMONSON,4067735523,msimonson@richey.k12.mt.us,MAUREEN,SIMONSON,4067735523,msimonson@richey.k12.mt.us,No,Yes,Yes,https://www.richey.k12.mt.us/default.aspx?PageID=1,No,-9,No,-9,-9,-9,-9,-9,-9,-9,-9,-9,-9,-9,-9,-9,-9,-9,No,-9,-9,-9,-9
MT,MONTANA,3023370,Saco Elem,Box 298,Saco,59261,No,31,0,2,Yes,Yes,Yes,AMBER,ERICKSON,406-527-3531,aerickson@sacoschools.k12.mt.us,TANYA,FUNK,406-527-3531,tfunk@sachoschools.k12.mt.us,WADE,SUNDBY,406-527-3531,wsundby@sacoschools.k12.mt.us,No,Yes,Yes,www.sacschools.k12.mt.us,No,-9,No,-9,-9,-9,-9,-9,-9,-9,-9,-9,-9,-9,-9,-9,-9,-9,Yes,Yes,No,No,No
MT,MONTANA,3023400,Saco H S,Box 298,Saco,59261,No,19,0,1,Yes,Yes,Yes,AMBER,ERICKSON,406-527-3531,aerickson@sacoschools.k12.mt.us,TANYA,FUNK,406-527-3531,tfunk@sacoschools.k12.mt.us,WADE,SUNDBY,406-527-3531,wsundby@sacoschools.k12.mt.us,No,Yes,Yes,www.sacoschools.k12.mt.us,No,-9,No,-9,-9,-9,-9,-9,-9,-9,-9,-9,-9,-9,-9,-9,-9,-9,Yes,Yes,No,No,No
MT,MONTANA,3023550,Savage H S,Box 110,Savage,59262,No,28,0,1,Yes,Yes,Yes,LYNNE,PETERSON,406-776-2317,superintendent@savagepublicschool.com,LYNNE,PETERSON,406-776-2317,superintendent@savagepublicschool.com,ANGELLA,NELSON,406-776-2317,anelson@savagepublicschool.com,No,Yes,Yes,www.savagepublicschool.com,No,-9,No,-9,-9,-9,-9,-9,-9,-9,-9,-9,-9,-9,-9,-9,-9,-9,Yes,Yes,No,No,No
MT,MONTANA,3024690,Spring Creek Colony Elem,PO Box 1185,Lewistown,59457,No,8,0,1,Yes,Yes,Yes,KATHY,WALTER,(406)366-3838,jameskwalter@hotmail.com,KATHY,WALTER,(406)366-3838,jameskwalter@hotmail.com,KATHY,WALTER,(406)366-3838,jameskwalter@hotmail.com,No,Yes,No,-9,No,-9,No,-9,-9,-9,-9,-9,-9,-9,-9,-9,-9,-9,-9,-9,-9,-9,No,-9,-9,-9,-9
MT,MONTANA,3024810,Springhill Elem,6020 Springhill Community Road,Belgrade,59714,No,16,0,1,Yes,Yes,Yes,MATTHEW,HENRY,406-582-3090,matthew.henry@gallatin.mt.gov,MATTHEW,HENRY,406-582-3090,matthew.henry@gallatin.mt.gov,MATTHEW,HENRY,406-582-3090,matthew.henry@gallatin.mt.gov,No,Yes,No,-9,No,-9,No,-9,-9,-9,-9,-9,-9,-9,-9,-9,-9,-9,-9,-9,-9,-9,Yes,Yes,No,No,No
MT,MONTANA,3025380,Sunset Elem,5024 Sunset Hill Road,Greenough,59823,No,8,0,1,Yes,Yes,Yes,TONI,HATTEN,(406)244-5542,sunsetschool@blackfoot.net,TONI,HATTEN,(406)244-5542,sunsetschool@blackfoot.net,TONI,HATTEN,(406)244-5542,sunsetschool@blackfoot.net,No,Yes,No,-9,No,-9,No,-9,-9,-9,-9,-9,-9,-9,-9,-9,-9,-9,-9,-9,-9,-9,No,-9,-9,-9,-9
MT,MONTANA,3025530,Swan Valley Elem,6423 Highway 83,Condon,59826,No,29,0,2,Yes,Yes,Yes,CHRIS,STOUT,4066772265,cstoutsle@sleonline.org,CHRIS,STOUT,4066772265,cstoutsle@sleonline.org,CHRIS,STOUT,4066772265,cstoutsle@sleonline.org,No,Yes,No,-9,No,-9,Yes,Yes,No,No,No,No,Yes,Yes,0,0,3,0,Yes,-9,-9,-9,Yes,Yes,No,No,No
MT,MONTANA,3026400,Trail Creek Elem,735 Road 664,Miles City,59301,No,9,0,1,Yes,Yes,Yes,DOUG,ELLINGSON,(406)874-3421,d.ellingson@co.custer.mt.us,DOUG,ELLINGSON,(406)874-3421,d.ellingson@co.custer.mt.us,DOUG,ELLINGSON,(406)874-3421,d.ellingson@co.custer.mt.us,No,Yes,No,-9,No,-9,No,-9,-9,-9,-9,-9,-9,-9,-9,-9,-9,-9,-9,-9,-9,-9,No,-9,-9,-9,-9
MT,MONTANA,3026460,Trego Elem,PO Box 10,Trego,59934,No,15,0,1,Yes,Yes,Yes,LORI,MCCLURE,406-882-4713,tregoschool@interbel.net,LORI,MCCLURE,406-882-4713,tregoschool@interbel.net,LORI,MCCLURE,406-882-4713,tregoschool@interbel.net,No,Yes,No,-9,No,-9,No,-9,-9,-9,-9,-9,-9,-9,-9,-9,-9,-9,-9,-9,-9,-9,Yes,Yes,No,No,No
MT,MONTANA,3026490,Trinity Elem,PO Box 523,Canyon Creek,59633,No,18,1,1,Yes,Yes,Yes,KATRINA,CHANEY,406-447-8344,kchaney@lccountymt.gov,KATRINA,CHANEY,406-447-8344,kchaney@lccountymt.gov,KATRINA,CHANEY,406-447-8344,kchaney@kccountymt.gov,No,Yes,No,-9,No,-9,Yes,No,No,Yes,No,No,No,No,0,0,2,0,No,Yes,No,No,Yes,Yes,No,No,No
MT,MONTANA,3026670,Turner H S,Box 40,Turner,59542,No,19,0,1,Yes,Yes,Yes,RUSS,MCKENNA,406-379-2219,rmckenna@turner.k12.mt.us,RUSS,MCKENNA,406-379-2219,rmckenna@turner.k12.mt.us,RUSS,MCKENNA,406-379-2219,rmckenna@turner.k12.mt.us,No,Yes,Yes,turner.k12.mt.us,No,-9,No,-9,-9,-9,-9,-9,-9,-9,-9,-9,-9,-9,-9,-9,-9,-9,No,-9,-9,-9,-9
MT,MONTANA,3027150,Valley View Elem,42448 Valley View Road,Polson,59860,No,28,0,1,Yes,Yes,Yes,CAROLYN,HALL,(406)883-7262,lacosupt@lakemt.gov,CAROLYN,HALL,(406)883-7262,lacosupt@lakemt.gov,CAROL,MADDEN,(406)883-2208,cmadden@valleyviewschool.net,No,Yes,No,-9,No,-9,No,-9,-9,-9,-9,-9,-9,-9,-9,-9,-9,-9,-9,-9,-9,-9,Yes,Yes,No,No,No
MT,MONTANA,3027340,Vida Elem,PO Box 180,Circle,59215,No,28,0,2,Yes,Yes,Yes,CROCKETT,NITA,4064853590,mctreas@midrivers.com,CROCKETT,NITA,4064853590,mctreas@midrivers.com,CROCKETT,NITA,4064853590,mctreas@midrivers.com,No,Yes,No,-9,No,-9,No,-9,-9,-9,-9,-9,-9,-9,-9,-9,-9,-9,-9,-9,-9,-9,Yes,Yes,No,No,No
MT,MONTANA,3028170,Willow Creek H S,PO Box 189,Willow Creek,59760,No,7,0,1,Yes,Yes,Yes,TARA,SCHUMACHER,4062856991,Taralarson@yahoo.com,BONNIE,LOWER,4062856991,bonnielower@willowcreek.k12.mt.us,BONNIE,LOWER,4062856991,bonnielower@willowcreek.k12.mt.us,No,Yes,No,-9,No,-9,No,-9,-9,-9,-9,-9,-9,-9,-9,-9,-9,-9,-9,-9,-9,-9,No,-9,-9,-9,-9
MT,MONTANA,3028500,Wisdom Elem,PO Box 176,Wisdom,59761,No,7,0,1,Yes,Yes,Yes,LINDA,MARSH,(406)683-3737,lmarsh@beaverheadcounty.org,LINDA,MARSH,(406)683-3737,lmarsh@beaverheadcounty.org,LINDA,MARSH,(406)683-3737,lmarsh@beaverheadcounty.org,No,Yes,No,-9,No,-9,No,-9,-9,-9,-9,-9,-9,-9,-9,-9,-9,-9,-9,-9,-9,-9,Yes,Yes,No,No,No
MT,MONTANA,3028550,Wolf Creek Elem,Box 200,Wolf Creek,59648,No,9,0,1,Yes,Yes,Yes,KATRINA,CHANEY,(406)447-8344,kchaney@lccountymt.gov,KATRINA,CHANEY,(406)447-8344,Kchaney@lccountymt.gov,KATRINA,CHANEY,(406)447-8344,kchaney@lccountymt.gov,No,Yes,No,-9,No,-9,Yes,No,No,Yes,No,No,No,No,0,0,1,0,No,Yes,No,No,Yes,Yes,No,No,No
MT,MONTANA,3028830,Yaak Elem,29893 Yaak River Road,Troy,59935,No,11,0,1,Yes,Yes,Yes,DIANE,DOWNEY,(406)295-9311,schoolclerk@yaakschool.org,DIANE,DOWNEY,(406)295-9311,schoolclerk@yaakschool.org,DIANE,DOWNEY,(406)295-9311,schoolclerk@yaakschool.org,No,Yes,Yes,http://www.yaakschool.org/public-documents-policies/,No,-9,No,-9,-9,-9,-9,-9,-9,-9,-9,-9,-9,-9,-9,-9,-9,-9,Yes,Yes,No,No,No
MT,MONTANA,3028860,Yellowstone Academy Elem,1750 Ray of Hope Lane,Billings,59106,No,29,16,2,Yes,Yes,Yes,JENNICA,HAMMOND,4066562198,jhammond@ybgr.org,KEITH,TRESCH,4066562198,ktresch@ybgr.org,KEITH,TRESCH,4066562198,ktresch@ybgr.org,No,Yes,No,-9,No,-9,No,-9,-9,-9,-9,-9,-9,-9,-9,-9,-9,-9,-9,-9,-9,-9,No,-9,-9,-9,-9
MT,MONTANA,3028910,Zurich Elem,PO Box 847,Zurich,59547,No,23,0,1,Yes,Yes,Yes,VALARIE,WHITE,(406)357-3270,vwhite@blainecounty-mt.gov,VALARIE,WHITE,(406)357-3270,vwhite@blainecounty-mt.gov,VALARIE,WHITE,(406)357-3270,vwhite@blainecounty-mt.gov,No,Yes,No,-9,No,-9,No,-9,-9,-9,-9,-9,-9,-9,-9,-9,-9,-9,-9,-9,-9,-9,Yes,Yes,No,No,No
