State Postal Code,State FIPS Code,District ID,Name,Estimated Total Population,Estimated Population 5-17,Estimated number of relevant children 5 to 17 years old in poverty who are related to the householder
MT,30,1710,Absarokee Elementary School District,1937,189,8
MT,30,1740,Absarokee High School District,2388,135,4
MT,30,1860,Alberton K-12 Schools,1429,187,50
MT,30,17460,Alder Elementary School District,305,14,1
MT,30,1950,Alzada Elementary School District,172,5,1
MT,30,1980,Amsterdam Elementary School District,2188,287,24
MT,30,2010,Anaconda Elementary School District,8822,607,109
MT,30,2030,Anaconda High School District,8896,356,46
MT,30,2070,Anderson Elementary School District,1393,187,7
MT,30,2220,Arlee Elementary School District,2685,328,61
MT,30,2250,Arlee High School District,2685,161,18
MT,30,2300,Arrowhead Elementary School District,1998,176,57
MT,30,8,Ashland Elementary School District,1369,219,60
MT,30,2490,Auchard Creek Elementary School District,162,26,2
MT,30,2430,Augusta Elementary School District,708,37,1
MT,30,2450,Augusta High School District,870,43,9
MT,30,2550,Avon Elementary School District,232,21,3
MT,30,2570,Ayers Elementary School District,82,10,1
MT,30,2640,Bainville K-12 Schools,384,76,13
MT,30,2730,Baker K-12 Schools,2582,493,60
MT,30,2820,Basin Elementary School District,246,23,8
MT,30,3000,Bear Paw Elementary School District,142,8,2
MT,30,3090,Beaverhead County High School District,8916,421,39
MT,30,3270,Belfry K-12 Schools,647,87,6
MT,30,3290,Belgrade Elementary School District,23893,3185,276
MT,30,3330,Belgrade High School District,24044,1248,107
MT,30,3420,Belt Elementary School District,2162,220,65
MT,30,3450,Belt High School District,2007,116,23
MT,30,3480,Benton Lake Elementary School District,82,7,2
MT,30,3600,Biddle Elementary School District,128,9,1
MT,30,3750,Big Sandy K-12 Schools,1143,190,28
MT,30,654,Big Sky School K-12,2591,260,24
MT,30,3800,Big Timber Elementary School District,2730,268,43
MT,30,3820,Bigfork Elementary School District,6244,538,56
MT,30,3840,Bigfork High School District,8427,378,24
MT,30,3870,Billings Elementary School District,115820,12994,1557
MT,30,3900,Billings High School District,136449,7085,543
MT,30,3990,Birney Elementary School District,105,17,2
MT,30,4200,Bloomfield Elementary School District,114,14,1
MT,30,4230,Blue Creek Elementary School District,2296,287,53
MT,30,4260,Bonner Elementary School District,3178,353,43
MT,30,4380,Boulder Elementary School District,2113,179,52
MT,30,4440,Box Elder Elementary School District,526,85,26
MT,30,4500,Box Elder High School District,526,34,6
MT,30,4560,Bozeman Elementary School District,62031,5303,364
MT,30,4590,Bozeman High School District,69297,2505,131
MT,30,4800,Bridger K-12 Schools,1394,197,14
MT,30,6,Broadus Elementary School District,1327,99,15
MT,30,4890,Broadview Elementary School District,908,115,14
MT,30,4920,Broadview High School District,1003,74,3
MT,30,5010,Brockton Elementary School District,595,89,32
MT,30,5040,Brockton High School District,595,53,8
MT,30,5130,Brorson Elementary School District,202,22,2
MT,30,5140,Browning Elementary School District,8459,1428,463
MT,30,5190,Browning High School District,9029,601,143
MT,30,5280,Butte Elementary School District,32948,3173,617
MT,30,5310,Butte High School District,34550,1638,174
MT,30,5330,Bynum Elementary School District,137,9,3
MT,30,5460,Canyon Creek Elementary School District,2030,217,16
MT,30,5550,Cardwell Elementary School District,474,50,6
MT,30,5610,Carter County High School District,1203,65,5
MT,30,5760,Carter Elementary School District,165,15,3
MT,30,5880,Cascade Elementary School District,2101,203,17
MT,30,5910,Cascade High School District,2809,176,20
MT,30,5990,Cayuse Prairie Elementary School District,2683,317,30
MT,30,25130,Centerville Elementary School District,1318,138,8
MT,30,25140,Centerville High School District,1326,78,4
MT,30,6112,Charlo Elementary School District,1408,185,25
MT,30,6115,Charlo High School District,1876,121,17
MT,30,98,Chester-Joplin-Inverness Elementary School District,2311,214,20
MT,30,101,Chester-Joplin-Inverness High School District,2554,136,30
MT,30,6260,Chinook Elementary School District,2043,253,43
MT,30,6270,Chinook High School District,2417,115,22
MT,30,6320,Choteau Elementary School District,2677,280,32
MT,30,6330,Choteau High School District,3122,181,11
MT,30,6790,Circle Elementary School District,1286,132,10
MT,30,6810,Circle High School District,1718,100,27
MT,30,6840,Clancy Elementary School District,2896,299,14
MT,30,4050,Cleveland Elementary School District,84,8,2
MT,30,6870,Clinton Elementary School District,2387,317,26
MT,30,7030,Cohagen Elementary School District,226,23,7
MT,30,7050,Colstrip Elementary School District,2499,332,42
MT,30,7080,Colstrip High School District,2499,167,22
MT,30,7110,Columbia Falls Elementary School District,15760,1701,266
MT,30,7140,Columbia Falls High School District,16292,892,126
MT,30,7190,Columbus Elementary School District,4075,488,43
MT,30,7200,Columbus High School District,4098,235,26
MT,30,7330,Conrad Elementary School District,3282,348,73
MT,30,7320,Conrad High School District,3523,204,38
MT,30,7350,Cooke City Elementary School District,104,5,0
MT,30,7410,Corvallis K-12 Schools,8220,1524,205
MT,30,7500,Cottonwood Elementary School District,270,24,3
MT,30,14150,Cottonwood Elementary School District,313,32,3
MT,30,7710,Creston Elementary School District,1296,144,9
MT,30,7830,Culbertson Elementary School District,1094,101,19
MT,30,7860,Culbertson High School District,980,77,13
MT,30,7930,Custer County High School District,11721,629,59
MT,30,8130,Custer K-12 Schools,386,58,19
MT,30,3,Cut Bank Elementary School District,4485,578,152
MT,30,8190,Cut Bank High School District,4611,284,56
MT,30,8280,Darby K-12 Schools,4299,471,68
MT,30,8310,Davey Elementary School District,58,6,1
MT,30,8340,Dawson High School District,8454,421,32
MT,30,8880,DeSmet Elementary School District,1487,190,31
MT,30,8470,Deer Creek Elementary School District,353,35,2
MT,30,8670,Deer Lodge Elementary School District,5636,368,73
MT,30,8700,Deer Park Elementary School District,1100,118,13
MT,30,8730,Deerfield Elementary School District,53,10,2
MT,30,8860,Denton Elementary School District,523,58,3
MT,30,8850,Denton High School District,576,32,3
MT,30,8910,Dillon Elementary School District,7898,621,98
MT,30,9000,Divide Elementary School District,182,14,3
MT,30,9030,Dixon Elementary School District,468,53,22
MT,30,9120,Dodson K-12,335,52,11
MT,30,9180,Drummond Elementary School District,1031,94,31
MT,30,9210,Drummond High School District,1350,60,4
MT,30,9330,Dupuyer Elementary School District,364,54,8
MT,30,102,Dutton/Brady K-12 Schools,968,138,49
MT,30,9510,East Glacier Park Elementary School District,569,71,19
MT,30,9560,East Helena Elementary School District,9616,1207,84
MT,30,9670,Ekalaka Elementary School District,921,83,26
MT,30,9720,Elder Grove Elementary School District,3167,419,31
MT,30,9780,Elliston Elementary School District,325,18,4
MT,30,9840,Elysian Elementary School District,1202,133,12
MT,30,9930,Ennis K-12 Schools,3701,366,41
MT,30,10080,Eureka Elementary School District,4795,497,149
MT,30,10920,Evergreen Elementary School District,6600,827,142
MT,30,10230,Fair-Mont-Egan Elementary School District,1238,150,13
MT,30,10140,Fairfield Elementary School District,1262,163,30
MT,30,10170,Fairfield High School District,1830,116,10
MT,30,10210,Fairview Elementary School District,1495,191,23
MT,30,10290,Fairview High School District,1583,110,3
MT,30,10530,Fergus High School District,8763,463,57
MT,30,10800,Fishtail Elementary School District,371,26,10
MT,30,15420,Flathead High School District,62985,3294,323
MT,30,11100,Florence-Carlton K-12 Schools,5627,963,78
MT,30,11160,Forsyth Elementary School District,2534,265,24
MT,30,11190,Forsyth High School District,2594,132,11
MT,30,11240,Fort Benton Elementary School District,1876,160,10
MT,30,11260,Fort Benton High School District,2282,105,5
MT,30,11340,Fortine Elementary School District,791,61,22
MT,30,11420,Frazer Elementary School District,547,107,19
MT,30,11460,Frazer High School District,745,63,26
MT,30,11520,Frenchtown K-12 Schools,7134,1370,100
MT,30,11550,Froid Elementary School District,365,47,10
MT,30,11580,Froid High School District,465,26,5
MT,30,11650,Fromberg K-12,1125,169,16
MT,30,11670,Frontier Elementary School District,458,61,10
MT,30,11730,Galata Elementary School District,236,25,6
MT,30,11790,Gallatin Gateway Elementary School District,1884,210,17
MT,30,11820,Gardiner Elementary School District,1420,121,11
MT,30,11850,Gardiner High School District,1524,68,10
MT,30,11880,Garfield County High School District,1293,62,10
MT,30,21480,Garrison Elementary School District,127,8,3
MT,30,12210,Geraldine K-12,633,106,22
MT,30,12270,Geyser Elementary School District,393,39,4
MT,30,12300,Geyser High School District,393,18,2
MT,30,12350,Gildford Colony Elementary School District,132,20,4
MT,30,12420,Glasgow K-12 Schools,4994,796,91
MT,30,12510,Glendive Elementary School District,7751,830,103
MT,30,12570,Gold Creek Elementary School District,222,33,6
MT,30,12600,Golden Ridge Elementary School District,162,16,2
MT,30,12900,Grant Elementary School District,154,16,1
MT,30,12960,Grass Range Elementary School District,501,37,9
MT,30,12990,Grass Range High School District,582,39,7
MT,30,13040,Great Falls Elementary School District,72296,7718,1103
MT,30,13050,Great Falls High School District,72443,3634,322
MT,30,13110,Greenfield Elementary School District,428,34,6
MT,30,13140,Greycliff Elementary School District,337,39,6
MT,30,13200,Hall Elementary School District,320,30,4
MT,30,13260,Hamilton K-12 Schools,11700,1527,377
MT,30,13310,Hardin Elementary School District,9652,1642,401
MT,30,13340,Hardin High School District,8491,610,170
MT,30,13395,Harlem Elementary School District,2484,426,124
MT,30,13400,Harlem High School District,2632,180,48
MT,30,13440,Harlowton Elementary School District,1880,222,54
MT,30,13470,Harlowton High School District,1880,120,8
MT,30,13530,Harrison K-12 Schools,688,95,23
MT,30,13560,Havre Elementary School District,12480,1520,276
MT,30,13590,Havre High School District,12837,686,110
MT,30,13280,Hawks Home Elementary School District,111,12,2
MT,30,13660,Hays-Lodge Pole K-12 Schools,1362,365,108
MT,30,99,Heart Butte K-12 Schools,724,174,52
MT,30,5,Helena Elementary School District,53555,5647,577
MT,30,13800,Helena Flats Elementary School District,2008,279,25
MT,30,13830,Helena High School District,65541,3204,241
MT,30,13860,Hellgate Elementary School District,14321,1531,153
MT,30,13890,Helmville Elementary School District,219,16,2
MT,30,14070,Highwood K-12,454,70,7
MT,30,14340,Hinsdale Elementary School District,422,47,10
MT,30,14370,Hinsdale High School District,450,29,8
MT,30,14430,Hobson K-12 Schools,699,96,31
MT,30,14640,Hot Springs K-12,1485,202,60
MT,30,14700,Huntley Project K-12 Schools,4557,881,111
MT,30,14760,Hysham K-12 Schools,679,81,16
MT,30,14820,Independent Elementary School District,2895,466,17
MT,30,15060,Jackson Elementary School District,155,20,2
MT,30,15120,Jefferson High School District,8267,507,22
MT,30,15200,Joliet Elementary School District,2151,230,17
MT,30,15260,Joliet High School District,2531,157,13
MT,30,15340,Jordan Elementary School District,698,86,16
MT,30,15360,Judith Gap Elementary School District,345,32,11
MT,30,15390,Judith Gap High School District,289,18,3
MT,30,15450,Kalispell Elementary School District,30494,3405,446
MT,30,15510,Kester Elementary School District,84,7,4
MT,30,15570,Kila Elementary School District,2116,241,20
MT,30,15610,King Colony Elementary School District,320,27,4
MT,30,7980,Kinsey Elementary School District,529,83,6
MT,30,15640,Kircher Elementary School District,804,84,7
MT,30,15690,Knees Elementary School District,159,27,4
MT,30,16110,LaMotte Elementary School District,966,106,9
MT,30,15990,Lambert Elementary School District,430,52,21
MT,30,16020,Lambert High School District,389,20,2
MT,30,16050,Lame Deer Elementary School District,2364,434,139
MT,30,95,Lame Deer High School District,5430,432,105
MT,30,16200,Laurel Elementary School District,11882,1575,143
MT,30,16230,Laurel High School District,11502,701,43
MT,30,16290,Lavina K-12 Schools,352,58,17
MT,30,16490,Lewistown Elementary School District,8393,814,121
MT,30,16530,Libby K-12 Schools,9725,1293,321
MT,30,93,Liberty Elementary School District,243,40,28
MT,30,16710,Lima K-12 Schools,518,90,41
MT,30,16770,Lincoln County High School District,6183,318,44
MT,30,16810,Lincoln K-12 Schools,1362,158,44
MT,30,8400,Lindsay Elementary School District,328,43,3
MT,30,16880,Livingston Elementary School District,10896,1037,135
MT,30,16950,Lockwood Elementary School District,8453,1229,146
MT,30,17010,Lodge Grass Elementary School District,2390,426,142
MT,30,17040,Lodge Grass High School District,2334,164,55
MT,30,17130,Lolo Elementary School District,5520,739,46
MT,30,17190,Lone Rock Elementary School District,3303,332,37
MT,30,17340,Lustre Elementary School District,199,21,3
MT,30,17370,Luther Elementary School District,420,36,3
MT,30,17520,Malmborg Elementary School District,261,44,3
MT,30,17580,Malta K-12 Schools,3112,520,99
MT,30,17640,Manhattan High School District,5579,321,11
MT,30,17610,Manhattan School,3278,412,39
MT,30,17700,Marion Elementary School District,1701,203,20
MT,30,6030,McCormick Elementary School District,450,36,18
MT,30,18060,McLeod Elementary School District,225,20,2
MT,30,18170,Medicine Lake K-12 Schools,634,107,11
MT,30,18210,Melrose Elementary School District,116,12,2
MT,30,18240,Melstone Elementary School District,497,47,6
MT,30,18270,Melstone High School District,292,18,2
MT,30,18290,Melville Elementary School District,223,24,1
MT,30,21150,Miami Elementary School District,241,17,4
MT,30,18410,Miles City Elementary School District,9942,980,164
MT,30,18570,Missoula Elementary School District,71686,5954,804
MT,30,18540,Missoula High School District,107624,4483,522
MT,30,18660,Molt Elementary School District,196,26,3
MT,30,18750,Monforton Elementary School District,2492,242,18
MT,30,18780,Montana City Elementary School District,3013,419,10
MT,30,18870,Moore Elementary School District,484,60,10
MT,30,18900,Moore High School District,541,25,5
MT,30,18960,Morin Elementary School District,433,66,16
MT,30,4,Mountain View Elementary School District,126,24,7
MT,30,19170,Nashua K-12 Schools,903,114,11
MT,30,19310,North Harlem Colony Elementary School District,45,10,3
MT,30,96,North Star Elementary School District,991,107,8
MT,30,97,North Star High School District,1137,53,10
MT,30,90,Noxon Elementary School District,1458,105,18
MT,30,19500,Noxon High School District,2387,165,32
MT,30,19530,Nye Elementary School District,219,10,3
MT,30,10950,Olney-Bissell Elementary School District,1256,112,12
MT,30,19740,Opheim K-12 Schools,341,34,7
MT,30,19950,Ovando Elementary School District,244,9,1
MT,30,20040,Park City Elementary School District,2189,291,11
MT,30,20070,Park City High School District,2160,111,8
MT,30,20100,Park High School District,13373,587,55
MT,30,20170,Pass Creek Elementary School District,112,13,0
MT,30,20240,Pendroy Elementary School District,311,54,6
MT,30,12840,Philipsburg K-12 Schools,2008,224,25
MT,30,20670,Pine Creek Elementary School District,372,16,1
MT,30,20690,Pine Grove Elementary School District,93,11,4
MT,30,20790,Pioneer Elementary School District,1063,141,15
MT,30,20850,Plains K-12 Schools,3546,440,121
MT,30,20880,Pleasant Valley Elementary School District,180,7,1
MT,30,13360,Plenty Coups High School District,760,56,21
MT,30,20960,Plentywood K-12 Schools,2501,365,35
MT,30,21000,Plevna K-12 Schools,427,85,5
MT,30,21030,Polaris Elementary School District,110,5,0
MT,30,21060,Polson Elementary School District,10485,1128,181
MT,30,21090,Polson High School District,11693,573,60
MT,30,21240,Poplar Elementary School District,3839,663,254
MT,30,21270,Poplar High School District,3739,314,89
MT,30,21330,Potomac Elementary School District,1119,112,17
MT,30,4860,Powder River County High School District,1771,92,13
MT,30,21450,Powell County High School District,7005,322,39
MT,30,21510,Power Elementary School District,535,66,17
MT,30,21540,Power High School District,560,33,3
MT,30,21720,Pryor Elementary School District,760,126,33
MT,30,21850,Ramsay Elementary School District,1304,132,9
MT,30,21870,Rapelje Elementary School District,258,31,1
MT,30,21900,Rapelje High School District,364,21,1
MT,30,21960,Rau Elementary School District,383,51,8
MT,30,22080,Red Lodge Elementary School District,3499,284,41
MT,30,22110,Red Lodge High School District,4060,187,44
MT,30,22230,Reed Point Elementary School District,502,53,7
MT,30,22260,Reed Point High School District,451,29,15
MT,30,22290,Reichle Elementary School District,126,13,2
MT,30,22370,Richey Elementary School District,424,46,4
MT,30,22410,Richey High School District,496,22,1
MT,30,22710,Roberts K-12 Schools,939,140,8
MT,30,22750,Rocky Boy Elementary School District,3089,615,150
MT,30,28911,Rocky Boy High School District,3089,273,61
MT,30,22790,Ronan Elementary School District,9079,1239,395
MT,30,22800,Ronan High School District,9079,524,93
MT,30,22920,Rosebud K-12,455,74,29
MT,30,11990,Ross Elementary School District,26,3,3
MT,30,23040,Roundup Elementary School District,4177,402,107
MT,30,23070,Roundup High School District,4321,202,42
MT,30,23160,Roy K-12 Schools,300,50,9
MT,30,23340,Ryegate K-12 Schools,470,68,10
MT,30,8040,S H Elementary School District,158,7,1
MT,30,8010,S Y Elementary School District,75,3,1
MT,30,23370,Saco Elementary School District,505,49,5
MT,30,23400,Saco High School District,477,34,6
MT,30,12060,Sand Springs Elementary School District,166,20,6
MT,30,23520,Savage Elementary School District,672,79,4
MT,30,23550,Savage High School District,691,48,16
MT,30,23670,Scobey K-12 Schools,1737,275,26
MT,30,23730,Seeley Lake Elementary School District,2207,211,18
MT,30,23900,Shelby Elementary School District,3514,284,52
MT,30,23910,Shelby High School District,3750,178,20
MT,30,23940,Shepherd Elementary School District,4168,599,82
MT,30,23970,Shepherd High School District,5231,354,31
MT,30,24150,Sheridan Elementary School District,1581,127,14
MT,30,24180,Sheridan High School District,1886,80,7
MT,30,932,Shields Valley Elementary School District,1736,157,8
MT,30,933,Shields Valley High School District,1747,83,12
MT,30,24200,Sidney Elementary School District,7723,942,75
MT,30,24230,Sidney High School District,8376,493,32
MT,30,24330,Simms High School District,3068,168,22
MT,30,2850,Smith Valley Elementary School District,2077,273,45
MT,30,2,Somers Elementary School District,6930,770,144
MT,30,7,South Stacey Elementary School District,98,7,1
MT,30,24690,Spring Creek Colony Elementary School District,50,9,1
MT,30,3660,Spring Creek Elementary School District,64,6,2
MT,30,7950,Spring Creek Elementary School District,99,10,3
MT,30,24780,Springdale Elementary School District,126,16,6
MT,30,24810,Springhill Elementary School District,151,8,1
MT,30,6110,St. Ignatius K-12 Schools,3467,700,253
MT,30,24930,St. Regis K-12 Schools,1236,183,54
MT,30,24990,Stanford K-12 Schools,839,128,9
MT,30,25020,Stevensville Elementary School District,7012,640,105
MT,30,25050,Stevensville High School District,10316,462,53
MT,30,24300,Sun River Valley Elementary School District,2102,238,45
MT,30,25320,Sunburst K-12 Schools,1136,185,24
MT,30,25380,Sunset Elementary School District,228,19,6
MT,30,25470,Superior K-12 Schools,2319,310,37
MT,30,15930,Swan Lake-Salmon Elementary School District,368,28,3
MT,30,25500,Swan River Elementary School District,1689,137,19
MT,30,25530,Swan Valley Elementary School District,592,45,3
MT,30,25560,Sweet Grass County High School District,3574,199,13
MT,30,25890,Target Range Elementary School District,4427,456,67
MT,30,25950,Terry K-12 Schools,1109,148,23
MT,30,26070,Thompson Falls Elementary School District,3680,272,62
MT,30,26100,Thompson Falls High School District,3848,166,54
MT,30,26160,Three Forks Elementary School District,4118,479,31
MT,30,26190,Three Forks High School District,4096,253,5
MT,30,4980,Townsend K-12 Schools,5359,796,97
MT,30,26400,Trail Creek Elementary School District,150,14,1
MT,30,26460,Trego Elementary School District,597,44,6
MT,30,26490,Trinity Elementary School District,1717,180,15
MT,30,26520,Trout Creek Elementary School District,1097,72,13
MT,30,26550,Troy Elementary School District,2842,254,42
MT,30,26580,Troy High School District,3532,139,36
MT,30,26640,Turner Elementary School District,315,50,16
MT,30,26670,Turner High School District,297,21,3
MT,30,26730,Twin Bridges K-12 Schools,1436,216,21
MT,30,26880,Ulm Elementary School District,709,61,3
MT,30,15900,Upper West Shore Elementary School District,941,96,24
MT,30,27060,Valier Elementary School District,953,106,11
MT,30,27090,Valier High School District,1317,71,5
MT,30,27150,Valley View Elementary School District,266,37,9
MT,30,5850,Vaughn Elementary School District,967,107,9
MT,30,27270,Victor K-12 Schools,3553,481,98
MT,30,27340,Vida Elementary School District,432,28,7
MT,30,94,West Glacier Elementary School District,532,42,2
MT,30,27570,West Valley Elementary School District,4181,614,92
MT,30,27630,West Yellowstone K-12,2131,290,6
MT,30,27730,Westby K-12 Schools,334,56,4
MT,30,28770,White Sulphur Springs K-12,1851,242,60
MT,30,27740,Whitefish Elementary School District,14267,1392,121
MT,30,27790,Whitefish High School District,15018,642,44
MT,30,27810,Whitehall Elementary School District,3596,317,31
MT,30,27840,Whitehall High School District,4141,205,11
MT,30,27930,Whitewater K-12 Schools,195,34,15
MT,30,28020,Wibaux K-12 Schools,1020,161,18
MT,30,28140,Willow Creek Elementary School District,407,34,2
MT,30,28170,Willow Creek High School District,359,17,0
MT,30,28380,Winifred K-12 Schools,530,84,16
MT,30,28470,Winnett K-12 Schools,523,78,16
MT,30,28500,Wisdom Elementary School District,253,16,3
MT,30,10820,Wise River Elementary School District,295,23,1
MT,30,28550,Wolf Creek Elementary School District,653,36,10
MT,30,28590,Wolf Point Elementary School District,4476,749,225
MT,30,28620,Wolf Point High School District,4934,340,71
MT,30,28650,Woodman Elementary School District,473,52,4
MT,30,28800,Wyola Elementary School District,494,71,21
MT,30,28830,Yaak Elementary School District,239,11,5
MT,30,28860,Yellowstone Academy Elementary School District,153,49,4
MT,30,28910,Zurich Elementary School District,233,17,7
