State Postal Code,State FIPS Code,District ID,Name,Estimated Total Population,Estimated Population 5-17,Estimated number of relevant children 5 to 17 years old in poverty who are related to the householder
ND,38,1680,Adams Public School District 128,343,46,3
ND,38,1760,Alexander Public School District 2,992,134,7
ND,38,1950,Anamoose Public School District 14,520,75,11
ND,38,2014,Apple Creek Public School District 39,1227,276,3
ND,38,2170,Ashley Public School District 9,1042,126,13
ND,38,2240,Bakker Public School District 10,207,34,3
ND,38,37,Central Elementary Public School District 32,190,24,5
ND,38,5670,Earl Public School District 18,174,32,3
ND,38,6690,Fairmount Public School District 18,571,104,7
ND,38,6910,Finley-Sharon Public School District 19,899,147,11
ND,38,56,Fordville-Lankin Public School District 5,653,87,12
ND,38,33,Fort Ransom Public School District 6,241,39,3
ND,38,7950,Goodrich Public School District 16,260,33,6
ND,38,8460,Grenora Public School District 99,904,166,13
ND,38,8610,Halliday Public School District 19,544,82,12
ND,38,9810,Horse Creek Public School District 32,234,35,5
ND,38,10260,Kensal Public School District 19,321,38,4
ND,38,11540,Little Heart Public School District 4,243,33,4
ND,38,11610,Lonetree Public School District 6,256,42,8
ND,38,11970,Manning Public School District 45,196,42,1
ND,38,12030,Mapleton Public School District 7,1231,250,13
ND,38,12120,Marmarth Public School District 12,222,33,3
ND,38,12720,Menoken Public School District 33,466,76,4
ND,38,13230,Montpelier Public School District 14,486,102,7
ND,38,13440,Munich Public School District 19,591,102,9
ND,38,15,Naughton Public School District 25,120,17,3
ND,38,825,Newburg United Public School District 54,633,90,11
ND,38,14290,North Sargent Public School District 3,1054,201,9
ND,38,14730,Page Public School District 80,723,126,6
ND,38,15150,Pingree-Buchanan Public School District 10,541,96,10
ND,38,15360,Pleasant Valley Public School District 35,164,25,2
ND,38,24,Powers Lake Public School District 27,816,153,11
ND,38,16470,Sawyer Public School District 16,929,193,13
ND,38,17520,St. Thomas Public School District 43,468,74,6
ND,38,17670,Starkweather Public School District 44,450,72,11
ND,38,16,Strasburg Public School District 15,776,112,9
ND,38,17940,Sweet Briar Public School District 17,142,31,2
ND,38,18280,Thompson Public School District 61,2343,489,11
ND,38,18600,Twin Buttes Public School District 37,322,75,10
ND,38,19470,West Hope Public School District 17,812,141,12
ND,38,20130,Wing Public School District 28,472,90,9
ND,38,20230,Wolford Public School District 1,273,56,10
ND,38,20340,Yellowstone Public School District 14,1050,207,10
