AL,ALABAMA,100005,Albertville City,107 W Main St,Albertville,35950,No,5445,0,6,Yes,Yes.1,Yes.2,TIMOTHY,TIDMORE,256-891-1183,ttidmore@albertk12.org,TIMOTHY.1,TIDMORE.1,256-891-1183.1,ttidmore@albertk12.org.1,TIMOTHY.2,TIDMORE.2,256-891-1183.2,ttidmore@albertk12.org.2,No.1,Yes.3,Yes.4,www.albertk12.org/apps/pages/index.jsp?uREC_ID=368921&type=d&termREC_ID=&pREC_ID=689254,Yes.5,No.2,Yes.6,Yes.7,Yes.8,Yes.9,No.3,No.4,Yes.10,No.5,1,6.1,127,0.1,Yes.11,-9,-9.1,-9.2,Yes.12,Yes.13,No.6,No.7,No.8
NV,NEVADA,3200021,DAVIDSON ACADEMY  SCHOOL DISTRICT,P.O. Box 9119,Reno,89507,No,172,0,1,Yes,Yes,Yes,ANN,ALEXANDER,(775)786-3930,aalexander@etsreno.com,ANN,ALEXANDER,(775)786-3930,aalexander@etsreno.com,ANN,ALEXANDER,(775)786-3930,aalexander@etsreno.com,No,Yes,Yes,https://dnnlv5ifs.blob.core.windows.net/portals/1/PDFs/CRDC_policies_3_2_17.pdf?sr=b&si=DNNFileManagerPolicy&sig=Mngb9xJSUG1%2BVvdXrykJ0ai8tIvYBeH05quiH7vA09U%3D,No,-9,No,-9,-9,-9,-9,-9,-9,-9,-9,-9,-9,-9,-9,-9,-9,-9,No,-9,-9,-9,-9
NV,NEVADA,3200023,CORRECTIONAL SCHOOL DISTRICT,100 Youth Center Rd,ELKO,89803,No,88,0,1,Yes,Yes,Yes,HENRIETTA,WILLER,(775) 748-6222,hwiller@dcfs.nv.gov,MIKEL,BEARDALL,(775)748-6252,mbeardall@dcfs.nv.gov,MIKEL,BEARDALL,(775) 748-6252,mbeardall@dcfs.nv.gov,No,Yes,No,-9,No,-9,No,-9,-9,-9,-9,-9,-9,-9,-9,-9,-9,-9,-9,-9,-9,-9,No,-9,-9,-9,-9
NV,NEVADA,3200150,ESMERALDA COUNTY SCHOOL DISTRICT,P.O. Box 560,GOLDFIELD,89013,No,75,0,3,Yes,Yes,Yes,NEIL,TERHUNE,7754856382,nterhune@esmeraldacountyschools.com,NEIL,TERHUNE,7754856382,nterhune@esmeraldacountyschools.com,NEIL,TERHUNE,7754856382,nterhune@esmeraldacountyschools.com,No,Yes,Yes,www.esmeraldacountyschools.com,No,-9,Yes,No,No,Yes,No,Yes,Yes,No,0,1,7,0,Yes,-9,-9,-9,Yes,Yes,No,No,No
NV,NEVADA,3200180,EUREKA COUNTY SCHOOL DISTRICT,Box Butte 249,EUREKA,89316,No,286,0,4,Yes,Yes,Yes,WINNONA,EVERSGERD,7752375361,weversgerd@eureka.k12.nv.us,DAN,WOLD,7752375373,dwold@eureka.k12.nv.us,AMY,DAMELE,7752365700,adamele@eureka.k12.nv.us,No,Yes,Yes,www.eureka.k12.nv.us,No,-9,Yes,No,No,Yes,No,No,Yes,Yes,0,4,16,9,Yes,-9,-9,-9,Yes,Yes,No,Yes,No
NV,NEVADA,3200450,STOREY COUNTY SCHOOL DISTRICT,Box C,VIRGINIA CITY,89440,No,430,0,4,Yes,Yes,Yes,TODD,HESS,7758470983,thess@storeynv.com,TODD,HESS,7758470983,thess@storeynv.com,TODD,HESS,7758470983,thess@storeynv.com,No,Yes,Yes,https://drive.google.com/drive/folders/0B61VAYl5u5xZSDYxc1ptaXJ3YTA,No,-9,Yes,No,No,Yes,No,Yes,Yes,No,0,5,9,0,Yes,-9,-9,-9,Yes,Yes,No,No,No
NV,NEVADA,32SOP01,NEVADA JUVENILE JUSTICE SERVICES,560 Mill Street,Reno,89502,Yes,88,0,1,Yes,Yes,Yes,HENRIETTA,WILLER,(775) 748-6222,hwiller@dcfs.nv.gov,MIKEL,BEARDALL,(775) 748-6252,mbeardall@dcfs.nv.gov,KORRI,WARD,(775) 738-5907,kward@dcfs.nv.gov,No,Yes,No,-9,No,-9,No,-9,-9,-9,-9,-9,-9,-9,-9,-9,-9,-9,-9,-9,-9,-9,No,-9,-9,-9,-9
