AL,ALABAMA,100005,Albertville City,107 W Main St,Albertville,35950,No,5445,0,6,Yes,Yes.1,Yes.2,TIMOTHY,TIDMORE,256-891-1183,ttidmore@albertk12.org,TIMOTHY.1,TIDMORE.1,256-891-1183.1,ttidmore@albertk12.org.1,TIMOTHY.2,TIDMORE.2,256-891-1183.2,ttidmore@albertk12.org.2,No.1,Yes.3,Yes.4,www.albertk12.org/apps/pages/index.jsp?uREC_ID=368921&type=d&termREC_ID=&pREC_ID=689254,Yes.5,No.2,Yes.6,Yes.7,Yes.8,Yes.9,No.3,No.4,Yes.10,No.5,1,6.1,127,0.1,Yes.11,-9,-9.1,-9.2,Yes.12,Yes.13,No.6,No.7,No.8
GA,GEORGIA,1300005,Commission Charter Schools- CCAT School,1718 Norhtside Drive East,Stateboro,30458,No,167,0,1,Yes,Yes,Yes,CORLISS,REESE,9126781587,coreese@statesborosteam.org,CORLISS,REESE,9126781587,coreese@statesborosteam.org,CORLISS,REESE,9126781587,coreese@statesborosteam.org,No,Yes,Yes,www.statesborosteam.org,No,-9,No,-9,-9,-9,-9,-9,-9,-9,-9,-9,-9,-9,-9,-9,-9,-9,No,-9,-9,-9,-9
GA,GEORGIA,1300023,State Charter Schools- Odyssey School,14 Saint John Cir,Newnan,30265,No,358,0,1,Yes,Yes,Yes,DILLIA,SMITH,770-251-6111,dsmith@odysseycharterschool.net,DILLIA,SMITH,770-251-6111,dsmith@odysseycharterschool.net,DILLIA,SMITH,770-251-6111,dsmith@odysseycharterschool.net,No,Yes,Yes,www.odysseycharterschool.net,No,-9,No,-9,-9,-9,-9,-9,-9,-9,-9,-9,-9,-9,-9,-9,-9,-9,Yes,Yes,No,No,No
GA,GEORGIA,1300026,Department of Juvenile Justice,3408 Covington Highway,Decatur,30032,Yes,883,0,30,Yes,Yes,Yes,ZANE,SHELFER,4045086596,zaneshelfer@djj.state.ga.us,ZANE,SHELFER,4045086596,zaneshelfer@djj.state.ga.us,ZANE,SHELFER,4045086596,zaneshelfer@djj.state.ga.us,No,Yes,Yes,https://djj.georgia.gov/notice-non-discrimination,No,-9,No,-9,-9,-9,-9,-9,-9,-9,-9,-9,-9,-9,-9,-9,-9,-9,No,-9,-9,-9,-9
GA,GEORGIA,1300180,Baker County,PO Box 40,Newton,31770,No,286,0,2,Yes,Yes,Yes,LEATHIA,WILLIAMS,229-734-5274,lwilliams@baker.k12.ga.us,LEATHIA,WILLIAMS,229-734-5274,lwilliams@baker.k12.ga.us,LEATHIA,WILLIAMS,229-734-5274,lwilliams@baker.k12.ga.us,No,Yes,Yes,www.baker.k12.ga.us,No,-9,Yes,Yes,No,No,No,No,Yes,Yes,0,0,19,24,Yes,-9,-9,-9,Yes,Yes,No,No,No
GA,GEORGIA,1300215,Commission Charter Schools- Ivy Preparatory Academy School,3705 Engineering Dr,Norcross,30092,No,106,0,1,Yes,Yes,Yes,LASHUNDA,HAWKINS,(770)342-0089,lhawkins@ivprepacademy.org,LASHUNDA,HAWKINS,(770)342-0089,lhawkins@ivprepacademy.org,DIANNE,HOLMES,(770)342-0089,dholmes@ivprepacademy.org,No,Yes,No,-9,No,-9,No,-9,-9,-9,-9,-9,-9,-9,-9,-9,-9,-9,-9,-9,-9,-9,No,-9,-9,-9,-9
GA,GEORGIA,1300217,Commission Charter Schools- Fulton Leadership Academy,2575 Dodson Dr,East Point,30344,No,347,0,1,Yes,Yes,Yes,JACQUELYN,WASHINGTON,404-474-3529,JWASHINGTON@FULTONLEADERSHIPACADEMY.NET,JACQUELYN,WASHINGTON,404-472-3529,JWASHINGTON@FULTONLEADERSHIPACADEMY.NET,JACQUITA,HENDERSON,404-472-3529,JHENDERSON@FULTONLEADERSHIPACADEMY.NET,No,Yes,Yes,WWW.FULTONLEADERSHIPACADEMY.NET,No,-9,No,-9,-9,-9,-9,-9,-9,-9,-9,-9,-9,-9,-9,-9,-9,-9,No,-9,-9,-9,-9
GA,GEORGIA,1300218,Commission Charter Schools- Pataula Charter Academy,18637 Hartford St,Edison,39846,No,555,0,1,Yes,Yes,Yes,LINDA,MILLER,229-354-4001 x108,lmiller@pataula.net,KYLIE,HOLLEY,229-354-4001 x102,kholley@pataula.net,AMY,PEEL,229-354-4001 x106,apeel@pataula.net,No,Yes,Yes,pataula.net,No,-9,No,-9,-9,-9,-9,-9,-9,-9,-9,-9,-9,-9,-9,-9,-9,-9,Yes,Yes,No,No,No
GA,GEORGIA,1300221,Commission Charter Schools- Atlanta Heights Charter School,3712 Martin Luther King Jr Dr,Atlanta,30331,No,751,0,1,Yes,Yes,Yes,ALISHA,FISHER,4044723003,84.afisher@nhaschools.com,ALISHA,FISHER,4044723003,84.afisher@nhaschools.com,ALISHA,FISHER,4044723003,84.afisher@nhaschools.com,No,Yes,No,-9,No,-9,No,-9,-9,-9,-9,-9,-9,-9,-9,-9,-9,-9,-9,-9,-9,-9,Yes,Yes,No,No,No
GA,GEORGIA,1300222,Commission Charter Schools- Coweta Charter Academy,6675 Highway 16,Senoia,30276,No,724,0,1,Yes,Yes,Yes,GENE,DUNN,(770) 599-0228,gdunn@cowetacharter.org,GENE,DUNN,(770) 599-0228,gdunn@cowetacharter.org,GENE,DUNN,(770) 599-0228,gdunn@cowetacharter.org,No,Yes,Yes,https://www.cowetacharter.org/wp-content/uploads/2018/08/CCAS_Parent-Student_Handbook_2018-2019w.rlf_edits_.pdf,No,-9,No,-9,-9,-9,-9,-9,-9,-9,-9,-9,-9,-9,-9,-9,-9,-9,Yes,Yes,No,No,No
GA,GEORGIA,1300223,State Schools- Georgia School for the Deaf,232 Perry Farm Rd SW,Cave Spring,30124,No,78,0,1,Yes,Yes,Yes,ERIK,WHITWORTH,7067772200,ewhitworth@doe.k12.ga.us,MARIE,DICKINSON,7067772200,mdickinson@doe.k12.ga.us,DAWN,KEMP,(706) 777-2323,DKEMP@DOE.K12.GA.US,No,Yes,No,-9,No,-9,Yes,Yes,No,No,No,No,Yes,Yes,0,1,1,1,Yes,-9,-9,-9,Yes,Yes,No,No,No
GA,GEORGIA,1300224,State Schools- Georgia Academy for the Blind,2895 Vineville Ave,Macon,31204,No,96,0,1,Yes,Yes,Yes,FRANK,REYNOLDS,(478)751-6083,frank.reynolds@doe.k12.ga.us,FRANK,REYNOLDS,(478)751-6083,frank.reynolds@doe.k12.ga.us,TYRENE,NEIL,(478)751-6083,tyrene.neil@doe.k12.ga.us,No,Yes,Yes,www.gabmacon.org,No,-9,No,-9,-9,-9,-9,-9,-9,-9,-9,-9,-9,-9,-9,-9,-9,-9,No,-9,-9,-9,-9
GA,GEORGIA,1300225,State Schools- Atlanta Area School for the Deaf,890 N Indian Creek Dr,Clarkston,30021,No,172,0,1,Yes,Yes,Yes,MARRIE,TRONOLONE,4043005903,mtronolo@doe.k12.ga.us,MARRIE,TRONOLONE,4043005903,mtronolo@doe.k12.ga.us,MARRIE,TRONOLONE,4043005903,mtronolo@doe.k12.ga.us,No,Yes,Yes,aasdweb.com,No,-9,Yes,Yes,No,No,No,No,No,No,0,2,0,6,No,Yes,Yes,Yes,Yes,Yes,No,No,No
GA,GEORGIA,1300226,State Charter Schools- Ivy Prep Academy at Kirkwood for Gir,1807 Memorial Dr SE,Atlanta,30317,No,512,0,1,Yes,Yes,Yes,CHARCIA,NICHOLS,(404)622-2727,cnichols@ivyprepacademy.org,CHARCIA,NICHOLS,(404)622-2727,cnichols@ivyprepacademy.org,PAMELA,DINGLE,(404)622-2727,pdingle@ivyprepacademy.org,No,Yes,Yes,www.ivyprepacademy.org,No,-9,No,-9,-9,-9,-9,-9,-9,-9,-9,-9,-9,-9,-9,-9,-9,-9,Yes,Yes,No,No,No
GA,GEORGIA,1300230,State Charter Schools- Cherokee Charter Academy,2126 Sixes Rd,Canton,30114,No,847,0,1,Yes,Yes,Yes,APRIL,WALLIS,678-385-7322 x1005,awallis@cherokeecharter.org,APRIL,WALLIS,678-385-7322 x1005,awallis@cherokeecharter.org,APRIL,WALLIS,678-385-7322 x1005,awallis@cherokeecharter.org,No,Yes,No,-9,No,-9,No,-9,-9,-9,-9,-9,-9,-9,-9,-9,-9,-9,-9,-9,-9,-9,Yes,Yes,No,No,No
GA,GEORGIA,1300233,State Charter Schools- Utopian Academy for the Arts Charter,6630 Camp St,Riverdale,30274,No,251,0,1,Yes,Yes,Yes,TERESA,BROWN,770-446-1070,Tresa.brown@utopianacademy.com,TERESA,BROWN,770-446-1070,Tresa.brown@utopianacademy.com,TERESA,BROWN,770-446-1070,Tresa.brown@utopianacademy.com,No,Yes,Yes,http://www.utopianacademyforthearts.com,No,-9,No,-9,-9,-9,-9,-9,-9,-9,-9,-9,-9,-9,-9,-9,-9,-9,No,-9,-9,-9,-9
GA,GEORGIA,1300234,State Charter Schools- International Charter School of Atlanta,1335 Northmeadow Pkwy Ste 100,Roswell,30076,No,637,0,1,Yes,Yes,Yes,MICHELE,NEELY,470-222-7535,michele.neely@icsatlanta.org,MICHELE,NEELY,470-222-7535,michele.neely@icsatlanta.org,NICOLE,BOMELI,470-222-7535,nicole.bomeli@icsatlanta.org,No,Yes,Yes,https://docs.wixstatic.com/ugd/be7f6c_d6bcf20a13984383862b17f4dedbd8d1.pdf,No,-9,No,-9,-9,-9,-9,-9,-9,-9,-9,-9,-9,-9,-9,-9,-9,-9,Yes,Yes,No,No,No
GA,GEORGIA,1300236,State Charter Schools- Scintilla Charter Academy,2171 E Park Ave,Valdosta,31602,No,499,0,1,Yes,Yes,Yes,MANDY,AVERA,2292445750,mavera@scintillacharteracademy.com,MANDY,AVERA,2292445750,mavera@scintillacharteracademy.com,SARAH,RUDDLE,(229)244-5750,sruddle@scintillacharteracademy.com,No,Yes,Yes,https://www.scintillacharteracademy.com/sca-handbook.html,No,-9,No,-9,-9,-9,-9,-9,-9,-9,-9,-9,-9,-9,-9,-9,-9,-9,Yes,Yes,No,No,No
GA,GEORGIA,1300237,State Charter Schools- Dubois Integrity Academy I,6479 Church St,Riverdale,30274,No,696,0,1,Yes,Yes,Yes,JAMELA,WORRELL,6782098820,jworrell@duboisintegrityacademy.com,JAMELA,WORRELL,6782098820,jworrell@duboisintegrityacademy.com,JAMELA,WORRELL,6782098820,jworrell@duboisintegrityacademy.com,No,Yes,No,-9,No,-9,No,-9,-9,-9,-9,-9,-9,-9,-9,-9,-9,-9,-9,-9,-9,-9,Yes,Yes,No,No,No
GA,GEORGIA,1300238,State Charter Schools- Georgia School for Innovation and the Classics,5073 Story Mill Rd,Hephzibah,30815,No,722,0,1,Yes,Yes,Yes,JOSEPH,BOULINEAU,706-434-8085,jboulineau@gsiccharter.com,JOSEPH,BOULINEAU,706-434-8085,jboulineau@gsiccharter.com,JOSEPH,BOULINEAU,706-434-8085,jboulineau@gsiccharter.com,No,Yes,Yes,https://www.gsiccharter.com/Page/1224,No,-9,No,-9,-9,-9,-9,-9,-9,-9,-9,-9,-9,-9,-9,-9,-9,-9,Yes,Yes,No,No,No
GA,GEORGIA,1300239,Commission Charter Schools- Cirrus Charter Academy,1870 Pio Nono Ave,Macon,31204,No,413,0,1,Yes,Yes,Yes,ASHANTI,JOHNSON,(478)250-1376 x811,ashanti.johnson@cirrusacademy.org,DIANE,FREEMAN,(478)250-1376 x304,diane.freeman@cirrusacdemy.org,BRENDA,EDWARDS,(478)250-1376 x304,brenda.edwards@cirrusacademy.org,No,Yes,Yes,https://www.cirrusacademy.org/wp-content/uploads/2018/09/CIRRUS-ACADEMY-HANDBOOK-2018-2019.pdf,No,-9,No,-9,-9,-9,-9,-9,-9,-9,-9,-9,-9,-9,-9,-9,-9,-9,Yes,Yes,No,No,No
GA,GEORGIA,1300241,Commission Charter Schools- Liberty Tech Charter Academy,119 Price Rd,Brooks,30205,No,415,0,1,Yes,Yes,Yes,MIKE,STEWART,678-456-5673,mike.stewart@libertytechcharter.org,MIKE,STEWART,678-456-5673,mike.stewart@libertytechcharter.org,MIKE,STEWART,678-456-5673,mike.stewart@libertytechcharter.org,No,Yes,Yes,http://www.libertytechcharter.org/uploads/1/1/7/3/117315836/policy_manual.pdf,No,-9,No,-9,-9,-9,-9,-9,-9,-9,-9,-9,-9,-9,-9,-9,-9,-9,Yes,Yes,No,No,No
GA,GEORGIA,1300242,Commission Charter Schools- Brookhaven Innovation Academy,3159 Campus Dr,Norcross,30071,No,480,0,1,Yes,Yes,Yes,KIA,JAMES,7705381550,kjames@biaschool.org,KIA,JAMES,7705381550,kjames@biaschool.org,KIA,JAMES,7705381550,kjames@biaschool.org,No,Yes,Yes,https://biaschool.org/for-parents/,No,-9,No,-9,-9,-9,-9,-9,-9,-9,-9,-9,-9,-9,-9,-9,-9,-9,Yes,Yes,No,No,No
GA,GEORGIA,1300243,Commission Charter Schools- Southwest Georgia S.T.E.M. Chart,185 Pecan St,Shellman,39886,No,203,0,1,Yes,Yes,Yes,AMY,FOSTER,229-262-3071,amyfoster@sowegastemcharter.org,AMY,FOSTER,229-262-3071,amyfoster@sowegastemcharter.org,NATALIE,ZAJAC,229-345-3033,nzajac@sowegastemcharter.org,No,Yes,Yes,http://swgeorgiastem.ga.schoolinsites.com/?PageName=bc&n=267795,No,-9,Yes,Yes,No,No,No,No,Yes,Yes,0,0,19,4,Yes,-9,-9,-9,Yes,Yes,No,No,No
GA,GEORGIA,1300244,State Charter Schools II- Genesis Innovation Academy for Girls,1049 Custer Avenue SE,Atlanta,30316,No,171,0,1,Yes,Yes,Yes,RENETTA,DEES,(404)990-3844,rdees@giacademy.org,RENETTA,DEES,(404)990-3844,rdees@giacademy.org,RENETTA,DEES,(404)990-3844,rdees@giacademy.org,No,Yes,Yes,https://www.genesisinnovationacademy.org/images/gia_website/docs/Genesis_Family_Handbook-2018-19_ready.pdf,No,-9,No,-9,-9,-9,-9,-9,-9,-9,-9,-9,-9,-9,-9,-9,-9,-9,Yes,Yes,No,No,No
GA,GEORGIA,1300245,State Charter Schools II- SAIL Charter Academy - School for,P.O. Box 538,Evans,30809,No,430,0,1,Yes,Yes,Yes,MICHAEL,BERG,762-585-1400,michaelberg@sailga.org,MICHAEL,BERG,762-585-1400,michaelberg@sailga.org,MICHAEL,BERG,762-585-1400,michaelberg@sailga.org,No,Yes,Yes,https://sailga.org/apps/pages/index.jsp?uREC_ID=380850&type=d,No,-9,No,-9,-9,-9,-9,-9,-9,-9,-9,-9,-9,-9,-9,-9,-9,-9,Yes,Yes,No,No,No
GA,GEORGIA,1300246,State Charter Schools- Coastal Plains Charter High School -,210 South College Street,Metter,30439,No,644,0,1,Yes,Yes,Yes,MARK,STEWART,912-685-5713,mark.stewart@coastalplainscharter.org,MARK,STEWART,912-685-5713,mark.stewart@coastalplainscharter.org,MARY,WILDES,706-202-8591,mary.wildes@coastalplainscharter.org,No,Yes,Yes,https://simbli.eboardsolutions.com/SB_ePolicy/SB_PolicyOverview.aspx?S=62055,No,-9,No,-9,-9,-9,-9,-9,-9,-9,-9,-9,-9,-9,-9,-9,-9,-9,No,-9,-9,-9,-9
GA,GEORGIA,1300247,State Charter Schools II- Resurgence Hall Charter School,1743  Hardin Avenue,College Park,30337,No,115,0,1,Yes,Yes,Yes,TORI,HINES,4043828512,tori.jackson.hines@resurgencehall.org,TORI,HINES,4043828512,tori.jackson.hines@resurgencehall.org,TORI,HINES,4043828512,tori.jackson.hines@resurgencehall.org,No,Yes,Yes,www.resurgencehall.org,No,-9,No,-9,-9,-9,-9,-9,-9,-9,-9,-9,-9,-9,-9,-9,-9,-9,Yes,Yes,No,No,No
GA,GEORGIA,1300248,State Charter Schools II- Genesis Innovation Academy for Boys,1049 Custer Avenue SE,Atlanta,30316,No,228,0,1,Yes,Yes,Yes,NEAL,CHRISTIAN,(404)990-3844,nchristian@giacademy.org,NEAL,CHRISTIAN,(404)990-3844,nchristian@giacademy.org,NEAL,CHRISTIAN,(404)990-3844,nchristian@giacademy.org,No,Yes,Yes,https://www.genesisinnovationacademy.org/images/gia_website/docs/Genesis_Family_Handbook-2018-19_ready.pdf,No,-9,No,-9,-9,-9,-9,-9,-9,-9,-9,-9,-9,-9,-9,-9,-9,-9,Yes,Yes,No,No,No
GA,GEORGIA,1300249,State Charter Schools II- International Academy of Smyrna,2144 South Cobb Drive,Smyrna,30080,No,554,0,1,Yes,Yes,Yes,KARI,SCHROCK,6783700980,Kari.Schrock@iasmyrna.org,KARI,SCHROCK,6783700980,Kari.Schrock@iasmyrna.org,KARI,SCHROCK,6783700980,Kari.Schrock@iasmyrna.org,No,Yes,No,-9,No,-9,No,-9,-9,-9,-9,-9,-9,-9,-9,-9,-9,-9,-9,-9,-9,-9,Yes,Yes,No,No,No
GA,GEORGIA,1300750,Calhoun County,P.O. Box 39,Morgan,39866,No,609,0,3,Yes,Yes,Yes,JOHN,WILLIAMS,229-213-0148,johnwilliams@calhoun.k12.ga.us,PAM,QUIMBLEY,229-213-0146,pamelaquimbley@calhoun.k12.ga.us,SEBRINA,PITTS,229-213-0148,sebrinapitts@calhoun.k12.ga.us,Yes,Yes,Yes,https://simbli.eboardsolutions.com/SB_ePolicy/SB_PolicyOverview.aspx?S=4024,No,-9,Yes,Yes,No,No,No,No,Yes,No,0,0,27,0,Yes,-9,-9,-9,Yes,Yes,No,No,No
GA,GEORGIA,1301050,Chattahoochee County,326 Broad Street,Cusseta,31805,No,845,1,3,Yes,Yes,Yes,ANDREW,FOWLER,706-989-3678,afowler@chattco.org,TABATHA,WALTON,706-989-3775,twalton@chattco.org,JILL,SIMMONS,706-989-3775,jsimmons@chattco.com,No,Yes,Yes,www.chattco.org,Yes,Yes,Yes,No,Yes,No,Yes,Yes,Yes,Yes,0,0,0,21,Yes,-9,-9,-9,Yes,Yes,No,No,No
GA,GEORGIA,1301200,Clay County,111 Commerce Street East,Fort Gaines,39851,No,240,0,2,Yes,Yes,Yes,JEFFREY,THORNTON,(229) 768-2234,jthornton@clay.k12.ga.us,JEFFREY,THORNTON,(229) 768-2234,jthornton@clay.k12.ga.us,TERRI,MARCUS,(229) 768-2232 ext. 2,tmarcus@clay.k12.ga.us,No,Yes,No,-9,No,-9,Yes,Yes,No,No,No,No,Yes,Yes,0,7,22,21,No,Yes,Yes,Yes,Yes,Yes,No,No,No
GA,GEORGIA,1301950,Echols County,P. O. Box 207. 216 Hwy 129 N,Statenville,31648,No,840,0,2,Yes,Yes,Yes,REBECCA,HILL,2295595437,rebecca.hill@echols.k12.ga.us,REBECCA,HILL,2295595437,rebecca.hill@echols.k12.ga.us,SHANNON,KING,2295595437,shannon.king@echols.k12.ga.us,No,Yes,Yes,https://simbli.eboardsolutions.com/ePolicy/policy.aspx?PC=GAEB&Sch=4061&S=4061&C=&RevNo=1.41&T=A&Z=P&St=ADOPTED&PG=6&SN=true,No,-9,Yes,Yes,No,No,No,No,Yes,Yes,0,0,44,0,Yes,-9,-9,-9,Yes,Yes,No,No,No
GA,GEORGIA,1302370,Glascock County,738 Railroad Ave.,Gibson,30810,No,539,0,1,Yes,Yes,Yes,CHRIS,KELLEY,706-598-2121,ckelley@glascock.k12.ga.us,CHRIS,KELLEY,706-598-2121,ckelley@glascock.k12.ga.us,JESSICA,MILLER,706-598-2291 x103,jmiller@glascock.k12.ga.us,Yes,Yes,No,-9,No,-9,Yes,Yes,No,No,No,No,Yes,Yes,0,2,29,1,Yes,-9,-9,-9,Yes,Yes,No,No,No
GA,GEORGIA,1302640,Hancock County,P. O. Box 488,Sparta,31087,No,880,0,3,Yes,Yes,Yes,DAVINA,WOODS,(706)444-5775 x284,dwoods@hancock.k12.ga.us,MIRANDA,WILSON,(706)444-5775 x119,mwilson@hancock.k12.ga.us,DAVINA,WOODS,(706)444-5775 x284,dwoods@hancock.k12.ga.us,No,Yes,No,-9,Yes,Yes,Yes,Yes,No,No,No,Yes,Yes,Yes,0,0,59,60,Yes,-9,-9,-9,Yes,Yes,No,No,No
GA,GEORGIA,1303090,Jenkins County,1152 E. Winthrope Avenue,Millen,30442,No,1152,1,3,Yes,Yes,Yes,TARA,COOPER,478-982-4305,tcooper@jchs.com,TARA,COOPER,478-982-4305,tcooper@jchs.com,JODIE,WAERS,478-982-4305,jwaters@jchs.com,No,Yes,Yes,https://simbli.eboardsolutions.com/SB_ePolicy/SB_PolicyOverview.aspx?S=4096,No,-9,Yes,Yes,No,No,No,Yes,Yes,Yes,0,6,66,0,Yes,-9,-9,-9,Yes,Yes,No,No,No
GA,GEORGIA,1303120,Johnson County,P. O. Box 110,Wrightsville,31096,No,1165,0,3,Yes,Yes,Yes,DONALD,NORTON,(478)864-3302,don_norton@johnson.k12.ga.us,TECIA,MCKAY,(478)864-3302,tecia_mckay@johnson.k12.ga.us,DEBBIE,MORRIS,(478)864-3302,deebie_morris@johnson.k12.ga.us,No,Yes,No,-9,No,-9,Yes,Yes,No,No,No,Yes,Yes,Yes,0,2,29,45,Yes,-9,-9,-9,Yes,Yes,No,No,No
GA,GEORGIA,1303330,Lincoln County Schools,423 Metasville Road,Lincolnton,30817,No,1131,0,3,Yes,Yes,Yes,RICKEY,EDMOND,7063593742,redmond@lcboe.us,RICKEY,EDMOND,7063593742,redmond@lcboe.us,RICKEY,EDMOND,7063593742,redmond@lcboe.us,Yes,Yes,Yes,www.lincolncountyschools.org,No,-9,Yes,Yes,No,Yes,No,Yes,Yes,Yes,0,11,57,66,Yes,-9,-9,-9,Yes,Yes,No,Yes,No
GA,GEORGIA,1303660,Miller County,96 Perry Street,Colquitt,39837,No,1005,3,3,Yes,Yes,Yes,ALLEN,MARTIN,229-758-5592,amartin@miller.k12.ga.us,JIMMY,PHILLIPS,229-758-5592,jphillips@miller.k12.ga.us,ROBERT,GREEN,229-758-5592,rgreen@miller.k12.ga.us,No,Yes,Yes,https://eboard.eboardsolutions.com/Index.aspx?S=4115,No,-9,Yes,Yes,No,No,No,No,Yes,Yes,0,3,26,40,Yes,-9,-9,-9,Yes,Yes,No,No,No
GA,GEORGIA,1303750,Montgomery County,P O Box 315,Mt. Vernon,30445,No,918,101,3,Yes,Yes,Yes,MARCEE,POOL,9125832301,mpool@montgomery.k12.ga.us,MARCEE,POOL,9125832301,mpool@montgomery.k12.ga.us,MARCEE,POOL,9125832301,mpool@montgomery.k12.ga.us,No,Yes,Yes,https://simbli.eboardsolutions.com/SB_ePolicy/SB_PolicyOverview.aspx?S=4118,No,-9,Yes,Yes,No,Yes,No,Yes,Yes,Yes,0,6,41,0,Yes,-9,-9,-9,Yes,Yes,No,No,No
GA,GEORGIA,1304290,Quitman County,215 Kaigler Road,Georgetown,31754,No,333,0,2,Yes,Yes,Yes,SHIRLEY,JOHNSON,229-334-4189,Shirley.Fair-Johnson@quitman.k12.ga.us,SHIRLEY,JOHNSON,229-334-4189,Shirley.Fair-Johnson@quitman.k12.ga.us,SHIRLEY,JOHNSON,229-334-4189,Shirley.Fair-Johnson@quitman.k12.ga.us,No,Yes,Yes,https://simbli.eboardsolutions.com/SB_ePolicy/SB_PolicyOverview.aspx?S=4134,No,-9,No,-9,-9,-9,-9,-9,-9,-9,-9,-9,-9,-9,-9,-9,-9,-9,Yes,Yes,No,No,No
GA,GEORGIA,1304350,Randolph County,98 School Drive,Cuthbert,39840,No,915,129,3,Yes,Yes,Yes,LABERTON,SIMS,(229)732-2101,laberton.sims@sowegak12.org,SHIRLEY,MARSHALL,(229)732-2106,Shirley.marshall@sowegak12.org,TOSHA,MIDDLEBROOKS,229.732.2278,TOSHA.MIDDLEBROOKS@SOWEGAK12.ORG,No,Yes,No,-9,Yes,Yes,Yes,Yes,No,No,No,Yes,Yes,No,1,62,66,0,Yes,-9,-9,-9,Yes,Yes,No,No,No
GA,GEORGIA,1304590,Stewart County,P.O. Box 547,Lumpkin,31815,No,479,0,3,Yes,Yes,Yes,MARKUS,TAYLOR,229-838-4329 x201,taylorm@stewart.k12.ga.us,MARKUS,TAYLOR,229-838-4329 x201,taylorm@stewart.k12.ga.u,MARKUS,TAYLOR,229-838-4329 x201,taylorm@stewart.k12.ga.u,No,Yes,Yes,www.stewart.k12.ga.us,No,-9,Yes,Yes,No,No,No,No,Yes,Yes,0,0,33,31,Yes,-9,-9,-9,Yes,Yes,No,No,No
GA,GEORGIA,1304650,Talbot County,P. O. Box 515,Talbotton,31827,No,480,3,1,Yes,Yes,Yes,LETICIA,COOK,7066658577,lcook@talbot.k12.ga.us,CYNTHIA,EPPS,7066658577,cyepps@talbot.k12.ga.us,DAPHINE,DANIELS,7066658577,dmathis@talbot.k12.ga.us,No,Yes,Yes,http://www.talbot.k12.ga.us/Docus/Final%20CEHS%202017-2018%20Student%20Handbook.pdf,No,-9,Yes,Yes,No,No,No,No,Yes,Yes,0,0,18,4,Yes,-9,-9,-9,Yes,Yes,No,No,No
GA,GEORGIA,1304680,Taliaferro County,557 Broad Street,Crawfordville,30631,No,173,4,1,Yes,Yes,Yes,ANDREANNA,JONES,706-456-2575,ajones@taliaferro.k12.ga.us,ANDREANNA,JONES,706-456-2575,ajones@taliaferro.k12.ga.us,ANDREANNA,JONES,706-456-2575,ajones@taliaferro.k12.ga.us,No,Yes,Yes,www.taliaferro.k12.ga.us,No,-9,Yes,Yes,No,No,No,No,Yes,Yes,0,0,11,9,Yes,-9,-9,-9,Yes,Yes,No,No,No
GA,GEORGIA,1305070,Towns County,67 Lakeview Circle. Suite C,Hiawassee,30546,No,1054,0,3,Yes,Yes,Yes,DARREN,BERRONG,706-896-2279 x4011,dberrong@townscountyschools.org,ROY,PERREN,706-896-4131 x1525,rperren@townscountyschools.org,ROY,PERREN,706-896-4131 x1525,rperren@townscountyschools.org,No,Yes,Yes,https://simbli.eboardsolutions.com/SB_ePolicy/SB_PolicyOverview.aspx?S=4159,No,-9,No,-9,-9,-9,-9,-9,-9,-9,-9,-9,-9,-9,-9,-9,-9,-9,Yes,Yes,No,No,No
GA,GEORGIA,1305100,Treutlen County,5040 SOUTH THIRD STREET,Soperton,30457,No,1129,0,2,Yes,Yes,Yes,BRITT,INGLE,(912)529-7134,bingle@treutlen.k12.ga.us,DEREK,CONE,(912)529-7108,dcone@treutlen.k12.ga.us,DEREK,CONE,(912)529-7108,dcone@treutlen.k12.ga.us,No,Yes,Yes,https://simbli.eboardsolutions.com/index.aspx?s=4160,No,-9,Yes,Yes,No,No,No,No,Yes,Yes,0,0,52,14,Yes,-9,-9,-9,Yes,Yes,No,No,No
GA,GEORGIA,1305190,Turner County,423 N. Cleveland Street,Ashburn,31714,No,1237,0,4,Yes,Yes,Yes,ZETTA,DANIELS,229-567-3338,zdaniels@turner.k12.ga.us,ZETTA,DANIELS,229-567-3338,zdaniels@turner.k12.ga.us,MICHELLE,OWENS,229-567-3338,mowens@turner.k12.ga.us,No,Yes,Yes,http://turner.k12.ga.us/Portals/Turner/District/docs/Policies/Bullying%204-11-11.pdf,No,-9,Yes,Yes,No,Yes,No,No,Yes,Yes,0,2,7,6,Yes,-9,-9,-9,Yes,Yes,No,No,No
GA,GEORGIA,1305220,Twiggs County,P. O. Box 232,Jeffersonville,31044,No,804,7,3,Yes,Yes,Yes,TYRONE,BACON,478-390-5638,tbacon@twiggs.k12.ga.us,ELGIN,DIXON,4789453127,edixon@twiggs.k12.ga.us,ADRIANA,HARRIS,4789453127,aharris@twiggs.k12.ga.us,No,Yes,Yes,https://simbli.eboardsolutions.com/ePolicy/policy.aspx?PC=JCDAG&Sch=4164&S=4164&C=J&RevNo=1.14&T=A&Z=P&St=ADOPTED&PG=6&SN=true,No,-9,Yes,Yes,No,No,No,No,Yes,No,0,0,0,34,Yes,-9,-9,-9,Yes,Yes,No,No,No
GA,GEORGIA,1305460,Warren County,115 Gibson Highway,Warrenton,30828,No,608,0,3,Yes,Yes,Yes,ANTONIO,HILL,7064653383x105,ahill@warren.k12.ga.us,ANTONIO,HILL,706-465-3383 x105,ahill@warren.k12.ga.us,JULIE,NEIL,706-465-3383 x107,jneil@warren.k12.ga.us,No,Yes,Yes,https://simbli.eboardsolutions.com/ePolicy/policy.aspx?PC=JCAC&Sch=4171&S=4171&C=J&RevNo=1.12&T=A&Z=P&St=ADOPTED&PG=6&SN=true,No,-9,Yes,Yes,No,No,No,Yes,Yes,Yes,0,5,22,51,Yes,-9,-9,-9,Yes,Yes,No,No,No
GA,GEORGIA,1305580,Webster County,7307 Washington St,Preston,31824,No,344,0,2,Yes,Yes,Yes,JAMIE,MCCULLOUGH,229-828-3365,jmccullough@webster.k12.ga.us,JAMIE,MCCULLOUGH,229-828-3365,jmccullough@webster.k12.ga.us,JAMIE,MCCULLOUGH,229-828-3365,jmccullough@webster.k12.ga.us,No,Yes,Yes,http://webstercounty.schoolinsites.com/,No,-9,Yes,Yes,No,No,No,No,Yes,Yes,0,0,16,28,Yes,-9,-9,-9,Yes,Yes,No,No,No
GA,GEORGIA,1305640,Wheeler County,P.O. Box 427,Alamo,30411,No,1008,0,4,Yes,Yes,Yes,ELI,DUPREE,9125687166,eli.dupree@wheeler.k12.ga.us,ERICKA,CLARK,9125677198,ericka.clark@wheeler.k12.ga.us,RENEE,GARRETT,9125687198,renee.garrett@wheeler.k12.ga.us,Yes,Yes,Yes,https://simbli.eboardsolutions.com/SB_ePolicy/SB_PolicyOverview.aspx?S=4175,No,-9,Yes,Yes,No,Yes,No,No,Yes,No,0,2,46,0,Yes,-9,-9,-9,Yes,Yes,No,No,No
GA,GEORGIA,1305730,Wilcox County,395 College Street,Abbeville,31001,No,1185,0,3,Yes,Yes,Yes,DALE,GARNTO,(229)467-2141,gantod@wilcox.k12.us,DALE,GARNTO,(229)467-2141,garntod@wilcox.k12.us,DALE,GARNTO,(229)467-2141,garntod@wilcox.k12.us,No,Yes,Yes,wilcox.k12.ga.us,No,-9,Yes,Yes,No,Yes,No,No,Yes,Yes,0,3,0,76,Yes,-9,-9,-9,Yes,Yes,No,No,No
