State Postal Code,State FIPS Code,District ID,Name,Estimated Total Population,Estimated Population 5-17,Estimated number of relevant children 5 to 17 years old in poverty who are related to the householder
GA,13,180,Baker County School District,3200,471,174
GA,13,510,Bremen City School District,6353,1275,206
GA,13,600,Buford City School District,14278,2686,492
GA,13,750,Calhoun County School District,6455,857,322
GA,13,1050,Chattahoochee County School District,10343,571,203
GA,13,1140,Chickamauga City School District,3116,598,157
GA,13,1200,Clay County School District,2962,454,221
GA,13,1260,Clinch County School District,6727,1270,402
GA,13,1440,Commerce City School District,7314,1283,307
GA,13,1590,Dade County School District,16285,2343,415
GA,13,1650,Dawson County School District,24379,3761,483
GA,13,1680,Decatur City School District,21368,3212,391
GA,13,1950,Echols County School District,3936,782,251
GA,13,2,Fort Benning Schools,16097,2205,370
GA,13,3,Fort Stewart School District,9094,1728,391
GA,13,2370,Glascock County School District,3062,540,108
GA,13,2640,Hancock County School District,8561,1033,418
GA,13,2910,Irwin County School District,9410,1491,430
GA,13,3030,Jefferson City School District,10604,2350,242
GA,13,3120,Johnson County School District,9788,1364,426
GA,13,3330,Lincoln County School District,7880,1104,294
GA,13,3540,Marion County School District,8450,1402,476
GA,13,3660,Miller County School District,5838,1041,344
GA,13,3750,Montgomery County School District,8892,1351,376
GA,13,3990,Oglethorpe County School District,14877,2315,448
GA,13,4080,Pelham City School District,3691,693,280
GA,13,4170,Pike County School District,18217,3339,395
GA,13,4220,Pulaski County School District,11201,1637,444
GA,13,4290,Quitman County School District,2358,329,136
GA,13,4320,Rabun County School District,16602,2138,490
GA,13,4350,Randolph County School District,7075,1005,445
GA,13,4470,Schley County School District,5213,1073,245
GA,13,4540,Social Circle City School District,4616,864,172
GA,13,4590,Stewart County School District,5985,594,215
GA,13,4650,Talbot County School District,6249,797,274
GA,13,4680,Taliaferro County School District,1628,200,87
GA,13,4800,Taylor County School District,8142,1263,396
GA,13,5070,Towns County School District,11506,1094,250
GA,13,5100,Treutlen County School District,6740,1200,401
GA,13,5130,Trion City School District,1741,380,91
GA,13,5220,Twiggs County School District,8174,1155,378
GA,13,5460,Warren County School District,5303,818,327
GA,13,5580,Webster County School District,2605,403,107
GA,13,5640,Wheeler County School District,7952,1003,370
GA,13,5730,Wilcox County School District,8800,1180,405
GA,13,5790,Wilkinson County School District,8959,1582,467
