State Postal Code,State FIPS Code,District ID,Name,Estimated Total Population,Estimated Population 5-17,Estimated number of relevant children 5 to 17 years old in poverty who are related to the householder
GA,13,60,Appling County School District,18521,3342,1052
GA,13,90,Atkinson County School District,8342,1636,572
GA,13,120,Atlanta City School District,481446,59147,18118
GA,13,150,Bacon County School District,11319,2167,830
GA,13,180,Baker County School District,3200,471,174
GA,13,210,Baldwin County School District,44906,6348,1953
GA,13,240,Banks County School District,18634,3117,557
GA,13,290,Barrow County School District,79061,15337,2357
GA,13,330,Bartow County School District,84305,15428,2659
GA,13,360,Ben Hill County School District,16996,3202,1154
GA,13,390,Berrien County School District,19186,3430,924
GA,13,420,Bibb County School District,152862,27337,9723
GA,13,440,Bleckley County School District,12830,1959,529
GA,13,480,Brantley County School District,18731,3315,862
GA,13,510,Bremen City School District,6353,1275,206
GA,13,540,Brooks County School District,15587,2502,915
GA,13,570,Bryan County School District,37060,8070,935
GA,13,600,Buford City School District,14278,2686,492
GA,13,630,Bulloch County School District,76149,10967,2655
GA,13,660,Burke County School District,22522,4317,1368
GA,13,690,Butts County School District,24059,3576,888
GA,13,720,Calhoun City School District,16699,3021,711
GA,13,750,Calhoun County School District,6455,857,322
GA,13,780,Camden County School District,53044,9013,1646
GA,13,810,Candler County School District,10797,2017,663
GA,13,840,Carroll County School District,91806,17388,3715
GA,13,870,Carrollton City School District,25960,3465,974
GA,13,900,Cartersville City School District,20749,3559,895
GA,13,930,Catoosa County School District,66550,11730,1755
GA,13,990,Charlton County School District,12715,1788,529
GA,13,1020,Chatham County School District,290501,43772,10184
GA,13,1050,Chattahoochee County School District,10343,571,203
GA,13,1080,Chattooga County School District,23029,3733,844
GA,13,1110,Cherokee County School District,247573,46846,3683
GA,13,1140,Chickamauga City School District,3116,598,157
GA,13,1170,Clarke County School District,127064,15353,4227
GA,13,1200,Clay County School District,2962,454,221
GA,13,1230,Clayton County School District,285153,58237,13937
GA,13,1260,Clinch County School District,6727,1270,402
GA,13,1290,Cobb County School District,693593,124649,12760
GA,13,1350,Coffee County School District,43014,7583,2489
GA,13,1380,Colquitt County School District,45835,8941,2822
GA,13,1410,Columbia County School District,151579,29192,2134
GA,13,1440,Commerce City School District,7314,1283,307
GA,13,1470,Cook County School District,17277,3260,959
GA,13,1500,Coweta County School District,143114,26763,3223
GA,13,1530,Crawford County School District,12295,1969,510
GA,13,1560,Crisp County School District,22736,4004,1618
GA,13,1590,Dade County School District,16285,2343,415
GA,13,1620,Dalton City School District,33741,6546,1728
GA,13,1650,Dawson County School District,24379,3761,483
GA,13,1740,DeKalb County School District,694418,115503,28394
GA,13,1680,Decatur City School District,21368,3212,391
GA,13,1710,Decatur County School District,26716,4756,1617
GA,13,1770,Dodge County School District,20730,3012,842
GA,13,1800,Dooly County School District,13737,1916,630
GA,13,1830,Dougherty School District,89502,15746,6177
GA,13,1860,Douglas County School District,143882,28461,4541
GA,13,1870,Dublin City School District,15812,2810,912
GA,13,1920,Early County School District,10296,1940,726
GA,13,1950,Echols County School District,3936,782,251
GA,13,1980,Effingham County School District,59982,11767,1501
GA,13,2010,Elbert County School District,19109,3038,934
GA,13,2040,Emanuel County School District,22530,4096,1556
GA,13,2070,Evans County School District,10775,2128,799
GA,13,2100,Fannin County School District,25322,3223,740
GA,13,2130,Fayette County School District,112549,21224,1488
GA,13,2190,Floyd County School District,60730,10380,2274
GA,13,2220,Forsyth County School District,227967,49734,2397
GA,13,2,Fort Benning Schools,16097,2205,370
GA,13,3,Fort Stewart School District,9094,1728,391
GA,13,2250,Franklin County School District,22820,3667,885
GA,13,2280,Fulton County School District,597444,113951,16513
GA,13,2310,Gainesville City School District,37755,7288,1905
GA,13,2340,Gilmer County School District,30674,4273,1054
GA,13,2370,Glascock County School District,3062,540,108
GA,13,2400,Glynn County School District,85282,14003,3655
GA,13,2430,Gordon County School District,40390,7601,1163
GA,13,2460,Grady County School District,24819,4562,1227
GA,13,2490,Greene County School District,17281,2363,673
GA,13,2550,Gwinnett County School District,907055,186702,27533
GA,13,2580,Habersham County School District,44567,7477,1254
GA,13,2610,Hall County School District,160507,30485,4708
GA,13,2640,Hancock County School District,8561,1033,418
GA,13,2670,Haralson County School District,22949,3978,831
GA,13,2700,Harris County School District,33915,5730,590
GA,13,2730,Hart County School District,25794,4102,1018
GA,13,2790,Heard County School District,11730,2008,502
GA,13,2820,Henry County School District,225813,45620,5864
GA,13,2880,Houston County School District,153479,29266,5544
GA,13,2910,Irwin County School District,9410,1491,430
GA,13,2940,Jackson County School District,49601,9174,1145
GA,13,2970,Jasper County School District,13964,2466,575
GA,13,3000,Jeff Davis County School District,15025,2975,876
GA,13,3030,Jefferson City School District,10604,2350,242
GA,13,3060,Jefferson County School District,15648,2744,916
GA,13,3090,Jenkins County School District,8767,1341,521
GA,13,3120,Johnson County School District,9788,1364,426
GA,13,3150,Jones County School District,28470,5154,864
GA,13,3210,Lamar County School District,18599,2829,688
GA,13,3240,Lanier County School District,10425,1820,499
GA,13,1890,Laurens County School District,31518,5765,1420
GA,13,3270,Lee County School District,29470,5964,774
GA,13,3300,Liberty County School District,52293,9232,2415
GA,13,3330,Lincoln County School District,7880,1104,294
GA,13,3360,Long County School District,19014,3813,937
GA,13,3390,Lowndes County School District,57597,11017,2223
GA,13,3420,Lumpkin County School District,32873,4381,775
GA,13,3450,Macon County School District,13314,1891,688
GA,13,3480,Madison County School District,29302,4946,1053
GA,13,3510,Marietta City School District,62161,8988,1643
GA,13,3540,Marion County School District,8450,1402,476
GA,13,3570,McDuffie County School District,21498,4037,1206
GA,13,3600,McIntosh County School District,14106,1737,541
GA,13,3630,Meriwether County School District,21049,3300,1030
GA,13,3660,Miller County School District,5838,1041,344
GA,13,3690,Mitchell County School District,18601,3105,1033
GA,13,3720,Monroe County School District,27113,4268,698
GA,13,3750,Montgomery County School District,8892,1351,376
GA,13,3780,Morgan County School District,18412,3123,588
GA,13,3840,Murray County School District,39782,7380,1770
GA,13,3870,Muscogee County School District,194058,32578,9985
GA,13,3930,Newton County School District,108076,21348,4000
GA,13,3960,Oconee County School District,38028,8004,510
GA,13,3990,Oglethorpe County School District,14877,2315,448
GA,13,4020,Paulding County School District,159445,32182,3339
GA,13,4050,Peach County School District,27099,4250,1127
GA,13,4080,Pelham City School District,3691,693,280
GA,13,4110,Pickens County School District,31588,4914,853
GA,13,4140,Pierce County School District,19307,3607,898
GA,13,4170,Pike County School District,18217,3339,395
GA,13,4200,Polk County School District,42085,7927,2017
GA,13,4220,Pulaski County School District,11201,1637,444
GA,13,4260,Putnam County School District,21730,3304,884
GA,13,4290,Quitman County School District,2358,329,136
GA,13,4320,Rabun County School District,16602,2138,490
GA,13,4350,Randolph County School District,7075,1005,445
GA,13,4380,Richmond County School District,201800,32956,11021
GA,13,4410,Rockdale County School District,90312,17226,3380
GA,13,4440,Rome City School District,36883,6302,1962
GA,13,4470,Schley County School District,5213,1073,245
GA,13,4500,Screven County School District,13953,2157,699
GA,13,4530,Seminole County School District,8292,1290,545
GA,13,4540,Social Circle City School District,4616,864,172
GA,13,2520,Spalding County School District,65380,11391,3619
GA,13,4560,Stephens County School District,25890,4221,1105
GA,13,4590,Stewart County School District,5985,594,215
GA,13,4620,Sumter County School District,29847,5030,1763
GA,13,4650,Talbot County School District,6249,797,274
GA,13,4680,Taliaferro County School District,1628,200,87
GA,13,4770,Tattnall County School District,25333,3884,1299
GA,13,4800,Taylor County School District,8142,1263,396
GA,13,4830,Telfair County School District,15989,2079,713
GA,13,4860,Terrell County School District,8729,1457,639
GA,13,4890,Thomas County School District,26204,4592,936
GA,13,4950,Thomasville City School District,18575,3329,966
GA,13,4980,Tift County School District,40598,7180,2310
GA,13,5040,Toombs County School District,16774,3384,1059
GA,13,5070,Towns County School District,11506,1094,250
GA,13,5100,Treutlen County School District,6740,1200,401
GA,13,5130,Trion City School District,1741,380,91
GA,13,1,Troup County School District,69786,12721,3176
GA,13,5190,Turner County School District,7961,1373,572
GA,13,5220,Twiggs County School District,8174,1155,378
GA,13,5250,Union County School District,23459,2947,595
GA,13,5280,Upson County School District,26135,4214,1224
GA,13,5310,Valdosta City School District,57892,8722,3186
GA,13,5340,Vidalia City School District,10364,1921,621
GA,13,5370,Walker County School District,65823,10667,2177
GA,13,5390,Walton County School District,86986,16427,2444
GA,13,5430,Ware County School District,35871,6182,2035
GA,13,5460,Warren County School District,5303,818,327
GA,13,5490,Washington County School District,20313,3325,1077
GA,13,5550,Wayne County School District,29817,5341,1637
GA,13,5580,Webster County School District,2605,403,107
GA,13,5640,Wheeler County School District,7952,1003,370
GA,13,5670,White County School District,29453,4491,817
GA,13,5700,Whitfield County School District,70917,13960,3240
GA,13,5730,Wilcox County School District,8800,1180,405
GA,13,5760,Wilkes County School District,9892,1574,528
GA,13,5790,Wilkinson County School District,8959,1582,467
GA,13,5850,Worth County School District,20533,3408,1080
