AL,ALABAMA,100005,Albertville City,107 W Main St,Albertville,35950,No,5445,0,6,Yes,Yes.1,Yes.2,TIMOTHY,TIDMORE,256-891-1183,ttidmore@albertk12.org,TIMOTHY.1,TIDMORE.1,256-891-1183.1,ttidmore@albertk12.org.1,TIMOTHY.2,TIDMORE.2,256-891-1183.2,ttidmore@albertk12.org.2,No.1,Yes.3,Yes.4,www.albertk12.org/apps/pages/index.jsp?uREC_ID=368921&type=d&termREC_ID=&pREC_ID=689254,Yes.5,No.2,Yes.6,Yes.7,Yes.8,Yes.9,No.3,No.4,Yes.10,No.5,1,6.1,127,0.1,Yes.11,-9,-9.1,-9.2,Yes.12,Yes.13,No.6,No.7,No.8
OR,OREGON,4100003,Falls City SD 57,111 N Main St,Falls City,97344,No,207,0,2,Yes,Yes,Yes,ART,HOUGHTALING,5037873521x2206,art.houghtaling@fallscityschools.org,ART,HOUGHTALING,5037873521x2206,art.houghtaling@fallscityschools.org,ART,HOUGHTALING,5037873521x2206,art.houghtaling@fallscityschools.org,No,Yes,Yes,www.fallscityschools.org,No,-9,Yes,No,No,No,Yes,No,Yes,No,0,0,8,0,Yes,-9,-9,-9,Yes,No,Yes,No,No
OR,OREGON,4100022,Northwest Regional ESD,5825 NE Ray Cir,Hillsboro,97124,No,130,0,2,Yes,Yes,Yes,ROBYN,BEAN,5036141445,rbean@nwresd.k12.or.us,ROBYN,BEAN,5036141445,rbean@nwresd.k12.or.us,ROBYN,BEAN,5036141445,rbean@nwresd.k12.or.us,No,Yes,Yes,https://drive.google.com/file/d/0Byt1S9Mi1nYhOU52Mjl6ZWJWU28/view,Yes,Yes,Yes,No,No,Yes,Yes,Yes,Yes,Yes,422,465,700,320,No,Yes,No,Yes,No,-9,-9,-9,-9
OR,OREGON,4100029,Southern Oregon ESD,101 N Grape St,Medford,97501,No,7,0,1,Yes,Yes,Yes,PATTY,MICHIELS,541-776-8590,PATTY_MICHIELS@SOESD.K12.OR.US,PATTY,MICHIELS,541-776-8590,PATTY_MICHIELS@SOESD.K12.OR.US,PATTY,MICHIELS,541-776-8590,PATTY_MICHIELS@SOESD.K12.OR.US,No,Yes,Yes,http://www.soesd.k12.or.us/SIB/files/Board_Policies_2018-2019.pdf,No,-9,No,-9,-9,-9,-9,-9,-9,-9,-9,-9,-9,-9,-9,-9,-9,-9,No,-9,-9,-9,-9
OR,OREGON,4100033,Linn Benton Lincoln ESD,905 4th Ave SE,Albany,97321,No,71,0,2,Yes,Yes,Yes,JEAN,ORR,541-752-9281,jean.orr@lblesd.k12.or.us,JEAN,ORR,541-752-9281,jean.orr@lblesd.k12.or.us,JEAN,ORR,541-752-9281,jean.orr@lblesd.k12.or.us,No,Yes,Yes,lblesd.k12.or.us/wp-content/uploads/JFCF_GBNA-AR.pdf,No,-9,No,-9,-9,-9,-9,-9,-9,-9,-9,-9,-9,-9,-9,-9,-9,-9,No,-9,-9,-9,-9
OR,OREGON,4100047,Ione SD R2,PO Box 167,Ione,97843,No,171,0,1,Yes,Yes,Yes,JON,PETERSON,(541) 966-3107,jon.peterson@ionesd.org,JON,PETERSON,(541) 966-3107,jone.peterson@ionesd.org,JJ,ROSENBERG,(541) 422-7131,jj.rosenberg@ionesd.org,No,Yes,Yes,www.ione.k12.or.us,No,-9,No,-9,-9,-9,-9,-9,-9,-9,-9,-9,-9,-9,-9,-9,-9,-9,Yes,Yes,No,No,No
OR,OREGON,4100990,Adel SD 21,357 N  L  St,Lakeview,97630,No,8,0,1,Yes,Yes,Yes,JACK,THOMPSON,541-947-3371,jthompson@lakeesd.k12.or.us,JACK,THOMPSON,541-947-3371,jthompson@lakeesd.k12.or.us,JACK,THOMPSON,541-947-3371,jthompson@lakeesd.k12.or.us,No,Yes,No,-9,No,-9,No,-9,-9,-9,-9,-9,-9,-9,-9,-9,-9,-9,-9,-9,-9,-9,No,-9,-9,-9,-9
OR,OREGON,4101350,Annex SD 29,402 Annex Rd,Ontario,97914,No,83,0,1,Yes,Yes,Yes,STEVE,BISHOP,541-262-3280,STEVE.BISHOP@ANNEXSD.ORG,STEVE,BISHOP,541-262-3280,STEVE.BISHOP@ANNEXSD.ORG,STEVE,BISHOP,541-262-3280,STEVE.BISHOP@ANNEXSD.ORG,No,Yes,No,-9,No,-9,No,-9,-9,-9,-9,-9,-9,-9,-9,-9,-9,-9,-9,-9,-9,-9,Yes,Yes,No,No,No
OR,OREGON,4101355,Columbia Gorge ESD,400 E Scenic Dr Ste 207,The Dalles,97058,No,93,0,1,Yes,Yes,Yes,PAT,SUBLETTE,541-506-2240,psublette@cgesd.k12.or.us,PAT,SUBLETTE,541-506-2240,psublette@cgesd.k12.or.us,PAT,SUBLETTE,541-506-2240,psublette@cgesd.k12.or.us,No,Yes,Yes,https://www.cgesd.k12.or.us/site/handlers/filedownload.ashx?moduleinstanceid=173&dataid=411&FileName=JFCF%20GBNA-Hazing%20Harassment%20Bullying.pdf,No,-9,Yes,No,No,Yes,Yes,Yes,Yes,Yes,0,45,42,6,Yes,-9,-9,-9,No,-9,-9,-9,-9
OR,OREGON,4101470,Arlington SD 3,PO Box 10,Arlington,97812,No,155,0,1,Yes,Yes,Yes,KEVIN,HUNKING,541-454-2632,khunking@arlington.k12.or.us,KEVIN,HUNKING,541-454-2632,khunking@arlington.k12.or.us,KEVIN,HUNKING,541-454-2632,khunking@arlington.k12.or.us,No,Yes,Yes,www.honkernet.net,No,-9,No,-9,-9,-9,-9,-9,-9,-9,-9,-9,-9,-9,-9,-9,-9,-9,Yes,Yes,No,No,No
OR,OREGON,4101500,Arock SD 81,c/o Malheur ESD,Vale,97918,No,15,0,1,Yes,Yes,Yes,VICKI,MCCONNELL,5415862325,vicki.mcconnell@arocksd.org,VICKI,MCCONNELL,5415862325,vicki.mcconnell@arocksd.org,VICKI,MCCONNELL,5415862325,vicki.mcconnell@arocksd.org,No,Yes,No,-9,No,-9,No,-9,-9,-9,-9,-9,-9,-9,-9,-9,-9,-9,-9,-9,-9,-9,Yes,No,No,Yes,No
OR,OREGON,4101590,Ashwood SD 8,18624 NE Main,Ashwood,97711,No,6,1,1,Yes,Yes,Yes,LORI,SCHRYVER,541-489-3297,CLERK@ASHWOOD.K12.OR.US,LORI,SCHRYVER,541-489-3297,CLERK@ASHWOOD.K12.OR.US,LORI,SCHRYVER,541-489-3297,CLERK@ASHWOOD.K12.OR.US,No,Yes,Yes,ASHWOOD.K12.OR.US,No,-9,No,-9,-9,-9,-9,-9,-9,-9,-9,-9,-9,-9,-9,-9,-9,-9,Yes,Yes,No,No,No
OR,OREGON,4101740,Burnt River SD 30J,PO Box 9,Unity,97884,No,37,0,1,Yes,Yes,Yes,LORRIE,ANDREWS,(541)446-3466,lorrie.andrews@burntriver.k12.or.us,LORRIE,ANDREWS,(541)446-3466,lorrie.andrews@burntriver.k12.or.us,LORRIE,ANDREWS,(541)446-3466,lorrie.andrews@burntriver.k12.or.us,No,Yes,No,-9,No,-9,No,-9,-9,-9,-9,-9,-9,-9,-9,-9,-9,-9,-9,-9,-9,-9,Yes,Yes,No,No,No
OR,OREGON,4102190,Black Butte SD 41,PO Box 150,Camp Sherman,97730,No,34,0,1,Yes,Yes,Yes,SHAWN,RUSSELL,541-595-6203,srussell@blackbutte.k12.or.us,SHAWN,RUSSELL,541-595-6203,srussell@blackbutte.k12.or.us,DELANEY,SHARP,541-595-6203,dsharp@blackbutte.k12.or.us,No,Yes,Yes,http://policy.osba.org/bbutte/J/JFCF%20D1.PDF,No,-9,No,-9,-9,-9,-9,-9,-9,-9,-9,-9,-9,-9,-9,-9,-9,-9,Yes,Yes,No,No,No
OR,OREGON,4102610,Camas Valley SD 21J,PO Box 57,Camas Valley,97416,No,220,10,1,Yes,Yes,Yes,PATRICK,LEE,541-445-2131,patrick.lee@camasvalley.k12.or.us,PATRICK,LEE,541-445-2131,patrick.lee@camasvalley.k12.or.us,PATRICK,LEE,541-445-2131,patrick.lee@camasvalley.k12.or.us,No,Yes,Yes,www.camasvalley.k12.or.us,No,-9,Yes,No,No,Yes,No,No,Yes,Yes,0,0,9,1,Yes,-9,-9,-9,Yes,Yes,No,No,No
OR,OREGON,4103330,Condon SD 25J,210 E Bayard St,Condon,97823,No,125,0,2,Yes,Yes,Yes,MICHELLE,GEER,5413842441,MGEER@CONDON.K12.OR.US,MICHELLE,GEER,5413842441,MGEER@CONDON.K12.OR.US,TIFFANIE,ARELLANO,5413842441,TARELLANO@NCESD.K12.OR.US,No,Yes,Yes,http://policy.osba.org/condon/,No,-9,No,-9,-9,-9,-9,-9,-9,-9,-9,-9,-9,-9,-9,-9,-9,-9,Yes,Yes,No,No,No
OR,OREGON,4103600,Harney County SD 4,PO Box 828,Crane,97732,No,88,0,1,Yes,Yes,Yes,MATTHEW,HAWLEY,541-493-2641,hawley@harneyesd.k12.or.us,MATTHEW,HAWLEY,541-493-2641,hawley@harneyesd.k12.or.us,MATTHEW,HAWLEY,541-493-2641,hawley@harneyesd.k12.or.us,No,Yes,Yes,www.cranehighschool.org,No,-9,No,-9,-9,-9,-9,-9,-9,-9,-9,-9,-9,-9,-9,-9,-9,-9,Yes,Yes,No,No,No
OR,OREGON,4103630,Harney County Union High SD 1J,PO Box 828,Crane,97732,No,54,0,1,Yes,Yes,Yes,MATTHEW,HAWLEY,541-493-2641,hawleym@harneyesd.k12.or.us,MATTHEW,HAWLEY,541-493-2641,hawleym@harneyesd.k12.or.us,MATTHEW,HAWLEY,541-493-2641,hawleym@harneyesd.k12.or.us,No,Yes,Yes,www.cranehighschool.org,No,-9,No,-9,-9,-9,-9,-9,-9,-9,-9,-9,-9,-9,-9,-9,-9,-9,No,-9,-9,-9,-9
OR,OREGON,4103960,Douglas County SD 15,PO Box 10,Days Creek,97429,No,193,0,1,Yes,Yes,Yes,JAMES,ELLIS,541-825-3296,james.ellis@dayscreek.k12.or.us,MARK,ANGLE,5418253296,mark.angle@dayscreek.k12.or.us,CATHY,KNAPP,541-825-3296,cathy.knapp@dayscreek.k12.or.us,No,Yes,Yes,http://policy.osba.org/douglcty/index.asp,No,-9,No,-9,-9,-9,-9,-9,-9,-9,-9,-9,-9,-9,-9,-9,-9,-9,Yes,Yes,No,No,No
OR,OREGON,4104020,Dayville SD 16J,PO Box C,Dayville,97825,No,56,0,1,Yes,Yes,Yes,KATHRYN,HEDRICK,(541)987-2412 X103,HEDRICKK@GRANTESD.K12.OR.US,KATHRYN,HEDRICK,(541)987-2412 X103,HEDRICKK@GRANTESD.K12.OR.US,KATHRYN,HEDRICK,(541)987-2412 X103,HEDRICKK@GRANTESD.K12.OR.US,No,Yes,Yes,http://policy.osba.org/dayville/index.asp,Yes,Yes,Yes,No,No,Yes,No,Yes,Yes,Yes,1,6,4,0,Yes,-9,-9,-9,Yes,Yes,No,No,No
OR,OREGON,4104170,Diamond SD 7,40524 S Diamond Ln,Diamond,97722,No,8,0,1,Yes,Yes,Yes,ANNETTE,CARSON,541-493-2341,carsona@harneyesd.k12.or.us,ANNETTE,CARSON,541-493-2341,carsona@harneyesd.k12.or.us,ANNETTE,CARSON,541-493-2341,carsona@harneyesd.k12.or.us,No,Yes,No,-9,No,-9,No,-9,-9,-9,-9,-9,-9,-9,-9,-9,-9,-9,-9,-9,-9,-9,Yes,No,No,Yes,No
OR,OREGON,4104290,Double O SD 28,PO Box 888,Hines,97738,No,3,0,1,Yes,Yes,Yes,GEREN,MOON,(541)493-2393,jopie@centurytel.net,JULIE,OPIE,(541)573-3229,jopie@centurytel.net,GAYLE,MACKEY,(541)573-2122,mackeyg@harneyesd.k12.or.us,No,Yes,No,-9,No,-9,No,-9,-9,-9,-9,-9,-9,-9,-9,-9,-9,-9,-9,-9,-9,-9,Yes,Yes,No,No,No
OR,OREGON,4104380,Drewsey SD 13,PO Box 109,Drewsey,97904,No,8,0,1,Yes,Yes,Yes,DEBBIE,ROBERTSON,5414932401,ROBERTD1@HARNEYESD.K12.OR.US,DEBBIE,ROBERTSON,5414932401,ROBERTD1@HARNEYESD.K12.OR.US,DEBBIE,ROBERTSON,5414932401,ROBERTD1@HARNEYESD.K12.OR.US,No,Yes,No,-9,No,-9,No,-9,-9,-9,-9,-9,-9,-9,-9,-9,-9,-9,-9,-9,-9,-9,Yes,No,No,Yes,No
OR,OREGON,4105020,South Harney SD 33,PO Box 33,Denio,89404,No,14,0,1,Yes,Yes,Yes,HOLLIE,HENRICKS,5415890993,southharney@gmail.com,HOLLIE,HENRICKS,5415890993,southharney@gmail.com,HOLLIE,HENRICKS,5415890993,southharney@gmail.com,No,Yes,No,-9,No,-9,No,-9,-9,-9,-9,-9,-9,-9,-9,-9,-9,-9,-9,-9,-9,-9,Yes,Yes,No,No,No
OR,OREGON,4106120,Harper SD 66,2987 Harper/Westfall Rd,Harper,97906,No,114,0,1,Yes,Yes,Yes,RON,TALBOT,541-358-2473,rtalbot@harpersd.org,RON,TALBOT,541-358-2473,rtalbot@harpersd.org,RON,TALBOT,541-358-2473,rtalbot@harpersd.org,No,Yes,Yes,www.harper.k12.or.us,No,-9,No,-9,-9,-9,-9,-9,-9,-9,-9,-9,-9,-9,-9,-9,-9,-9,Yes,Yes,No,No,No
OR,OREGON,4106270,Helix SD 1,PO Box 398,Helix,97835,No,184,0,1,Yes,Yes,Yes,CINDY,WOOD,(541)457-2175,cwood@helix.k12.or.us,CINDY,WOOD,(541)457-2175,cwood@helix.k12.or.us,MCKENNON,MCDONALD,(541)457-2175,mckennon.mcdonald@helix.k12.or.us,No,Yes,Yes,http://www.helix.k12.or.us/anti-discrimination-policy,No,-9,No,-9,-9,-9,-9,-9,-9,-9,-9,-9,-9,-9,-9,-9,-9,-9,Yes,Yes,No,No,No
OR,OREGON,4106600,Huntington SD 16J,520 3rd St E,Huntington,97907,No,97,0,1,Yes,Yes,Yes,SCOTT,BULLOCK,(541) 869-2204,Scott.Bullock@huntingtonsd.org,SCOTT,BULLOCK,(541) 869-2204,Scott.Bullock@huntingtonsd.org,SCOTT,BULLOCK,(541) 869-2204,Scott.Bullock@huntingtonsd.org,No,Yes,Yes,https://huntington.k12.or.us/student-handbooks,No,-9,Yes,No,No,Yes,No,Yes,Yes,Yes,0,4,5,0,Yes,-9,-9,-9,Yes,Yes,No,No,No
OR,OREGON,4106750,Jewell SD 8,83874 Hwy 103,Seaside,97138,No,166,0,1,Yes,Yes,Yes,STEVE,PHILLIPS,5037552451,stevep@jewellk12.org,STEVE,PHILLIPS,5037552451,stevep@jewellk12.org,STEVE,PHILLIPS,5037552451,stevep@jewellk12.org,No,Yes,Yes,www.jewell.k12.or.us,Yes,Yes,Yes,No,No,Yes,No,Yes,Yes,Yes,0,3,6,3,Yes,-9,-9,-9,Yes,Yes,No,No,No
OR,OREGON,4106820,Jordan Valley SD 3,PO Box 99,Jordan Valley,97910,No,61,0,3,Yes,Yes,Yes,RUSTY,BENGOA,5415862213,rusty.bengoa@jordanvalleysd.org,RUSTY,BENGOA,5415862213,rusty.bengoa@Qjordanvalleysd.org,SHERYL,DOUGLASS,5415862213,sheryl.douglass@jordanvalleysd.org,No,Yes,No,-9,No,-9,No,-9,-9,-9,-9,-9,-9,-9,-9,-9,-9,-9,-9,-9,-9,-9,Yes,Yes,No,No,No
OR,OREGON,4106960,Juntura SD 12,363  A  St W,Vale,97918,No,3,0,1,Yes,Yes,Yes,ANGIE,ARRIOLA,541-473-4828,angie.arriola@malesd.org,ANGIE,ARRIOLA,541-473-4828,angie.arriola@malesd.org,ANGIE,ARRIOLA,541-473-4828,angie.arriola@malesd.org,No,Yes,No,-9,No,-9,No,-9,-9,-9,-9,-9,-9,-9,-9,-9,-9,-9,-9,-9,-9,-9,Yes,No,No,Yes,No
OR,OREGON,4107530,Long Creek SD 17,PO Box 429,Long Creek,97856,No,32,0,1,Yes,Yes,Yes,DEL,DYKSTRA,541-421-3896,dykstrad@grantesd.k12.or.us,DEL,DYKSTRA,541-421-3896,dykstrad@grantesd.k12.or.us,DEL,DYKSTRA,541-421-3896,dykstrad@grantesd.k12.or.us,No,Yes,Yes,http://policy.osba.org/longcrk/AB/AC%20D1.PDF,No,-9,Yes,No,No,Yes,No,Yes,Yes,Yes,0,2,0,0,Yes,-9,-9,-9,Yes,Yes,No,No,No
OR,OREGON,4107710,Mapleton SD 32,10868 E Mapleton Rd,Mapleton,97453,No,168,0,2,Yes,Yes,Yes,JODI,OMARA,(541)268-4312,jomara@mapleton.k12.or.us,JODI,OMARA,(541)268-4321,jomara@mapleton.k12.or.us,JODI,OMARA,(541)268-4321,jomara@mapleton.k12.or.us,No,Yes,Yes,http://policy.osba.org/mapletn/J/JFCF%20G2.PDF,No,-9,No,-9,-9,-9,-9,-9,-9,-9,-9,-9,-9,-9,-9,-9,-9,-9,Yes,Yes,No,No,No
OR,OREGON,4107980,McKenzie SD 68,51187 Blue River Dr,Finn Rock,97488,No,197,0,2,Yes,Yes,Yes,LANE,TOMPKINS,541-822-3313,lane.tompkins@mckenziesd.org,LANE,TOMPKINS,541-822-3313,lane.tompkins@mckenziesd.org,BRENT,MEISTER,541-822-3313,brent.meister@mckenziesd.org,No,Yes,No,-9,No,-9,No,-9,-9,-9,-9,-9,-9,-9,-9,-9,-9,-9,-9,-9,-9,-9,Yes,Yes,No,No,No
OR,OREGON,4108460,Monument SD 8,PO Box 127,Monument,97864,No,52,0,1,Yes,Yes,Yes,DONALD,PETERSEN,541-934-2646,petersend@grantesd.k12.or.us,DONALD,PETERSEN,541-934-2646,petersend@grantesd.k12.or.us,DONALD,PETERSEN,541-934-2646,petersend@grantesd.k12.or.us,No,Yes,Yes,http://policy.osba.org/monument/J/JBA%20R%20D1.PDF,No,-9,Yes,No,No,Yes,No,Yes,Yes,No,0,3,1,0,Yes,-9,-9,-9,Yes,Yes,No,No,No
OR,OREGON,4109430,Paisley SD 11,PO Box 97,Paisley,97636,No,223,0,1,Yes,Yes,Yes,PAUL,HAUDER,5419433111,p.hauder@paisleyschooldistrict.com,PAUL,HAUDER,5419433111,p.hauder@paisleyschooldistrict.com,PAUL,HAUDER,5419433111,p.hauder@paisleyschooldistrict.com,No,Yes,Yes,http://policy.osba.org/paisley/J/index.asp,No,-9,Yes,No,No,Yes,No,No,Yes,No,0,0,6,0,Yes,-9,-9,-9,Yes,Yes,No,No,No
OR,OREGON,4109530,Perrydale SD 21,7445 Perrydale Rd,Amity,97101,No,170,0,1,Yes,Yes,Yes,ERIC,MILBURN,(503)623-2040,emilburn@Perrydale.k12.or.us,ERIC,MILBURN,(503)623-2040,emilburn@Perrydale.k12.or.us,ERIN,HENERY,(503) 623-2040,ehenery@perrydale.k12.or.us,No,Yes,No,-9,No,-9,Yes,No,No,No,No,No,No,No,0,0,0,0,No,No,No,No,Yes,Yes,No,No,No
OR,OREGON,4109690,Pine Creek SD 5,79654 Pine Creek Rd,Drewsey,97904,No,9,0,1,Yes,Yes,Yes,JUSTIN,HILL,(541)493-4664,jopie@centurytel.net,JUSTIN,HILL,(541)493-4664,jopie@centurytel.net,JUSTIN,HILL,(541)493-4664,jopie@centurytel.net,No,Yes,No,-9,No,-9,No,-9,-9,-9,-9,-9,-9,-9,-9,-9,-9,-9,-9,-9,-9,-9,Yes,Yes,No,No,No
OR,OREGON,4109720,Pine Eagle SD 61,375 North Main St,Halfway,97834,No,192,0,1,Yes,Yes,Yes,CAMMIE,DECASTRO,(541)742-2550,cadecastro@pineeaglesd.org,CAMMIE,DECASTRO,(541)742-2550,cadecastro@pineeaglesd.org,CAMMIE,DECASTRO,(541)742-2550,cadecastro@pineeaglesd.org,No,Yes,Yes,www.pineeaglesd.org,No,-9,No,-9,-9,-9,-9,-9,-9,-9,-9,-9,-9,-9,-9,-9,-9,-9,Yes,Yes,No,No,No
OR,OREGON,4109750,Pinehurst SD 94,15337 Hwy 66,Ashland,97520,No,16,0,1,Yes,Yes,Yes,HOLLY,AMANN,(541)482-1910,holly@pinehurst.k12.or.us,HOLLY,AMANN,(541)482-1910,holly@pinehurst.k12.or.us,HOLLY,AMANN,(541)482-1910,holly@pinehurst.k12.or.us,No,Yes,No,-9,No,-9,No,-9,-9,-9,-9,-9,-9,-9,-9,-9,-9,-9,-9,-9,-9,-9,Yes,Yes,No,No,No
OR,OREGON,4109960,Plush SD 18,18254 Morris Ln,Plush,97637,No,7,0,1,Yes,Yes,Yes,CHANDRA,CAHILL,5419472259,plushschoolclerk@gmail.com,CHANDRA,CAHILL,5419472259,plushschoolclerk@gmail.com,CHANDRA,CAHILL,5419472259,plushschoolclerk@gmail.com,No,Yes,Yes,www.plushschooldistrict.com,No,-9,Yes,No,No,Yes,No,No,Yes,Yes,0,0,1,3,Yes,-9,-9,-9,Yes,Yes,No,No,No
OR,OREGON,4110080,Powers SD 31,PO Box 479,Powers,97466,No,113,0,2,Yes,Yes,Yes,M ATT,SHORB,(541)439-2291,mshorb@powersschools.com,KELLY,ALLRED,(541)439-2281,kallred@powersschools.com,KELLY,ALLRED,(541)439-2281,kallred@powersschools.com,No,Yes,Yes,www.powersschools.com,No,-9,Yes,No,No,Yes,No,No,Yes,Yes,0,0,5,8,Yes,-9,-9,-9,Yes,No,No,Yes,No
OR,OREGON,4110110,Prairie City SD 4,PO Box 345,Prairie City,97869,No,141,0,1,Yes,Yes,Yes,CASEY,HALLGARTH,541-820-3314,hallgarthc@grantesd.k12.or.us,CASEY,HALLGARTH,541-820-3314,hallgarthc@grantesd.k12.or.us,JULIE,WATTERSON,541-820-3314,wattersonj@grantesd.k12.or.us,No,Yes,Yes,http://policy.osba.org/pcity/index.asp,No,-9,Yes,No,No,Yes,No,Yes,Yes,Yes,0,3,6,1,Yes,-9,-9,-9,Yes,Yes,No,No,No
OR,OREGON,4110200,Prospect SD 59,PO Box 40,Prospect,97536,No,228,0,1,Yes,Yes,Yes,DOUG,JANTZI,541-560-3653,dougj@prospect.k12.or.us,DOUG,JANTZI,541-560-3653,dougj@prospect.k12.or.us,DOUG,JANTZI,541-560-3653,dougj@prospect.k12.or.us,No,Yes,Yes,www.prospect.k12.or.us,Yes,No,Yes,No,No,Yes,No,Yes,Yes,No,0,0,16,0,Yes,-9,-9,-9,Yes,Yes,No,No,No
OR,OREGON,4111400,North Lake SD 14,57566 Fort Rock Rd,Silver Lake,97638,No,212,0,1,Yes,Yes,Yes,DAVID,KERR,541-576-2121,dkerr@nlake.k12.or.us,DAVID,KERR,541-576-2121,dkerr@nlake.k12.or.us,GAIL,BUERMANN,541-576-2121,gbuermann@nlake.k12.or.us,No,Yes,Yes,http://policy.osba.org/nlake/J/JFCF%20D1.PDF,No,-9,No,-9,-9,-9,-9,-9,-9,-9,-9,-9,-9,-9,-9,-9,-9,-9,Yes,Yes,No,No,No
OR,OREGON,4111640,Spray SD 1,PO Box 230,Spray,97874,No,57,0,1,Yes,Yes,Yes,PHILIP,STARKEY,541-468-2226,pstarkey@spray.k12.or.us,PHILIP,STARKEY,541-468-2226,pstarkey@spray.k12.or.us,PHILIP,STARKEY,541-468-2226,pstarkey@spray.k12.or.us,No,Yes,No,-9,No,-9,Yes,No,No,Yes,No,Yes,Yes,No,0,3,3,0,Yes,-9,-9,-9,Yes,Yes,No,No,No
OR,OREGON,4111760,St Paul SD 45,20449 Main St NE,St Paul,97137,No,207,0,2,Yes,Yes,Yes,LYNN,ROBERTS,(503)633-2541,lroberts@stpaul.k12.or.us,LYNN,ROBERTS,(503)633-2541,lroberts@stpaul.k12.or.us,LYNN,ROBERTS,(503)633-2541,lroberts@stpaul.k12.or.us,No,Yes,Yes,https://www.stpaul.k12.or.us/site/default.aspx?PageType=3&ModuleInstanceID=302&ViewID=7b97f7ed-8e5e-4120-848f-a8b4987d588f&RenderLoc=0&FlexDataID=328&PageID=44,No,-9,Yes,No,No,No,Yes,Yes,Yes,Yes,0,4,15,1,No,No,Yes,Yes,Yes,Yes,No,No,No
OR,OREGON,4111910,Suntex SD 10,PO Box 805,Hines,97738,No,13,0,1,Yes,Yes,Yes,JEFF,MAUPIN,(541)493-2019,jopie@centurytel.net,JULIE,OPIE,(541)573-3229,jopie@centurytel.net,GAYLE,MACKEY,(541)573-2122,mackeyg@harneyesd.k12.or.us,No,Yes,No,-9,No,-9,No,-9,-9,-9,-9,-9,-9,-9,-9,-9,-9,-9,-9,-9,-9,-9,Yes,Yes,No,No,No
OR,OREGON,4112360,Troy SD 54,66247 Redmond Grade Ln,Enterprise,97828,No,3,0,1,Yes,Yes,Yes,KAREN,PATTON,541-426-7600,kpatton@r18esd.org,KAREN,PATTON,541-426-7600,kpatton@r18esd.org,BECCY,NORDTVEDT,541-426-7600,rnortdtvedt@r18esd.org,No,Yes,Yes,http://www.kasha.r18esd.org/OpenKM/login.jsp,No,-9,No,-9,-9,-9,-9,-9,-9,-9,-9,-9,-9,-9,-9,-9,-9,-9,Yes,Yes,No,No,No
OR,OREGON,4112540,Ukiah SD 80R,PO Box 218,Ukiah,97880,No,36,0,1,Yes,Yes,Yes,NORMA,BARBER,541-427-3740,norma.barber@ukiah.k12.or.us,NORMA,BARBER,541-427-3740,norma.barber@ukiah.k12.or.us,ANNE,COOTE,541-427-3734,anne.coote@ukiah.k12.or.us,No,Yes,Yes,www.osba.org,No,-9,No,-9,-9,-9,-9,-9,-9,-9,-9,-9,-9,-9,-9,-9,-9,-9,Yes,Yes,No,No,No
OR,OREGON,4112990,Wallowa SD 12,PO Box 425,Wallowa,97885,No,173,0,2,Yes,Yes,Yes,BRET,UPTMOR,(541)886-2061,buptmor@wallowa.k12.or.us,BRET,UPTMOR,(541)886-2061,BUPTMOR@WALLOWA.K12.OR.US,BRET,UPTMOR,(541)886-2061,BUPTMOR@WALLOWA.K12.OR.US,No,Yes,Yes,www.wallowa.k12.or.us,No,-9,No,-9,-9,-9,-9,-9,-9,-9,-9,-9,-9,-9,-9,-9,-9,-9,Yes,Yes,No,No,No
OR,OREGON,4199998,Klahre House School,965 Tucker Rd,Hood River,97031,No,11,0,1,Yes,Yes,Yes,MARK,RITTER,541-436-0342,markr@nextdoorinc.org,MARK,RITTER,541-436-0342,markr@nextdoorinc.org,MARK,RITTER,541-436-0342,markr@nextdoorinc.org,No,Yes,No,-9,No,-9,No,-9,-9,-9,-9,-9,-9,-9,-9,-9,-9,-9,-9,-9,-9,-9,No,-9,-9,-9,-9
OR,OREGON,4199999,ODE Juvenile Detention Education Program (JDEP),255 Capitol St NE,Salem,97310,Yes,180,0,11,Yes,Yes,Yes,EMILY,NAZAROV,5039475637,emily.nazarov@state.or.us,EMILY,NAZAROV,5039475637,emily.nazarov@state.or.us,EMILY,NAZAROV,5039475637,emily.nazarov@state.or.us,No,Yes,Yes,https://www.oregon.gov/ode/students-and-family/healthsafety/Documents/bullyingguidance.pdf,No,-9,No,-9,-9,-9,-9,-9,-9,-9,-9,-9,-9,-9,-9,-9,-9,-9,No,-9,-9,-9,-9
