AL,ALABAMA,100005,Albertville City,107 W Main St,Albertville,35950,No,5445,0,6,Yes,Yes.1,Yes.2,TIMOTHY,TIDMORE,256-891-1183,ttidmore@albertk12.org,TIMOTHY.1,TIDMORE.1,256-891-1183.1,ttidmore@albertk12.org.1,TIMOTHY.2,TIDMORE.2,256-891-1183.2,ttidmore@albertk12.org.2,No.1,Yes.3,Yes.4,www.albertk12.org/apps/pages/index.jsp?uREC_ID=368921&type=d&termREC_ID=&pREC_ID=689254,Yes.5,No.2,Yes.6,Yes.7,Yes.8,Yes.9,No.3,No.4,Yes.10,No.5,1,6.1,127,0.1,Yes.11,-9,-9.1,-9.2,Yes.12,Yes.13,No.6,No.7,No.8
OR,OREGON,4100003,Falls City SD 57,111 N Main St,Falls City,97344,No,207,0,2,Yes,Yes,Yes,ART,HOUGHTALING,5037873521x2206,art.houghtaling@fallscityschools.org,ART,HOUGHTALING,5037873521x2206,art.houghtaling@fallscityschools.org,ART,HOUGHTALING,5037873521x2206,art.houghtaling@fallscityschools.org,No,Yes,Yes,www.fallscityschools.org,No,-9,Yes,No,No,No,Yes,No,Yes,No,0,0,8,0,Yes,-9,-9,-9,Yes,No,Yes,No,No
OR,OREGON,4100009,Oregon Department of Education,255 Capitol St NE,Salem,97310,No,1066,0,5,Yes,Yes,Yes,KARIN,MOSCON,503-947-5706,karin.moscon@state.or.us,WINSTON,CORNWALL,503-947-5675,winston.cornwall@state.or.us,WINSTON,CORNWALL,503-947-5675,winston.cornwall@state.or.us,No,Yes,Yes,https://www.oregon.gov/ode/students-and-family/healthsafety/Documents/bullyingguidance.pdf,No,-9,No,-9,-9,-9,-9,-9,-9,-9,-9,-9,-9,-9,-9,-9,-9,-9,Yes,Yes,No,No,No
OR,OREGON,4100014,Vale SD 84,403  E  St W,Vale,97918,No,899,0,4,Yes,Yes,Yes,ALISHA,MCBRIDE,5414730201,Alisha.McBride@valesd.org,ALISHA,MCBRIDE,5414730201,Alisha.McBride@valesd.org,ALISHA,MCBRIDE,5414730201,Alisha.McBride@valesd.org,No,Yes,Yes,vale.sd.org,No,-9,No,-9,-9,-9,-9,-9,-9,-9,-9,-9,-9,-9,-9,-9,-9,-9,Yes,Yes,No,No,No
OR,OREGON,4100015,Gervais SD 1,PO Box 100,Gervais,97026,No,1311,0,5,Yes,Yes,Yes,ANN,O'CONNELL,(503) 792-3803 x2010,Ann_O'Connell@gervais.k12.or.us,ANN,O'CONNELL,(503) 792-3803 x2010,Ann_O'Connell@gervais.k12.or.us,ANN,O'CONNELL,(503) 792-3803 x2010,Ann_O'Connell@gervais.k12.or.us,No,Yes,Yes,http://www.gervais.k12.or.us/wp-content/uploads/2012/09/Nondiscrimination-Notice.pdf,Yes,Yes,Yes,No,No,Yes,No,Yes,Yes,Yes,7,6,41,1,Yes,-9,-9,-9,Yes,Yes,No,No,No
OR,OREGON,4100016,Yamhill Carlton SD 1,120 N Larch Pl,Yamhill,97148,No,1042,0,3,Yes,Yes,Yes,CHARAN,CLINE,(503)852-6980,clinec@ycschools.org,CHARAN,CLINE,(503)852-6980,clinec@ycschools.org,JOHN,HORNE,(503)852-6980,hornej@ycschools.org,No,Yes,Yes,http://policy.osba.org/ycsd/J/JFCF%20G1.PDF,No,-9,No,-9,-9,-9,-9,-9,-9,-9,-9,-9,-9,-9,-9,-9,-9,-9,Yes,Yes,No,No,No
OR,OREGON,4100019,Harrisburg SD 7J,PO Box 208,Harrisburg,97446,No,851,0,3,Yes,Yes,Yes,BRYAN,STARR,541-995-6626,bryan.starr@harrisburg.k12.or.us,BRYAN,STARR,541-995-6626,bryan.starr@harrisburg.k12.or.us,JOY,DEMOSS,541-995-6551,joy.demoss@harrisburg.k12.or.us,No,Yes,Yes,http://policy.osba.org/harrsbrg/,No,-9,No,-9,-9,-9,-9,-9,-9,-9,-9,-9,-9,-9,-9,-9,-9,-9,Yes,Yes,No,No,No
OR,OREGON,4100020,North Santiam SD 29J,1155 N 3rd Ave,Stayton,97383,No,2264,0,5,Yes,Yes,Yes,ANDY,GARDNER,503-769-6924,andy.gardner@nsantiam.k12.or.us,ANDY,GARDNER,503-769-6924,andy.gardner@nsantiam.k12.or.us,ANDY,GARDNER,503-769-6924,andy.gardner@nsantiam.k12.or.us,No,Yes,Yes,http://policy.osba.org/nsantiam/search.asp?si=75853865&pid=r&nsb=1&n=0&_charset_=windows-1252&bcd=%F7&s=nsantiam&query=harrassement,No,-9,No,-9,-9,-9,-9,-9,-9,-9,-9,-9,-9,-9,-9,-9,-9,-9,Yes,Yes,No,No,No
OR,OREGON,4100021,South Wasco County SD 1,PO Box 347,Maupin,97037,No,243,0,2,Yes,Yes,Yes,LYNN,COWDREY,(541)395-2225,lynnc@swasco.net,LYNN,COWDREY,(541)395-2225,lynnc@swasco.net,TARA,ASCHOFF,(541)395-2225,taraa@swasco.net,No,Yes,Yes,swasco.net,No,-9,No,-9,-9,-9,-9,-9,-9,-9,-9,-9,-9,-9,-9,-9,-9,-9,Yes,Yes,No,No,No
OR,OREGON,4100022,Northwest Regional ESD,5825 NE Ray Cir,Hillsboro,97124,No,130,0,2,Yes,Yes,Yes,ROBYN,BEAN,5036141445,rbean@nwresd.k12.or.us,ROBYN,BEAN,5036141445,rbean@nwresd.k12.or.us,ROBYN,BEAN,5036141445,rbean@nwresd.k12.or.us,No,Yes,Yes,https://drive.google.com/file/d/0Byt1S9Mi1nYhOU52Mjl6ZWJWU28/view,Yes,Yes,Yes,No,No,Yes,Yes,Yes,Yes,Yes,422,465,700,320,No,Yes,No,Yes,No,-9,-9,-9,-9
OR,OREGON,4100023,Hillsboro SD 1J,3083 NE 49th Pl,Hillsboro,97124,Yes,20361,0,35,Yes,Yes,Yes,OLGA,ACUNA,5038441500,acunao@hsd.k12.or.us,OLGA,ACUNA,5038441500,acunao@hsd.k12.or.us,OLGA,ACUNA,5038441500,acunao@hsd.k12.or.us,No,Yes,Yes,https://www.hsd.k12.or.us/cms/lib/OR02216643/Centricity/domain/4/documents/catalogs_handbooks/StandardsofStudentConduct.pdf,No,-9,No,-9,-9,-9,-9,-9,-9,-9,-9,-9,-9,-9,-9,-9,-9,-9,Yes,Yes,No,Yes,No
OR,OREGON,4100029,Southern Oregon ESD,101 N Grape St,Medford,97501,No,7,0,1,Yes,Yes,Yes,PATTY,MICHIELS,541-776-8590,PATTY_MICHIELS@SOESD.K12.OR.US,PATTY,MICHIELS,541-776-8590,PATTY_MICHIELS@SOESD.K12.OR.US,PATTY,MICHIELS,541-776-8590,PATTY_MICHIELS@SOESD.K12.OR.US,No,Yes,Yes,http://www.soesd.k12.or.us/SIB/files/Board_Policies_2018-2019.pdf,No,-9,No,-9,-9,-9,-9,-9,-9,-9,-9,-9,-9,-9,-9,-9,-9,-9,No,-9,-9,-9,-9
OR,OREGON,4100033,Linn Benton Lincoln ESD,905 4th Ave SE,Albany,97321,No,71,0,2,Yes,Yes,Yes,JEAN,ORR,541-752-9281,jean.orr@lblesd.k12.or.us,JEAN,ORR,541-752-9281,jean.orr@lblesd.k12.or.us,JEAN,ORR,541-752-9281,jean.orr@lblesd.k12.or.us,No,Yes,Yes,lblesd.k12.or.us/wp-content/uploads/JFCF_GBNA-AR.pdf,No,-9,No,-9,-9,-9,-9,-9,-9,-9,-9,-9,-9,-9,-9,-9,-9,-9,No,-9,-9,-9,-9
OR,OREGON,4100036,InterMountain ESD,2001 SW Nye Ave,Pendleton,97801,No,356,0,2,Yes,Yes,Yes,JERRY,COPELAND,541-966-3206,jerry.copeland@imesd.k12.or.us,JERRY,COPELAND,541-966-3206,jerry.copeland@imesd.k12.or.us,JERRY,COPELAND,541-966-3206,jerry.copeland@imesd.k12.or.us,No,Yes,Yes,https://imesd.k12.or.us/non-discrimination,No,-9,Yes,No,No,Yes,No,No,No,No,0,113,173,65,No,Yes,No,No,Yes,Yes,No,No,No
OR,OREGON,4100040,Knappa SD 4,41535 Old Hwy 30,Astoria,97103,No,501,0,2,Yes,Yes,Yes,PAULETTE,JOHNSON,503-458-5993,johnsonp@knappak12.org,PAULETTE,JOHNSON,503-458-5993,johnsonp@knappak12.org,LEILA,COLLIER,503-458-5993,collierl@knappak12.org,No,Yes,Yes,http://policy.osba.org/knappa/index.asp,No,-9,No,-9,-9,-9,-9,-9,-9,-9,-9,-9,-9,-9,-9,-9,-9,-9,Yes,Yes,No,No,No
OR,OREGON,4100043,ODE YCEP District,255 Capitol St NE,Salem,97310,Yes,333,0,7,Yes,Yes,Yes,EMILY,NAZAROV,5039475637,emily.nazarov@state.or.us,EMILY,NAZAROV,5039475637,emily.nazarov@state.or.us,EMILY,NAZAROV,5039475637,emily.nazarov@state.or.us,No,Yes,Yes,https://www.oregon.gov/ode/students-and-family/healthsafety/Documents/bullyingguidance.pdf,No,-9,No,-9,-9,-9,-9,-9,-9,-9,-9,-9,-9,-9,-9,-9,-9,-9,No,-9,-9,-9,-9
OR,OREGON,4100047,Ione SD R2,PO Box 167,Ione,97843,No,171,0,1,Yes,Yes,Yes,JON,PETERSON,(541) 966-3107,jon.peterson@ionesd.org,JON,PETERSON,(541) 966-3107,jone.peterson@ionesd.org,JJ,ROSENBERG,(541) 422-7131,jj.rosenberg@ionesd.org,No,Yes,Yes,www.ione.k12.or.us,No,-9,No,-9,-9,-9,-9,-9,-9,-9,-9,-9,-9,-9,-9,-9,-9,-9,Yes,Yes,No,No,No
OR,OREGON,4100048,North Wasco County SD 21,3632 W 10th St,The Dalles,97058,No,2997,0,7,Yes,Yes,Yes,BRIAN,SCHIMEL,541-506-3420,schimelb@nwasco.k12.or.us,BRIAN,SCHIMEL,541-506-3420,schimelb@nwasco.k12.or.us,BRIAN,SCHIMEL,541-506-3420,schimelb@nwasco.k12.or.us,No,Yes,Yes,https://www.nwasco.k12.or.us/domain/20,No,-9,No,-9,-9,-9,-9,-9,-9,-9,-9,-9,-9,-9,-9,-9,-9,-9,Yes,Yes,No,No,No
OR,OREGON,4100640,Myrtle Point SD 41,413 C St,Myrtle Point,97458,No,586,0,2,Yes,Yes,Yes,NANETTE,HAGEN,(541)572-1225,NHAGEN@MPSD.K12.OR.US,NANETTE,HAGEN,(541)572-1225,NHAGEN@MPSD.K12.OR.US,STACY,MATTHEWS,(541)572-1222,SMATTHEWS@MPSD.K12.OR.US,No,Yes,Yes,WWW.MPSD.K12.OR.US,No,-9,Yes,No,No,Yes,No,No,Yes,Yes,0,0,14,20,Yes,-9,-9,-9,Yes,Yes,No,No,No
OR,OREGON,4100990,Adel SD 21,357 N  L  St,Lakeview,97630,No,8,0,1,Yes,Yes,Yes,JACK,THOMPSON,541-947-3371,jthompson@lakeesd.k12.or.us,JACK,THOMPSON,541-947-3371,jthompson@lakeesd.k12.or.us,JACK,THOMPSON,541-947-3371,jthompson@lakeesd.k12.or.us,No,Yes,No,-9,No,-9,No,-9,-9,-9,-9,-9,-9,-9,-9,-9,-9,-9,-9,-9,-9,-9,No,-9,-9,-9,-9
OR,OREGON,4101020,Adrian SD 61,PO Box 108,Adrian,97901,No,329,0,2,Yes,Yes,Yes,WILLIAM,ELLSWORTH,541-372-2337,william.ellsworth@adriansd.org,WILLIAM,ELLSWORTH,541-372-2337,william.ellworth@adriansd.org,KEVIN,PURNELL,541-372-2335,kevin.purnell@adirnasd.org,No,Yes,No,-9,No,-9,No,-9,-9,-9,-9,-9,-9,-9,-9,-9,-9,-9,-9,-9,-9,-9,Yes,Yes,No,No,No
OR,OREGON,4101120,Greater Albany Public SD 8J,718 7th Ave SW,Albany,97321,No,9421,4,21,Yes,Yes,Yes,RANDY,LARY,541-967-4503,randy.lary@albany.k12.or.us,RANDY,LARY,541-967-4503,randy.lary@albany.k12.or.us,RYAN,MATTINGLY,541-967-4518,ryan.mattingly@albany.k12.or.us,No,Yes,Yes,https://albany.k12.or.us/parents/bullying-prevention,No,-9,Yes,No,No,Yes,No,Yes,Yes,Yes,0,5,9,13,No,Yes,Yes,Yes,Yes,Yes,No,No,No
OR,OREGON,4101200,Alsea SD 7J,PO Box B,Alsea,97324,No,332,175,1,Yes,Yes,Yes,MARC,THIELMAN,5414874305,marc.thielman@alsea.k12.or.us,MARC,THIELMAN,5414874305,marc.thielman@alsea.k12.or.us,MARC,THIELMAN,5414874305,marc.thielman@alsea.k12.or.us,No,Yes,Yes,www.alses.12.or.us,No,-9,Yes,No,Yes,Yes,No,Yes,Yes,Yes,0,9,4,2,Yes,-9,-9,-9,Yes,Yes,No,No,No
OR,OREGON,4101230,Amity SD 4J,807 S Trade St,Amity,97101,No,877,10,4,Yes,Yes,Yes,DEREK,BARNETT,(503)835-2181,DEREK.BARNETT@AMITY.K12.OR.US,JEFF,CLARK,(503)835-2171,JEFF.CLARK@AMITY.K12.OR.US,JEFF,CLARK,(503)835-2171,JEFF.CLARK@AMITY.K12.OR.US,No,Yes,Yes,https://www.amity.k12.or.us/district-office/board-policies,No,-9,No,-9,-9,-9,-9,-9,-9,-9,-9,-9,-9,-9,-9,-9,-9,-9,Yes,Yes,No,No,No
OR,OREGON,4101350,Annex SD 29,402 Annex Rd,Ontario,97914,No,83,0,1,Yes,Yes,Yes,STEVE,BISHOP,541-262-3280,STEVE.BISHOP@ANNEXSD.ORG,STEVE,BISHOP,541-262-3280,STEVE.BISHOP@ANNEXSD.ORG,STEVE,BISHOP,541-262-3280,STEVE.BISHOP@ANNEXSD.ORG,No,Yes,No,-9,No,-9,No,-9,-9,-9,-9,-9,-9,-9,-9,-9,-9,-9,-9,-9,-9,-9,Yes,Yes,No,No,No
OR,OREGON,4101355,Columbia Gorge ESD,400 E Scenic Dr Ste 207,The Dalles,97058,No,93,0,1,Yes,Yes,Yes,PAT,SUBLETTE,541-506-2240,psublette@cgesd.k12.or.us,PAT,SUBLETTE,541-506-2240,psublette@cgesd.k12.or.us,PAT,SUBLETTE,541-506-2240,psublette@cgesd.k12.or.us,No,Yes,Yes,https://www.cgesd.k12.or.us/site/handlers/filedownload.ashx?moduleinstanceid=173&dataid=411&FileName=JFCF%20GBNA-Hazing%20Harassment%20Bullying.pdf,No,-9,Yes,No,No,Yes,Yes,Yes,Yes,Yes,0,45,42,6,Yes,-9,-9,-9,No,-9,-9,-9,-9
OR,OREGON,4101470,Arlington SD 3,PO Box 10,Arlington,97812,No,155,0,1,Yes,Yes,Yes,KEVIN,HUNKING,541-454-2632,khunking@arlington.k12.or.us,KEVIN,HUNKING,541-454-2632,khunking@arlington.k12.or.us,KEVIN,HUNKING,541-454-2632,khunking@arlington.k12.or.us,No,Yes,Yes,www.honkernet.net,No,-9,No,-9,-9,-9,-9,-9,-9,-9,-9,-9,-9,-9,-9,-9,-9,-9,Yes,Yes,No,No,No
OR,OREGON,4101500,Arock SD 81,c/o Malheur ESD,Vale,97918,No,15,0,1,Yes,Yes,Yes,VICKI,MCCONNELL,5415862325,vicki.mcconnell@arocksd.org,VICKI,MCCONNELL,5415862325,vicki.mcconnell@arocksd.org,VICKI,MCCONNELL,5415862325,vicki.mcconnell@arocksd.org,No,Yes,No,-9,No,-9,No,-9,-9,-9,-9,-9,-9,-9,-9,-9,-9,-9,-9,-9,-9,-9,Yes,No,No,Yes,No
OR,OREGON,4101560,Ashland SD 5,885 Siskiyou Blvd,Ashland,97520,No,2727,0,6,Yes,Yes,Yes,LAURIE,ROOPER,541-482-2811 x1103,laurie.rooper@ashland.k12.or.us,LAURIE,ROOPER,541-482-2811 x1103,laurie.rooper@ashland.k12.or.us,SAMUEL,BOGDANOVE,541-482-2438,samuel.bogdanove@ashland.k12.or.us,No,Yes,Yes,https://www.ashland.k12.or.us/Files/JFCF-GBNA.pdf,No,-9,No,-9,-9,-9,-9,-9,-9,-9,-9,-9,-9,-9,-9,-9,-9,-9,Yes,Yes,No,No,No
OR,OREGON,4101590,Ashwood SD 8,18624 NE Main,Ashwood,97711,No,6,1,1,Yes,Yes,Yes,LORI,SCHRYVER,541-489-3297,CLERK@ASHWOOD.K12.OR.US,LORI,SCHRYVER,541-489-3297,CLERK@ASHWOOD.K12.OR.US,LORI,SCHRYVER,541-489-3297,CLERK@ASHWOOD.K12.OR.US,No,Yes,Yes,ASHWOOD.K12.OR.US,No,-9,No,-9,-9,-9,-9,-9,-9,-9,-9,-9,-9,-9,-9,-9,-9,-9,Yes,Yes,No,No,No
OR,OREGON,4101620,Astoria SD 1,785 Alameda Ave,Astoria,97103,No,1920,0,4,Yes,Yes,Yes,KELLI,CLAY,(503)325-0476,KCLAY@ASTORIA.K12.OR.US,KELLI,CLAY,(503)325-0476,KCLAY@ASTORIA.K12.OR.US,KELLI,CLAY,(503)325-0476,KCLAY@ASTORIA.K12.OR.US,No,Yes,Yes,http://policy.osba.org/astoria/J/index.asp,No,-9,Yes,Yes,No,No,No,No,Yes,Yes,0,0,11,4,Yes,-9,-9,-9,Yes,Yes,No,No,No
OR,OREGON,4101660,Athena-Weston SD 29RJ,375 S 5th St,Athena,97813,No,574,0,3,Yes,Yes,Yes,PAULA,WARNER,(541) 566-3551,Paula.Warner@athwestsd.org,PAULA,WARNER,(541) 566-3551,Paula.Warner@athwestsd.org,PAULA,WARNER,(541) 566-3551,Paula.Warner@athwestsd.org,No,Yes,Yes,athwest.k12.or.us,No,-9,No,-9,-9,-9,-9,-9,-9,-9,-9,-9,-9,-9,-9,-9,-9,-9,Yes,Yes,No,No,No
OR,OREGON,4101710,Baker SD 5J,2090 Fourth St,Baker City,97814,Yes,3447,0,9,Yes,Yes,Yes,BARRY,NEMEC,541-524-2260 X1040,Barry.Nemec@bakersd.org,BARRY,NEMEC,541-524-2260 X1040,Barry.Nemec@bakersd.org,BARRY,NEMEC,541-524-2260 X1040,Barry.Nemec@bakersd.org,No,Yes,Yes,http://policy.osba.org/baker/J/JFCF%20D1.PDF,No,-9,Yes,No,No,Yes,No,No,Yes,Yes,0,0,0,15,No,Yes,Yes,Yes,Yes,Yes,No,No,No
OR,OREGON,4101740,Burnt River SD 30J,PO Box 9,Unity,97884,No,37,0,1,Yes,Yes,Yes,LORRIE,ANDREWS,(541)446-3466,lorrie.andrews@burntriver.k12.or.us,LORRIE,ANDREWS,(541)446-3466,lorrie.andrews@burntriver.k12.or.us,LORRIE,ANDREWS,(541)446-3466,lorrie.andrews@burntriver.k12.or.us,No,Yes,No,-9,No,-9,No,-9,-9,-9,-9,-9,-9,-9,-9,-9,-9,-9,-9,-9,-9,-9,Yes,Yes,No,No,No
OR,OREGON,4101800,Bandon SD 54,455 9th St SW,Bandon,97411,No,692,0,3,Yes,Yes,Yes,DOUG,ARDIANA,541 347-4411,dardiana@bandon.k12.or.us,DOUG,ARDIANA,541 347-4411,dardiana@bandon.k12.or.us,DOUG,ARDIANA,541 347-4411,dardiana@bandon.k12.or.us,No,Yes,Yes,www.bandon.k12.or.us,No,-9,No,-9,-9,-9,-9,-9,-9,-9,-9,-9,-9,-9,-9,-9,-9,-9,Yes,Yes,No,No,No
OR,OREGON,4101830,Banks SD 13,12950 NW Main,Banks,97106,No,1137,0,3,Yes,Yes,Yes,JACOB,PENCE,5033245680,jacobp@banks.k12.or.us,SHELLEY,MITCHELL,5033243111,shelleym@banks.k12.or.us,SHELLEY,MITCHELL,5033243111,shelleym@banks.k12.or.us,No,Yes,Yes,http://www.banks.k12.or.us/uploads/4/3/1/5/43150659/jfcf_g10616.pdf,No,-9,No,-9,-9,-9,-9,-9,-9,-9,-9,-9,-9,-9,-9,-9,-9,-9,Yes,Yes,No,No,No
OR,OREGON,4101920,Beaverton SD 48J,16550 SW Merlo Rd,Beaverton,97003,No,43131,95,55,Yes,Yes,Yes,CAMELLIA,OSTERINK,5033564465,camellia_osterink@beaverton.k12.or.us,CAMELLIA,OSTERINK,5033564465,camellia_osterink@beaverton.k12.or.us,CAMELLIA,OSTERINK,5033564465,camellia_osterink@beaverton.k12.or.us,No,Yes,Yes,https://www.beaverton.k12.or.us/district/policies,No,-9,Yes,No,No,Yes,No,No,No,Yes,0,0,70,0,No,Yes,Yes,Yes,Yes,Yes,No,Yes,No
OR,OREGON,4101980,Bend-LaPine Administrative SD 1,520 NW Wall St,Bend,97703,Yes,17979,0,32,Yes,Yes,Yes,JON,LINDSAY,5413551100,jon.lindsay@bend.k12.or.us,JON,LINDSAY,5413551100,jon.lindsay@bend.k12.or.us,SEAN,REINHART,5413551060,sean.reinhart@bend.k12.or.us,No,Yes,Yes,https://www.bend.k12.or.us/download_file/view/585/1316,No,-9,No,-9,-9,-9,-9,-9,-9,-9,-9,-9,-9,-9,-9,-9,-9,-9,Yes,Yes,No,No,No
OR,OREGON,4102040,Bethel SD 52,4640 Barger Dr,Eugene,97402,No,5471,0,11,Yes,Yes,Yes,TINA,GUTIEREZ-SCHMICH,541-689-3280,tina.schmich@bethel.k12.or.us,TINA,GUTIEREZ-SCHMICH,541-689-3280,tina.schmich@bethel.k12.or.us,AMY,TIDWELL,541-689-3280,amy.tidwell@bethel.k12.or.us,No,Yes,Yes,http://163.41.16.10/policies/JFCF%20P.pdf,Yes,Yes,Yes,No,Yes,No,No,Yes,Yes,No,1,4,6,0,Yes,-9,-9,-9,Yes,Yes,No,No,No
OR,OREGON,4102160,Blachly SD 90,20264 Blachly Grange Rd,Blachly,97412,No,231,0,1,Yes,Yes,Yes,JAMES,BROOKINS,(541) 925-3262 x106,jbrookins@blachly.k12.or.us,JAMES,BROOKINS,(541) 925-3262 x106,jbrookins@blachly.k12.or.us,KIM,SHEPHERD,(541) 925-3262 x105,kshepherd@blachly.k12.or.us,No,Yes,Yes,http://policy.osba.org/blachly/AB/AC%20D1.PDF,No,-9,No,-9,-9,-9,-9,-9,-9,-9,-9,-9,-9,-9,-9,-9,-9,-9,Yes,Yes,No,No,No
OR,OREGON,4102190,Black Butte SD 41,PO Box 150,Camp Sherman,97730,No,34,0,1,Yes,Yes,Yes,SHAWN,RUSSELL,541-595-6203,srussell@blackbutte.k12.or.us,SHAWN,RUSSELL,541-595-6203,srussell@blackbutte.k12.or.us,DELANEY,SHARP,541-595-6203,dsharp@blackbutte.k12.or.us,No,Yes,Yes,http://policy.osba.org/bbutte/J/JFCF%20D1.PDF,No,-9,No,-9,-9,-9,-9,-9,-9,-9,-9,-9,-9,-9,-9,-9,-9,-9,Yes,Yes,No,No,No
OR,OREGON,4102310,Brookings-Harbor SD 17C,564 Fern Ave,Brookings,97415,No,1544,0,3,Yes,Yes,Yes,EMILIE,PREISER,(252)305-3409,titleix@brookings.k12.or.us,SEAN,GALLAGHER,(541)469-7443,seang@brookings.k12.or.us,ANGELA,CRUM,(541)412-1488,angelac@brookings.k12.or.us,No,Yes,Yes,policy.osba.org/brookings/J/index.asp,No,-9,No,-9,-9,-9,-9,-9,-9,-9,-9,-9,-9,-9,-9,-9,-9,-9,Yes,Yes,No,No,No
OR,OREGON,4102490,Harney County SD 3,550 N Court Ave,Burns,97720,No,863,0,4,Yes,Yes,Yes,STEVE,JONES,5415736811,jonessteve@harneyesd.k12.or.us,STEVE,JONES,5415736811,jonessteve@harneyesd.k12.or.us,STEVE,JONES,5415736811,jonessteve@harneyesd.k12.or.us,No,Yes,Yes,www.burnsschools.k12.or.us,No,-9,No,-9,-9,-9,-9,-9,-9,-9,-9,-9,-9,-9,-9,-9,-9,-9,Yes,Yes,No,No,No
OR,OREGON,4102580,Butte Falls SD 91,PO Box 228,Butte Falls,97522,No,235,0,1,Yes,Yes,Yes,DIANNE,GORMAN,5418653563,dgorman@buttefalls.k12.or.us,DIANNE,GORMAN,5418653563,dgorman@buttefalls.k12.or.us,LAWRENCE,WETJEN,5418653563,lwetjen@buttefalls.k12.or.us,No,Yes,Yes,www.buttefalls.k12.or.us,No,-9,No,-9,-9,-9,-9,-9,-9,-9,-9,-9,-9,-9,-9,-9,-9,-9,Yes,Yes,No,No,No
OR,OREGON,4102610,Camas Valley SD 21J,PO Box 57,Camas Valley,97416,No,220,10,1,Yes,Yes,Yes,PATRICK,LEE,541-445-2131,patrick.lee@camasvalley.k12.or.us,PATRICK,LEE,541-445-2131,patrick.lee@camasvalley.k12.or.us,PATRICK,LEE,541-445-2131,patrick.lee@camasvalley.k12.or.us,No,Yes,Yes,www.camasvalley.k12.or.us,No,-9,Yes,No,No,Yes,No,No,Yes,Yes,0,0,9,1,Yes,-9,-9,-9,Yes,Yes,No,No,No
OR,OREGON,4102640,Canby SD 86,1130 S Ivy St,Canby,97013,Yes,4655,0,8,Yes,Yes,Yes,IVONNE,DIBBLEE,5032660016,dibbleei@canby.k12.or.us,IVONNE,DIBBLEE,5032660016,dibbleei@canby.k12.or.us,LAURETTA,MANNING,5032660054,manningl@canby.k12.or.us,No,Yes,Yes,https://www.canby.k12.or.us/our-district/policies-to-protect-children-at-school,No,-9,No,-9,-9,-9,-9,-9,-9,-9,-9,-9,-9,-9,-9,-9,-9,-9,Yes,Yes,No,No,No
OR,OREGON,4102780,Cascade SD 5,10226 Marion Rd SE,Turner,97392,No,2285,3,5,Yes,Yes,Yes,KEVIN,CARROLL,(503)749-8010 x 1903,kcarroll@cascade.k12.or.us,KEVIN,CARROLL,(503)749-8010 x 1903,kcarroll@cascade.k12.or.us,KEVIN,CARROLL,(503)749-8010 x 1903,kcarroll@cascade.k12.or.us,No,Yes,No,-9,No,-9,No,-9,-9,-9,-9,-9,-9,-9,-9,-9,-9,-9,-9,-9,-9,-9,Yes,Yes,No,No,No
OR,OREGON,4102800,Centennial SD 28J,18135 SE Brooklyn St,Portland,97236,No,6037,0,10,Yes,Yes,Yes,JAMES,OWENS,503-762-3640,james_owens@csd28j.org,ANGELA,HUBBS,503-762-3620,angela_hubbs@csd28j.org,ANGELA,HUBBS,5037623620,anglea_hubbs@csd28j.org,No,Yes,Yes,http://csd28j.org/statement-non-descrimination/,No,-9,No,-9,-9,-9,-9,-9,-9,-9,-9,-9,-9,-9,-9,-9,-9,-9,Yes,Yes,No,No,No
OR,OREGON,4102840,Central SD 13J,750 5th St,Independence,97351,No,3315,0,5,Yes,Yes,Yes,SHANE,HEDRICK,(503)606-2228,shedrick@central.k12.or.us,RICH,MCFARLAND,(503)606-0033,rmcfarland@central.k12.or.us,JULIE,HEILMAN,(503)606-0033,jheilman@central.k12.or.us,No,Yes,Yes,http://policy.osba.org/CENTRAL/AB/AC%20D1.PDF,No,-9,No,-9,-9,-9,-9,-9,-9,-9,-9,-9,-9,-9,-9,-9,-9,-9,Yes,Yes,No,Yes,No
OR,OREGON,4102910,Central Linn SD 552,PO Box 200,Halsey,97348,No,644,0,2,Yes,Yes,Yes,BRIAN,GARDNER,(541)369-25813,brian.gardner@centrallinn.k12.or.us,BRIAN,GARDNER,(541)369-2813,brian.gardner@centrallinn.k12.or.us,BRIAN,GARDNER,(541)369-28513,brian.gardner@centrallinn.k12.or.us,No,Yes,Yes,http://centrallinn.k12.or.us/district/non-discrimination/,No,-9,No,-9,-9,-9,-9,-9,-9,-9,-9,-9,-9,-9,-9,-9,-9,-9,Yes,Yes,No,No,No
OR,OREGON,4102940,Central Point SD 6,300 Ash St,Central Point,97502,No,4777,0,10,Yes,Yes,Yes,SAMANTHA,STEELE,5414946201,samantha.steele@district6.org,SAMANTHA,STEELE,5414946201,samantha.steele@district6.org,SAMANTHA,STEELE,5414946201,samantha.steele@district6.org,No,Yes,Yes,http://policy.osba.org/centpt/J/JFCF%20D1.PDF,No,-9,No,-9,-9,-9,-9,-9,-9,-9,-9,-9,-9,-9,-9,-9,-9,-9,Yes,Yes,No,No,No
OR,OREGON,4103260,Clatskanie SD 6J,PO Box 678,Clatskanie,97016,No,731,0,2,Yes,Yes,Yes,LLOYD,HARTLEY,(503) 728-0587 x2002,lhartley@csd.k12.or.us,LLOYD,HARTLEY,(503) 728-0587 x2002,lhartley@csd.k12.or.us,LLOYD,HARTLEY,(503) 728-0587 x2002,lhartley@csd.k12.or.us,No,Yes,Yes,www.csd.k12.or.us,No,-9,No,-9,-9,-9,-9,-9,-9,-9,-9,-9,-9,-9,-9,-9,-9,-9,Yes,Yes,No,No,No
OR,OREGON,4103265,Rainier SD 13,28168 Old Rainier Rd,Rainier,97048,No,938,0,3,Yes,Yes,Yes,MICHAEL,CARTER,503-556-3777 X264,MICHAEL_CARTER@RSD.K12.OR.US,GRADEN,BLUE,503-556-3777 X 206,GRADEN_BLUE@RSD.K12.OR.US,MICHAEL,CARTER,503-556-3777 X264,MICHAEL_CARTER@RSD.K12.OR.US,No,Yes,Yes,http://policy.osba.org/rainier/J/JFCF%20D1.PDF,No,-9,Yes,No,Yes,No,No,Yes,Yes,Yes,0,8,18,0,Yes,-9,-9,-9,Yes,Yes,No,No,No
OR,OREGON,4103270,Colton SD 53,30429 S Grays Hill Rd,Colton,97017,No,604,0,3,Yes,Yes,Yes,KOREEN,BARRERAS-BROWN,503-284-3535,barbrownk@colton.k12.or.us,KOREEN,BARRERAS-BROWN,503-284-3535,barbrownk@colton.k12.or.us,KOREEN,BARRERAS-BROWN,503-284-3535,barbrownk@colton.k12.or.us,No,Yes,No,-9,No,-9,No,-9,-9,-9,-9,-9,-9,-9,-9,-9,-9,-9,-9,-9,-9,-9,Yes,Yes,No,No,No
OR,OREGON,4103330,Condon SD 25J,210 E Bayard St,Condon,97823,No,125,0,2,Yes,Yes,Yes,MICHELLE,GEER,5413842441,MGEER@CONDON.K12.OR.US,MICHELLE,GEER,5413842441,MGEER@CONDON.K12.OR.US,TIFFANIE,ARELLANO,5413842441,TARELLANO@NCESD.K12.OR.US,No,Yes,Yes,http://policy.osba.org/condon/,No,-9,No,-9,-9,-9,-9,-9,-9,-9,-9,-9,-9,-9,-9,-9,-9,-9,Yes,Yes,No,No,No
OR,OREGON,4103390,Coquille SD 8,1366 N Gould St,Coquille,97423,No,1119,1093,4,Yes,Yes,Yes,TONY,JONES,541-824-0115,tjones@coquille.k12.or.us,WAYNE,GALLAGHER,541-396-2181,wgallagher@coquille.k12.or.us,WAYNE,GALLAGHER,541-396-2181,wgallagher@coquille.k12.or.us,No,Yes,Yes,http://www.coquille.k12.or.us/district-policies/,No,-9,Yes,No,No,Yes,No,Yes,Yes,Yes,0,0,42,0,Yes,-9,-9,-9,Yes,Yes,No,No,No
OR,OREGON,4103420,Corbett SD 39,35800 E Hist Columbia River Hw,Corbett,97019,No,1260,0,1,Yes,Yes,Yes,ROBIN,LINDEEN-BLAKELEY,503-261-4211,rlindeen@corbett.k12.or.us,ROBIN,LINDEEN-BLAKELEY,503-261-4211,rlindeen@corbett.k12.or.us,JEANNE,SWIFT,503-261-4235,jswift@corbett.k12.or.us,No,Yes,Yes,http://policy.osba.org/corbett/J/JFCF%20D1.PDF,Yes,No,No,-9,-9,-9,-9,-9,-9,-9,-9,-9,-9,-9,-9,-9,-9,-9,Yes,Yes,No,No,No
OR,OREGON,4103480,Corvallis SD 509J,PO Box 3509J,Corvallis,97339,Yes,6788,0,13,Yes,Yes,Yes,JENNIFER,DUVALL,541-757-5840,JENNIFER.DUVALL@CORVALLIS.K12.OR.US,JENNIFER,DUVALL,541-757-5840,JENNIFER.DUVALL@CORVALLIS.K12.OR.US,AMY,LESAN,541-757-5863,AMY.LESAN@CORVALLIS.K12.OR.US,No,Yes,Yes,policy.osba.org/corvall/j/index.asp,No,-9,No,-9,-9,-9,-9,-9,-9,-9,-9,-9,-9,-9,-9,-9,-9,-9,Yes,Yes,No,No,No
OR,OREGON,4103540,Cove SD 15,PO Box 68,Cove,97824,No,274,0,1,Yes,Yes,Yes,EARL,PETTIT,5415684424,earl.pettit@covesd.org,EARL,PETTIT,5415684424,earl.pettit@covesd.org,MATHEW,MILES,5415684424,mat.miles@covesd.org,No,Yes,Yes,http://policy.osba.org/cove/J/JFCF%20G2.PDF,No,-9,No,-9,-9,-9,-9,-9,-9,-9,-9,-9,-9,-9,-9,-9,-9,-9,Yes,Yes,No,No,No
OR,OREGON,4103600,Harney County SD 4,PO Box 828,Crane,97732,No,88,0,1,Yes,Yes,Yes,MATTHEW,HAWLEY,541-493-2641,hawley@harneyesd.k12.or.us,MATTHEW,HAWLEY,541-493-2641,hawley@harneyesd.k12.or.us,MATTHEW,HAWLEY,541-493-2641,hawley@harneyesd.k12.or.us,No,Yes,Yes,www.cranehighschool.org,No,-9,No,-9,-9,-9,-9,-9,-9,-9,-9,-9,-9,-9,-9,-9,-9,-9,Yes,Yes,No,No,No
OR,OREGON,4103630,Harney County Union High SD 1J,PO Box 828,Crane,97732,No,54,0,1,Yes,Yes,Yes,MATTHEW,HAWLEY,541-493-2641,hawleym@harneyesd.k12.or.us,MATTHEW,HAWLEY,541-493-2641,hawleym@harneyesd.k12.or.us,MATTHEW,HAWLEY,541-493-2641,hawleym@harneyesd.k12.or.us,No,Yes,Yes,www.cranehighschool.org,No,-9,No,-9,-9,-9,-9,-9,-9,-9,-9,-9,-9,-9,-9,-9,-9,-9,No,-9,-9,-9,-9
OR,OREGON,4103660,Coos Bay SD 9,1255 Hemlock Ave,Coos Bay,97420,Yes,3259,0,9,Yes,Yes,Yes,GREG,MULKEY,(541)267-1441,gregm@coos-bay.k12.or.us,LISA,DESALVIO,(541)267-1335,lisad@coos-bay.k12.or.us,LISA,DESALVIO,(541)267-1335,lisad@coos-bay.k12.or.us,No,Yes,Yes,http://cbd9.net/public-notice-english,No,-9,No,-9,-9,-9,-9,-9,-9,-9,-9,-9,-9,-9,-9,-9,-9,-9,Yes,Yes,No,No,No
OR,OREGON,4103690,Creswell SD 40,998 West A St,Creswell,97426,No,1233,36,3,Yes,Yes,Yes,TODD,HAMILTON,(541) 895-6000,todd.hamilton@creswell.k12.or.us,TODD,HAMILTON,(541) 895-6000,todd.hamilton@creswell.k12.or.us,DAVID,BASCUE,(541) 895-6000,david.bascue@creswell.k12.or.us,No,Yes,Yes,http://policy.osba.org/creswell/J/JFCF%20D2.PDF,No,-9,No,-9,-9,-9,-9,-9,-9,-9,-9,-9,-9,-9,-9,-9,-9,-9,Yes,Yes,No,No,No
OR,OREGON,4103720,Crook County SD,471 NE Ochoco Plaza Dr,Prineville,97754,Yes,2943,0,9,Yes,Yes,Yes,SEAN,CORRIGAN,(541)416-9978,sean.corrigan@crookcounty.k12.or.us,STACY,SMITH,(541)416-9970,stacy.smith@crookcounty.k12.or.us,MONA,BOYD,(541)416-9976,mona.boyd@crookcounty.k12.or.us,No,Yes,Yes,http://crookcounty.k12.or.us/files/2018/11/JFCF-.4-10-17-1.pdf,No,-9,No,-9,-9,-9,-9,-9,-9,-9,-9,-9,-9,-9,-9,-9,-9,-9,Yes,Yes,No,No,No
OR,OREGON,4103780,Crow-Applegate-Lorane SD 66,85955 Territorial Rd,Eugene,97402,No,231,0,2,Yes,Yes,Yes,LEE ANN,HARTWIG,541-935-2100,lhartwig@cal.k12.or.us,LEE ANN,HARTWIG,541-935-2100,lhartwig@cal.k12.or.us,LEE ANN,HARTWIG,541-935-2100,lhartwig@cal.k12.or.us,No,Yes,Yes,www.cal.k12.or.us,No,-9,No,-9,-9,-9,-9,-9,-9,-9,-9,-9,-9,-9,-9,-9,-9,-9,Yes,Yes,No,No,No
OR,OREGON,4103840,Culver SD 4,PO Box 259,Culver,97734,No,669,0,3,Yes,Yes,Yes,STEFANIE,GARBER,541-546-2541,sgarber@culver.k12.or.us,STEFANIE,GARBER,541-546-2541,sgarber@culver.k12.or.us,STEFANIE,GARBER,541-546-2541,sgarber@culver.k12.or.us,No,Yes,Yes,http://www.culver.k12.or.us/sites/culver.k12.or.us/files/JFCF%20-%20Harassment-Intimidation-Bullying-Cyberbullying-Teen%20Dating%20Violence%20-%20Student.pdf,No,-9,No,-9,-9,-9,-9,-9,-9,-9,-9,-9,-9,-9,-9,-9,-9,-9,Yes,Yes,No,No,No
OR,OREGON,4103860,Dallas SD 2,111 SW Ash St,Dallas,97338,No,3115,0,7,Yes,Yes,Yes,DENNIS,ENGLE,(503) 623-5594,dennis.engle@dsd2.org,DENNIS,ENGLE,(503) 623-5594,dennis.engle@dsd2.org,DENNIS,ENGLE,(503) 623-5594,dennis.engle@dsd2.org,No,Yes,Yes,http://www.dallas.k12.or.us/Anti-Bullying.htm,No,-9,No,-9,-9,-9,-9,-9,-9,-9,-9,-9,-9,-9,-9,-9,-9,-9,Yes,Yes,No,No,No
OR,OREGON,4103940,David Douglas SD 40,11300 NE Halsey St,Portland,97220,No,10579,0,14,Yes,Yes,Yes,CANDY,WALLACE,5032618205,candy_wallace@ddsd40.org,CANDY,WALLACE,5032618205,candy_wallace@ddsd40.org,MARY,PEARSON,5032618209,mary_pearson@ddsd40.org,No,Yes,Yes,https://www.ddouglas.k12.or.us/students/student-handbooks/,No,-9,Yes,Yes,No,Yes,No,Yes,Yes,Yes,0,63,118,13,Yes,-9,-9,-9,Yes,Yes,No,No,No
OR,OREGON,4103960,Douglas County SD 15,PO Box 10,Days Creek,97429,No,193,0,1,Yes,Yes,Yes,JAMES,ELLIS,541-825-3296,james.ellis@dayscreek.k12.or.us,MARK,ANGLE,5418253296,mark.angle@dayscreek.k12.or.us,CATHY,KNAPP,541-825-3296,cathy.knapp@dayscreek.k12.or.us,No,Yes,Yes,http://policy.osba.org/douglcty/index.asp,No,-9,No,-9,-9,-9,-9,-9,-9,-9,-9,-9,-9,-9,-9,-9,-9,-9,Yes,Yes,No,No,No
OR,OREGON,4103990,Dayton SD 8,PO Box 219,Dayton,97114,No,996,0,3,Yes,Yes,Yes,JASON,HAY,(503)864-2215,jason.hay@dayton.k12.or.us,JASON,HAY,(503)864-2215,jason.hay@dayton.k12.or.us,JASON,HAY,(503)864-2215,jason.hay@dayton.k12.or.us,No,Yes,Yes,policy.osba.org/dayton/J/index.asp,No,-9,No,-9,-9,-9,-9,-9,-9,-9,-9,-9,-9,-9,-9,-9,-9,-9,Yes,Yes,No,No,No
OR,OREGON,4104020,Dayville SD 16J,PO Box C,Dayville,97825,No,56,0,1,Yes,Yes,Yes,KATHRYN,HEDRICK,(541)987-2412 X103,HEDRICKK@GRANTESD.K12.OR.US,KATHRYN,HEDRICK,(541)987-2412 X103,HEDRICKK@GRANTESD.K12.OR.US,KATHRYN,HEDRICK,(541)987-2412 X103,HEDRICKK@GRANTESD.K12.OR.US,No,Yes,Yes,http://policy.osba.org/dayville/index.asp,Yes,Yes,Yes,No,No,Yes,No,Yes,Yes,Yes,1,6,4,0,Yes,-9,-9,-9,Yes,Yes,No,No,No
OR,OREGON,4104170,Diamond SD 7,40524 S Diamond Ln,Diamond,97722,No,8,0,1,Yes,Yes,Yes,ANNETTE,CARSON,541-493-2341,carsona@harneyesd.k12.or.us,ANNETTE,CARSON,541-493-2341,carsona@harneyesd.k12.or.us,ANNETTE,CARSON,541-493-2341,carsona@harneyesd.k12.or.us,No,Yes,No,-9,No,-9,No,-9,-9,-9,-9,-9,-9,-9,-9,-9,-9,-9,-9,-9,-9,-9,Yes,No,No,Yes,No
OR,OREGON,4104290,Double O SD 28,PO Box 888,Hines,97738,No,3,0,1,Yes,Yes,Yes,GEREN,MOON,(541)493-2393,jopie@centurytel.net,JULIE,OPIE,(541)573-3229,jopie@centurytel.net,GAYLE,MACKEY,(541)573-2122,mackeyg@harneyesd.k12.or.us,No,Yes,No,-9,No,-9,No,-9,-9,-9,-9,-9,-9,-9,-9,-9,-9,-9,-9,-9,-9,-9,Yes,Yes,No,No,No
OR,OREGON,4104350,North Douglas SD 22,PO Box 428,Drain,97435,No,314,0,2,Yes,Yes,Yes,JOHN,LAHLEY,5418362223,jlahley@northdouglas.k12.or.us,JOHN,LAHLEY,5418362223,jlahley@northdouglas.k12.or.us,JOHN,LAHLEY,5418362223,jlahley@northdouglas.k12.or.us,No,Yes,Yes,https://www.northdouglas.k12.or.us/title-ix,No,-9,No,-9,-9,-9,-9,-9,-9,-9,-9,-9,-9,-9,-9,-9,-9,-9,Yes,Yes,No,No,No
OR,OREGON,4104380,Drewsey SD 13,PO Box 109,Drewsey,97904,No,8,0,1,Yes,Yes,Yes,DEBBIE,ROBERTSON,5414932401,ROBERTD1@HARNEYESD.K12.OR.US,DEBBIE,ROBERTSON,5414932401,ROBERTD1@HARNEYESD.K12.OR.US,DEBBIE,ROBERTSON,5414932401,ROBERTD1@HARNEYESD.K12.OR.US,No,Yes,No,-9,No,-9,No,-9,-9,-9,-9,-9,-9,-9,-9,-9,-9,-9,-9,-9,-9,-9,Yes,No,No,Yes,No
OR,OREGON,4104410,Dufur SD 29,802 NE 5th St,Dufur,97021,No,317,0,1,Yes,Yes,Yes,JACK,HENDERSON,(541) 467-2509 x 255,Jhender@dufur.k12.or.us,JACK,HENDERSON,(541) 467-2509 x 255,Jhender@dufur.k12.or.us,LISA,HARRIS,(541)467-2509,Eharris@dufur.k12.or.us,No,Yes,Yes,www.dufur.k12.or.us,No,-9,Yes,No,No,No,Yes,Yes,Yes,Yes,0,16,17,0,Yes,-9,-9,-9,Yes,Yes,No,No,No
OR,OREGON,4104500,Eagle Point SD 9,PO Box 548,Eagle Point,97524,No,4594,0,10,Yes,Yes,Yes,SETH,WOMACK,(541)830-6609,womacks@eaglepnt.k12.or.us,DAMIAN,CROWSON,(541)830-6196,crowsond@eaglenpnt.k12.or.us,VANESSA,JONES,(541)830-6565,jonesv@eaglepnt.k12.or.us,No,Yes,Yes,http://policy.osba.org/eaglept/search.asp?si=75853865&pid=r&nsb=1&n=0&_charset_=windows-1252&bcd=%F7&s=eaglept&query=harassment,No,-9,Yes,No,No,Yes,No,Yes,Yes,Yes,0,14,20,5,Yes,-9,-9,-9,Yes,Yes,No,No,No
OR,OREGON,4104530,Echo SD 5,600 E Gerone St,Echo,97826,No,295,0,1,Yes,Yes,Yes,RAYMON,SMITH,5413768436,rsmith@echosd5.org,RAYMON,SMITH,5413768436,rsmith@echosd5.org,RAYMON,SMITH,5413768436,rsmith@echosd5.org,No,Yes,Yes,http;//policy.osba.org/echo,No,-9,No,-9,-9,-9,-9,-9,-9,-9,-9,-9,-9,-9,-9,-9,-9,-9,Yes,Yes,No,No,No
OR,OREGON,4104590,Elgin SD 23,PO Box 68,Elgin,97827,No,420,14,2,Yes,Yes,Yes,DIANNE,GREIF,5414371211,dianne.greif@elginsd.org,DIANNE,GREIF,5414371211,dianne.greif@elginsd.org,DIANNE,GREIF,5414371211,dianne.greif@elginsd.org,No,Yes,Yes,http://policy.osba.org/elgin/index.asp,No,-9,Yes,No,No,Yes,Yes,Yes,Yes,Yes,0,11,16,3,Yes,-9,-9,-9,Yes,Yes,No,No,No
OR,OREGON,4104620,Elkton SD 34,PO Box 390,Elkton,97436,No,273,0,1,Yes,Yes,Yes,ANDY,BOE,541-584-2228,Andy.Boe@elkton.k12.or.us,ANDY,BOE,541-584-2228,Andy.Boe@elkton.k12.or.us,ANDY,BOE,541-584-2228,Andy.Boe@elkton.k12.or.us,No,Yes,Yes,policy.osba.org/elkton/JFCF%20gi.PDF,No,-9,Yes,No,No,Yes,Yes,Yes,Yes,Yes,0,3,10,1,Yes,-9,-9,-9,Yes,Yes,No,No,No
OR,OREGON,4104700,Estacada SD 108,255 NE 6th Ave,Estacada,97023,No,3392,0,6,Yes,Yes,Yes,SCOTT,SULLIVAN,5036306871,sullivans@estacada.k12.or.us,SCOTT,SULLIVAN,5036306871,sullivans@estacada.k12.or.us,SCOTT,SULLIVAN,5036306871,sullivans@estacada.k12.or.us,No,Yes,Yes,http://policy.osba.org/ESTACADA/J/index.asp,No,-9,No,-9,-9,-9,-9,-9,-9,-9,-9,-9,-9,-9,-9,-9,-9,-9,Yes,Yes,No,No,No
OR,OREGON,4104740,Eugene SD 4J,200 N Monroe St,Eugene,97402,Yes,17105,98,38,Yes,Yes,Yes,JEFFRY,JOHNSON,5417907559,johnson_je@4j.lane.edu,JEFFRY,JOHNSON,5417907559,johnson_je@4j.lane.edu,JEFFRY,JOHNSON,5417907559,johnson_je@4j.lane.edu,No,Yes,Yes,http://policy.osba.org/eugene/J/JFCF%20D1.PDF,No,-9,No,-9,-9,-9,-9,-9,-9,-9,-9,-9,-9,-9,-9,-9,-9,-9,Yes,Yes,No,No,No
OR,OREGON,4104950,Fern Ridge SD 28J,88834 Territorial Rd,Elmira,97437,No,1457,11,5,Yes,Yes,Yes,GARY,CARPENTER,(541)935-2253 x1201,gcarpenter@fernridge.k12.or.us,GARY,CARPENTER,(541)935-2253 x1201,gcarpenter@fernridge.k12.or.us,KAREN,MCKENZIE,(541)935-7733 x1301,kmckenzie@fernridge.k12.or.us,No,Yes,Yes,http://policy.osba.org/fernridg/J/JFCF%20R%20G1.PDF,No,-9,No,-9,-9,-9,-9,-9,-9,-9,-9,-9,-9,-9,-9,-9,-9,-9,Yes,Yes,No,Yes,No
OR,OREGON,4105020,South Harney SD 33,PO Box 33,Denio,89404,No,14,0,1,Yes,Yes,Yes,HOLLIE,HENRICKS,5415890993,southharney@gmail.com,HOLLIE,HENRICKS,5415890993,southharney@gmail.com,HOLLIE,HENRICKS,5415890993,southharney@gmail.com,No,Yes,No,-9,No,-9,No,-9,-9,-9,-9,-9,-9,-9,-9,-9,-9,-9,-9,-9,-9,-9,Yes,Yes,No,No,No
OR,OREGON,4105080,Enterprise SD 21,201 SE 4th St,Enterprise,97828,No,404,0,2,Yes,Yes,Yes,ERIKA,PINKERTON,(541)426-3812,epinkerton@enterprise.k12.or.us,ERIKA,PINKERTON,(541)426-3812,epinkerton@enterprise.k12.or.us,ERIKA,PINKERTON,(541)426-3812,epinkerton@enterprise.k12.or.us,No,Yes,Yes,www.enterpriseschool.org,No,-9,No,-9,-9,-9,-9,-9,-9,-9,-9,-9,-9,-9,-9,-9,-9,-9,Yes,Yes,No,No,Yes
OR,OREGON,4105100,Siuslaw SD 97J,2111 Oak St,Florence,97439,No,1345,0,3,Yes,Yes,Yes,LISA,UTZ,5419975456,lutz@siuslaw.k12.or.us,LISA,UTZ,5419975456,lutz@siuslaw.k12.or.us,LISA,UTZ,5419975456,lutz@siuslaw.k12.or.us,No,Yes,Yes,http://policy.osba.org/siuslaw/J/JFCF%20G1.PDF,No,-9,No,-9,-9,-9,-9,-9,-9,-9,-9,-9,-9,-9,-9,-9,-9,-9,Yes,Yes,No,No,No
OR,OREGON,4105160,Forest Grove SD 15,1728 Main St,Forest Grove,97116,No,6190,0,11,Yes,Yes,Yes,JOHN,O'NEILL,503-359-2430,joneill@fgsd.k12.or.us,JOHN,O'NEILL,503-359-2430,joneill@fgsd.k12.or.us,JOHN,ONEILL,503-359-2430,joneill@fgsd.k12.or.us,No,Yes,Yes,http://policy.osba.org/forestg/index.asp,No,-9,Yes,Yes,No,Yes,No,No,Yes,Yes,0,0,33,20,No,Yes,No,Yes,Yes,Yes,No,No,No
OR,OREGON,4105250,Fossil SD 21J,PO Box 206,Fossil,97830,No,618,0,1,Yes,Yes,Yes,BRAD,SPERRY,(541)763-4384,bsperry@fossil.k12.or.us,BRAD,SPERRY,(541)763-4384,bsperry@fossil.k12.or.us,BRAD,SPERRY,(541)763-4384,bsperry@fossil.k12.or.us,No,Yes,No,-9,No,-9,No,-9,-9,-9,-9,-9,-9,-9,-9,-9,-9,-9,-9,-9,-9,-9,Yes,Yes,No,No,No
OR,OREGON,4105310,Frenchglen SD 16,39235 Hwy 205,Frenchglen,97736,No,399,0,2,Yes,Yes,Yes,CAROLYN,KOSKELA,5414932404,koskelac@harneyesd.k12.or.us,CAROLYN,KOSKELA,5414932404,koskelac@harneyesd.k12.or.us,CAROLYN,KOSKELA,5414932404,koskelac@harneyesd.k12.or.us,No,Yes,No,-9,No,-9,No,-9,-9,-9,-9,-9,-9,-9,-9,-9,-9,-9,-9,-9,-9,-9,Yes,Yes,No,No,No
OR,OREGON,4105430,Gaston SD 511J,300 Park St,Gaston,97119,No,558,0,2,Yes,Yes,Yes,SUMMER,CATINO,5039857516,scatino@gastonk12.org,SUSY,MCKENZIE,5039850210,mckenzies@gastonk12.org,SUSY,MCKENZIE,5039850210,mckenzies@gastonk12.org,No,Yes,Yes,http://policy.osba.org/gaston/index.asp,No,-9,No,-9,-9,-9,-9,-9,-9,-9,-9,-9,-9,-9,-9,-9,-9,-9,Yes,Yes,No,No,No
OR,OREGON,4105610,Gladstone SD 115,17789 Webster Rd,Gladstone,97027,No,2046,0,4,Yes,Yes,Yes,JEREMIAH,PATTERSON,5036552777,pattersonj@gladstone.k12.or.us,JEREMIAH,PATTERSON,5036552777,pattersonj@gladstone.k12.or.us,KELLY,WELCH,5036552777,welchk@gladstone.k12.or.us,No,Yes,Yes,http://gladstone.k12.or.us/about-us/school-board/board-policies/board-policies-section-j/,No,-9,No,-9,-9,-9,-9,-9,-9,-9,-9,-9,-9,-9,-9,-9,-9,-9,Yes,Yes,No,No,No
OR,OREGON,4105670,Glide SD 12,301 Glide Loop Dr,Glide,97443,No,747,0,3,Yes,Yes,Yes,MIKE,NARKIEWICZ,(541)496-3521,mnarkiewicz@glide.k12.or.us,MIKE,NARKIEWICZ,(541)496-3521,mnarkiewicz@glide.k12.or.us,MIKE,NARKIEWICZ,(541)496-3521,mnarkiewicz@glide.k12.or.us,No,Yes,Yes,http://policy.osba.org/glide/index.asp,No,-9,No,-9,-9,-9,-9,-9,-9,-9,-9,-9,-9,-9,-9,-9,-9,-9,Yes,Yes,No,No,No
OR,OREGON,4105760,Central Curry SD 1,29516 Ellensburg Ave,Gold Beach,97444,No,475,0,2,Yes,Yes,Yes,TIMOTHY,WILSON,(541) 247-2003 x224,twilson@ccsd.k12.or.us,TIMOTHY,WILSON,(541) 247-2003 x224,twilson@ccsd.k12.or.us,TIMOTHY,WILSON,(541) 247-2003 x224,twilson@ccsd.k12.or.us,No,Yes,Yes,www.ccsd.k12.or.us,No,-9,No,-9,-9,-9,-9,-9,-9,-9,-9,-9,-9,-9,-9,-9,-9,-9,Yes,Yes,No,No,No
OR,OREGON,4105910,Grants Pass SD 7,725 NE Dean Dr,Grants Pass,97526,No,6130,0,9,Yes,Yes,Yes,DANNY,HUBER-KANTOLA,541-474-5700,dbkantola@grantspass.k12.or.us,DANNY,HUBER-KANTOLA,541-474-5700,dbkantola@grantspass.k12.or.us,LINDA,WHITE,541-474-5700,lwhite@grantspass.k12.or.us,No,Yes,Yes,http://policy.osba.org/grantspass/J/JFCF%20D1.PDF,No,-9,No,-9,-9,-9,-9,-9,-9,-9,-9,-9,-9,-9,-9,-9,-9,-9,Yes,Yes,No,No,No
OR,OREGON,4106000,Gresham-Barlow SD 10J,1331 NW Eastman Pkwy,Gresham,97030,Yes,11800,133,21,Yes,Yes,Yes,JAMES,HIU,5032614577,hiu@gresham.k12.or.us,JAMES,HIU,5032614577,hiu@gresham.k12.or.us,JOHN,KOCH,5032614650,koch@gresham.k12.or.us,No,Yes,Yes,http://policy.osba.org/gbsd/J/JFCF%20D1.PDF,No,-9,No,-9,-9,-9,-9,-9,-9,-9,-9,-9,-9,-9,-9,-9,-9,-9,Yes,Yes,No,No,No
OR,OREGON,4106120,Harper SD 66,2987 Harper/Westfall Rd,Harper,97906,No,114,0,1,Yes,Yes,Yes,RON,TALBOT,541-358-2473,rtalbot@harpersd.org,RON,TALBOT,541-358-2473,rtalbot@harpersd.org,RON,TALBOT,541-358-2473,rtalbot@harpersd.org,No,Yes,Yes,www.harper.k12.or.us,No,-9,No,-9,-9,-9,-9,-9,-9,-9,-9,-9,-9,-9,-9,-9,-9,-9,Yes,Yes,No,No,No
OR,OREGON,4106270,Helix SD 1,PO Box 398,Helix,97835,No,184,0,1,Yes,Yes,Yes,CINDY,WOOD,(541)457-2175,cwood@helix.k12.or.us,CINDY,WOOD,(541)457-2175,cwood@helix.k12.or.us,MCKENNON,MCDONALD,(541)457-2175,mckennon.mcdonald@helix.k12.or.us,No,Yes,Yes,http://www.helix.k12.or.us/anti-discrimination-policy,No,-9,No,-9,-9,-9,-9,-9,-9,-9,-9,-9,-9,-9,-9,-9,-9,-9,Yes,Yes,No,No,No
OR,OREGON,4106300,Hermiston SD 8,305 SW 11th,Hermiston,97838,No,5689,5645,8,Yes,Yes,Yes,FABIOLA,AMEZCUA,541-667-6017,fabiola.amezcua@hermistonsd.org,FABIOLA,AMEZCUA,541-667-60147,fabiola.amezcua@hermistonsd.org,FABIOLA,AMEZCUA,541-667-6017,fabiola.amezcua@hermistonsd.org,No,Yes,Yes,www.hermiston.k12.or.us/apps/pages/board_policies/,No,-9,No,-9,-9,-9,-9,-9,-9,-9,-9,-9,-9,-9,-9,-9,-9,-9,Yes,Yes,No,No,No
OR,OREGON,4106510,Hood River County SD,1011 Eugene St,Hood River,97031,No,4077,0,8,Yes,Yes,Yes,NEELY,KIRWAN,(541) 387-5017,neely.kirwan@hoodriver.k12.or.us,NEELY,KIRWAN,(541) 387-5017,neely.kirwan@hoodriver.k12.or.us,ANNE,CARLOSS,(541) 387-5025,anne.carloss@hoodriver.k12.or.us,No,Yes,Yes,http://www.hoodriver.k12.or.us/Page/7096,No,-9,No,-9,-9,-9,-9,-9,-9,-9,-9,-9,-9,-9,-9,-9,-9,-9,Yes,Yes,No,No,No
OR,OREGON,4106600,Huntington SD 16J,520 3rd St E,Huntington,97907,No,97,0,1,Yes,Yes,Yes,SCOTT,BULLOCK,(541) 869-2204,Scott.Bullock@huntingtonsd.org,SCOTT,BULLOCK,(541) 869-2204,Scott.Bullock@huntingtonsd.org,SCOTT,BULLOCK,(541) 869-2204,Scott.Bullock@huntingtonsd.org,No,Yes,Yes,https://huntington.k12.or.us/student-handbooks,No,-9,Yes,No,No,Yes,No,Yes,Yes,Yes,0,4,5,0,Yes,-9,-9,-9,Yes,Yes,No,No,No
OR,OREGON,4106630,Imbler SD 11,PO Box 164,Imbler,97841,No,309,0,1,Yes,Yes,Yes,ANGIE,LAKEY-CAMPBELL,541-534-2331,angie.lakey-campbell@imblersd.org,ANGIE,LAKEY-CAMPBELL,541-534-2311,angie.lakey-campbell@imblersd.org,CORRINA,ROBINSON,541.966.3148,Corrina.Robinson@imesd.k12.or.us,No,Yes,Yes,http://policy.osba.org/imbler/J/JFCF%20G2.PDF,No,-9,No,-9,-9,-9,-9,-9,-9,-9,-9,-9,-9,-9,-9,-9,-9,-9,Yes,Yes,No,No,No
OR,OREGON,4106710,Jefferson SD 14J,1328 N 2nd St,Jefferson,97352,No,857,0,3,Yes,Yes,Yes,KENT,KLEWITZ,541-327-3337,kent.klewitz@jefferson.k12.or.us,KENT,KLEWITZ,541-327-3337,kent.klewitz@jefferson.k12.or.us,KENT,KLEWITZ,541-327-3337,kent.klewitz@jefferson.k12.or.us,No,Yes,Yes,http://policy.osba.org/jeff14j/J/JBB%20D1.PDF,No,-9,No,-9,-9,-9,-9,-9,-9,-9,-9,-9,-9,-9,-9,-9,-9,-9,Yes,Yes,No,No,No
OR,OREGON,4106740,Jefferson County SD 509J,445 SE Buff St,Madras,97741,No,2975,0,8,Yes,Yes,Yes,RANDY,BRYANT,(541)475-6192,rbryant@509j.net,RANDY,BRYANT,(541)475-6192,rbryant@509j.net,BARBARA,GARLAND,(541)475-6192,bgarland@509j.net,No,Yes,Yes,http://policy.osba.org/jeff509/J/index.asp,No,-9,No,-9,-9,-9,-9,-9,-9,-9,-9,-9,-9,-9,-9,-9,-9,-9,Yes,Yes,No,No,No
OR,OREGON,4106750,Jewell SD 8,83874 Hwy 103,Seaside,97138,No,166,0,1,Yes,Yes,Yes,STEVE,PHILLIPS,5037552451,stevep@jewellk12.org,STEVE,PHILLIPS,5037552451,stevep@jewellk12.org,STEVE,PHILLIPS,5037552451,stevep@jewellk12.org,No,Yes,Yes,www.jewell.k12.or.us,Yes,Yes,Yes,No,No,Yes,No,Yes,Yes,Yes,0,3,6,3,Yes,-9,-9,-9,Yes,Yes,No,No,No
OR,OREGON,4106780,John Day SD 3,401 N Canyon City Blvd,Canyon City,97820,No,614,0,3,Yes,Yes,Yes,CURT,SHELLEY,(541)620-4220,shelleyc@tillamook.k12.or.us,CURT,SHELLEY,(541)620-4220,shelleyc@tillamook.k12.or.us,CURT,SHELLEY,(541)620-4220,shelleyc@tillamook.k12.or.us,No,Yes,Yes,http://policy.osba.org/grant/J/index.asp,No,-9,No,-9,-9,-9,-9,-9,-9,-9,-9,-9,-9,-9,-9,-9,-9,-9,Yes,Yes,No,No,No
OR,OREGON,4106820,Jordan Valley SD 3,PO Box 99,Jordan Valley,97910,No,61,0,3,Yes,Yes,Yes,RUSTY,BENGOA,5415862213,rusty.bengoa@jordanvalleysd.org,RUSTY,BENGOA,5415862213,rusty.bengoa@Qjordanvalleysd.org,SHERYL,DOUGLASS,5415862213,sheryl.douglass@jordanvalleysd.org,No,Yes,No,-9,No,-9,No,-9,-9,-9,-9,-9,-9,-9,-9,-9,-9,-9,-9,-9,-9,-9,Yes,Yes,No,No,No
OR,OREGON,4106870,Joseph SD 6,PO Box 787,Joseph,97846,No,257,0,2,Yes,Yes,Yes,LANCE,HOMAN,541-432-7311,lance.homan@staff.josephcharter.org,LANCE,HOMAN,541-432-7311,lance.homan@staff.josephcharter.org,BECCY,NORDTVEDT,541-426-4997,RNordtvedt@r18esd.org,No,Yes,No,-9,No,-9,No,-9,-9,-9,-9,-9,-9,-9,-9,-9,-9,-9,-9,-9,-9,-9,Yes,Yes,No,No,No
OR,OREGON,4106900,Three Rivers/Josephine County SD,PO Box 160,Murphy,97533,No,4933,0,15,Yes,Yes,Yes,DEBBIE,SIMONS,541-862-3111,debbie.simons@threerivers.k12.or.us,DEBBIE,SIMONS,541-862-3111,"debbie.simons@threerivers.k12,or.us",DEBBIE,SIMONS,541-862-3111,debbie.simons@threerivers.k12.or.us,No,Yes,Yes,https://www.threerivers.k12.or.us/parents/student-rights-and-responsibilities,No,-9,Yes,No,No,Yes,No,No,No,No,6,11,9,0,Yes,-9,-9,-9,Yes,Yes,No,No,No
OR,OREGON,4106930,Junction City SD 69,325 Maple St,Junction City,97448,Yes,1680,12,4,Yes,Yes,Yes,TOM,ENDERSBY,(541)998-6311,tendersby@junctioncity.k12.or.us,TOM,ENDERSBY,(541)998-6311,tendersby@junctioncity.k12.or.us,KATIE,BRADFORD,(541)998-6311,kbradford@junctioncity.k12.or.us,No,Yes,Yes,https://www.junctioncity.k12.or.us/apps/pages/index.jsp?uREC_ID=1493907&type=d&pREC_ID=1638736,No,-9,No,-9,-9,-9,-9,-9,-9,-9,-9,-9,-9,-9,-9,-9,-9,-9,Yes,Yes,No,No,No
OR,OREGON,4106960,Juntura SD 12,363  A  St W,Vale,97918,No,3,0,1,Yes,Yes,Yes,ANGIE,ARRIOLA,541-473-4828,angie.arriola@malesd.org,ANGIE,ARRIOLA,541-473-4828,angie.arriola@malesd.org,ANGIE,ARRIOLA,541-473-4828,angie.arriola@malesd.org,No,Yes,No,-9,No,-9,No,-9,-9,-9,-9,-9,-9,-9,-9,-9,-9,-9,-9,-9,-9,-9,Yes,No,No,Yes,No
OR,OREGON,4107020,Klamath County SD,2845 Greensprings Dr,Klamath Falls,97601,Yes,6461,0,22,Yes,Yes,Yes,MARK,GREIF,(541) 883-5000,greifm@kcsd.k12.or.us,MARK,GREIF,(541) 883-5000,greifm@kcsd.k12.or.us,LAURA,BLAIR,(541) 883-5000,blairl@kcsd.k12.or.us,No,Yes,Yes,http://www.kcsd.k12.or.us/files/hbRights%20and%20Respone%20Handbook%2018-19.pdf,No,-9,No,-9,-9,-9,-9,-9,-9,-9,-9,-9,-9,-9,-9,-9,-9,-9,Yes,Yes,No,No,No
OR,OREGON,4107080,Klamath Falls City Schools,1336 Avalon,Klamath Falls,97603,Yes,3003,22,8,Yes,Yes,Yes,SHELLY,HUNT,5418834700,hunts@kfalls.k12.or.us,SHELLY,HUNT,5418834700,hunts@kfalls.k12.or.us,HEIDI,SCHULTZ,5418834745,schultzh@kfalls.k12.or.us,No,Yes,Yes,http://policy.osba.org/kfalls/J/JFCF%20D2.PDF,Yes,No,No,-9,-9,-9,-9,-9,-9,-9,-9,-9,-9,-9,-9,-9,-9,-9,Yes,Yes,No,No,No
OR,OREGON,4107200,La Grande SD 1,1305 N Willow Street,La Grande,97850,No,2524,13,5,Yes,Yes,Yes,SCOTT,CARPENTER,541-663-3203,scott.carpenter@lagrandesd.org,SCOTT,CARPENTER,541-663-3203,scott.carpenter@lagrandesd.org,CAROL,BYRON,541-663-3221,carol.byron@lagrandesd.org,No,Yes,Yes,http://policy.osba.org/lagrande/,No,-9,No,-9,-9,-9,-9,-9,-9,-9,-9,-9,-9,-9,-9,-9,-9,-9,Yes,Yes,No,No,No
OR,OREGON,4107230,Lake Oswego SD 7J,PO Box 70,Lake Oswego,97034,No,7005,43,10,Yes,Yes,Yes,DONNA,ATHERTON,5035342000,donna.atherton@loswego.k12.or.us,DONNA,ATHERTON,5035342000,donna.atherton@loswego.k12.or.us,PATRICK,TOMBLIN,5035342000,patrick.tomblin@loswego.k12.or.us,No,Yes,Yes,http://policy.osba.org/loswego/J/JFCF_GBNA%20G2.PDF,No,-9,Yes,No,No,No,Yes,Yes,Yes,Yes,0,8,53,4,Yes,-9,-9,-9,Yes,Yes,No,No,No
OR,OREGON,4107280,Lake County SD 7,1341 S First St,Lakeview,97630,No,772,0,4,Yes,Yes,Yes,WILL,CAHILL,541-947-3347,cahillw@lakeview.k12.or.us,WILL,CAHILL,541-947-3347,cahillw@lakeview.k12.or.us,LONNIE,CHAVEZ,541-947-3347,chavezl@lakeview.k12.or.us,No,Yes,Yes,http://policy.osba.org/lakecty/index.asp,No,-9,No,-9,-9,-9,-9,-9,-9,-9,-9,-9,-9,-9,-9,-9,-9,-9,Yes,Yes,No,No,No
OR,OREGON,4107380,Lebanon Community SD 9,485 S 5th St,Lebanon,97355,No,4263,0,9,Yes,Yes,Yes,JENNIFER,MECKLEY,(541)451-8511x1158,Jennifer.Meckley@lebanon.k12.or.us,JENNIFER,MECKLEY,(541)451-8511x1158,Jennifer.Meckley@lebanon.k12.or.us,JENNFIER,MECKLEY,(541)451-8511x1158,Jennifer.Meckley@lebanon.k12.or.us,No,Yes,Yes,http://lebanon.k12.or.us/board/policies/,No,-9,No,-9,-9,-9,-9,-9,-9,-9,-9,-9,-9,-9,-9,-9,-9,-9,No,-9,-9,-9,-9
OR,OREGON,4107500,Lincoln County SD,PO Box 1110,Newport,97365,No,5521,19,19,Yes,Yes,Yes,SUSAN,VANLIEW,(541)265-4405,susan.vanliew@lincoln.k12.or.us,TIANA,TUCKER,(541)265-4436,tiana.tucker@lincoln.k12.or.us,STEFANIE,GOULD,(541)265-4431,stefanie.gould@lincoln.k12.or.us,No,Yes,Yes,policy.osba.org/lincoln/J/JBA_GBN%20D1.PDF,No,-9,No,-9,-9,-9,-9,-9,-9,-9,-9,-9,-9,-9,-9,-9,-9,-9,Yes,Yes,No,No,No
OR,OREGON,4107530,Long Creek SD 17,PO Box 429,Long Creek,97856,No,32,0,1,Yes,Yes,Yes,DEL,DYKSTRA,541-421-3896,dykstrad@grantesd.k12.or.us,DEL,DYKSTRA,541-421-3896,dykstrad@grantesd.k12.or.us,DEL,DYKSTRA,541-421-3896,dykstrad@grantesd.k12.or.us,No,Yes,Yes,http://policy.osba.org/longcrk/AB/AC%20D1.PDF,No,-9,Yes,No,No,Yes,No,Yes,Yes,Yes,0,2,0,0,Yes,-9,-9,-9,Yes,Yes,No,No,No
OR,OREGON,4107590,Lowell SD 71,65 S Pioneer St,Lowell,97452,No,932,0,4,Yes,Yes,Yes,AMBER,HANSEN,541-937-2124,ahansen@lowell.k12.or.us,AMBER,HANSEN,541-937-2124,ahansen@lowell.k12.or.us,AMBER,HANSEN,541-937-2124,ahansen@lowell.k12.or.us,No,Yes,No,-9,No,-9,No,-9,-9,-9,-9,-9,-9,-9,-9,-9,-9,-9,-9,-9,-9,-9,Yes,Yes,No,No,No
OR,OREGON,4107710,Mapleton SD 32,10868 E Mapleton Rd,Mapleton,97453,No,168,0,2,Yes,Yes,Yes,JODI,OMARA,(541)268-4312,jomara@mapleton.k12.or.us,JODI,OMARA,(541)268-4321,jomara@mapleton.k12.or.us,JODI,OMARA,(541)268-4321,jomara@mapleton.k12.or.us,No,Yes,Yes,http://policy.osba.org/mapletn/J/JFCF%20G2.PDF,No,-9,No,-9,-9,-9,-9,-9,-9,-9,-9,-9,-9,-9,-9,-9,-9,-9,Yes,Yes,No,No,No
OR,OREGON,4107740,Marcola SD 79J,PO Box 820,Marcola,97454,No,269,0,2,Yes,Yes,Yes,TRAVIS,TUBBS,5419332512,ttubbs@marcola.k12.or.us,TRAVIS,TUBBS,5419332512,ttubbs@marcola.k12.or.us,TAMI,WHITE,5419332512,twhite@marcola.k12.or.us,No,Yes,Yes,https://www.marcola.k12.or.us/student-handbooks/,No,-9,No,-9,-9,-9,-9,-9,-9,-9,-9,-9,-9,-9,-9,-9,-9,-9,Yes,Yes,No,No,No
OR,OREGON,4107980,McKenzie SD 68,51187 Blue River Dr,Finn Rock,97488,No,197,0,2,Yes,Yes,Yes,LANE,TOMPKINS,541-822-3313,lane.tompkins@mckenziesd.org,LANE,TOMPKINS,541-822-3313,lane.tompkins@mckenziesd.org,BRENT,MEISTER,541-822-3313,brent.meister@mckenziesd.org,No,Yes,No,-9,No,-9,No,-9,-9,-9,-9,-9,-9,-9,-9,-9,-9,-9,-9,-9,-9,-9,Yes,Yes,No,No,No
OR,OREGON,4108010,McMinnville SD 40,800 NE Lafayette Ave,McMinnville,97128,No,6815,23,9,Yes,Yes,Yes,MIKE,FRANKLIN,(503)565-4032,mfranklin@msd.k12.or.us,MIKE,FRANKLIN,(503)565-4032,mfranklin@msd.k12.or.us,MIKE,FRANKLIN,(503)565-4032,mfranklin@msd.k12.or.us,No,Yes,Yes,http://policy.osba.org/mcminn/J/index.asp,No,-9,No,-9,-9,-9,-9,-9,-9,-9,-9,-9,-9,-9,-9,-9,-9,-9,Yes,Yes,No,No,No
OR,OREGON,4108040,Medford SD 549C,815 S Oakdale Ave,Medford,97501,Yes,14256,0,24,Yes,Yes,Yes,DEBBIE,SIMONS,5418423625,debbie.simons@medford.k12.or.us,DEBBIE,SIMONS,5418423625,debbie.simons@medford.k12.or.us,TANIA,TONG,5418423625,Tania.Tong@medford.k12.or.us,No,Yes,Yes,http://policy.osba.org/medford/J/JFCF%20D1.PDF,No,-9,No,-9,-9,-9,-9,-9,-9,-9,-9,-9,-9,-9,-9,-9,-9,-9,Yes,Yes,No,No,No
OR,OREGON,4108100,Santiam Canyon SD 129J,PO Box 197,Mill City,97360,No,4460,0,3,Yes,Yes,Yes,TODD,MILLER,(503) 897-2321 x 301,todd.miller@santiam.k12.or.us,TODD,MILLER,(503) 897-23221 x 301,todd.miller@santiam.k12.or.us,TODD,MILLER,(503) 897-2321 x 301,todd.miller@santiam.k12.or.us,No,Yes,Yes,http://policy.osba.org/santiamc/J/JFCF%20D1.PDF,No,-9,No,-9,-9,-9,-9,-9,-9,-9,-9,-9,-9,-9,-9,-9,-9,-9,Yes,Yes,No,No,No
OR,OREGON,4108160,Milton-Freewater Unified SD 7,1020 South Mill St,Milton-Freewater,97862,No,1737,0,5,Yes,Yes,Yes,ROB,CLARK,(541)938-3551,Rob.Clark@miltfree.k12.or.us,ROB,CLARK,(541)938-3551,Rob.Clark@miltfree.k12.or.us,ROB,CLARK,(541)938-3551,Rob.Clark@miltfree.k12.or.us,No,Yes,Yes,http://policy.osba.org/miltfree/,No,-9,No,-9,-9,-9,-9,-9,-9,-9,-9,-9,-9,-9,-9,-9,-9,-9,Yes,Yes,No,No,No
OR,OREGON,4108280,Mitchell SD 55,PO Box 247,Mitchell,97750,No,381,0,2,Yes,Yes,Yes,NANCY,MOON,(541)462-3311,nmoon@mitchell.k12.or.us,NANCY,MOON,(541)462-3311,nmoon@mitchell.k12.or.us,NANCY,MOON,(541)462-3311,nmoon@mitchell.k12.or.us,No,Yes,No,-9,No,-9,No,-9,-9,-9,-9,-9,-9,-9,-9,-9,-9,-9,-9,-9,-9,-9,Yes,Yes,No,No,No
OR,OREGON,4108310,Molalla River SD 35,PO Box 188,Molalla,97038,No,2734,0,8,Yes,Yes,Yes,TONY,MANN,5038292359,tony.mann@molallariv.k12.or.us,TONY,MANN,5038292359,tony.mann@molallariv.k12.or.us,MICHAEL,SALITORE,5038292359,michael.salitore@molallariv.k12.or.us,No,Yes,Yes,http://policy.osba.org/mriver/J/index.asp,No,-9,No,-9,-9,-9,-9,-9,-9,-9,-9,-9,-9,-9,-9,-9,-9,-9,Yes,Yes,No,No,No
OR,OREGON,4108430,Monroe SD 1J,365 N Fifth St,Monroe,97456,No,436,2,2,Yes,Yes,Yes,BEAU,SISNEROS,5418475161,beau.sisneros@monroe.k12.or.us,BILL,CROWSON,5418476292,bill.crowson@monroe.k12.or.us,BILL,CROWSON,5418476292,bill.crowson@monroe.k12.or.us,No,Yes,Yes,www.monroe.k12.or.us/our-district/policies-procedures/,Yes,Yes,No,-9,-9,-9,-9,-9,-9,-9,-9,-9,-9,-9,-9,-9,-9,-9,Yes,Yes,No,No,No
OR,OREGON,4108460,Monument SD 8,PO Box 127,Monument,97864,No,52,0,1,Yes,Yes,Yes,DONALD,PETERSEN,541-934-2646,petersend@grantesd.k12.or.us,DONALD,PETERSEN,541-934-2646,petersend@grantesd.k12.or.us,DONALD,PETERSEN,541-934-2646,petersend@grantesd.k12.or.us,No,Yes,Yes,http://policy.osba.org/monument/J/JBA%20R%20D1.PDF,No,-9,Yes,No,No,Yes,No,Yes,Yes,No,0,3,1,0,Yes,-9,-9,-9,Yes,Yes,No,No,No
OR,OREGON,4108520,Morrow SD 1,PO Box 100,Heppner,97836,No,2263,0,8,Yes,Yes,Yes,ERIN,STOCKER,541-922-2421,erin.stocker@morrow.k12.or.us,DIRK,DIRKSEN,541-922-4016 ext. 1,dirk.dirksen@morrow.k12.or.us,MARIE,SHIMER,541-922-4016 ext. 2,mair.shimer@morrow.k12.or.us,No,Yes,Yes,http://policy.osba.org/morrow/,No,-9,No,-9,-9,-9,-9,-9,-9,-9,-9,-9,-9,-9,-9,-9,-9,-9,Yes,Yes,No,No,No
OR,OREGON,4108550,Mt Angel SD 91,PO Box 1129,Mt Angel,97362,No,750,0,3,Yes,Yes,Yes,TROY,STOOPS,503-845-2345,stoops_troy@mtangel.k12.or.us,TROY,STOOPS,5038452345,stoops_troy@mtangel.k12.or.us,ERICA,GORDON,503-845-2345,gordon_erica@mtangel.k12.or.us,No,Yes,Yes,http://policy.osba.org/mtangel/J/JFCF%20G2.PDF,No,-9,No,-9,-9,-9,-9,-9,-9,-9,-9,-9,-9,-9,-9,-9,-9,-9,Yes,Yes,No,No,No
OR,OREGON,4108650,Neah-Kah-Nie SD 56,PO Box 28,Rockaway Beach,97136,No,807,0,5,Yes,Yes,Yes,STACEY,DILLS,5033553556,staceyd@nknsd.org,STACEY,DILLS,5033553556,staceyd@nknsd.org,STACEY,DILLS,5033553556,staceyd@nknsd.org,No,Yes,Yes,http://policy.osba.org/neahkahnie/J/JFCF%20D1.PDF,No,-9,Yes,No,No,No,Yes,Yes,Yes,Yes,0,1,25,3,Yes,-9,-9,-9,Yes,Yes,No,Yes,No
OR,OREGON,4108700,Nestucca Valley SD 101J,PO Box 99,Cloverdale,97112,No,474,0,2,Yes,Yes,Yes,MEGAN,KELLOW,(503)392-3194 x319,megank@nestucca.k12.or.us,MEGAN,KELLOW,(503)392-3194 x319,megank@nestucca.k12.or.us,MEGAN,KELLOW,(503)392-3194 x319,megank@nestucca.k12.or.us,No,Yes,Yes,https://www.nestucca.k12.or.us/do/Board/policy/AB/AC.D1.pdf,No,-9,No,-9,-9,-9,-9,-9,-9,-9,-9,-9,-9,-9,-9,-9,-9,-9,Yes,Yes,No,No,No
OR,OREGON,4108720,Newberg SD 29J,714 E 6th St,Newberg,97132,No,5030,0,9,Yes,Yes,Yes,DEREK,BROWN,503-554-5000,derekb@newberg.k12.or.us,DEREK,BROWN,503-554-5000,derekb@newberg.k12.or.us,DEREK,BROWN,503-554-5000,derekb@newberg.k12.or.us,No,Yes,Yes,https://www.newberg.k12.or.us/district/school-board-policies,No,-9,No,-9,-9,-9,-9,-9,-9,-9,-9,-9,-9,-9,-9,-9,-9,-9,Yes,Yes,No,No,No
OR,OREGON,4108820,North Bend SD 13,1913 Meade St,North Bend,97459,No,4324,0,6,Yes,Yes,Yes,BRAD,BIXLER,5417516796,bbixler@nbend.k12.or.us,TIM,CRIDER,5417568351,tcrider@nbend.k12.or.us,TIFFANY,RUSH,5417561313,trush@nbend.k12.or.us,No,Yes,Yes,http://www.nbend.k12.or.us/non-discrimination.htm,No,-9,No,-9,-9,-9,-9,-9,-9,-9,-9,-9,-9,-9,-9,-9,-9,-9,Yes,Yes,No,No,No
OR,OREGON,4108830,North Clackamas SD 12,12400 SE Freeman Way,Milwaukie,97222,No,17108,0,30,Yes,Yes,Yes,SHELLEY,REGGIANI,5033536128,reggianis@nclack.k12.or.us,SHELLEY,REGGIANI,5033536128,reggianis@nclack.k12.or.us,VIVIAN,GARRISON,5033536134,garrisonv@nclack.k12.or.us,No,Yes,Yes,https://www.nclack.k12.or.us/district/page/north-clackamas-schools-student-handbook,No,-9,No,-9,-9,-9,-9,-9,-9,-9,-9,-9,-9,-9,-9,-9,-9,-9,Yes,Yes,No,No,No
OR,OREGON,4108880,North Marion SD 15,20256 Grim Rd NE,Aurora,97002,No,1906,0,4,Yes,Yes,Yes,PATRICK,MCARTHUR,503-678-8509,patrick.mcarthur@nmarion.k12.or.us,PATRICK,MCARTHUR,503-678-8509,Patrick.mcarthur@nmarion.k12.or.us,PATRICK,MCARTHUR,503-678-8509,patrick.mcarthur@nmarion.k12.or.us,No,Yes,Yes,http://policy.osba.org/nmarion/AB/AC%20D1.PDF,No,-9,No,-9,-9,-9,-9,-9,-9,-9,-9,-9,-9,-9,-9,-9,-9,-9,Yes,Yes,No,No,No
OR,OREGON,4108940,North Powder SD 8J,PO Box 10,North Powder,97867,No,296,0,1,Yes,Yes,Yes,BRAD,DUNTEN,541-898-2244,brad.dunten@npowdersd.org,BRAD,DUNTEN,541-898-2244,brad.dunten@npowdersd.org,DANA,MARLIA,541-898-2244,dana.marlia@npowdersd.org,No,Yes,Yes,http://policy.osba.org/npowder/index.asp,No,-9,Yes,No,No,Yes,No,No,Yes,Yes,0,0,4,7,Yes,-9,-9,-9,Yes,Yes,No,No,No
OR,OREGON,4109000,Nyssa SD 26,804 Adrian Blvd,Nyssa,97913,No,1215,0,3,Yes,Yes,Yes,RYAN,HAWKINS,(541)372-2275 x4502,rhawkins@nyssasd.org,RYAN,HAWKINS,(541)372-2275 x4502,rhawkins@nyssasd.org,RYAN,HAWKINS,(541)372-2275 x4502,rhawkins@nyssasd.org,No,Yes,Yes,http://policy.osba.org/nyssa/J/JFCF%20G2.PDF,Yes,Yes,No,-9,-9,-9,-9,-9,-9,-9,-9,-9,-9,-9,-9,-9,-9,-9,Yes,Yes,No,No,No
OR,OREGON,4109120,Oakland SD 1,PO Box 390,Oakland,97462,No,629,0,3,Yes,Yes,Yes,PATTI,LOVEMARK,541-459-4341,patti.lovemark@oakland.k12.or.us,PATTI,LOVEMARK,541-459-4341,patti.lovemark@oakland.k12.or.us,PATTI,LOVEMARK,541-459-4341,patti.lovemark@oakland.k12.or.us,No,Yes,Yes,http://policy.osba.org/oakland/J/index.asp,No,-9,No,-9,-9,-9,-9,-9,-9,-9,-9,-9,-9,-9,-9,-9,-9,-9,Yes,Yes,No,No,No
OR,OREGON,4109150,Oakridge SD 76,76499 Rose St,Oakridge,97463,No,551,2,3,Yes,Yes,Yes,TIFFANY,O'DONNELL,541-782-3226,todonnell@oakridge.k12.or.us,TIFFANY,O'DONNELL,541-782-3226,todonnell@oakridge.k12.or.us,TIFFANY,O'DONNELL,541-782-3226,todonnell@oakridge.k12.or.us,No,Yes,Yes,www.oakridge.k12.or.us,No,-9,No,-9,-9,-9,-9,-9,-9,-9,-9,-9,-9,-9,-9,-9,-9,-9,Yes,Yes,No,No,No
OR,OREGON,4109270,Ontario SD 8C,195 SW 3rd Ave,Ontario,97914,No,2367,0,7,Yes,Yes,Yes,NICOLE,ALBISU,541-889-5374,nalbisu@ontario.k12.or.us,NICOLE,ALBISU,541-889-5374,nalbisu@ontario.k12.or.us,MELISSA,WILLIAMS,541-889-5374,mwilliams@ontario.k12.or.us,No,Yes,Yes,policy.osba.org/ontario,No,-9,No,-9,-9,-9,-9,-9,-9,-9,-9,-9,-9,-9,-9,-9,-9,-9,Yes,Yes,No,No,No
OR,OREGON,4109330,Oregon City SD 62,PO Box 2110,Oregon City,97045,No,7948,0,14,Yes,Yes,Yes,ANDREW,JONES,5037858961,andrew.jones@orecity.k12.or.us,JOHN,OGDEN,5037858428,john.ogden@orecity.k12.or.us,CYNDI,PANKO,5037858369,cynthia.pankp@orecity.k12.or.us,No,Yes,Yes,http://policy.osba.org/orcity/J/JFCF%20D1.PDF,Yes,Yes,Yes,No,Yes,No,Yes,Yes,Yes,No,18,22,23,2,Yes,-9,-9,-9,No,-9,-9,-9,-9
OR,OREGON,4109430,Paisley SD 11,PO Box 97,Paisley,97636,No,223,0,1,Yes,Yes,Yes,PAUL,HAUDER,5419433111,p.hauder@paisleyschooldistrict.com,PAUL,HAUDER,5419433111,p.hauder@paisleyschooldistrict.com,PAUL,HAUDER,5419433111,p.hauder@paisleyschooldistrict.com,No,Yes,Yes,http://policy.osba.org/paisley/J/index.asp,No,-9,Yes,No,No,Yes,No,No,Yes,No,0,0,6,0,Yes,-9,-9,-9,Yes,Yes,No,No,No
OR,OREGON,4109480,Parkrose SD 3,10636 NE Prescott St,Portland,97220,No,3205,0,6,Yes,Yes,Yes,MICHELLE,MARKLE,5034082100,marklmic@parkrose.k12.or.us,MICHELLE,MARKLE,5034082100,marklmic@parkrose.k12.or.us,MICHELLE,MARKLE,5034082100,marklmic@parkrose.k12.or.us,No,Yes,Yes,http://do.parkrose.k12.or.us/school_board/policies/ab/AC%20-%20Nondiscrimination.pdf,No,-9,Yes,Yes,No,No,No,No,Yes,Yes,0,0,3,33,No,Yes,Yes,Yes,Yes,Yes,No,No,No
OR,OREGON,4109510,Pendleton SD 16,107 NW 10th Street,Pendleton,97801,Yes,3189,0,9,Yes,Yes,Yes,CHRIS,FRITSCH,(541)276-6711 x 3251,chris.fritsch@pendleton.k12.or.us,CHRIS,FRITSCH,(541)276-6711 x 3251,chris.fritsch@pendleton.k12.or.us,CHRIS,FRITSCH,(541)276-6711 x 3251,chris.fritsch@pendleton.k12.or.us,No,Yes,Yes,https://pendleton.k12.or.us/report-concern,No,-9,Yes,No,No,Yes,No,No,Yes,No,0,0,30,0,No,No,No,Yes,Yes,Yes,No,No,No
OR,OREGON,4109530,Perrydale SD 21,7445 Perrydale Rd,Amity,97101,No,170,0,1,Yes,Yes,Yes,ERIC,MILBURN,(503)623-2040,emilburn@Perrydale.k12.or.us,ERIC,MILBURN,(503)623-2040,emilburn@Perrydale.k12.or.us,ERIN,HENERY,(503) 623-2040,ehenery@perrydale.k12.or.us,No,Yes,No,-9,No,-9,Yes,No,No,No,No,No,No,No,0,0,0,0,No,No,No,No,Yes,Yes,No,No,No
OR,OREGON,4109600,Philomath SD 17J,1620 Applegate Street,Philomath,97370,No,1634,0,6,Yes,Yes,Yes,MELISSA,GOFF,5419293169,melissa.goff@philomath.k12.or.us,MELISSA,GOFF,5419293169,melissa.goff@philomath.k12.or.us,KRISTA,MCGUYER,5419298735,krista.mcguyer@philomath.k12.or.us,No,Yes,Yes,www.philomathsd.net/about/school-board,No,-9,Yes,No,No,No,Yes,Yes,Yes,No,0,16,14,0,Yes,-9,-9,-9,Yes,Yes,No,No,No
OR,OREGON,4109630,Phoenix-Talent SD 4,PO Box 698,Phoenix,97535,No,2597,0,6,Yes,Yes,Yes,TIFFANIE,LAMBERT,541-535-7502,tiffanie.lambert@phoenix.k12.or.us,TIFFANIE,LAMBERT,541-535-7502,tiffanie.lambert@phoenix.k12.or.us,TIFFANIE,LAMBERT,541-535-7502,tiffanie.lambert@phoenix.k12.or.us,No,Yes,Yes,http://policy.osba.org/phoenix/J/JFCF%20D1.PDF,No,-9,No,-9,-9,-9,-9,-9,-9,-9,-9,-9,-9,-9,-9,-9,-9,-9,Yes,Yes,No,No,No
OR,OREGON,4109660,Pilot Rock SD 2,PO Box BB,Pilot Rock,97868,No,336,0,2,Yes,Yes,Yes,STEVE,STANIAK,(541)443-8291,steve.staniak@pilotrocksd.org,STEVE,STANIAK,(541)443-8291,steve.staniak@pilotrocksd.org,STEVE,STANIAK,(541)443-8291,steve.staniak@pilotrocksd.org,No,Yes,Yes,http://policy.osba.org/pilot/J/JFCF%20G2.PDF,No,-9,No,-9,-9,-9,-9,-9,-9,-9,-9,-9,-9,-9,-9,-9,-9,-9,Yes,Yes,No,No,No
OR,OREGON,4109690,Pine Creek SD 5,79654 Pine Creek Rd,Drewsey,97904,No,9,0,1,Yes,Yes,Yes,JUSTIN,HILL,(541)493-4664,jopie@centurytel.net,JUSTIN,HILL,(541)493-4664,jopie@centurytel.net,JUSTIN,HILL,(541)493-4664,jopie@centurytel.net,No,Yes,No,-9,No,-9,No,-9,-9,-9,-9,-9,-9,-9,-9,-9,-9,-9,-9,-9,-9,-9,Yes,Yes,No,No,No
OR,OREGON,4109720,Pine Eagle SD 61,375 North Main St,Halfway,97834,No,192,0,1,Yes,Yes,Yes,CAMMIE,DECASTRO,(541)742-2550,cadecastro@pineeaglesd.org,CAMMIE,DECASTRO,(541)742-2550,cadecastro@pineeaglesd.org,CAMMIE,DECASTRO,(541)742-2550,cadecastro@pineeaglesd.org,No,Yes,Yes,www.pineeaglesd.org,No,-9,No,-9,-9,-9,-9,-9,-9,-9,-9,-9,-9,-9,-9,-9,-9,-9,Yes,Yes,No,No,No
OR,OREGON,4109750,Pinehurst SD 94,15337 Hwy 66,Ashland,97520,No,16,0,1,Yes,Yes,Yes,HOLLY,AMANN,(541)482-1910,holly@pinehurst.k12.or.us,HOLLY,AMANN,(541)482-1910,holly@pinehurst.k12.or.us,HOLLY,AMANN,(541)482-1910,holly@pinehurst.k12.or.us,No,Yes,No,-9,No,-9,No,-9,-9,-9,-9,-9,-9,-9,-9,-9,-9,-9,-9,-9,-9,-9,Yes,Yes,No,No,No
OR,OREGON,4109870,Pleasant Hill SD 1,36386 Hwy 58,Pleasant Hill,97455,No,1012,10,2,Yes,Yes,Yes,SCOTT,LINENBERGER,541-736-0701,SLINENBERGER@PLEASANTHILL.K12.OR.US,SCOTT,LINENBERGER,541-736-0701,SLINENBERGER@PLEASANTHILL.K12.OR.US,SCOTT,LINENBERGER,541-736-0701,SLINENBERGER@PLEASANTHILL.K12.OR.US,No,Yes,Yes,http://policy.osba.org/phill,No,-9,Yes,No,No,No,Yes,Yes,Yes,Yes,0,8,19,3,Yes,-9,-9,-9,Yes,Yes,No,No,No
OR,OREGON,4109960,Plush SD 18,18254 Morris Ln,Plush,97637,No,7,0,1,Yes,Yes,Yes,CHANDRA,CAHILL,5419472259,plushschoolclerk@gmail.com,CHANDRA,CAHILL,5419472259,plushschoolclerk@gmail.com,CHANDRA,CAHILL,5419472259,plushschoolclerk@gmail.com,No,Yes,Yes,www.plushschooldistrict.com,No,-9,Yes,No,No,Yes,No,No,Yes,Yes,0,0,1,3,Yes,-9,-9,-9,Yes,Yes,No,No,No
OR,OREGON,4110020,Port Orford-Langlois SD 2CJ,PO Box 8,Port Orford,97465,No,279,0,2,Yes,Yes,Yes,STEVE,PERKINS,541-348-2455,STEVE.PERKINS@2CJ.K12.OR.US,KRISTA,NIERAETH,541-348-2455,krista.nieraeth@2cj.k12.or.us,KRISTA,NIERAETH,541-348-2455,KRISTA.NIERAETH@2CJ.K12.OR.US,No,Yes,Yes,WWW.2CJ.COM,No,-9,No,-9,-9,-9,-9,-9,-9,-9,-9,-9,-9,-9,-9,-9,-9,-9,Yes,Yes,No,No,No
OR,OREGON,4110040,Portland SD 1J,PO Box 3107,Portland,97208,Yes,48222,1005,89,Yes,Yes,Yes,ELISA,SCHORR,5039163340,TitleIX@pps.net,DANI,LEDEZMA,5039163769,dledezma@pps.net,BRIAN,BAKER,5039165460,bbaker3@pps.net,No,Yes,Yes,https://www.pps.net/cms/lib/OR01913224/Centricity/Domain/4814/4.30.060-P.pdf,No,-9,Yes,No,No,Yes,No,Yes,Yes,Yes,0,276,536,61,No,Yes,Yes,Yes,Yes,Yes,No,No,No
OR,OREGON,4110080,Powers SD 31,PO Box 479,Powers,97466,No,113,0,2,Yes,Yes,Yes,M ATT,SHORB,(541)439-2291,mshorb@powersschools.com,KELLY,ALLRED,(541)439-2281,kallred@powersschools.com,KELLY,ALLRED,(541)439-2281,kallred@powersschools.com,No,Yes,Yes,www.powersschools.com,No,-9,Yes,No,No,Yes,No,No,Yes,Yes,0,0,5,8,Yes,-9,-9,-9,Yes,No,No,Yes,No
OR,OREGON,4110110,Prairie City SD 4,PO Box 345,Prairie City,97869,No,141,0,1,Yes,Yes,Yes,CASEY,HALLGARTH,541-820-3314,hallgarthc@grantesd.k12.or.us,CASEY,HALLGARTH,541-820-3314,hallgarthc@grantesd.k12.or.us,JULIE,WATTERSON,541-820-3314,wattersonj@grantesd.k12.or.us,No,Yes,Yes,http://policy.osba.org/pcity/index.asp,No,-9,Yes,No,No,Yes,No,Yes,Yes,Yes,0,3,6,1,Yes,-9,-9,-9,Yes,Yes,No,No,No
OR,OREGON,4110200,Prospect SD 59,PO Box 40,Prospect,97536,No,228,0,1,Yes,Yes,Yes,DOUG,JANTZI,541-560-3653,dougj@prospect.k12.or.us,DOUG,JANTZI,541-560-3653,dougj@prospect.k12.or.us,DOUG,JANTZI,541-560-3653,dougj@prospect.k12.or.us,No,Yes,Yes,www.prospect.k12.or.us,Yes,No,Yes,No,No,Yes,No,Yes,Yes,No,0,0,16,0,Yes,-9,-9,-9,Yes,Yes,No,No,No
OR,OREGON,4110350,Redmond SD 2J,145 SE Salmon Ave,Redmond,97756,No,7388,11,13,Yes,Yes,Yes,LYNN,ANDERSON,541-923-8922,lynn.anderson@redmondschools.org,LYNN,ANDERSON,541-923-8922,lynn.anderson@redmondschools.org,MARTHA,HINMAN,541-923-8934,martha.hinman@redmondschools.org,No,Yes,Yes,http://policy.osba.org/redmond/J/JFCF%20G2.PDF,No,-9,Yes,No,No,Yes,No,No,Yes,Yes,0,0,29,6,No,No,Yes,Yes,Yes,Yes,No,No,No
OR,OREGON,4110410,Reedsport SD 105,100 Ranch Rd,Reedsport,97467,No,645,0,2,Yes,Yes,Yes,CATHY,HUROWITZ,541-271-2141,churowitz@reedsport.k12.or.us,DAN,FORBESS,541-271-3656,dforbess@reedsport.k12.or.us,TED,HOMENICK,541-271-2141,thomenick@reedsport.k12.or.us,No,Yes,Yes,www.reedsport.k12.or.us,No,-9,No,-9,-9,-9,-9,-9,-9,-9,-9,-9,-9,-9,-9,-9,-9,-9,Yes,Yes,No,No,No
OR,OREGON,4110520,Reynolds SD 7,1204 NE 201st Ave,Fairview,97024,No,11162,0,19,Yes,Yes,Yes,FRANK,CAROPELO,5036617200,FCaropelo@rsd7.net,FRANK,CAROPELO,5036617200,FCaropelo@rsd7.net,MICHELLE,MURER,5036617200,MMurer@rsd7.net,No,Yes,Yes,http://policy.osba.org/reynolds/J/index.asp,No,-9,No,-9,-9,-9,-9,-9,-9,-9,-9,-9,-9,-9,-9,-9,-9,-9,Yes,Yes,No,No,No
OR,OREGON,4110530,Riddle SD 70,PO Box 45,Riddle,97469,No,395,0,2,Yes,Yes,Yes,DAVE,GIANOTTI,(541) 874-2226,dave.gianotti@riddle.k12.or.us,DAVE,GIANOTTI,(541) 874-2226,dave.gianotti@riddle.k12.or.us,DAVE,GIANOTTI,(541) 874-2226,dave.gianotti@riddle.k12.or.us,No,Yes,Yes,https://www.riddleschooldistrict.com/non-discrimination,No,-9,No,-9,-9,-9,-9,-9,-9,-9,-9,-9,-9,-9,-9,-9,-9,-9,Yes,Yes,No,No,No
OR,OREGON,4110560,Riverdale SD 51J,11733 SW Breyman Ave,Portland,97219,No,657,0,2,Yes,Yes,Yes,PAULA,ROBINSON,5032624844,probinson@riverdale.k12.or.us,MEGAN,TICER,(503)262-4840,mticer@riverdale.k12.or.us,PAULA,ROBINSON,(503)262-4844,probinson@riverdale.k12.or.us,No,Yes,Yes,http://policy.osba.org/riverdal/J/JFCF%20G1.PDF,No,-9,Yes,No,Yes,No,Yes,Yes,Yes,Yes,0,8,10,1,Yes,-9,-9,-9,Yes,Yes,No,No,No
OR,OREGON,4110680,Rogue River SD 35,PO Box 1045,Rogue River,97537,No,955,0,3,Yes,Yes,Yes,APRIL,HARRISON,541-582-6003,april.harrison@rogueriver.k12.or.us,PAUL,YOUNG,541-582-3235,paul.young@rogueriver.k.12.or.us,APRIL,HARRISON,841-582-6003,april.harrison@rogueriver.k12.or.us,No,Yes,Yes,www.rogueriver.k12.or.us,No,-9,No,-9,-9,-9,-9,-9,-9,-9,-9,-9,-9,-9,-9,-9,-9,-9,Yes,Yes,No,No,No
OR,OREGON,4110710,Douglas County SD 4,1419 NW Valley View Dr,Roseburg,97471,Yes,6118,0,14,Yes,Yes,Yes,ROBERT,FREEMAN,5414404009,rfreeman@roseburg.k12.or.us,ROBERT,FREEMAN,5414404009,rfreeman@roseburg.k12.or.us,ROBERT,FREEMAN,5414404009,rfreeman@roseburg.k12.or.us,No,Yes,Yes,http://www.roseburg.k12.or.us/depts/board/policies/documents/JFCFNovember2015_000.pdf,No,-9,Yes,No,No,Yes,No,No,Yes,No,0,0,65,2,No,Yes,Yes,Yes,Yes,Yes,No,No,No
OR,OREGON,4110820,Salem-Keizer SD 24J,PO Box 12024,Salem,97309,Yes,41784,0,65,Yes,Yes,Yes,JOHN,BEIGHT,5033993061,beight_john@salkeiz.k12.or.us,JOHN,BEIGHT,5033993061,beight_john@salkeiz.k12.or.us,SALIA,WILSON,5033993101,wilson_salia@salkeiz.k12.or.us,No,Yes,Yes,https://salkeiz.k12.or.us/blog/wp-content/uploads/2017/07/INS-A003_AdminPolicy.pdf,No,-9,No,-9,-9,-9,-9,-9,-9,-9,-9,-9,-9,-9,-9,-9,-9,-9,No,-9,-9,-9,-9
OR,OREGON,4110890,Oregon Trail SD 46,PO Box 547,Sandy,97055,Yes,4395,0,10,Yes,Yes,Yes,TIMOTHY,WERNER,5036685541,timothy.werner@ortrail.k12.or.us,TIMOTHY,WERENER,5036685541,timothy.werner@ortrail.k12.or.us,KATIE,SCHWEITZERE,5036684949,katie.schweitzer@ortrail.k12.or.us,No,Yes,Yes,http://oregontrailschools.com/wp-content/uploads/2014/04/GBNA-5-10-10.pdf,No,-9,No,-9,-9,-9,-9,-9,-9,-9,-9,-9,-9,-9,-9,-9,-9,-9,Yes,Yes,No,No,No
OR,OREGON,4110980,Scappoose SD 1J,33589 High School Way,Scappoose,97056,No,2343,1,7,Yes,Yes,Yes,ADAM,STRACHAN,971-200-8005,astrachan@scappoose.k12.or.us,PAUL,PETERSON,971-200-8000,ppeterson@scappoose.k12.or.us,WHITNEY,HESSONG,971-200-8000,whessong@scappoose.k12.or.us,No,Yes,Yes,policy.osba.org/scappoos/J/index.asp,No,-9,Yes,No,No,No,Yes,Yes,Yes,Yes,0,10,14,3,Yes,-9,-9,-9,Yes,Yes,No,No,No
OR,OREGON,4111040,Scio SD 95,38875 NW First Ave,Scio,97374,No,789,0,5,Yes,No,Yes,GARY,TEMPEL,503-394-3261,tempelg@sciok12.org,-9,-9,-9,-9,GREG,NOLAN,503-394-3271,nolang@sciok12.org,No,Yes,Yes,http://policy.osba.org/scio/J/JFCF%20G2.PDF,No,-9,No,-9,-9,-9,-9,-9,-9,-9,-9,-9,-9,-9,-9,-9,-9,-9,Yes,Yes,No,No,No
OR,OREGON,4111100,Seaside SD 10,1801 S Franklin St,Seaside,97138,No,1584,0,5,Yes,Yes,Yes,JUSTINE,HILL,5037385591,jhill@seasidek12.org,JUSTINE,HILL,5037385591,jhill@seasidek12.org,LYNNE,GRIFFIN,5037385591,lgriffin@seasidek12.org,No,Yes,Yes,http://images.pcmac.org/Uploads/SeasideSD/SeasideSD/Divisions/DocumentsCategories/Documents/JFCF%20-%20Hazing-Harassment-Intimidation-Menacing-Bullying-Cyberbullying-Teen%20Dating%20Violence%20-%20Stu,No,-9,No,-9,-9,-9,-9,-9,-9,-9,-9,-9,-9,-9,-9,-9,-9,-9,Yes,Yes,No,No,No
OR,OREGON,4111220,Sheridan SD 48J,435 S Bridge St,Sheridan,97378,No,976,12,4,Yes,Yes,Yes,STEVEN,SUGG,(971) 261-6959,steven.sugg@sheridan.k12.or.us,STEVEN,SUGG,(971) 261-6959,steven.sugg@sheridan.k12.or.us,STEVEN,SUGG,(971) 261-6959,steven.sugg@sheridan.k12.or.us,No,Yes,Yes,http://policy.osba.org/sheridan/J/JFCF%20D1.PDF,No,-9,No,-9,-9,-9,-9,-9,-9,-9,-9,-9,-9,-9,-9,-9,-9,-9,Yes,Yes,No,No,No
OR,OREGON,4111250,Sherman County SD,65912 High School Lp,Moro,97039,No,252,0,1,Yes,Yes,Yes,WES,OWENS,5415653500,wowens@sherman.k12.or.us,WES,OWENS,5415653500,wowens@sherman.k12.or.us,WES,OWENS,5415653500,wowens@sherman.k12.or.us,No,Yes,Yes,http://policy.osba.org/sherman/index.asp,No,-9,No,-9,-9,-9,-9,-9,-9,-9,-9,-9,-9,-9,-9,-9,-9,-9,Yes,Yes,No,No,No
OR,OREGON,4111290,Sherwood SD 88J,23295 SW Main St,Sherwood,97140,No,5341,0,8,Yes,Yes,Yes,STEVE,EMMERT,5038255020,semmert@sherwood.k12.or.us,KAREN,DALBEY,5038255033,kdalbey@sherwood.k12.or.us,KAREN,DALBEY,5038255033,kdalbey@sherwood.k12.or.us,No,Yes,Yes,https://drive.google.com/file/d/1O0kORcuqB4JdgztW2QVpVUx6oGwjZmrA/view,No,-9,Yes,No,No,Yes,No,No,Yes,Yes,0,0,17,3,No,Yes,Yes,Yes,Yes,Yes,No,No,No
OR,OREGON,4111400,North Lake SD 14,57566 Fort Rock Rd,Silver Lake,97638,No,212,0,1,Yes,Yes,Yes,DAVID,KERR,541-576-2121,dkerr@nlake.k12.or.us,DAVID,KERR,541-576-2121,dkerr@nlake.k12.or.us,GAIL,BUERMANN,541-576-2121,gbuermann@nlake.k12.or.us,No,Yes,Yes,http://policy.osba.org/nlake/J/JFCF%20D1.PDF,No,-9,No,-9,-9,-9,-9,-9,-9,-9,-9,-9,-9,-9,-9,-9,-9,-9,Yes,Yes,No,No,No
OR,OREGON,4111450,Silver Falls SD 4J,612 Schlador Street,Silverton,97381,No,3994,3,13,Yes,Yes,Yes,DANDY,STEVENS,503-873-5303 ext 1138,stevens_dandy@silverfalls.k12.or.us,DANDY,STEVEN,503-873-5303 ext 1138,stevens_dandy@silverfalls.k12.or.us,DANA,PEDERSEN,503-873-5303 ext 1132,pedersen_dana@silverfalls.k12.or.us,No,Yes,Yes,http://policy.osba.org/sfalls/J/JFCF%20D1.PDF,No,-9,No,-9,-9,-9,-9,-9,-9,-9,-9,-9,-9,-9,-9,-9,-9,-9,Yes,Yes,No,No,No
OR,OREGON,4111490,Sisters SD 6,525 E Cascade Ave,Sisters,97759,No,1062,0,3,Yes,Yes,Yes,CURT,SCHOLL,541-549-8521 x5004,curt.scholl@sisters.k12.or.us,CURT,SCHOLL,541-549-8521 X5004,curt.scholl@sisters.k12.or.us,MARK,STEWART,541-549-4049 x5770,mark.stewart@sisters.k12.or.us,No,Yes,Yes,http://ssd6.org/school-board/policies/,No,-9,No,-9,-9,-9,-9,-9,-9,-9,-9,-9,-9,-9,-9,-9,-9,-9,Yes,Yes,No,Yes,No
OR,OREGON,4111580,South Lane SD 45J3,PO Box 218,Cottage Grove,97424,No,2293,0,10,Yes,Yes,Yes,BRIAN,MCCASLINE,(541) 942-3381 x133,brian.mccasline@slane.k12.or.us,BRIAN,MCCASLINE,(541) 942-3381 x133,brian.mccasline@slane.k12.or.us,CHAD,HAMILTON,(541)942-3381 x115,chad.hamilton@slane.k12.or.us,No,Yes,Yes,https://1.files.edl.io/RWss5vZlnEBqWPHLY6UTER35DUgQ6GzEtsYtskebDiJWyypi.pdf,No,-9,No,-9,-9,-9,-9,-9,-9,-9,-9,-9,-9,-9,-9,-9,-9,-9,Yes,Yes,No,No,No
OR,OREGON,4111610,South Umpqua SD 19,558 SW Chadwick Ln,Myrtle Creek,97457,No,1487,0,5,Yes,Yes,Yes,ANDY,JOHNSON,541-863-3115x1007,andy.johnson@susd.k12.or.us,ANDY,JOHNSON,541-863-3115x1007,andy.johnson@susd.k12.or.us,DIANE,DUNAS,541-863-3115x1024,diane.dunas@susd.k12.or.us,No,Yes,Yes,http://www.susd.k12.or.us/wp-content/uploads/2015/10/Hazing-Harassment-Intimidation-Bullying-Menacing-Policy.pdf,No,-9,No,-9,-9,-9,-9,-9,-9,-9,-9,-9,-9,-9,-9,-9,-9,-9,Yes,Yes,No,No,No
OR,OREGON,4111640,Spray SD 1,PO Box 230,Spray,97874,No,57,0,1,Yes,Yes,Yes,PHILIP,STARKEY,541-468-2226,pstarkey@spray.k12.or.us,PHILIP,STARKEY,541-468-2226,pstarkey@spray.k12.or.us,PHILIP,STARKEY,541-468-2226,pstarkey@spray.k12.or.us,No,Yes,No,-9,No,-9,Yes,No,No,Yes,No,Yes,Yes,No,0,3,3,0,Yes,-9,-9,-9,Yes,Yes,No,No,No
OR,OREGON,4111670,Springfield SD 19,525 Mill St,Springfield,97477,No,10628,0,21,Yes,Yes,Yes,BRIAN,MEGERT,5417263250,brian.megert@springfield.k12.or.us,BRIAN,MEGERT,5417263250,brian.megert@springfield.k12.or.us,BRIAN,MEGERT,5417263250,brian.megert@springfield.k12.or.us,No,Yes,Yes,http://policy.osba.org/sps/J/index.asp,No,-9,No,-9,-9,-9,-9,-9,-9,-9,-9,-9,-9,-9,-9,-9,-9,-9,Yes,Yes,No,Yes,No
OR,OREGON,4111720,St Helens SD 502,474 N 16th St,St Helens,97051,No,3012,0,7,Yes,Yes,Yes,SCOT,STOCKWELL,503-366-7200,scots@sthelens.k12.or.us,SCOT,STOCKWELL,503-366-7200,scots@sthelens.k12.or.us,LORI,THOMPSON,503-366-7229,lorit@sthelens.k12.or.us,No,Yes,Yes,ttp://policy.osba.org/sthelens/J/JFCF%20G1.PDF,No,-9,Yes,Yes,Yes,No,No,Yes,Yes,Yes,2,10,20,1,No,Yes,Yes,Yes,Yes,Yes,No,No,No
OR,OREGON,4111760,St Paul SD 45,20449 Main St NE,St Paul,97137,No,207,0,2,Yes,Yes,Yes,LYNN,ROBERTS,(503)633-2541,lroberts@stpaul.k12.or.us,LYNN,ROBERTS,(503)633-2541,lroberts@stpaul.k12.or.us,LYNN,ROBERTS,(503)633-2541,lroberts@stpaul.k12.or.us,No,Yes,Yes,https://www.stpaul.k12.or.us/site/default.aspx?PageType=3&ModuleInstanceID=302&ViewID=7b97f7ed-8e5e-4120-848f-a8b4987d588f&RenderLoc=0&FlexDataID=328&PageID=44,No,-9,Yes,No,No,No,Yes,Yes,Yes,Yes,0,4,15,1,No,No,Yes,Yes,Yes,Yes,No,No,No
OR,OREGON,4111790,Stanfield SD 61,1120 N Main St,Stanfield,97875,No,471,0,2,Yes,Yes,Yes,BETH,BURTON,5414498766,beth.burton@stanfieldsd.org,BETH,BURTON,5414498766,beth.burton@stanfieldsd.org,BETH,BURTON,5414498766,beth.burton@stanfieldsd.org,No,Yes,Yes,http://policy.osba.org/sfield/,No,-9,Yes,No,No,Yes,No,No,Yes,No,0,0,24,0,No,No,No,No,Yes,No,No,Yes,No
OR,OREGON,4111910,Suntex SD 10,PO Box 805,Hines,97738,No,13,0,1,Yes,Yes,Yes,JEFF,MAUPIN,(541)493-2019,jopie@centurytel.net,JULIE,OPIE,(541)573-3229,jopie@centurytel.net,GAYLE,MACKEY,(541)573-2122,mackeyg@harneyesd.k12.or.us,No,Yes,No,-9,No,-9,No,-9,-9,-9,-9,-9,-9,-9,-9,-9,-9,-9,-9,-9,-9,-9,Yes,Yes,No,No,No
OR,OREGON,4111940,Sutherlin SD 130,531 E Central Ave,Sutherlin,97479,No,1309,0,5,Yes,Yes,Yes,TERRY,PRESTIANNI,5414592228,terry.prestianni@sutherlin.k12.or.us,TERRY,PRESTIANNI,5414592228,terry.prestianni@sutherlin.k12.or.us,DEBBIE,FOLEY,5414592228,debbie.foley@sutherlin.k12.or.us,No,Yes,Yes,sutherlin.k12.or.us,Yes,No,Yes,Yes,No,No,No,No,Yes,Yes,0,0,0,0,No,Yes,No,Yes,Yes,Yes,No,No,No
OR,OREGON,4111970,Sweet Home SD 55,1920 Long St,Sweet Home,97386,No,2310,0,7,Yes,Yes,Yes,THAD,HOLUB,(541)367-7115,thad.holub@sweethome.k12.or.us,RACHEL,STUCKY,(541)367-7110,rachel.stucky@sweethome.k12.or.us,THAD,HOLUB,(541)367-7115,thad.holub@sweethome.k12.or.us,No,Yes,Yes,http://www.sweethome.k12.or.us/district/documents/board_policies.pdf,No,-9,No,-9,-9,-9,-9,-9,-9,-9,-9,-9,-9,-9,-9,-9,-9,-9,Yes,Yes,No,No,No
OR,OREGON,4112240,Tigard-Tualatin SD 23J,6960 SW Sandburg St,Tigard,97223,No,12820,31,18,Yes,Yes,Yes,DEBORAH,EBERT,503-431-4013,debert@ttsd.k12.or.us,DEBORAH,EBERT,503-431-4013,debert@ttsd.k12.or.us,DEBORAH,EBERT,503-431-4013,debert@ttsd.k12.or.us,No,Yes,Yes,http://tinyurl.com/jnfscac,Yes,Yes,Yes,Yes,No,Yes,Yes,Yes,Yes,Yes,7,67,132,22,Yes,-9,-9,-9,Yes,Yes,No,No,No
OR,OREGON,4112320,Tillamook SD 9,2510 1st St,Tillamook,97141,No,2165,0,5,Yes,Yes,Yes,CASSIE,THIEMENS,5038424414,thiemensc@tillamook.k12.or.us,CASSIE,THIEMENS,5038424414,thiemensc@tillamook.k12.or.us,DONNA,MINARD,5038424414,minardd@tillamook.k12.or.us,No,Yes,Yes,www.tillamook.k12.or.us,No,-9,No,-9,-9,-9,-9,-9,-9,-9,-9,-9,-9,-9,-9,-9,-9,-9,Yes,Yes,No,No,No
OR,OREGON,4112360,Troy SD 54,66247 Redmond Grade Ln,Enterprise,97828,No,3,0,1,Yes,Yes,Yes,KAREN,PATTON,541-426-7600,kpatton@r18esd.org,KAREN,PATTON,541-426-7600,kpatton@r18esd.org,BECCY,NORDTVEDT,541-426-7600,rnortdtvedt@r18esd.org,No,Yes,Yes,http://www.kasha.r18esd.org/OpenKM/login.jsp,No,-9,No,-9,-9,-9,-9,-9,-9,-9,-9,-9,-9,-9,-9,-9,-9,-9,Yes,Yes,No,No,No
OR,OREGON,4112540,Ukiah SD 80R,PO Box 218,Ukiah,97880,No,36,0,1,Yes,Yes,Yes,NORMA,BARBER,541-427-3740,norma.barber@ukiah.k12.or.us,NORMA,BARBER,541-427-3740,norma.barber@ukiah.k12.or.us,ANNE,COOTE,541-427-3734,anne.coote@ukiah.k12.or.us,No,Yes,Yes,www.osba.org,No,-9,No,-9,-9,-9,-9,-9,-9,-9,-9,-9,-9,-9,-9,-9,-9,-9,Yes,Yes,No,No,No
OR,OREGON,4112600,Umatilla SD 6R,1001 6th St,Umatilla,97882,No,1348,0,3,Yes,Yes,Yes,HEIDI,SIPE,541-922-6501,sipeh@umatillasd.org,HEIDI,SIPE,541-922-6501,sipeh@umatillasd.org,HEIDI,SIPE,541-922-6501,sipeh@umatillasd.org,No,Yes,Yes,https://umatilla.k12.or.us/non-discrimination,No,-9,No,-9,-9,-9,-9,-9,-9,-9,-9,-9,-9,-9,-9,-9,-9,-9,Yes,Yes,No,No,No
OR,OREGON,4112690,Union SD 5,PO Box K,Union,97883,No,337,0,2,Yes,Yes,Yes,CARTER,WELLS,(541)562-5166,carter.wells@unionsd5.org,CARTER,WELLS,(541)562-5166,carter.wells@unionsd5.org,CARTER,WELLS,(541)562-5166,carter.wells@unionsd5.org,No,Yes,Yes,www.union.k12.or.us,No,-9,No,-9,-9,-9,-9,-9,-9,-9,-9,-9,-9,-9,-9,-9,-9,-9,Yes,Yes,No,No,No
OR,OREGON,4112930,Vernonia SD 47J,1201 Texas Ave,Vernonia,97064,No,532,532,4,Yes,Yes,Yes,AARON,MILLER,503 429-5891,amiller@vernonia.k12.or.us,AARON,MILLER,503 429-5891,amiller@vernonia.k12.or.us,AARON,MILLER,503 429-5891,amiller@vernonia.k12.or.us,No,Yes,Yes,www.vernonia.k12.or.us,No,-9,No,-9,-9,-9,-9,-9,-9,-9,-9,-9,-9,-9,-9,-9,-9,-9,Yes,Yes,No,No,No
OR,OREGON,4112990,Wallowa SD 12,PO Box 425,Wallowa,97885,No,173,0,2,Yes,Yes,Yes,BRET,UPTMOR,(541)886-2061,buptmor@wallowa.k12.or.us,BRET,UPTMOR,(541)886-2061,BUPTMOR@WALLOWA.K12.OR.US,BRET,UPTMOR,(541)886-2061,BUPTMOR@WALLOWA.K12.OR.US,No,Yes,Yes,www.wallowa.k12.or.us,No,-9,No,-9,-9,-9,-9,-9,-9,-9,-9,-9,-9,-9,-9,-9,-9,-9,Yes,Yes,No,No,No
OR,OREGON,4113080,Warrenton-Hammond SD 30,820 SW Cedar St,Warrenton,97146,No,1040,0,2,Yes,Yes,Yes,RODNEY,HEYEN,(503) 861-3323 x114,heyenr@warerentonk12.org,MARK,JEFFERY,(503) 861-2281,jefferym@Warrentonk12.org,MARK,JEFFERY,(503) 861-2281,jefferym@warrentonk12.org,No,Yes,Yes,warrentonschools.org,No,-9,Yes,No,Yes,No,Yes,Yes,Yes,No,0,18,19,0,Yes,-9,-9,-9,Yes,Yes,No,No,No
OR,OREGON,4113170,West Linn-Wilsonville SD 3J,22210 SW Stafford Rd,Tualatin,97062,No,9934,6,17,Yes,Yes,Yes,KATHE,MONROE,5036737018,monroek@wlwv.k12.or.us,KATHE,MONROE,5036737018,monroek@wlwv.k12.or.us,JENNIFER,SPENCER-IIAMS,5036737026,spencerj@wlwv.k12.or.us,No,Yes,Yes,https://www.wlwv.k12.or.us/cms/lib8/OR01001812/Centricity/Domain/64/JB.pdf,No,-9,Yes,No,No,No,Yes,Yes,Yes,Yes,0,41,73,8,Yes,-9,-9,-9,Yes,Yes,No,No,No
OR,OREGON,4113350,Willamina SD 30J,PO Box 1000,Willamina,97396,No,891,0,3,Yes,Yes,Yes,CARRIE,ZIMBRICK,(503)876-1500,carrie.zimbrick@willamina.k12.or.us,CARRIE,ZIMBRICK,(503)876-1500,carrie.zimbrick@willamina.k12.or.us,CARRIE,ZIMBRICK,(503)876-1500,carrie.zimbrick@willamina.k12.or.us,No,Yes,Yes,https://sites.google.com/a/willamina.k12.or.us/district/report?pli=1,No,-9,No,-9,-9,-9,-9,-9,-9,-9,-9,-9,-9,-9,-9,-9,-9,-9,Yes,Yes,No,No,No
OR,OREGON,4113490,Winston-Dillard SD 116,620 NW Elwood,Winston,97496,No,1408,0,6,Yes,Yes,Yes,ROBERT,BOYE,541-679-3000 x 3501,boyer@wdsd.org,ROBERT,BOYE,541-679-3000 x 3501,boyer@wdsd.org,KEVIN,WILSON,541-679-3003 x 3419,wilsonk@wdsd.org,No,Yes,Yes,www.wdsd.org,No,-9,No,-9,-9,-9,-9,-9,-9,-9,-9,-9,-9,-9,-9,-9,-9,-9,Yes,Yes,No,No,No
OR,OREGON,4113530,Woodburn SD 103,1390 Meridian Drive,Woodburn,97071,No,5639,17,12,Yes,Yes,Yes,CASEY,WOOLLEY,503-981-2702,cwoolley@woodburnsd.org,CASEY,WOOLLEY,503-981-2702,cwoolley@woodburnsd.org,DANA,CHRISTIE,503-981-2707,dchristie@woodburnsd.org,No,Yes,Yes,http://www.woodburnsd.org/district/school-board/school-board-policies/,No,-9,No,-9,-9,-9,-9,-9,-9,-9,-9,-9,-9,-9,-9,-9,-9,-9,Yes,Yes,No,No,No
OR,OREGON,4113650,Yoncalla SD 32,PO Box 568,Yoncalla,97499,No,257,0,2,Yes,Yes,Yes,BRIAN,BERRY,541-849-2782,brian.berry@yoncalla.k12.or.us,BRIAN,BERRY,541-849-2782,brian.berry@yoncalla.k12.or.us,BRIAN,BERRY,541-849-2782,brian.berry@yoncalla.k12.or.us,No,Yes,Yes,http://policy.osba.org/yoncalla/J/index.asp,Yes,Yes,Yes,Yes,No,No,No,Yes,Yes,No,0,10,12,0,Yes,-9,-9,-9,Yes,Yes,No,No,No
OR,OREGON,4180070,High Desert ESD,2804 SW Sixth St,Redmond,97756,No,396,0,5,Yes,Yes,Yes,JAYEL,HAYDEN,541-693-5685,jayel.hayden@hdesd.org,JAYEL,HAYDEN,541-693-5685,jayel.hayden@hdesd.org,JAYEL,HAYDEN,541-693-5685,jayel.hayden@hdesd.org,No,Yes,Yes,http://www.hdesd.org/files/2014/09/JFCF-GBNA-Hazing-Harassment-Intimidation-Bullying-Menacing_0.pdf,Yes,No,Yes,No,No,Yes,Yes,Yes,Yes,Yes,0,140,187,69,No,Yes,No,No,No,-9,-9,-9,-9
OR,OREGON,4180180,Multnomah ESD,PO Box 301039,Portland,97294,No,292,35,4,Yes,Yes,Yes,DON,HICKS,(503)257-1518,dhicks@mesd.k12.or.us,DON,HICKS,(503)257-1518,dhicks@mesd.k12.or.us,DON,HICKS,(503)257-1518,dhicks@mesd.k12.or.us,No,Yes,Yes,policy.osba.org/mesd/search.asp,No,-9,No,-9,-9,-9,-9,-9,-9,-9,-9,-9,-9,-9,-9,-9,-9,-9,No,-9,-9,-9,-9
OR,OREGON,4180505,Clackamas ESD,13455 SE 97th Ave,Clackamas,97015,No,250,0,3,Yes,Yes,Yes,JEFFREY,FISH,5036754004,jfish@clackesd.k12.or.us,JEFFREY,FISH,5036754004,jfish@clackesd.k12.or.us,JEFFREY,FISH,5036754004,jfish@clackesd.k12.or.us,No,Yes,Yes,http://policy.osba.org/clackesd/G/GBNA%20G1.PDF,No,-9,No,-9,-9,-9,-9,-9,-9,-9,-9,-9,-9,-9,-9,-9,-9,-9,Yes,Yes,No,No,No
OR,OREGON,4199998,Klahre House School,965 Tucker Rd,Hood River,97031,No,11,0,1,Yes,Yes,Yes,MARK,RITTER,541-436-0342,markr@nextdoorinc.org,MARK,RITTER,541-436-0342,markr@nextdoorinc.org,MARK,RITTER,541-436-0342,markr@nextdoorinc.org,No,Yes,No,-9,No,-9,No,-9,-9,-9,-9,-9,-9,-9,-9,-9,-9,-9,-9,-9,-9,-9,No,-9,-9,-9,-9
OR,OREGON,4199999,ODE Juvenile Detention Education Program (JDEP),255 Capitol St NE,Salem,97310,Yes,180,0,11,Yes,Yes,Yes,EMILY,NAZAROV,5039475637,emily.nazarov@state.or.us,EMILY,NAZAROV,5039475637,emily.nazarov@state.or.us,EMILY,NAZAROV,5039475637,emily.nazarov@state.or.us,No,Yes,Yes,https://www.oregon.gov/ode/students-and-family/healthsafety/Documents/bullyingguidance.pdf,No,-9,No,-9,-9,-9,-9,-9,-9,-9,-9,-9,-9,-9,-9,-9,-9,-9,No,-9,-9,-9,-9
