State Postal Code,State FIPS Code,District ID,Name,Estimated Total Population,Estimated Population 5-17,Estimated number of relevant children 5 to 17 years old in poverty who are related to the householder
MS,28,360,Aberdeen School District,9429,1587,447
MS,28,450,Amory School District,9473,1625,424
MS,28,510,Attala County School District,7539,1327,342
MS,28,540,Baldwyn School District,5473,982,266
MS,28,600,Benton County School District,8312,1309,439
MS,28,820,Booneville School District,6166,888,233
MS,28,930,Carroll County School District,10139,1504,348
MS,28,960,Chickasaw County School District,2581,454,146
MS,28,990,Choctaw County School District,8278,1347,415
MS,28,1140,Coffeeville School District,5660,844,231
MS,28,1360,Durant Public School District,2437,478,293
MS,28,1380,East Jasper School District,6721,1048,431
MS,28,1440,Enterprise School District,3751,692,121
MS,28,1530,Franklin County School District,7765,1407,363
MS,28,1590,Greene County School District,13345,2024,456
MS,28,1890,Hollandale School District,3391,595,287
MS,28,2610,Leland School District,5429,896,364
MS,28,2760,Lumberton Public School District,5709,995,318
MS,28,2940,Monroe County School District,13367,2296,370
MS,28,2970,Montgomery County School District,5111,786,225
MS,28,3090,Nettleton School District,6828,1218,278
MS,28,3120,New Albany Public Schools,11462,2075,414
MS,28,3180,Newton Municipal School,6396,1105,364
MS,28,3270,North Tippah School District,7106,1313,292
MS,28,3390,Okolona Separate School District,5129,907,258
MS,28,3570,Perry County Schools,8358,1377,407
MS,28,3600,Philadelphia Public School District,6455,1287,389
MS,28,3690,Pontotoc City Schools,12876,2447,443
MS,28,3720,Poplarville Separate School District,13168,2220,439
MS,28,3870,Richton School District,3674,665,207
MS,28,3930,Senatobia Municipal School District,9923,1671,355
MS,28,3960,South Delta School District,5615,944,445
MS,28,4380,Union Public School District,3804,728,204
MS,28,4500,Water Valley School District,6837,1188,392
MS,28,4650,West Tallahatchie School,6519,762,316
MS,28,4740,Winona Separate School District,5062,908,305
