AL,ALABAMA,100005,Albertville City,107 W Main St,Albertville,35950,No,5445,0,6,Yes,Yes.1,Yes.2,TIMOTHY,TIDMORE,256-891-1183,ttidmore@albertk12.org,TIMOTHY.1,TIDMORE.1,256-891-1183.1,ttidmore@albertk12.org.1,TIMOTHY.2,TIDMORE.2,256-891-1183.2,ttidmore@albertk12.org.2,No.1,Yes.3,Yes.4,www.albertk12.org/apps/pages/index.jsp?uREC_ID=368921&type=d&termREC_ID=&pREC_ID=689254,Yes.5,No.2,Yes.6,Yes.7,Yes.8,Yes.9,No.3,No.4,Yes.10,No.5,1,6.1,127,0.1,Yes.11,-9,-9.1,-9.2,Yes.12,Yes.13,No.6,No.7,No.8
IN,INDIANA,1800006,Indiana Department of Correction,302 W Washington St Rm E334,Indianapolis,46204,Yes,320,383,4,Yes,Yes,Yes,CHRISTINE,BLESSINGER,317-234-2969,cblessinger@idoc.in.gov,CHRISTINE,BLESSINGER,317-234-2969,cblessinger@idoc.in.gov,STUART,BARNEY,574-7537571,sbarney@idoc.in.gov,No,Yes,No,-9,No,-9,No,-9,-9,-9,-9,-9,-9,-9,-9,-9,-9,-9,-9,-9,-9,-9,No,-9,-9,-9,-9
IN,INDIANA,1800010,Greater Randolph Interlocal Coop,325 S Oak St - Suite 301,Winchester,47394,No,27,0,2,Yes,Yes,Yes,LISA,WABER,(765)584-7602,lwaber@randolphcentral.us,LISA,WABER,(765)584-7602,lwaber@randolphcentral.us,LISA,WABER,(765)584-7602,lwaber@randolphcentral.us,No,Yes,No,-9,No,-9,No,-9,-9,-9,-9,-9,-9,-9,-9,-9,-9,-9,-9,-9,-9,-9,No,-9,-9,-9,-9
IN,INDIANA,1800011,Community Montessori Inc,4102 St Joseph Rd,New Albany,47150,No,542,0,1,Yes,Yes,Yes,BARBARA,BURKE FONDREN,812-948-1000,bfondren@shiningminds.com,BARBARA,BURKE FONDREN,812-948-1000,bfondren@shiningminds.com,BARBARA,BURKE FONDREN,812-948-1000,bfondren@shiningminds.com,No,Yes,Yes,https://docs.wixstatic.com/ugd/17b1fd_8cb027a737e743768cb0fc4c4433ded2.pdf,No,-9,No,-9,-9,-9,-9,-9,-9,-9,-9,-9,-9,-9,-9,-9,-9,-9,Yes,Yes,No,No,No
IN,INDIANA,1800013,Timothy L Johnson Academy,4625 Werling Dr,Fort Wayne,46806,No,312,0,1,Yes,Yes,Yes,DAWN,STARKS,(260)441-8727,dawn.starks@tljacademy.org,DAWN,STARKS,(260)441-8727,dawn.starks@tljacademy.org,DAWN,STARKS,(260)441-8727,dawn.starks@tljacademy.org,No,Yes,Yes,https://www.phalenacademies.org/TLJ,No,-9,No,-9,-9,-9,-9,-9,-9,-9,-9,-9,-9,-9,-9,-9,-9,-9,Yes,Yes,No,No,No
IN,INDIANA,1800016,Options Charter School - Carmel,530 W Carmel Dr,Carmel,46032,No,138,0,1,Yes,Yes,Yes,SHANNON,FRANKLIN,3178162098,sfranklin@optionsined.org,SHANNON,FRANKLIN,3178162098,sfranklin@optionsined.org,SHANNON,FRANKLIN,3178162098,sfranklin@optionsined.org,No,Yes,Yes,www.optionsschools.org,No,-9,No,-9,-9,-9,-9,-9,-9,-9,-9,-9,-9,-9,-9,-9,-9,-9,No,-9,-9,-9,-9
IN,INDIANA,1800021,Signature School Inc,610 Main St,Evansville,47708,No,373,0,1,Yes,Yes,Yes,JEAN,HITCHCOCK,812-421-1820,jean.hitchcock@signature.edu,JEAN,HITCHCOCK,812-421-1820,jean.hitchcock@signature.edu,JEAN,HITCHCOCK,812-421-1820,jean.hitchcock@signature.edu,No,Yes,Yes,https://signature.edu/sites/default/files/Antibullying%20Policy%202018.pdf,No,-9,No,-9,-9,-9,-9,-9,-9,-9,-9,-9,-9,-9,-9,-9,-9,-9,No,-9,-9,-9,-9
IN,INDIANA,1800023,IN Sch for the Blind & Vis Imprd,7725 N College Ave,Indianapolis,46240,No,127,0,1,Yes,Yes,Yes,JOSEPH,FREDWELL,317-253-1481 ext 118,jfredwell@isbvik12.org,JOSEPH,FREDWELL,317-253-1481 ext 118,jfredwell@isbvik12.org,JOSEPH,FREDWELL,317-253-1481 ext 118,jfredwell@isbvik12.org,Yes,Yes,Yes,www.isbvik12.org,No,-9,Yes,Yes,No,No,No,No,No,No,0,2,0,2,Yes,-9,-9,-9,Yes,Yes,No,No,No
IN,INDIANA,1800024,Indiana School For The Deaf,1200 E 42nd Street,Indianapolis,46205,No,322,0,1,Yes,Yes,Yes,JEREMY,HAWK,3171234567,jhawk@isd.k12.in.us,JEREMY,HAWK,3171234567,jhawk@isd.k12.in.us,JEREMY,HAWK,3171234567,jhawk@isd.k12.in.us,No,Yes,Yes,"www,deafhoosiers.com",No,-9,Yes,Yes,No,Yes,No,Yes,Yes,Yes,0,15,14,14,No,Yes,No,No,Yes,Yes,No,No,No
IN,INDIANA,1800027,Charter School of the Dunes,7300 E Melton Road,Gary,46403,No,452,0,1,Yes,Yes,Yes,KELLIE,EASTON,219-939-9690,keaston@csdunes.org,KELLIE,EASTON,219-939-9690,keaston@csdunes.org,JESSICA,STRYCHALSKI,219-939-9690,jstrychalski@csdunes.org,No,Yes,Yes,csdunes.org,No,-9,No,-9,-9,-9,-9,-9,-9,-9,-9,-9,-9,-9,-9,-9,-9,-9,Yes,Yes,No,No,No
IN,INDIANA,1800028,KIPP Indy College Prep,1740 E 30th St,Indianapolis,46218,No,292,0,1,Yes,Yes,Yes,BRITTANY,LENNON,3175475477,blennon@kippindy.org,ROBERT,GRIMM,3175475477,rgrimm@kippindy.org,ELEESE,PAYNE,3175475477,epayne@kippindy.org,No,Yes,No,-9,No,-9,No,-9,-9,-9,-9,-9,-9,-9,-9,-9,-9,-9,-9,-9,-9,-9,No,-9,-9,-9,-9
IN,INDIANA,1800033,SE Neighborhood Sch of Excellence,1601 S Barth Ave,Indianapolis,46203,No,594,0,1,Yes,Yes,Yes,DIANE,GREANEY,(317) 423-0204 x135,DGreaney@senseindy.or,DIANE,GREANEY,(317) 423-0204 x135,DGreaney@senseindy.org,DIANE,GREANEY,(317) 423-0204 x135,DGreaney@senseindy.or,No,Yes,Yes,http://www.senseindy.org/o/sense-charter/browse/6024,No,-9,No,-9,-9,-9,-9,-9,-9,-9,-9,-9,-9,-9,-9,-9,-9,-9,Yes,Yes,No,No,No
IN,INDIANA,1800037,Joshua Academy,1230 E Illinois St,Evansville,47711,No,187,0,1,Yes,Yes,Yes,PAMELA,DECKER,812-401-6300,pdecker@joshuaacademy.com,PAMELA,DECKER,812-401-6300,pdecker@joshuaacademy.com,PAMELA,DECKER,812-401-6300,pdecker@joshuaacademy.com,No,Yes,No,-9,No,-9,No,-9,-9,-9,-9,-9,-9,-9,-9,-9,-9,-9,-9,-9,-9,-9,Yes,Yes,No,No,No
IN,INDIANA,1800041,Indiana Academy for Sci Math Hmn,BSU - 301 N Talley Avenue,Muncie,47306,No,321,0,1,Yes,Yes,Yes,VICKIE,BARTON,765-285-8126,vbarton@bsu.edu,VICKIE,BARTON,765-285-8126,vbarton@bsu.edu,DAIN,KAVARS,765-285-7461,dwkavars@bsu.edu,No,Yes,Yes,https://academy.bsu.edu/about/legal-information/,No,-9,No,-9,-9,-9,-9,-9,-9,-9,-9,-9,-9,-9,-9,-9,-9,-9,No,-9,-9,-9,-9
IN,INDIANA,1800042,Andrew J Brown Academy,3600 N German Church Rd,Indianapolis,46235,No,642,0,1,Yes,Yes,Yes,JAMES,HILL,3178910730,49.jhill@nhaschools.com,JAMES,HILL,3178910730,49.jhill@nhaschools.com,JAMES,HILL,3178910730,49.jhill@nhaschools.com,No,Yes,No,-9,No,-9,No,-9,-9,-9,-9,-9,-9,-9,-9,-9,-9,-9,-9,-9,-9,-9,Yes,Yes,No,No,No
IN,INDIANA,1800043,Rural Community Schools Inc,PO Box 85,Graysville,47852,No,177,0,1,Yes,Yes,Yes,DEREK,GRANT,812-382-4500,derekg@rcsi.k12.in.us,DEREK,GRANT,8123824500,derekg@rcsi.k12.in.us,DEREK,GRANT,812-382-4500,derekg@rcsi.k12.in.us,No,Yes,Yes,http://www.rcsi.k12.in.us/non-discrimination/,No,-9,No,-9,-9,-9,-9,-9,-9,-9,-9,-9,-9,-9,-9,-9,-9,-9,Yes,Yes,No,No,No
IN,INDIANA,1800045,Charles A Tindley Accelerated Sch,3960 Meadows Dr,Indianapolis,46205,No,301,0,1,Yes,Yes,Yes,EDREECE,REDMOND,317-545-1745,REDMOND@TINDLEY.ORG,EDREECE,REDMOND,317-545-1745,REDMOND@TINDLEY.ORG,ASHLEY,USHI,317-545-1745,USHI@TINDLEY.ORG,No,Yes,Yes,https://www.tindley.org/wp-content/uploads/2017/04/Tindley-Secondary-Handbook-2018-2019.pdf,No,-9,No,-9,-9,-9,-9,-9,-9,-9,-9,-9,-9,-9,-9,-9,-9,-9,No,-9,-9,-9,-9
IN,INDIANA,1800048,East Chicago Urban Enterprise Academy,1402 E Chicago Ave,East Chicago,46312,No,417,0,1,Yes,Yes,Yes,VERONICA,ESKEW,219-392-3650 x224,veronica.eskew@leonagroup.com,VERONICA,ESKEW,219-392-3650 x224,veronica.eskew@leonagroup.com,VERONICA,ESKEW,219-392-3650 x224,veronica.eskew@leonagroup.com,No,Yes,Yes,https://www.ecuea.com/parent-student-handbook.html,No,-9,No,-9,-9,-9,-9,-9,-9,-9,-9,-9,-9,-9,-9,-9,-9,-9,Yes,Yes,No,No,No
IN,INDIANA,1800054,East Chicago Lighthouse Charter,3916 Pulaski St,East Chicago,46312,No,499,0,1,Yes,Yes,Yes,MARISA,METZGER,2193787450,marisa.metzger@nwi.lha.net,MARISA,METZGER,2193787450,marisa.metzger@nwi.lha.net,MARISA,METZGER,2193787450,marisa.metzger@nwi.lha.net,No,Yes,Yes,www.lighthouse-academies.org,No,-9,No,-9,-9,-9,-9,-9,-9,-9,-9,-9,-9,-9,-9,-9,-9,-9,Yes,Yes,No,No,No
IN,INDIANA,1800056,Options Charter School Noblesville,9945 Cumberland Pointe Blvd,Noblesville,46060,No,200,0,1,Yes,Yes,Yes,SHANNON,FRANKLIN,3178162098,sfranklin@optionsined.org,SHANNON,FRANKLIN,3178162098,sfranklin@optionsined.org,SHANNON,FRANKLIN,3178162098,sfranklin@optionsined.org,No,Yes,Yes,www.optionsined.org,No,-9,No,-9,-9,-9,-9,-9,-9,-9,-9,-9,-9,-9,-9,-9,-9,-9,No,-9,-9,-9,-9
IN,INDIANA,1800057,Avondale Meadows Academy,3980 Meadows Dr,Indianapolis,46205,No,459,0,1,Yes,Yes,Yes,JANIE,SEIVERS,317-803-3182,jseivers@unitedschoolsindy.org,JANIE,SEIVERS,317-803-3182,jseivers@unitedschoolsindy.org,JANIE,SEIVERS,317-803-3182,jseivers@unitedschoolsindy.org,No,Yes,Yes,https://avondalemeadowsacademy.com/resources/documents/,No,-9,No,-9,-9,-9,-9,-9,-9,-9,-9,-9,-9,-9,-9,-9,-9,-9,Yes,Yes,No,No,No
IN,INDIANA,1800059,Hope Academy,8102 Clearvista Pky,Indianapolis,46256,No,30,0,1,Yes,Yes,Yes,LINDA,GAGYI,3175729440,lgagyi@fairbankscd.org,LINDA,GAGYI,3175729440,lgagyi@fairbankscd.org,LINDA,GAGYI,3175729440,lgagyi@fairbankscd.org,No,Yes,Yes,https://www.hopeacademyrhs.org/,No,-9,No,-9,-9,-9,-9,-9,-9,-9,-9,-9,-9,-9,-9,-9,-9,-9,No,-9,-9,-9,-9
IN,INDIANA,1800061,Geist Montessori Academy,13942 E 96th St - Suite 120,McCordsville,46055,No,373,0,1,Yes,Yes,Yes,MOLLY,GREGORY,317-335-1158,mgregory@gma.k12.in.us,MOLLY,GREGORY,317-335-1158,mgregory@gma.k12.in.us,MOLLY,GREGORY,317-335-1158,mgregory@gma.k12.in.us,No,Yes,Yes,http://gmacademy.org/wp-content/uploads/2018/09/2018-19-Family-Student-Handbook.pdf,No,-9,No,-9,-9,-9,-9,-9,-9,-9,-9,-9,-9,-9,-9,-9,-9,-9,Yes,Yes,No,No,No
IN,INDIANA,1800064,Indianapolis Metropolitan High Sch,1635 W Michigan St,Indianapolis,46222,No,288,0,1,Yes,Yes,Yes,ZAIDA,MONELLE,3175244275,zmonell@goodwillindy.org,ZAIDA,MONELL,3175244275,zmonell@goodwillindy.org,ZAIDA,MONELL,3175244275,zmonell@goodwillindy.org,No,Yes,Yes,https://indianapolismet.org/wp-content/uploads/2018/08/IMET-Student-Handbook-18-19.pdf,No,-9,No,-9,-9,-9,-9,-9,-9,-9,-9,-9,-9,-9,-9,-9,-9,-9,No,-9,-9,-9,-9
IN,INDIANA,1800065,Renaissance Academy Charter School,4093 W US 20,LaPorte,46350,No,247,247,1,Yes,Yes,Yes,LORI,GAYHEART,(219)878-8711,lori@rschool.net,LORI,GAYHEART,(219)878-8711,lori@rschool.net,LORI,GAYHEART,(219)878-8711,lori@rschool.net,No,Yes,Yes,http://www.rschool.net/wp-content/uploads/2017/10/Student-Handbook-2017.pdf,No,-9,No,-9,-9,-9,-9,-9,-9,-9,-9,-9,-9,-9,-9,-9,-9,-9,Yes,Yes,No,No,No
IN,INDIANA,1800067,IN Math & Science Academy,4575 W 38th St,Indianapolis,46254,No,587,0,1,Yes,Yes,Yes,DRE,KNOX,317-259-7300,knox@imsaindy.org,DRE,KNOX,317-259-7300,knox@imsaindy.org,TAMARA,FRENCH,317-259-7300,french@imsaindy.org,No,Yes,Yes,www.imsaindy.org,No,-9,No,-9,-9,-9,-9,-9,-9,-9,-9,-9,-9,-9,-9,-9,-9,-9,Yes,Yes,No,No,No
IN,INDIANA,1800072,Hoosier Academy - Indianapolis,2855 North Franklin Rd,Indianapolis,46219,No,205,0,2,Yes,Yes,Yes,ELIZABETH,LAMEY,(317)495-6494,elamey@k12.com,BYRON,BROWN,(317)495-6494,bybrown@hoosieracademy.org,JEFFERY,DRAKE,(317)495-6494 x 5002,jdrake@hoosieracademy.org,No,Yes,Yes,https://ha.k12.com/title-ix-non-discrimination.html,No,-9,No,-9,-9,-9,-9,-9,-9,-9,-9,-9,-9,-9,-9,-9,-9,-9,Yes,Yes,No,No,No
IN,INDIANA,1800074,Dr Robert H Faulkner Academy,1111 W 2nd St,Marion,46952,No,83,0,1,Yes,Yes,Yes,JANICE,ADAMS,765-662-9910,jadams@faulkneracademy.org,JANICE,ADAMS,765-662-9910,jadams@faulkneracademy.org,JANICE,ADAMS,765-662-9910,jadams@faulkneracademy.org,No,Yes,Yes,www.faulkneracademy.org,No,-9,No,-9,-9,-9,-9,-9,-9,-9,-9,-9,-9,-9,-9,-9,-9,-9,Yes,No,Yes,No,No
IN,INDIANA,1800082,Hammond Academy of Science & Tech,33 Muenich Ct,Hammond,46320,No,535,0,1,Yes,Yes,Yes,SEAN,EGAN,219-852-0500 x101,segan@hammondacademy.org,SEAN,EGAN,219-852-0500 x101,segan@hammondacademy.org,ROGER,SCHWAGER,219-852-0500 x140,rschwager@hammondacademy.org,No,Yes,Yes,http://hammondacademy.org/wp-content/uploads/2011/07/BULLYING-POLICY.pdf,No,-9,No,-9,-9,-9,-9,-9,-9,-9,-9,-9,-9,-9,-9,-9,-9,-9,No,-9,-9,-9,-9
IN,INDIANA,1800083,The Bloomington Project School,349 S Walnut St,Bloomington,47401,No,278,0,1,Yes,Yes,Yes,CATHERINE,DIERSING,812-558-0041,cdiersing@theprojectschool.org,CATHERINE,DIERSING,812-558-0041,cdiersing@theprojectschool.org,KATHY,EADS,812-558-0041,keads@theprojectschool.org,No,Yes,Yes,www.theprojectschool.org,No,-9,No,-9,-9,-9,-9,-9,-9,-9,-9,-9,-9,-9,-9,-9,-9,-9,Yes,Yes,No,No,No
IN,INDIANA,1800088,Discovery Charter School,800 Canonie Dr,Porter,46304,No,533,0,1,Yes,Yes,Yes,ERNESTO,MARTINEZ,219-983-9800 x20104,emartinez@discoverycharter.org,DIANE,MEDLEY,219-983-9800 x20106,dmedley@discoverycharter.org,PAMELA,MOORE,219-983-9800 x20106,pmoore@discoverycharter.org,No,Yes,Yes,http://www.discoverycharter.org/,No,-9,No,-9,-9,-9,-9,-9,-9,-9,-9,-9,-9,-9,-9,-9,-9,-9,Yes,Yes,No,No,No
IN,INDIANA,1800099,Rock Creek Community Academy,11525 Hwy 31,Sellersburg,47172,No,459,0,1,Yes,Yes,Yes,JENNIFER,BROWN,812-246-9271,JBROWN@RCCASI.ORG,JENNIFER,BROWN,812-246-9271,JBROWN@RCCASI.ORG,DEONYA,MUHAMMAD,812-246-9271,DMUHAMMAD@RCCASI.ORG,No,Yes,No,-9,No,-9,No,-9,-9,-9,-9,-9,-9,-9,-9,-9,-9,-9,-9,-9,-9,-9,Yes,Yes,No,No,No
IN,INDIANA,1800101,Career Academy High School,3801 Crescent Cir,South Bend,46628,No,297,0,1,Yes,Yes,Yes,TAMARA,COLLINS,(574)299-9800 x1619,tcollins@careeracademysb.com,TAMARA,COLLINS,(574)299-9800 x1619,tcollins@careeracademyb.com,TAMARA,COLLINS,(574)299-9800 x1619,tcollins@careeracademysb.com,No,Yes,Yes,careeracademysb.com,No,-9,No,-9,-9,-9,-9,-9,-9,-9,-9,-9,-9,-9,-9,-9,-9,-9,No,-9,-9,-9,-9
IN,INDIANA,1800102,Gary Middle College,131 E 5th Ave,Gary,46402,No,227,0,1,Yes,Yes,Yes,DANA,TEASLEY,317-713-4207,DTeasley@ourgeo.org,DANA,TEASLEY,317-713-4207,DTeasley@ourgeo.org,DANA,TEASLEY,317-713-4207,DTeasley@ourgeo.org,No,Yes,Yes,https://garymiddlecollege.org/wp-content/uploads/2018/08/Scanned-from-a-Xerox-Multifunction-Printer.pdf,No,-9,No,-9,-9,-9,-9,-9,-9,-9,-9,-9,-9,-9,-9,-9,-9,-9,No,-9,-9,-9,-9
IN,INDIANA,1800105,Southside Sp Srvs Of Marion Co,5391 S Shelby St,Indianapolis,46227,No,135,0,1,Yes,Yes,Yes,PAM,JOHNSON,(317)789-1661,pjohnson@sssmc.k12.in.us,PAM,JOHNSON,(317)789-1661,pjohnson@sssmc.k12.in.us,PAM,JOHNSON,(317)789-1661,pjohnson@sssmc.k12.in.us,No,Yes,Yes,www.riselearningcenter.org,No,-9,No,-9,-9,-9,-9,-9,-9,-9,-9,-9,-9,-9,-9,-9,-9,-9,Yes,Yes,No,No,No
IN,INDIANA,1800107,Tri-Township Cons School Corp,PO Box 249,Wanatah,46390,No,363,0,2,Yes,Yes,Yes,KELLY,SHEPHERD,(219)754-2709,kshepherd@tritownship.k12.in.us,KELLY,SHEPHERD,(219)754-2709,kshepherd@tritownship.k12.in.us,KELLY,SHEPHERD,(219)754-2709,kshepherd@tritownship.k12.in.us,No,Yes,Yes,www.tritownship.k12.in.us,No,-9,Yes,No,No,No,Yes,No,Yes,Yes,0,0,6,0,Yes,-9,-9,-9,Yes,Yes,No,No,No
IN,INDIANA,1800108,Damar Charter Academy,5125 Decatur Blvd - Suite D,Indianapolis,46241,No,198,0,1,Yes,Yes,Yes,AIMEE,BROWN,317-455-2400,aimeeb@damarcharteracademy.org,AIMEE,BROWN,317-455-2400,aimeeb@damarcharteracademy.org,AIMEE,BROWN,317-455-2400,aimeeb@damarcharteracademy.org,No,Yes,No,-9,No,-9,No,-9,-9,-9,-9,-9,-9,-9,-9,-9,-9,-9,-9,-9,-9,-9,Yes,Yes,No,No,No
IN,INDIANA,1800113,Neighbors' New Vistas High School,5201 US Hwy 6,Portage,46368,No,186,0,1,Yes,Yes,Yes,REBECCA,REINER,219-841-7046,rreiner@neoadulted.org,REBECCA,REINER,219-841-7046,rreiner@neoadulted.org,ANNA,SWOPE,219-850-4448,aswope@neoadulted.org,No,Yes,Yes,www.neoadulted.org,No,-9,No,-9,-9,-9,-9,-9,-9,-9,-9,-9,-9,-9,-9,-9,-9,-9,No,-9,-9,-9,-9
IN,INDIANA,1800116,Excel Center - Anderson,630 Nichol Ave,Anderson,46016,No,301,0,1,Yes,Yes,Yes,ZAIDA,MONELLE,3175244275,zmonell@goodwillindy.org,ZAIDA,MONELL,3175244275,zmonell@goodwillindy.org,ZAIDA,MONELL,3175244275,zmonell@goodwillindy.org,No,Yes,Yes,https://excelcenter.org/wp-content/uploads/2018/05/2018-2019-Excel-Center-Student-Handbook.pdf,No,-9,No,-9,-9,-9,-9,-9,-9,-9,-9,-9,-9,-9,-9,-9,-9,-9,No,-9,-9,-9,-9
IN,INDIANA,1800119,Edison Learning Roosevelt,730 W 25th Ave,Gary,46407,No,277,0,1,No,No,No,-9,-9,-9,-9,-9,-9,-9,-9,-9,-9,-9,-9,No,Yes,Yes,https://www.theodorerooseveltcca.org/domain/22,No,-9,No,-9,-9,-9,-9,-9,-9,-9,-9,-9,-9,-9,-9,-9,-9,-9,No,-9,-9,-9,-9
IN,INDIANA,1800122,Christel House DORS South,2717 S East St,Indianapolis,46225,No,283,0,1,Yes,Yes,Yes,SARAH,WEIMER,317-783-4686,sweimer@chschools.org,SARAH,WEIMER,317-783-4686,sweimer@chschools.org,SARAH,WEIMER,317-783-4686,sweimer@chschools.org,No,Yes,Yes,http://handbook.chacademy.org/,No,-9,No,-9,-9,-9,-9,-9,-9,-9,-9,-9,-9,-9,-9,-9,-9,-9,No,-9,-9,-9,-9
IN,INDIANA,1800123,Inspire Academy - A Sch of Inquiry,2801 E 16th St,Muncie,47302,No,204,204,1,Yes,Yes,Yes,SHAMEKA,GORDON,7655327320,sgordon@inspiremuncie.org,SHAMEKA,GORDON,7655327320,sgordon@inspiremuncie.org,SHAMEKA,GORDON,7655327320,sgordon@inspiremuncie.org,No,Yes,Yes,http://www.inspiremuncie.org/?L=2&PN=MainPage&DivisionID=%2723174%27&DepartmentID=%2728460%27&SubDepartmentID=%27%27&TabNo=2,No,-9,No,-9,-9,-9,-9,-9,-9,-9,-9,-9,-9,-9,-9,-9,-9,-9,Yes,Yes,No,No,No
IN,INDIANA,1800124,Phalen Leadership Academy - IN Inc,2323 North Illinois Street,Indianapolis,46208,No,270,0,1,Yes,Yes,Yes,MICHELLE,REEVES,317-989-3314,mreeves@phalenacademies.org,MICHELLE,REEVES,317-989-3314,mreeves@phalenacademies.org,MICHELLE,REEVES,317-989-3314,mreeves@phalenacademies.org,No,Yes,Yes,https://www.phalenacademies.org/GVPLA,No,-9,No,-9,-9,-9,-9,-9,-9,-9,-9,-9,-9,-9,-9,-9,-9,-9,Yes,Yes,No,No,No
IN,INDIANA,1800126,CSUSA Howe,800 corporte Dr Suite 400,Fort Lauderdale,33308,No,488,0,1,Yes,Yes,Yes,KEONA,ALLEN,3172171980,kallen@tchowhighschool.org,KEONA,ALLEN,3172171980,kallen@tchowehighschool.org,ROB,KING,3172171980,rking@emmerichmanualhs.org,No,Yes,Yes,www.tchowehighschool.org,No,-9,No,-9,-9,-9,-9,-9,-9,-9,-9,-9,-9,-9,-9,-9,-9,-9,No,-9,-9,-9,-9
IN,INDIANA,1800127,CSUSA Donnan,800 Corporate Dr,Ft Lauderdale,33334,No,351,0,1,Yes,Yes,Yes,ERIN,KIMBLE,3172171979,ekimble@emmadonnanms.org,ERIN,KIMBLE,3172171979,ekimble@emmadonnanms.org,ROBB,KING,3172171979,rking@emmerichmanualhs.org,No,Yes,Yes,www.emmadonnanms.org,No,-9,Yes,No,Yes,No,No,Yes,Yes,Yes,0,1,2,6,Yes,-9,-9,-9,Yes,No,Yes,No,No
IN,INDIANA,1800128,Tindley Preparatory Academy,3960 Meadows Dr,Indianapolis,46205,No,144,0,1,Yes,Yes,Yes,EDREECE,REDMOND,317-545-1745,redmond@tindley.org,EDREECE,REDMOND,317-545-1745,redmomd@tindley.org,ASHLEY,USHI,317-545-1745,ushi@tindley.org,No,Yes,Yes,https://www.tindley.org/wp-content/uploads/2017/04/Tindley-Secondary-Handbook-2018-2019.pdf,No,-9,No,-9,-9,-9,-9,-9,-9,-9,-9,-9,-9,-9,-9,-9,-9,-9,No,-9,-9,-9,-9
IN,INDIANA,1800129,Canaan Community Academy,8775 N Canaan Main St POB 20,Canaan,47224,No,103,0,1,Yes,Yes,Yes,DONNA,TAYLOR,8128390003,dtaylor@canaanca.com,DONNA,TAYLOR,8128390003,dtaylor@canaanca.com,DONNA,TAYLOR,8128390003,dtaylor@canaanca.com,No,Yes,No,-9,No,-9,No,-9,-9,-9,-9,-9,-9,-9,-9,-9,-9,-9,-9,-9,-9,-9,Yes,Yes,Yes,No,No
IN,INDIANA,1800131,Smith Academy for Excellence,725 W Washington Blvd,Fort Wayne,46802,No,73,0,1,Yes,Yes,Yes,COREY,SMITH,2605796939,corey@fwsafe.com,COREY,SMITH,2605796939,corey@fwsafe.com,COREY,SMITH,2605796939,corey@fwsafe.com,No,Yes,Yes,http://www.fwsafe.com/policies.html,No,-9,No,-9,-9,-9,-9,-9,-9,-9,-9,-9,-9,-9,-9,-9,-9,-9,No,-9,-9,-9,-9
IN,INDIANA,1800134,Excel Center - Richmond,1215 S 'J' St,Richmond,47374,No,262,0,1,Yes,Yes,Yes,ZAIDA,MONELLE,3175244275,zmonell@goodwillindy.org,ZAIDA,MONELL,3175244275,zmonell@goodwillindy.org,ZAIDA,MONELL,3175244275,zmonell@goodwillindy.org,No,Yes,Yes,https://excelcenter.org/wp-content/uploads/2018/05/2018-2019-Excel-Center-Student-Handbook.pdf,No,-9,No,-9,-9,-9,-9,-9,-9,-9,-9,-9,-9,-9,-9,-9,-9,-9,No,-9,-9,-9,-9
IN,INDIANA,1800135,Excel Center - Kokomo,101 W Superior St,Kokomo,46901,No,280,0,1,Yes,Yes,Yes,ZAIDA,MONELLE,3175244275,zmonell@goodwillindy.org,ZAIDA,MONELL,3175244275,zmonell@goodwillindy.org,ZAIDA,MONELL,3175244275,zmonell@goodwillindy.org,No,Yes,Yes,https://excelcenter.org/wp-content/uploads/2018/05/2018-2019-Excel-Center-Student-Handbook.pdf,No,-9,No,-9,-9,-9,-9,-9,-9,-9,-9,-9,-9,-9,-9,-9,-9,-9,No,-9,-9,-9,-9
IN,INDIANA,1800137,Enlace Academy,3725 Kiel Ave,Indianapolis,46224,No,423,0,1,Yes,Yes,Yes,KEVIN,KUBACKI,317-383-0607,kkubacki@ncnschools.org,KEVIN,KUBACKI,317-383-0607,kkubacki@ncnschools.org,KEVIN,KUBACKI,317-383-0607,kkubacki@ncnschools.org,No,Yes,Yes,https://static1.squarespace.com/static/5b2bc7e59772ae59d48dfde0/t/5bf2e31640ec9acef3fea5f8/1542644505901/Family+Handbook_18-19.pdf,No,-9,No,-9,-9,-9,-9,-9,-9,-9,-9,-9,-9,-9,-9,-9,-9,-9,Yes,Yes,No,No,No
IN,INDIANA,1800138,Excel Center - Lafayette Square,6000 W 34th Street,Indianapolis,46224,No,317,0,1,Yes,Yes,Yes,ZAIDA,MONELLE,3175244275,zmonell@goodwillindy.org,ZAIDA,MONELL,3175244275,zmonell@goodwillindy.org,ZAIDA,MONELL,3175244275,zmonell@goodwillindy.org,No,Yes,Yes,https://excelcenter.org/wp-content/uploads/2018/05/2018-2019-Excel-Center-Student-Handbook.pdf,No,-9,No,-9,-9,-9,-9,-9,-9,-9,-9,-9,-9,-9,-9,-9,-9,-9,No,-9,-9,-9,-9
IN,INDIANA,1800139,Tindley Collegiate Academy,3960 Meadows Dr,Indianapolis,46205,No,216,0,1,Yes,Yes,Yes,EDREECE,REDMOND,317-545-1745,redmond@tindley.org,EDREECE,REDEMOND,317-545-1745,redmond@tindley.org,ASHLEY,USHI,317-545-1745,ushi@tindley.org,No,Yes,Yes,https://www.tindley.org/wp-content/uploads/2017/04/Tindley-Secondary-Handbook-2018-2019.pdf,No,-9,No,-9,-9,-9,-9,-9,-9,-9,-9,-9,-9,-9,-9,-9,-9,-9,No,-9,-9,-9,-9
IN,INDIANA,1800141,Tindley Renaissance Academy,3960 Meadows Dr,Indianapolis,46205,No,510,0,1,Yes,Yes,Yes,EDREECE,REDMOND,317-545-1745,redmond@tindley.org,EDREECE,REDMOND,317-545-1745,redmond@tindley.org,ASHLEY,USHI,317-545-1745,ushi@tindley.org,No,Yes,Yes,https://www.tindley.org/wp-content/uploads/2017/04/Tindley-Elementary-Handbook-2018-2019.pdf,No,-9,No,-9,-9,-9,-9,-9,-9,-9,-9,-9,-9,-9,-9,-9,-9,-9,Yes,Yes,No,No,No
IN,INDIANA,1800142,Excel Center - Lafayette,615 N 18th St 2nd Floor,Lafayette,47904,No,263,0,1,Yes,Yes,Yes,ZAIDA,MONELLE,3175244275,zmonell@goodwillindy.org,ZAIDA,MONELL,3175244275,zmonell@goodwillindy.org,ZAIDA,MONELL,3175244275,zmonell@goodwillindy.org,No,Yes,Yes,https://excelcenter.org/wp-content/uploads/2018/05/2018-2019-Excel-Center-Student-Handbook.pdf,No,-9,No,-9,-9,-9,-9,-9,-9,-9,-9,-9,-9,-9,-9,-9,-9,-9,No,-9,-9,-9,-9
IN,INDIANA,1800145,Tindley Genesis Academy,3960 Meadows Dr,Indianapolis,46205,No,253,0,1,Yes,Yes,Yes,EDREECE,REDMOND,317-545-1745,redmond@tindley.org,EDREECE,REDMOND,317-545-1745,redmond@tindley.org,ASHLEY,USHI,317-545-1745,ushi@tindley.org,No,Yes,Yes,https://www.tindley.org/wp-content/uploads/2017/04/Tindley-Elementary-Handbook-2018-2019.pdf,No,-9,No,-9,-9,-9,-9,-9,-9,-9,-9,-9,-9,-9,-9,-9,-9,-9,Yes,Yes,No,No,No
IN,INDIANA,1800146,Vision Academy,1751 E Riverside Drive,Indianapolis,46202,No,435,0,1,No,No,No,-9,-9,-9,-9,-9,-9,-9,-9,-9,-9,-9,-9,No,Yes,Yes,http://visionacademy-riverside.org/for-parents/,No,-9,No,-9,-9,-9,-9,-9,-9,-9,-9,-9,-9,-9,-9,-9,-9,-9,Yes,Yes,No,No,No
IN,INDIANA,1800147,KIPP Indy Unite Elementary,1740 E 30th Street,Indianapolis,46218,No,398,0,1,Yes,Yes,Yes,BRITTANY,SEIBERT,3174574577,bseibert@kippindy.org,ROBERT,GRIMM,3174574577,rgrimm@kippindy.org,ELEESE,PAYNE,3174574577,epayne@kippindy.org,No,Yes,No,-9,No,-9,No,-9,-9,-9,-9,-9,-9,-9,-9,-9,-9,-9,-9,-9,-9,-9,Yes,Yes,No,No,No
IN,INDIANA,1800148,Tindley Summit Academy,3960 Meadows Dr,Indianapolis,46205,No,274,0,1,Yes,Yes,Yes,EDREECE,REDMOND,317-545-1745,redmond@tindley.org,EDREECE,REDMOND,317-545-1745,redmond@tindley.org,ASHLEY,USHI,317-545-1745,ushi@tindley.org,No,Yes,Yes,https://www.tindley.org/wp-content/uploads/2017/04/Tindley-Elementary-Handbook-2018-2019.pdf,No,-9,No,-9,-9,-9,-9,-9,-9,-9,-9,-9,-9,-9,-9,-9,-9,-9,Yes,Yes,No,No,No
IN,INDIANA,1800149,Christel House Academy West,55 North Tibbs,Indianapolis,46222,No,322,0,1,Yes,Yes,Yes,SARAH,WEIMER,317-783-4690,sweimer@chschools.org,SARAH,WEIMER,317-783-4690,sweimer@chschools.org,SARAH,WEIMER,317-783-4690,sweimer@chschools.org,No,Yes,Yes,http://handbook.chacademy.org/,No,-9,No,-9,-9,-9,-9,-9,-9,-9,-9,-9,-9,-9,-9,-9,-9,-9,No,-9,-9,-9,-9
IN,INDIANA,1800152,Indianapolis Academy of Excellence,1145 E 22nd St,Indianapolis,46202,No,131,0,1,Yes,Yes,Yes,TARA,GUSTIN,317-653-4009,tgustin@iaetb.org,TARA,GUSTIN,317-653-4009,tgustin@iaetb.org,TARA,GUSTIN,317-653-4009,tgustin@iaetb.org,No,Yes,Yes,http://iae.teamcfa.school/student-life/parent-student-info/,No,-9,No,-9,-9,-9,-9,-9,-9,-9,-9,-9,-9,-9,-9,-9,-9,-9,Yes,Yes,No,No,No
IN,INDIANA,1800159,Excel Center - University Heights,3919 Madison Ave,Indianapolis,46227,No,332,0,1,Yes,Yes,Yes,ZAIDA,MONELLE,3175244275,zmonell@goodwillindy.org,ZAIDA,MONELL,3175244275,zmonell@goodwillindy.org,ZAIDA,MONELL,3175244275,zmonell@goodwillindy.org,No,Yes,Yes,https://excelcenter.org/wp-content/uploads/2018/05/2018-2019-Excel-Center-Student-Handbook.pdf,No,-9,No,-9,-9,-9,-9,-9,-9,-9,-9,-9,-9,-9,-9,-9,-9,-9,No,-9,-9,-9,-9
IN,INDIANA,1800160,Marion Academy,2107 North Riley,Indianapolis,46218,No,48,0,1,Yes,Yes,Yes,MARK,WEST,(317)370-7732,mwest@marionacademyin.org,JOHNNIE,WASHINGTON,(317)983-1300 x213,jwashington@marionacademyin.org,DEBORAH,DALEY,(317)439-5261,ddaley@marionacademyin.org,No,Yes,No,-9,No,-9,No,-9,-9,-9,-9,-9,-9,-9,-9,-9,-9,-9,-9,-9,-9,-9,No,-9,-9,-9,-9
IN,INDIANA,1800163,Excel Center - Noblesville,1635 W Michigan St,Indianapolis,46222,No,140,0,1,Yes,Yes,Yes,ZAIDA,MONELLE,3175244275,zmonell@goodwillindy.org,ZAIDA,MONELL,3175244275,zmonell@goodwillindy.org,ZAIDA,MONELL,3175244275,zmonell@goodwillindy.org,No,Yes,Yes,https://excelcenter.org/wp-content/uploads/2018/05/2018-2019-Excel-Center-Student-Handbook.pdf,No,-9,No,-9,-9,-9,-9,-9,-9,-9,-9,-9,-9,-9,-9,-9,-9,-9,No,-9,-9,-9,-9
IN,INDIANA,1800164,Career Academy Middle School,3801 Crescent Circle - Suite B,South Bend,46628,No,323,0,1,Yes,Yes,Yes,TAMARA,COLLINS,(574)299-9800 x1619,tcollins@careeracademysb.com,TAMARA,COLLINS,(574)299-9800 x1619,tcollins@careeracademysb.com,TAMARA,COLLINS,(574)299-9800 x1619,tcollins@careeracademysb.com,No,Yes,Yes,careeracademysb.com,No,-9,No,-9,-9,-9,-9,-9,-9,-9,-9,-9,-9,-9,-9,-9,-9,-9,Yes,No,Yes,No,No
IN,INDIANA,1800165,Dugger Union Community School Corp,7356 E County Road 50 South,Dugger,47848,No,360,0,1,Yes,Yes,Yes,DARIN,SIMPSON,(812)648-7109,dsimpson@duggerunionschools.org,DARIN,SIMPSON,(812)648-7109,dsimpson@duggerunionschools.org,DARIN,SIMPSON,(812)648-7109,dsimpson@duggerunionschools.org,No,Yes,Yes,http://duggerunionschools.org/administration/forms-policies/,No,-9,No,-9,-9,-9,-9,-9,-9,-9,-9,-9,-9,-9,-9,-9,-9,-9,Yes,Yes,No,No,No
IN,INDIANA,1800166,Christel House DORS West,55 N. Tibbs,Indianapolis,46222,No,224,1,1,Yes,Yes,Yes,SARAH,WEIMER,317-783-4686,sweimer@chschools.org,SARAH,WEIMER,317-783-4686,sweimer@chschools.org,SARAH,WEIMER,317-783-4686,sweimer@chschools.org,No,Yes,Yes,http://handbook.chacademy.org/,No,-9,No,-9,-9,-9,-9,-9,-9,-9,-9,-9,-9,-9,-9,-9,-9,-9,No,-9,-9,-9,-9
IN,INDIANA,1800168,Mays Community Academy,929 Suth Street,Mays,46155,No,181,0,1,Yes,Yes,Yes,SHANNON,NEW,765.645.5577,shannonnew@mays.k12.in.us,SHANNON,NEW,765.645.5577,shannonnew@mays.k12.in.us,SHANNON,NEW,765.645.5577,shannonnew@mays.k12.in.us,No,Yes,Yes,http://mayscommunityacademy.com/Cafe.aspx,No,-9,No,-9,-9,-9,-9,-9,-9,-9,-9,-9,-9,-9,-9,-9,-9,-9,Yes,Yes,No,No,No
IN,INDIANA,1800169,Excel Center - South Bend,PO Box 3846,South Bend,46619,No,187,0,1,Yes,Yes,Yes,DAN,SCARSELLA,(574)472-7309,dscarsella@goodwill-ni.org,DAN,SCARSELLA,(574)472-7309,dscarsella@goodwill-ni.org,DAN,SCARSELLA,(574)472-7309,dscarsella@goodwill-ni.org,No,No,-9,-9,No,-9,No,-9,-9,-9,-9,-9,-9,-9,-9,-9,-9,-9,-9,-9,-9,-9,No,-9,-9,-9,-9
IN,INDIANA,1800170,Global Preparatory Academy,2033 Sugar Grove Ave,Indianapolis,46202,No,348,0,1,Yes,Yes,Yes,MARIAMA,CARSON,317-226-4244,info@globalprepindy.org,MARIAMA,CARSON,317-226-4244,info@globalprepindy.org,MARIAMA,CARSON,317-217-1979,info@globalprepindy.org,No,Yes,Yes,www.globalprepindy.org,No,-9,No,-9,-9,-9,-9,-9,-9,-9,-9,-9,-9,-9,-9,-9,-9,-9,Yes,Yes,No,No,No
IN,INDIANA,1800171,Steel City Academy,2650 West 35th Avenue,Gary,46408,No,298,0,1,Yes,Yes,Yes,KATIE,KIRLEY,(219)750-1010,katie.kirley@steelcityacademy.org,KATIE,KIRLEY,(219) 750-1010,katie.kirley@steelcityacademy.org,KATIE,KIRLEY,(219) 750-1010,katie.kirley@steelcityacademy.org,No,Yes,No,-9,No,-9,No,-9,-9,-9,-9,-9,-9,-9,-9,-9,-9,-9,-9,-9,-9,-9,No,-9,-9,-9,-9
IN,INDIANA,1800172,ACE Preparatory Academy,5326 Hillside Ave,Indianapolis,46220,No,81,0,1,Yes,Yes,Yes,KERRIESHA,ADAMS,317-744-9847,KADAMS@ACEPREPACADEMY.ORG,KERRIESHA,ADAMS,317-744-9847,KADAMS@ACEPREPACADEMY.ORG,KERRIESHA,ADAMS,317-744-9847,KADAMS@ACEPREPACADEMY.ORG,No,Yes,No,-9,No,-9,No,-9,-9,-9,-9,-9,-9,-9,-9,-9,-9,-9,-9,-9,-9,-9,Yes,Yes,No,No,No
IN,INDIANA,1800175,Excel Center - Shelbyville,111 North Harrison Street,Shelbyville,46176,No,104,0,1,Yes,Yes,Yes,ZAIDA,MONELLE,3175244275,zmonell@goodwillindy.org,ZAIDA,MONELL,3175244275,zmonell@goodwillindy.org,ZAIDA,MONELL,3175244275,zmonell@goodwillindy.org,No,Yes,Yes,https://excelcenter.org/wp-content/uploads/2018/05/2018-2019-Excel-Center-Student-Handbook.pdf,No,-9,No,-9,-9,-9,-9,-9,-9,-9,-9,-9,-9,-9,-9,-9,-9,-9,No,-9,-9,-9,-9
IN,INDIANA,1800176,Seven Oaks Classical School,200 E Association St,Bloomington,47429,No,226,0,1,Yes,Yes,Yes,TYVORIS,THOMAS,812-935-5003,tyvoris.thomas@sevenoaksclassical.org,TYVORIS,THOMAS,812-935-5003,yvoris.thomas@sevenoaksclassical.org,TYVORIS,THOMAS,812-935-5003,yvoris.thomas@sevenoaksclassical.org,No,Yes,Yes,https://static1.squarespace.com/static/5732a7522fe131d8f55ee12f/t/5a21ff88419202b1dfe690c5/1512177558039/StudentHandbook_v20171201_formatted.pdf,No,-9,No,-9,-9,-9,-9,-9,-9,-9,-9,-9,-9,-9,-9,-9,-9,-9,Yes,Yes,No,No,No
IN,INDIANA,1800177,Kindezi Academy,3725 Kiel Avenue,Indianapolis,46224,No,221,0,1,Yes,Yes,Yes,DENISE,CASTELLANOS,317-383-0607,dcastellanos@ncnschools.org,DENISE,CASTELLANOS,317-383-0607,dcastellanos@ncnschools.org,JEANNIE,TELKOSTE,317-226-4269,jtelkoste@ncnschools.org,No,Yes,Yes,www.kindeziacademy.org,No,-9,No,-9,-9,-9,-9,-9,-9,-9,-9,-9,-9,-9,-9,-9,-9,-9,Yes,Yes,No,No,No
IN,INDIANA,1800178,Higher Institute of Arts & Tech,5861 Harrison Street,Merrillville,46410,No,222,0,1,Yes,Yes,Yes,LARUE,FITCH,219.359.1525,lfitch@phalenacademies.org,LARUE,FITCH,219.359.1525,lfitch@phalenacademies.org,LETICIA,SAMPSON,313-574-6367,lsampson@phalenacademies.org,No,Yes,No,-9,No,-9,No,-9,-9,-9,-9,-9,-9,-9,-9,-9,-9,-9,-9,-9,-9,-9,Yes,Yes,No,No,No
IN,INDIANA,1800180,Argos Community Schools,410 N First St,Argos,46501,No,636,0,2,Yes,Yes,Yes,NED,SPEICHER,(219) 863-1958,nspeicher@argos.k12.in.us,NED,SPEICHER,(219) 863-1958,nspeicher@argos.k12.in.us,NED,SPEICHER,(219) 863-1958,nspeicher@argos.k12.in.us,No,Yes,Yes,http://www.argos.k12.in.us,No,-9,Yes,No,Yes,Yes,No,No,No,No,0,4,17,2,No,No,No,No,Yes,Yes,No,No,No
IN,INDIANA,1800181,Circle City Prep Charter School,4002 N Franklin Road,Indianapolis,46226,No,80,0,1,Yes,Yes,Yes,MEGAN,MURPHY,(317) 643-4209,mmurphy@circlecityprep.org,MEGAN,MURPHY,(317) 643-4209,mmurphy@circlecityprep.org,MEGAN,MURPHY,(317) 643-4209,mmurphy@circlecityprep.org,No,Yes,Yes,https://www.circlecityprep.org/faq,No,-9,No,-9,-9,-9,-9,-9,-9,-9,-9,-9,-9,-9,-9,-9,-9,-9,Yes,Yes,No,No,No
IN,INDIANA,1800182,Excel Center - Clarksville,1329 Applegate Lane,Clarksville,47129,No,174,0,1,Yes,Yes,Yes,ZAIDA,MONELLE,3175244275,zmonell@goodwillindy.org,ZAIDA,MONELL,3175244275,zmonell@goodwillindy.org,ZAIDA,MONELL,3175244275,zmonell@goodwillindy.org,No,Yes,Yes,https://excelcenter.org/wp-content/uploads/2018/05/2018-2019-Excel-Center-Student-Handbook.pdf,No,-9,No,-9,-9,-9,-9,-9,-9,-9,-9,-9,-9,-9,-9,-9,-9,-9,No,-9,-9,-9,-9
IN,INDIANA,1800183,Purdue Polytechnic High School Ind,49 W Maryland Street,Indianapolis,46204,No,146,0,1,Yes,Yes,Yes,SUSIE,HOWARD,3178321200,showard@pphs.purdue.edu,SUSIE,HOWARD,3178321200,showard@pphs.purdue.edu,TONYA,TAYLOR,3178321200,ttaylor@pphs.purdue.edu,No,Yes,No,-9,No,-9,No,-9,-9,-9,-9,-9,-9,-9,-9,-9,-9,-9,-9,-9,-9,-9,No,-9,-9,-9,-9
IN,INDIANA,1800184,Avondale Meadows Middle School,3980 Meadows Dr,Indianapolis,46205,No,90,0,1,Yes,Yes,Yes,JANIE,SEIVERS,317-550-3363,jseivers@unitedschoolsindy.org,JANIE,SEIVERS,317-550-3363,jseivers@unitedschoolsindy.org,JANIE,SEIVERS,317-550-3363,jseivers@unitedschoolsindy.org,No,Yes,Yes,https://avondalemeadowsms.org/resources/documents/,No,-9,No,-9,-9,-9,-9,-9,-9,-9,-9,-9,-9,-9,-9,-9,-9,-9,No,-9,-9,-9,-9
IN,INDIANA,1800185,Excel Center - Hammond,3508 169th Street,Hammond,46619,No,237,0,1,Yes,Yes,Yes,DAVID,PLESAC,219-844-1911,dplesac@excelcenterhs.org,DAVID,PLESAC,219-844-1911,dplesac@excelcenterhs.org,KRISTEN,VANHOOSE,219-844-1911,kvanhoose@excelcenterhs.org,No,Yes,No,-9,No,-9,No,-9,-9,-9,-9,-9,-9,-9,-9,-9,-9,-9,-9,-9,-9,-9,No,-9,-9,-9,-9
IN,INDIANA,1800187,Riverside High School,3010 N While River Parkway East Drive,Indianapolis,46208,No,140,0,1,Yes,Yes,Yes,KAREN,LALIOFF,(317)231-0010,klalioff@herronhighschool.org,KAREN,LALIOFF,(317)231-0010,klalioff@herronhighschool.org,SHELBY,BRIGGS,(317)231-0010,sbriggs@herronhighschool.org,No,Yes,Yes,http://www.herronhighttps://www.riversidehighschool.org/families/forms-policies/anti-discrimation-statement/,No,-9,No,-9,-9,-9,-9,-9,-9,-9,-9,-9,-9,-9,-9,-9,-9,-9,No,-9,-9,-9,-9
IN,INDIANA,1800188,J & R Phalen Leadership Academy,4352 Mitthoeffer Road,Indianapolis,46235,No,121,0,1,Yes,Yes,Yes,JESSICA,MILLER-COMBS,(317)552-1600,jmiller-combs@phalenacademies.org,JESSICA,MILLER-COMBS,(317)552-1600,jmiller-combs@phalenacademies.org,JESSICA,MILLER-COMBS,(317)552-1600,jmiller-combs@phalenacademies.org,No,Yes,Yes,https://www.phalenacademies.org/JRP,No,-9,No,-9,-9,-9,-9,-9,-9,-9,-9,-9,-9,-9,-9,-9,-9,-9,No,-9,-9,-9,-9
IN,INDIANA,1800189,Otwell Miller Academy,9958 East County Road 150 N,Otwell,47564,No,59,59,1,Yes,Yes,Yes,RICK,FEARS,812-354-0800,rfears@oma.school,RICK,FEARS,812-354-0800,rfears@oma.school,LEIGHANN,TUSING,812-354-0800,ltusing@oma.school,No,Yes,Yes,www.OtwellMillerAcademy.school,No,-9,No,-9,-9,-9,-9,-9,-9,-9,-9,-9,-9,-9,-9,-9,-9,-9,Yes,Yes,No,No,No
IN,INDIANA,1800190,"Ignite Achievement Academy, INC.",1002 W 25 Street,Indianapolis,46208,No,498,0,1,Yes,Yes,Yes,RODNEY,RIVERS,(317) 226-4242,rrivers@igniteindy.org,RODNEY,RIVERS,(317) 226-4242,rrivers@igniteindy.org,SHANE,WILSON,(317) 226-4242,enroll@igniteindy.org,No,Yes,Yes,www.igniteindy.org,No,-9,No,-9,-9,-9,-9,-9,-9,-9,-9,-9,-9,-9,-9,-9,-9,-9,Yes,Yes,No,No,No
IN,INDIANA,1800191,Indiana Connections Career Academy,6640 Intech Boulevard - Suite 2,Indianapolis,46278,No,73,0,1,Yes,Yes,Yes,STEPHANIE,BOST-CHI,317-835-9496,stbostchi@incc.connectionsacademy.org,STEPHANIE,BOST-CHI,317-835-9496,stbostchi@incc.connectionsacademy.org,STEPHANIE,BOST-CHI,317-835-9496,stbostchi@incc.connectionsacademy.org,No,Yes,Yes,https://www.connexus.com/library/launch.aspx?id=80192,No,-9,No,-9,-9,-9,-9,-9,-9,-9,-9,-9,-9,-9,-9,-9,-9,-9,No,-9,-9,-9,-9
IN,INDIANA,1800210,Attica Consolidated School Corp,205 E Sycamore St,Attica,47918,No,604,0,2,Yes,Yes,Yes,SHERI,HARDMAN,765-762-7000,shardman@attica.k12.in.us,SHERI,HARDMAN,765-762-7000,shardman@attica.k12.in.us,SHERI,HARDMAN,765-762-7000,shardman@attica.k12.in.us,No,Yes,Yes,http://www.attica.k12.in.us/Downloads/AHS%20Student%20Handbook%202018-19%20FINAL%20(1).pdf,No,-9,Yes,No,No,Yes,No,Yes,Yes,Yes,0,28,29,29,Yes,-9,-9,-9,Yes,Yes,No,No,No
IN,INDIANA,1801170,Cannelton City Schools,109 S Third St,Cannelton,47520,No,255,0,1,Yes,Yes,Yes,BRIAN,GARRETT,812-547-3296,bgarrett@cannelton.k12.in.us,BREHAN,LEINENBACH,812-547-1697,bleinenbach@cannelton.k12.in.us,SHELLY,GAGLIARDI,812-547-4126,shellymasterson@hotmail.com,No,Yes,Yes,www.cannelton.k12.in.us,No,-9,Yes,No,No,Yes,No,Yes,Yes,Yes,0,0,5,7,Yes,-9,-9,-9,Yes,Yes,Yes,No,No
IN,INDIANA,1801230,Medora Community School Corp,PO Box 369,Medora,47260,No,165,0,2,Yes,Yes,Yes,AUSTIN,SKUTNIK,(812)966-2201,askutnik@medora.k12.in.us,AUSTIN,SKUTNIK,(812)966-2201,askutnik@medora.k12.in.us,JESSICA,WISCHMEIER,812-966-2201,jwischmeier@medora.k12.in.us,No,Yes,Yes,medora.k12.in.us,No,-9,Yes,No,No,Yes,Yes,No,Yes,No,0,0,5,0,Yes,-9,-9,-9,Yes,Yes,Yes,Yes,Yes
IN,INDIANA,1803330,Eminence Community School Corp,PO Box 135,Eminence,46125,No,316,0,2,Yes,Yes,Yes,LAURA,PENMAN,765-528-2221,penman@eminence.k12.in.us,LAURA,PENMAN,765-528-2221,penman@eminence.k12.in.us,LAURA,PENMAN,765-528-2221,lpenman@eminence.k12.in.us,No,Yes,Yes,https://docs.google.com/document/d/11cfie3J2GIfsUOPqlAMsIiVUrOQdxJi_GyYdgewtI_4/edit#,No,-9,Yes,No,Yes,No,Yes,Yes,Yes,Yes,0,8,15,2,Yes,-9,-9,-9,Yes,Yes,No,No,No
IN,INDIANA,1804230,Hamilton Community Schools,903 S Wayne St,Hamilton,46742,No,282,0,2,Yes,Yes,Yes,NICHOLE,SINGER,(260)488-2513 x3000,nichole.singer@hcs.k12.in.us,NICHOLE,SINGER,(260)488-2513 x3000,nichole.singer@hcs.k12.in.us,NICHOLE,SINGER,(260)488-2513 x3000,nichole.singer@hcs.k12.in.us,No,Yes,Yes,www.hcs.k12.in.us,No,-9,No,-9,-9,-9,-9,-9,-9,-9,-9,-9,-9,-9,-9,-9,-9,-9,Yes,No,Yes,No,No
IN,INDIANA,1808320,NW Indiana Special Education Coop,2150 W 97th Pl,Crown Point,46307,No,112,112,1,Yes,Yes,Yes,KATHY,CAIN,2197694000,kcain@nisec.org,KATHY,CAIN,2197694000,kcain@nisec.org,KATHY,CAIN,2197694000,kcain@nisec.org,No,Yes,Yes,nisec.org,No,-9,No,-9,-9,-9,-9,-9,-9,-9,-9,-9,-9,-9,-9,-9,-9,-9,Yes,Yes,No,Yes,No
IN,INDIANA,1808460,Oregon-Davis School Corp,5998 N 750 E,Hamlet,46532,No,554,0,2,Yes,Yes,Yes,DON,HARMAN,574-867-2111,dharman@od.k12.in.us,DON,HARMAN,574-867-2111,dharman@ok.k12.in.us,DON,HARMAN,574-867-2111,dharman@od.k12.in.us,No,Yes,Yes,www.odschools.org,No,-9,Yes,No,No,No,Yes,No,Yes,Yes,0,0,12,6,Yes,-9,-9,-9,Yes,Yes,No,No,No
IN,INDIANA,1809130,Porter County Education Services,750 Ransom Road,Valparaiso,46385,No,282,0,1,Yes,Yes,Yes,DIANE,MASSA,219-464-9607,dmassa@pces.k12.in.us,DIANE,MASSA,219-464-9607,dmassa@pces.k12.in.us,DIANE,MASSA,219-464-9607,dmassa@pces.k12.in.us,No,Yes,Yes,www.pces.k12.in.us,No,-9,Yes,No,No,Yes,No,No,No,No,0,67,120,95,Yes,-9,-9,-9,No,-9,-9,-9,-9
IN,INDIANA,1810170,Shoals Community School Corp,11741 Ironton Rd,Shoals,47581,No,573,0,3,Yes,Yes,Yes,CANDACE,ROUSH,812-247-2060,ROUSHC@SHOALS.K12.IN.US,CANDACE,ROUSH,812-247-2060,ROUSHC@SHOALS.K12.IN.US,KINDRA,HOVIS,812-247-2090,HOVISK@SHOALS.K12.IN.US,No,Yes,Yes,https://shoals.k12.in.us/index.php/superintendent-s-office/superinfo,No,-9,Yes,No,No,Yes,Yes,Yes,Yes,Yes,0,3,7,15,Yes,-9,-9,-9,Yes,Yes,No,No,No
IN,INDIANA,1810740,Randolph Southern School Corp,1 Rebel Dr,Lynn,47355,No,539,0,2,Yes,Yes,Yes,DONNIE,BOWSMAN,765-874-1181,bowsmand@rssc.k12.in.us,DONNIE,BOWSMAN,765-874-1181,bowsmand@rssc.k12.in.us,DONNIE,BOWSMAN,765-874-1181,bowsmand@rssc.k12.in.us,No,Yes,Yes,http://www.neola.com/randolphsouthern-in/,No,-9,No,-9,-9,-9,-9,-9,-9,-9,-9,-9,-9,-9,-9,-9,-9,-9,Yes,Yes,No,No,No
IN,INDIANA,1810830,Southwestern Con Sch Shelby Co,3406 W 600 S,Shelbyville,46176,No,604,303,2,Yes,Yes,Yes,PAULA,MAURER,317-729-5746,pmaurer@swshelby.k12.on.is,PAULA,MAURER,317-729-5746,pmaurer@swshelby.k12.in.us,CURTIS,CHASE,317-729-5122,cchase@swshelby.k12.in.us,No,Yes,Yes,http://www.neola.com/southwestern-in/,Yes,No,Yes,No,No,Yes,Yes,Yes,Yes,Yes,1,3,12,3,Yes,-9,-9,-9,Yes,Yes,No,No,No
IN,INDIANA,1812060,Crothersville Community Schools,201 S Preston St,Crothersville,47229,No,413,0,2,Yes,Yes,Yes,TERRY,GOODIN,(812)793-2601,tgoodin@crothersville.k12.in.us,TERRY,GOODIN,(812)793-2601,tgoodin@crothersville.k12.in.us,TERRY,GOODIN,(812)793-2601,tgoodin@crothersville.k12.in.us,No,Yes,Yes,www.crothersville.k12.in.us,No,-9,Yes,Yes,No,No,No,No,No,No,0,0,1,18,Yes,-9,-9,-9,Yes,Yes,No,No,No
