State Postal Code,State FIPS Code,District ID,Name,Estimated Total Population,Estimated Population 5-17,Estimated number of relevant children 5 to 17 years old in poverty who are related to the householder
IN,18,180,Argos Community Schools,3805,714,121
IN,18,210,Attica Consolidated School Corporation,4805,814,165
IN,18,660,Blue River Valley Schools,6605,717,102
IN,18,750,Boone Township Metropolitan School District,6310,1072,125
IN,18,1170,Cannelton City Schools,1542,270,76
IN,18,1290,Carroll Consolidated School Corporation,6531,1102,92
IN,18,1410,Caston School Corporation,4475,776,101
IN,18,2130,Clinton Central School Corporation,5213,1046,133
IN,18,2160,Clinton Prairie School Corporation,5655,972,124
IN,18,2430,Covington Community School Corporation,5298,850,112
IN,18,7020,Cowan Community School Corporation,3650,621,66
IN,18,12060,Crothersville Community Schools,3537,580,68
IN,18,9840,Daleville Community Schools,3947,633,70
IN,18,2550,Danville Community School Corporation,15271,2977,138
IN,18,2940,East Gibson School Corporation,6850,1070,145
IN,18,9000,East Porter County School Corporation,13226,2302,146
IN,18,3120,Eastern Hancock County Community School Corporation,6181,1117,76
IN,18,3150,Eastern Howard School Corporation,6457,1198,120
IN,18,3330,Eminence Community School Corporation,2963,512,53
IN,18,3570,Flat Rock-Hawcreek School Corporation,5853,1057,116
IN,18,3810,Frontier School Corporation,4020,742,68
IN,18,4230,Hamilton Community Schools,4377,659,70
IN,18,4260,Hamilton Heights School Corporation,15156,2728,148
IN,18,4350,Hanover Community School Corporation,12178,2144,133
IN,18,4800,Jac-Cen-Del Community School Corporation,5019,864,151
IN,18,3720,Lanesville Community School Corporation,4158,717,50
IN,18,5880,Liberty-Perry Community School Corporation,6061,1004,128
IN,18,6060,Loogootee Community School Corporation,5747,946,128
IN,18,1230,Medora Community School Corporation,1564,300,66
IN,18,6630,Milan Community Schools,6135,1162,124
IN,18,7080,Monroe Central School Corporation,5390,912,133
IN,18,4140,Monroe-Gregg School District,7981,1398,154
IN,18,7470,New Durham Township Metropolitan School District,8552,896,97
IN,18,7890,North Miami Community Schools,5834,1073,136
IN,18,7950,North Posey County Schools Metropolitan School District,9885,1586,114
IN,18,8010,North Spencer County School Corporation,11720,1926,161
IN,18,8070,North Vermillion Community School Corporation,4288,706,119
IN,18,8100,North West Hendricks Schools,10830,2222,75
IN,18,8120,Northeast Dubois County School Corporation,5501,987,67
IN,18,8460,Oregon-Davis School Corporation,4321,704,129
IN,18,1740,Perry Central Community School Corporation,7260,1106,104
IN,18,8940,Pioneer Regional School Corporation,5075,872,123
IN,18,9180,Porter Township School Corporation,9559,1563,111
IN,18,10740,Randolph Southern School Corporation,3098,548,126
IN,18,9600,Rising Sun-Ohio County Community Schools,5828,831,99
IN,18,9720,Rossville Consolidated School District,4981,1040,102
IN,18,10110,Shakamak Schools Metropolitan School District,5235,895,161
IN,18,3210,Shelby Eastern Schools,8446,1396,107
IN,18,6480,Sheridan Community Schools,7162,1304,97
IN,18,10170,Shoals Community School Corporation,4468,668,123
IN,18,10230,Smith-Green Community Schools,7489,1323,94
IN,18,2190,South Central Community School Corporation,4043,734,58
IN,18,10380,South Henry School Corporation,4374,721,77
IN,18,10410,South Knox School Corporation,6035,1102,157
IN,18,10500,South Putnam Community Schools,9581,1206,154
IN,18,10640,Southeast Dubois County School Corporation,7413,1306,95
IN,18,10710,Southern Hancock County Community School Corporation,18585,3444,153
IN,18,10770,Southern Wells Community Schools,3988,777,64
IN,18,10870,Southwest Dubois County School Corporation,9796,1735,165
IN,18,10830,Southwestern Shelby County Consolidated Schools,4368,794,85
IN,18,8040,Tipton County Northern Community School Corporation,4784,777,57
IN,18,11430,Tri-County School Corporation,4254,784,91
IN,18,107,Tri-Township Consolidated School Corporation,2940,458,36
IN,18,11490,Triton School Corporation,5950,1203,118
IN,18,11730,Union School Corporation,2845,478,94
IN,18,11700,Union Township School Corporation,9031,1646,97
IN,18,6080,Warren County Metropolitan School District,7104,1184,132
IN,18,4500,Wes-Del Community Schools,5285,789,117
IN,18,9360,West Central School Corporation,4460,799,124
IN,18,12990,Western Boone County Community School Corporation,10961,2038,155
IN,18,8,White River Valley School District,5611,900,146
IN,18,2830,Zionsville Community Schools,28303,6651,122
