AL,ALABAMA,100005,Albertville City,107 W Main St,Albertville,35950,No,5445,0,6,Yes,Yes.1,Yes.2,TIMOTHY,TIDMORE,256-891-1183,ttidmore@albertk12.org,TIMOTHY.1,TIDMORE.1,256-891-1183.1,ttidmore@albertk12.org.1,TIMOTHY.2,TIDMORE.2,256-891-1183.2,ttidmore@albertk12.org.2,No.1,Yes.3,Yes.4,www.albertk12.org/apps/pages/index.jsp?uREC_ID=368921&type=d&termREC_ID=&pREC_ID=689254,Yes.5,No.2,Yes.6,Yes.7,Yes.8,Yes.9,No.3,No.4,Yes.10,No.5,1,6.1,127,0.1,Yes.11,-9,-9.1,-9.2,Yes.12,Yes.13,No.6,No.7,No.8
MI,MICHIGAN,2600004,Michigan Department of Human Services,PO Box 30037,Lansing,48909,No,71,0,2,Yes,Yes,Yes,JAMES,THOMAS,5173353541,ThomasJ11@Michigan.gov,JAMES,THOMAS,5173353541,ThomasJ11@Michigan.gov,JAMES,THOMAS,5173353541,ThomasJ11@Michigan.gov,No,Yes,No,-9,No,-9,No,-9,-9,-9,-9,-9,-9,-9,-9,-9,-9,-9,-9,-9,-9,-9,No,-9,-9,-9,-9
MI,MICHIGAN,2600010,Sigel Township S/D #3F,4151 SECTION LINE RD,BAD AXE,48413,No,13,0,1,Yes,Yes,Yes,JOSEPH,MURPHY,989-269-6406,jmurphy@huronisd.org,JOSEPH,MURPHY,989-269-6406,jmurphy@huronisd.org,JOSEPH,MURPHY,989-269-6406,jmurphy@huronisd.org,No,Yes,Yes,www.huroncountyruralschools.com/adams,No,-9,No,-9,-9,-9,-9,-9,-9,-9,-9,-9,-9,-9,-9,-9,-9,-9,Yes,Yes,No,No,No
MI,MICHIGAN,2600011,Sigel Township S/D #4F,5754 SECTION LINE RD,HARBOR BEACH,48441,No,34,0,1,Yes,Yes,Yes,JOSEPH,MURPHY,989-269-6406,jmurphy@huronisd.org,JOSEPH,MURPHY,989-269-6406,jmurphy@huronisd.org,JOSEPH,MURPHY,989-269-6406,jmurphy@huronisd.org,No,Yes,Yes,www.huroncountyruralschools.com/eccles,No,-9,No,-9,-9,-9,-9,-9,-9,-9,-9,-9,-9,-9,-9,-9,-9,-9,Yes,Yes,No,No,No
MI,MICHIGAN,2600014,Ewen-Trout Creek Consolidated School District,14312 AIRPORT RD,EWEN,49925,No,204,0,1,Yes,Yes,Yes,DAVE,RADOVICH,(906) 813-0620,dradovich@etc.k12.mi.us,DAVE,RADOVICH,(906) 813-0620,dradovich@etc.k12.mi.us,DAVE,RADOVICH,(906) 813-0620,dradovich@etc.k12.mi.us,No,Yes,Yes,www.etc.k12.mi.us,No,-9,No,-9,-9,-9,-9,-9,-9,-9,-9,-9,-9,-9,-9,-9,-9,-9,Yes,Yes,No,No,No
MI,MICHIGAN,2600020,Windover High School,919 SMITH RD,MIDLAND,48640,No,109,90,1,Yes,Yes,Yes,GINA,WILSON,9898320852,gwilson@windover.org,GINA,WILSON,9898320852,gwilson@windover.org,GINA,WILSON,9898320852,gwilson@windover.org,No,Yes,Yes,http://www.windover.org/parentstudent-info/,No,-9,No,-9,-9,-9,-9,-9,-9,-9,-9,-9,-9,-9,-9,-9,-9,-9,No,-9,-9,-9,-9
MI,MICHIGAN,2600067,Bay-Arenac Community High School,805 LANGSTAFF ST,ESSEXVILLE,48732,No,153,0,1,Yes,Yes,Yes,ERIN,SULLIVAN,989-893-8811,sullivane@bachs.us,ERIN,SULLIVAN,989-893-8811,sullivane@bachs.us,ERIN,SULLIVAN,989-893-8811,sullivane@bachs.us,No,Yes,Yes,https://bachs.us/ourpages/auto/2018/6/1/50894430/Anti-Bullying%20Policy.pdf,No,-9,No,-9,-9,-9,-9,-9,-9,-9,-9,-9,-9,-9,-9,-9,-9,-9,No,-9,-9,-9,-9
MI,MICHIGAN,2600069,Concord Academy - Boyne,401 EAST DIETZ RD,BOYNE CITY,49712,No,138,0,1,Yes,Yes,Yes,JOSLYN,MATELSKI,2315820194,jclearymatelski@concordboyne.org,JOSLYN,MATELSKI,2315820194,jclearymatelski@concordboyne.org,REBEKAH,LEIST,2315820194,rleist@concordboyne.org,No,Yes,Yes,www.concordboyne.com,No,-9,No,-9,-9,-9,-9,-9,-9,-9,-9,-9,-9,-9,-9,-9,-9,-9,Yes,Yes,No,No,No
MI,MICHIGAN,2600070,Charlevoix Montessori Academy for the Arts,115 WEST HURLBUT ST,CHARLEVOIX,49720,No,46,0,1,Yes,Yes,Yes,GARY,SCHILS,2315479000,gschils@cma.edu,AMANDA,MINAKER,2315479000,aminaker@cma.edu,MARCIA,MCQUILLAN,2315479000,mmcquillan@cma.edu,No,Yes,Yes,www.cma.edu,No,-9,No,-9,-9,-9,-9,-9,-9,-9,-9,-9,-9,-9,-9,-9,-9,-9,Yes,Yes,No,No,No
MI,MICHIGAN,2600073,Island City Academy,6421 CLINTON RD,EATON RAPIDS,48827,No,214,214,1,Yes,Yes,Yes,AARON,WARREN,517-663-0111 EXT. 1,WAWARREN@ISLANDCITY.ORG,AARON,WARREN,517-663-0111 EXT. 1,WAWARREN@ISLANDCITY.ORG,AARON,WARREN,517-663-0111 EXT. 1,WAWARREN@ISLANDCITY.ORG,No,Yes,Yes,WWW.ISLANDCITY.ORG,No,-9,Yes,No,No,No,Yes,No,No,No,0,0,11,0,Yes,-9,-9,-9,Yes,Yes,No,No,No
MI,MICHIGAN,2600074,Concord Academy - Petoskey,2468 ATKINS RD,PETOSKEY,49770,No,184,0,1,Yes,Yes,Yes,KALI,MCNAMARA,(231)439-6800 x16,kmcnamara@concordpetoskey.com,JAKE,TOWNES,(231)439-6800 x19,jtownes@concordpetoskey.com,ROBIN,CRANE,(231)439-6800 x19,rcrane@concordpetoskey.com,No,Yes,Yes,https://docs.wixstatic.com/ugd/fc359f_172cdd1accc24d7da39307a06eb9834f.pdf,No,-9,No,-9,-9,-9,-9,-9,-9,-9,-9,-9,-9,-9,-9,-9,-9,-9,Yes,Yes,No,Yes,No
MI,MICHIGAN,2600078,Woodland School,7224 SUPPLY RD,TRAVERSE CITY,49686,No,217,0,1,Yes,Yes,Yes,JEREMIAH,STIEVE,231-947-7474,jstieve@woodlandschooltc.org,JEREMIAH,STIEVE,231-947-7474,jstieve@woodlandschooltc.org,JEREMIAH,STIEVE,231-947-7474,jstieve@woodlandschooltc.org,No,Yes,Yes,https://cdn.websites.hibu.com/a312a50b8f8f4cf39090f592c2a3ed8c/files/uploaded/Woodland%20School%202018%202019%20%20Handbook_nc6L5XuT1yPlHIsVvrgB.pdf,No,-9,No,-9,-9,-9,-9,-9,-9,-9,-9,-9,-9,-9,-9,-9,-9,-9,Yes,Yes,No,No,No
MI,MICHIGAN,2600079,Cole Academy,1915 WEST MOUNT HOPE AVE,LANSING,48910,No,207,0,1,Yes,Yes,Yes,STACEY,JOHNSON,5173720038,johnsons@coleacademy.org,STACEY,JOHNSON,5173720038,johnsons@coleacademy.org,STACEY,JOHNSON,5173720038,johnsons@coleacademy.org,No,Yes,Yes,www.coleacademy.org,No,-9,No,-9,-9,-9,-9,-9,-9,-9,-9,-9,-9,-9,-9,-9,-9,-9,No,-9,-9,-9,-9
MI,MICHIGAN,2600082,Mid-Michigan Leadership Academy,730 WEST MAPLE ST,LANSING,48906,No,267,0,1,Yes,Yes,Yes,TIMOTHY,TENNERIELLO,517-485-5873,ttenneriello@sabis.net,TIMOTHY,TENNERIELLO,517-485-5873,ttenneriello@sabis.net,TIMOTHY,TENNERIELLO,517-485-5873,ttenneriello@sabis.net,No,Yes,Yes,https://mmla.sabis.net/about-mmla/mmla-behavior,No,-9,No,-9,-9,-9,-9,-9,-9,-9,-9,-9,-9,-9,-9,-9,-9,-9,Yes,Yes,No,No,No
MI,MICHIGAN,2600096,Byron Center Charter School,9930 BURLINGAME AVE SW,BYRON CENTER,49315,No,248,0,1,Yes,Yes,Yes,MARK,KASMER,616-878-4852,mkasmer@byroncentercharter.org,MARK,KASMER,616-878-4852,mkasmer@byroncentercharter.org,MARK,KASMER,616-878-4852,mkasmer@byroncentercharter.org,No,Yes,Yes,http://www.byroncentercharter.org/,No,-9,No,-9,-9,-9,-9,-9,-9,-9,-9,-9,-9,-9,-9,-9,-9,-9,Yes,Yes,No,No,No
MI,MICHIGAN,2600099,Kensington Woods Schools,9501 Pettys Road,Lakeland,48143,No,151,0,1,Yes,Yes,Yes,MARKUS,MUENNIX,(517) 545-0828,mmuennix@kwoods.org,MARKUS,MUENNIX,(517) 545-0828,mmuennix@kwoods.org,MARKUS,MUENNIX,(517) 545-0828,mmuennix@kwoods.org,No,Yes,Yes,https://static1.squarespace.com/static/586d34a715d5dbe77c208e1b/t/5b8df35c562fa736b205508e/1536029536559/KWSHandbook1819.pdf,No,-9,No,-9,-9,-9,-9,-9,-9,-9,-9,-9,-9,-9,-9,-9,-9,-9,No,-9,-9,-9,-9
MI,MICHIGAN,2600103,Nah Tah Wahsh Public School Academy,N14911 HANNAHVILLE ROAD B 1,WILSON,49896,No,187,0,1,Yes,Yes,Yes,RODNEY,LOVELL,906-723-2716,rod.lovell@hannahvilleschool.net,RODNEY,LOVELL,906-723-2716,rod.lovell@hannavhilleschool.net,BRENDAN,WILLIAMS,906-723-2729,brendan.williams@hannahvilleschool.net,No,Yes,Yes,Hannavhilleschool.net,No,-9,No,-9,-9,-9,-9,-9,-9,-9,-9,-9,-9,-9,-9,-9,-9,-9,No,-9,-9,-9,-9
MI,MICHIGAN,2600105,Big Jackson School District,4020 13 MILE RD,PARIS,49338,No,15,0,1,Yes,Yes,Yes,REBECCA,JACKSON,(231)796-8947,rjackson@bigjackson.net,REBECCA,JACKSON,(231)796-8947,rjackson@bigjackson.net,REBECCA,JACKSON,(231)796-8947,rjackson@bigjackson.net,No,Yes,No,-9,No,-9,No,-9,-9,-9,-9,-9,-9,-9,-9,-9,-9,-9,-9,-9,-9,-9,Yes,Yes,No,No,No
MI,MICHIGAN,2600112,Walden Green Montessori,17339 ROOSEVELT RD,SPRING LAKE,49456,No,227,0,1,Yes,Yes,Yes,MARK,ROESSING,(616)842-4523 x103,director@waldengreen.org,MARK,ROESSING,(616)842-4523 x103,director@waldengreen.org,MARK,ROESSING,(616)842-4523 x103,director@waldengreen.org,No,Yes,No,-9,No,-9,No,-9,-9,-9,-9,-9,-9,-9,-9,-9,-9,-9,-9,-9,-9,-9,Yes,Yes,No,No,No
MI,MICHIGAN,2600121,Honey Creek Community School,1735 S. Wagner Rd,Ann Arbor,48103,No,249,0,1,Yes,Yes,Yes,SHELLEE,ALMQUIST,7349942636,salmquist@hc.wash.k12.mi.us,SHELLEE,ALMQUIST,7349942636,salmquist@hc.wash.k12.mi.us,SHELLEE,ALMQUIST,7349942636,salmquist@hc.wash.k12.mi.us,No,Yes,Yes,www.honeycreekschool.org/title-ix-discrimination-complaints,No,-9,No,-9,-9,-9,-9,-9,-9,-9,-9,-9,-9,-9,-9,-9,-9,-9,Yes,Yes,No,No,No
MI,MICHIGAN,2600140,Commonwealth Community Development Academy,13477 EUREKA ST,DETROIT,48212,No,184,0,1,Yes,Yes,Yes,ANGELA,MOORE,3133669470,amoore@cwdacademy.com,ANGELA,MOORE,3133669470,amoore@cwdacademy.com,ANGELA,MOORE,3133669470,amoore@cwdacademy.com,No,Yes,Yes,www.cwdacademy.com,No,-9,No,-9,-9,-9,-9,-9,-9,-9,-9,-9,-9,-9,-9,-9,-9,-9,Yes,Yes,No,No,No
MI,MICHIGAN,2600141,Midland Academy of Advanced and Creative Studies,4653 EAST BAILEY BRIDGE RD,MIDLAND,48640,No,175,0,1,Yes,Yes,Yes,KATHY,EURICH,(989) 573-0905,eurichk@midlandcharter.org,KATHY,EURICH,(989) 573-0905,eurichk@midlandcharter.org,KATHY,EURICH,(989) 573-0905,eurichk@midlandcharter.org,No,Yes,Yes,http://midlandacademy.com/wp-content/uploads/2015/06/UpperSchl_PSHndbk_2013-04-29.pdf,No,-9,No,-9,-9,-9,-9,-9,-9,-9,-9,-9,-9,-9,-9,-9,-9,-9,Yes,Yes,No,No,No
MI,MICHIGAN,2600143,Hillsdale Preparatory School,160 MECHANIC RD,HILLSDALE,49242,No,130,0,1,Yes,Yes,Yes,MELODY,HENTHORNE,517-437-4625,melody.henthorne@hillsdaleprep.org,MELODY,HENTHORNE,517-437-4625,melody.henthorne@hillsdaleprep.org,ANNE,FOWLER,517-437-4625,Anne.Fowler@hillsdaleprep.org,No,Yes,No,-9,No,-9,No,-9,-9,-9,-9,-9,-9,-9,-9,-9,-9,-9,-9,-9,-9,-9,Yes,Yes,No,No,No
MI,MICHIGAN,2600145,Flat River Academy,9481 Jordan Road,Greenville,48838,No,119,0,2,Yes,Yes,Yes,HILARY,KARNATZ,6167549360,hkarnatz@flatriveracademy.org,HILARY,KARNATZ,6167549360,hkarnatz@flariveracademy.org,HILARY,KARNATZ,6167549360,hkarnatz@flatriveracademy.org,No,Yes,No,-9,No,-9,No,-9,-9,-9,-9,-9,-9,-9,-9,-9,-9,-9,-9,-9,-9,-9,Yes,Yes,No,No,No
MI,MICHIGAN,2600152,Casman Alternative Academy,225 9TH ST,MANISTEE,49660,No,62,0,1,Yes,Yes,Yes,MICHELLE,VANVOORST,231-723-4981,svanvoorst@manistee.org,MICHELLE,VANVOORST,231-723-4981,svanvoorst@manistee.org,MICHELLE,VANVOORST,231-723-4981,svanvoorst@manistee.org,No,Yes,Yes,https://casman.manistee.org/wp-content/uploads/2019/01/CASMAN-Alternative-Academy-BP-Manual-Sp18.pdf,No,-9,No,-9,-9,-9,-9,-9,-9,-9,-9,-9,-9,-9,-9,-9,-9,-9,No,-9,-9,-9,-9
MI,MICHIGAN,2600153,North Star Academy,3030 WRIGHT ST,MARQUETTE,49855,No,304,0,1,Yes,Yes,Yes,ANDREA,BALLARD,(906) 226-0156,aballard@nsacd.com,ANDREA,BALLARD,(906) 226-0156,aballard@nsacd.com,EMILY,EMMENDORFER,(906) 226-0156,eemmendorfer@nsacd.com,No,Yes,Yes,http://www.northstaracademymqt.com/antiharass-bullypolicy/,No,-9,Yes,No,Yes,No,Yes,Yes,Yes,Yes,0,0,0,0,Yes,-9,-9,-9,Yes,Yes,No,No,No
MI,MICHIGAN,2600157,Great Lakes Academy,46312 WOODWARD AVE,PONTIAC,48342,No,190,0,1,Yes,Yes,Yes,SEAN,WATERS,(248)334-6434,waterss@greatlakesacademy.org,SEAN,WATERS,(248)334-6434,waterss@greatlakesacademy.org,SEAN,WATERS,(248)334-6434,waterss@greatlakesacademy.org,No,Yes,Yes,http://greatlakesacademy.org/resources/parentresources,No,-9,No,-9,-9,-9,-9,-9,-9,-9,-9,-9,-9,-9,-9,-9,-9,-9,Yes,Yes,No,No,No
MI,MICHIGAN,2600181,Arbor Academy,55 ARBOR ST,BATTLE CREEK,49015,No,212,0,1,Yes,Yes,Yes,ALLISON,GUMPER,(269)731-5775 ext 132,agumper@fbrcs.org,ALLISON,GUMPER,(269)731-5775 ext 132,agumper@fbrcs.org,BRANDY,RESMAN,(269)963-5851,bresman@fbrcs.org,No,Yes,Yes,http://oneamazingclass.org/arbor/wp-content/uploads/sites/2/2019/02/Discriminatory-Harassment-and-Intimidation-Policy.pdf,No,-9,No,-9,-9,-9,-9,-9,-9,-9,-9,-9,-9,-9,-9,-9,-9,-9,Yes,Yes,No,No,No
MI,MICHIGAN,2600182,Will Carleton Charter School Academy,2001 W Hallett,Hillsdale,49242,No,259,0,1,Yes,Yes,Yes,COLLEEN,VOGT,517-437-2000,COLLEEN.VOGT@WCAK12.ORG,COLLEEN,VOGT,517-437-2000,COLLEEN.VOGT@WCAK12.ORG,COLLEEN,VOGT,517-437-2000,COLLEEN.VOGT@WCAK12.ORG,No,Yes,Yes,https://willcarletonacademy.com/about/trustees/,No,-9,No,-9,-9,-9,-9,-9,-9,-9,-9,-9,-9,-9,-9,-9,-9,-9,Yes,Yes,No,No,No
MI,MICHIGAN,2600184,Oakland Academy,6325 OAKLAND DR,PORTAGE,49024,No,156,0,1,Yes,Yes,Yes,ALLISON,GUMPER,269-731-5775,agumper@fbrcs.org,ALLISON,GUMPER,269-731-5775,agumper@fbrcs.org,ALLISON,GUMPER,269-731-5775,agumper@fbrcs.org,No,Yes,Yes,www.oneamazingclass.org,No,-9,No,-9,-9,-9,-9,-9,-9,-9,-9,-9,-9,-9,-9,-9,-9,-9,Yes,Yes,No,No,No
MI,MICHIGAN,2600185,William C. Abney Academy,1435 FULTON ST E,GRAND RAPIDS,49503,No,337,0,1,Yes,Yes,Yes,CHERYL,CHAMBERS,(616) 552-7032,CChambers@thewcaa.org,CHERYL,CHAMBERS,(616) 552-7032,CChambers@thewcaa.org,CHERYL,CHAMBERS,(616) 552-7032,CChambers@thewcaa.org,No,Yes,Yes,https://www.thewcaa.org/,No,-9,No,-9,-9,-9,-9,-9,-9,-9,-9,-9,-9,-9,-9,-9,-9,-9,Yes,Yes,No,No,No
MI,MICHIGAN,2600194,Northridge Academy,4100 Coldwater Road,FLINT,48504,No,248,0,1,Yes,Yes,Yes,LATRICIA,BROWN,810-785-8811,latricia.brown@leonagroup.com,LATRICIA,BROWN,810-785-8811,latricia.brown@leonagroup.com,LATRICIA,BROWN,810-785-8811,latricia.brown@leonagroup.com,No,Yes,Yes,https://www.northridgeflint.com/uploads/4/3/9/7/4397552/anti-bullying_policy.pdf,No,-9,No,-9,-9,-9,-9,-9,-9,-9,-9,-9,-9,-9,-9,-9,-9,-9,Yes,Yes,No,No,No
MI,MICHIGAN,2600200,White Pine Academy,510 RUSSELL ST,LESLIE,49251,No,68,0,1,Yes,Yes,Yes,MARIANNE,DEGE,517-589-8961,mhorner@whitepineacademy.com,MARIANNE,DEGE,517-589-8961,mhorner@whitepineacademy.com,MARIANNE,DEGE,517-589-8961,mhorner@whitepineacademy.com,No,Yes,No,-9,No,-9,Yes,No,Yes,No,Yes,Yes,Yes,No,0,4,8,0,Yes,-9,-9,-9,Yes,Yes,No,No,No
MI,MICHIGAN,2600207,Creative Technologies Academy,350 PINE ST,CEDAR SPRINGS,49319,No,311,0,1,Yes,Yes,Yes,LORETTA,OESTRIKE,616-696-4905,loestrike@ctachargers.org,LORETTA,OESTRIKE,616-696-4905,loestrike@ctachargers.org,LORETTA,OESTRIKE,616-696-4905,loestrike@ctachargers.org,No,Yes,Yes,https://drive.google.com/file/d/1xhhjWwBsuEyy40KrIGX7HGyKYzdPJdu3/view,No,-9,No,-9,-9,-9,-9,-9,-9,-9,-9,-9,-9,-9,-9,-9,-9,-9,Yes,Yes,No,No,No
MI,MICHIGAN,2600212,Global Preparatory Academy,26200 Ridgemont,Roseville,48066,No,97,0,1,Yes,Yes,Yes,PAMELA,FARRIS,248-346-0479,pfarris@accelschools.com,PAMELA,FARRIS,248-346-0479,pfarris@accelschools.com,PAMELA,FARRIS,248-346-0479,pfarris@accelschools.com,No,Yes,Yes,https://gpa.accelschoolsnetwork2.com/wp-content/uploads/sites/22/2016/05/Student-Family-Handbook-AND-Code-of-Student-Conduct-REVISION-2015-1.pdf,No,-9,No,-9,-9,-9,-9,-9,-9,-9,-9,-9,-9,-9,-9,-9,-9,-9,Yes,Yes,No,No,No
MI,MICHIGAN,2600213,New Bedford Academy,6315 SECOR RD,LAMBERTVILLE,48144,No,103,0,1,Yes,Yes,Yes,KELLY,TUCKER,4193090793,kellyjotucker@hotmail.com,KELLY,TUCKER,4193090793,KELLYJOTUCKER@HOTMAIL.COM,KELLY,TUCKER,4193090793,KELLYJOTUCKER@HOTMAIL.COM,No,Yes,Yes,https://newbedfordacademy.com/wp-content/uploads/2019/04/Bullying-policy.pdf,No,-9,No,-9,-9,-9,-9,-9,-9,-9,-9,-9,-9,-9,-9,-9,-9,-9,Yes,Yes,No,No,No
MI,MICHIGAN,2600222,Ann Arbor Learning Community,4377 Textile Rd,Ypsilanti,48197,No,82,0,1,Yes,Yes,Yes,ABIGAIL,KUHN,7344770340 x. 125,abby@annarborlearningcommunity.org,ABIGAIL,KUHN,7344770340 x. 125,abby@annarborlearningcommunity.org,ABIGAIL,KUHN,7344770340 x. 125,abby@annarborlearningcommunity.org,No,Yes,No,-9,No,-9,No,-9,-9,-9,-9,-9,-9,-9,-9,-9,-9,-9,-9,-9,-9,-9,Yes,Yes,No,Yes,No
MI,MICHIGAN,2600230,Weston Preparatory Academy,22930 CHIPPEWA ST,DETROIT,48219,No,302,0,1,Yes,Yes,Yes,YVONNE,MCCLEAN,313-387-6038,ymcclean@westondetroit.com,YVONNE,MCCLEAN,313-387-6038,ymcclean@westondetroit.com,TRACEY,PARKER,313-387-6038,tparker@westodetroit.com,No,Yes,Yes,westondetroit.com,No,-9,No,-9,-9,-9,-9,-9,-9,-9,-9,-9,-9,-9,-9,-9,-9,-9,Yes,Yes,No,No,No
MI,MICHIGAN,2600250,Marshall Academy,18203 HOMER RD,MARSHALL,49068,No,275,0,1,Yes,Yes,Yes,NOAH,WILSON,(269)781-6330,wilsonn@marshallacademy.org,NOAH,WILSON,(269)781-6330,wilsonn@marshallacademy.org,NOAH,WILSON,(269)781-6330,wilsonn@marshallacademy.org,No,Yes,Yes,http://www.marshallacademy.org/uploads/4/6/0/9/46090743/harassment_bullying_prevention.pdf,No,-9,No,-9,-9,-9,-9,-9,-9,-9,-9,-9,-9,-9,-9,-9,-9,-9,Yes,Yes,No,No,No
MI,MICHIGAN,2600252,Grand Rapids Child Discovery Center,409 Lafayette Ave SE,GRAND RAPIDS,49503,No,262,0,1,Yes,Yes,Yes,LISA,HEYNE,(616)459-0330,heynel@childdiscoverycenter.org,LISA,HEYNE,(616)459-0330,heynel@childdiscoverycenter.org,LISA,HEYNE,(616)459-0330,heynel@childdiscoverycenter.org,No,Yes,Yes,https://childdiscoverycenter.org/wp-content/uploads/2018/02/GRCDC-BP-Manual-12-19-17.pdf,No,-9,No,-9,-9,-9,-9,-9,-9,-9,-9,-9,-9,-9,-9,-9,-9,-9,Yes,Yes,No,No,No
MI,MICHIGAN,2600264,State Street Academy,1110 STATE ST,BAY CITY,48706,No,120,0,1,Yes,Yes,Yes,NICHOLAS,MELDRUM,(989) 684-6484,nmeldrum@statestreetacademy.org,NICHOLAS,MELDRUM,(989)684-6484,nmeldrum@statestreetacademy.org,NICHOLAS,MELDRUM,(989)684-6484,nmeldrum@statestreetacademy.org,No,Yes,Yes,https://drive.google.com/file/d/1XfjoM05ZROv7Kt53c6lyUhAIo8xlblyH/view,No,-9,Yes,Yes,No,No,No,Yes,Yes,No,0,7,26,0,Yes,-9,-9,-9,Yes,Yes,No,No,No
MI,MICHIGAN,2600269,Presque Isle Academy,PO Box 731,ONAWAY,49765,No,27,0,1,Yes,Yes,Yes,BRYAN,STEVENS,9897336708,bstevens@presqueisleacademy.com,BRYAN,STEVENS,9897336708,bstevens@presqueisleacademy.com,BRYAN,STEVENS,9897336708,bstevens@presqueisleacademy.com,No,Yes,Yes,www.presqueisleacademy.com,No,-9,No,-9,-9,-9,-9,-9,-9,-9,-9,-9,-9,-9,-9,-9,-9,-9,No,-9,-9,-9,-9
MI,MICHIGAN,2600273,Arts Academy in the Woods,32101 Caroline,Fraser,48026,No,314,0,1,Yes,Yes,Yes,MICHAEL,MITCHELL,586-294-0391,mmitchell@artsacad.net,MICHAEL,MITCHELL,586-294-0391,mmitchell@artsacad.net,MICHAEL,MITCHELL,586-294-0391,mmitchell@artsacad.net,No,Yes,Yes,https://artsacad.net/about-aaw/student-code-of-conduct/,No,-9,No,-9,-9,-9,-9,-9,-9,-9,-9,-9,-9,-9,-9,-9,-9,-9,No,-9,-9,-9,-9
MI,MICHIGAN,2600274,Outlook Academy,310 THOMAS ST,ALLEGAN,49010,Yes,50,0,2,Yes,Yes,Yes,RICK,CAIN,(269)512-7880,rcain@alleganaesa.org,RICK,CAIN,(269)512-7880,rcain@alleganaesa.org,RICK,CAIN,(269)512-7880,rcain@alleganaesa.org,No,Yes,Yes,https://www.alleganaesa.org/cms/lib/MI01908021/Centricity/Domain/59/Outlook%20Strict%20Discipline%20Academy%20BP%20Manual%20-%20Sp18.pdf,No,-9,No,-9,-9,-9,-9,-9,-9,-9,-9,-9,-9,-9,-9,-9,-9,-9,No,-9,-9,-9,-9
MI,MICHIGAN,2600275,Battle Creek Area Learning Center,15 ARBOR ST,BATTLE CREEK,49015,No,168,168,1,Yes,Yes,Yes,TIM,ALLARD,(269)565-2483,tallard@calhounhs.org,TIM,ALLARD,(269)565-2483,tallard@calhounhs.org,TIM,ALLARD,(269)565-2483,tallard@calhounhs.org,No,Yes,Yes,http://calhounhs.org,No,-9,No,-9,-9,-9,-9,-9,-9,-9,-9,-9,-9,-9,-9,-9,-9,-9,No,-9,-9,-9,-9
MI,MICHIGAN,2600280,Michigan School for the Deaf,1235 W COURT ST,FLINT,48503,No,157,0,1,Yes,Yes,Yes,SONIA,BREED,810-257-1449,breeds@michigan.gov,SONIA,BREED,810-257-1449,breeds@michigan.gov,SONIA,BREED,810-257-1449,breeds@michigan.gov,No,Yes,No,-9,No,-9,Yes,Yes,No,Yes,No,No,No,No,1,3,4,6,Yes,-9,-9,-9,Yes,Yes,No,No,No
MI,MICHIGAN,2600285,Ojibwe Charter School,11507 WEST INDUSTRIAL DR,BRIMLEY,49715,No,98,0,1,Yes,Yes,Yes,BRANDON,KERFOOT,906-248-8601,bkerfoot@eupschools.org,BRANDON,KERFOOT,906-248-8601,bkerfoot@eupschools.org,BRANDON,KERFOOT,906-248-8601,bkerfoot@eupschools.org,No,Yes,Yes,https://ojibwe.eupschools.org,No,-9,No,-9,-9,-9,-9,-9,-9,-9,-9,-9,-9,-9,-9,-9,-9,-9,Yes,Yes,No,No,No
MI,MICHIGAN,2600292,Life Skills Center of Pontiac,142 AUBURN AVE,PONTIAC,48342,No,50,0,1,Yes,Yes,Yes,MONICA,MARTIN,(248)582-8100,monica-martin@edtec.net,MONICA,MARTIN,(248)582-8100,monica-martin@edtec.net,MONICA,MARTIN,(248)582-8100,monica-martin@edtec.net,No,Yes,Yes,http://www.lifeskillspsa.com/,No,-9,No,-9,-9,-9,-9,-9,-9,-9,-9,-9,-9,-9,-9,-9,-9,-9,No,-9,-9,-9,-9
MI,MICHIGAN,2600297,Mildred C. Wells Preparatory Academy,248 9th Street,Benton Harbor,49022,No,197,0,1,Yes,Yes,Yes,LATRISHA,CORONA,269-926-2885,latrisha.corona@leonagroup.com,LATRISHA,CORONA,269-926-2885,latrisha.corona@leonagroup.com,LATRISHA,CORONA,269-926-2885,latrisha.corona@leonagroup.com,No,Yes,Yes,https://www.wellsacademy.com/uploads/4/3/9/7/4397552/mcwa_bullying_policy.pdf,No,-9,No,-9,-9,-9,-9,-9,-9,-9,-9,-9,-9,-9,-9,-9,-9,-9,Yes,Yes,No,No,No
MI,MICHIGAN,2600315,Multicultural Academy,5550 PLATT RD,ANN ARBOR,48108,No,197,0,1,Yes,Yes,Yes,TERRY,FARHA,734-677-0732,tfarha@umcesp.com,TERRY,FARHA,734-677-0732,tfarha@umcesp.com,TERRY,FARHA,734-677-0732,tfarha@umcesp.com,No,Yes,Yes,http://macademyk8.com/AdobeForms/Handbooks/BoardPolicy1018.pdf,No,-9,Yes,Yes,No,No,No,No,Yes,Yes,0,0,11,6,Yes,-9,-9,-9,Yes,Yes,No,No,No
MI,MICHIGAN,2600316,St. Clair County Intervention Academy,1170 MICHIGAN RD,PORT HURON,48060,Yes,68,66,1,Yes,Yes,Yes,TROY,PEYERK,8109661649,tpeyerk@intervention-academy.org,TROY,PEYERK,8109661649,tpeyerk@intervention-academy.org,TROY,PEYERK,8109661649,tpeyerk@intervention-academy.org,No,Yes,Yes,www.intervention-academy.org,No,-9,No,-9,-9,-9,-9,-9,-9,-9,-9,-9,-9,-9,-9,-9,-9,-9,No,-9,-9,-9,-9
MI,MICHIGAN,2600318,Saginaw Learn to Earn Academy,1000 TUSCOLA ST,SAGINAW,48607,No,131,0,1,Yes,Yes,Yes,HEIDI,FERGUSON,(989) 513-1841,hferguson@svrcindustries.com,HEIDI,FERGUSON,(989) 513-1841,hferguson@svrcindustries.com,HEIDI,FERGUSON,(989) 513-1841,hferguson@svrcindustries.com,No,Yes,Yes,http://l2ea.org,No,-9,No,-9,-9,-9,-9,-9,-9,-9,-9,-9,-9,-9,-9,-9,-9,-9,No,-9,-9,-9,-9
MI,MICHIGAN,2600330,Academic and Career Education Academy,884 EAST ISABELLA RD,MIDLAND,48640,No,107,0,1,Yes,Yes,Yes,MICHELLE,ZIELINSKI,989-631-5202,michellez@aceaofmidland.org,MICHELLE,ZIELINSKI,989-631-5202,michellez@aceaofmidland.org,MICHELLE,ZIELINSKI,989-631-5202,michellez@aceaofmidland.org,No,Yes,Yes,Aceaofmidland.org,No,-9,No,-9,-9,-9,-9,-9,-9,-9,-9,-9,-9,-9,-9,-9,-9,-9,No,-9,-9,-9,-9
MI,MICHIGAN,2600943,ACE Academy (SDA),330 GLENDALE ST,HIGHLAND PARK,48203,Yes,173,0,2,Yes,Yes,Yes,MONICA,MARTIN,(313)852-7506,monica-martin@edtec.net,MONICA,MARTIN,(313)852-7506,monica-martin@edtec.net,MONICA,MARTIN,(313)852-7506,monica-martin@edtec.net,No,Yes,Yes,http://www.aceacademysda.com/,No,-9,No,-9,-9,-9,-9,-9,-9,-9,-9,-9,-9,-9,-9,-9,-9,-9,No,-9,-9,-9,-9
MI,MICHIGAN,2600946,International Academy of Saginaw,1944 IOWA AVE,SAGINAW,48601,No,225,0,1,Yes,Yes,Yes,DAN,CHISHOLM,989-921-1000,dchisholm@sabis.net,DAN,CHISHOLM,989-921-1000,dchisholm@sabis.net,DAN,CHISHOLM,989-921-1000,dchisholm@sabis.net,No,Yes,Yes,https://ias.sabis.net/about-ias/behavior#Locator,No,-9,No,-9,-9,-9,-9,-9,-9,-9,-9,-9,-9,-9,-9,-9,-9,-9,Yes,Yes,No,No,No
MI,MICHIGAN,2600947,Clara B. Ford Academy (SDA),20651 WEST WARREN ST,DEARBORN HEIGHTS,48127,Yes,135,0,1,Yes,Yes,Yes,BEVERLY,BARONI,313-436-0200,Beverly-Baroni@cbfacademy.com,BEVERLY,BARONI,313-436-0200,Beverly-Baroni@cbfacademy.com,BEVERLY,BARONI,313-436-0200,Beverly-Baroni@cbfacademy.com,No,Yes,Yes,http://www.cbfacademy.com/home,No,-9,No,-9,-9,-9,-9,-9,-9,-9,-9,-9,-9,-9,-9,-9,-9,-9,No,-9,-9,-9,-9
MI,MICHIGAN,2600951,Vista Meadows Academy,20651 WEST WARREN ST,DEARBORN HEIGHTS,48127,No,116,0,1,Yes,Yes,Yes,DARRLYN,HARRISON,(313)240-4347,Darrlyn-Harrison@vistameadowspsa.com,DARRLYN,HARRISON,(313)240-4347,Darrlyn-Harrison@vistameadowspsa.com,DARRLYN,HARRISON,(313)240-4347,Darrlyn-Harrison@vistameadowspsa.com,No,Yes,Yes,vistameadowspsa.com/,No,-9,No,-9,-9,-9,-9,-9,-9,-9,-9,-9,-9,-9,-9,-9,-9,-9,No,-9,-9,-9,-9
MI,MICHIGAN,2600955,Youth Advancement Academy,6750 Chime St,Kalamazoo,49009,Yes,26,26,1,Yes,Yes,Yes,LISA,THOMAS,269-353-4193,lisathomas@ombudsman.com,JASON,WALKER,269-353-4193,jwalker@ombudsman.com,JASON,WALKER,269-353-4193,jwalker@ombudsman.com,No,Yes,Yes,https://www.kresa.org/cms/lib/MI01000312/Centricity/Domain/221/2018-2019%20YAA%20Handbook%20draft.pdf,No,-9,No,-9,-9,-9,-9,-9,-9,-9,-9,-9,-9,-9,-9,-9,-9,-9,No,-9,-9,-9,-9
MI,MICHIGAN,2600960,Michigan Department of Community Health,201 TOWNSEND ST,LANSING,48913,No,44,0,2,Yes,Yes,Yes,CARLA,COLEMAN,2487355999,colemanc1@michigan.gov,CARLA,COLEMAN,2487355999,colemanc1@michigan.g0v,CARLA,COLEMAN,2487355999,colemanc1@michigan.gov,No,Yes,Yes,www.michigan.gov,No,-9,No,-9,-9,-9,-9,-9,-9,-9,-9,-9,-9,-9,-9,-9,-9,-9,No,-9,-9,-9,-9
MI,MICHIGAN,2600966,Three Lakes Academy,W17540 Main Street,CURTIS,49820,No,115,0,1,Yes,Yes,Yes,RACHEL,BOMMARITO,9065866631,rbommarito@eupschools.org,RACHEL,BOMMARITO,9065866631,rbommarito@eupschools.org,RACHEL,BOMMARITO,9065866631,rbommarito@eupschools.org,No,Yes,Yes,https://www.3lakesacademy.com/site/default.aspx?PageType=3&DomainID=1&ModuleInstanceID=66&ViewID=6446EE88-D30C-497E-9316-3F8874B3E108&RenderLoc=0&FlexDataID=198&PageID=1,No,-9,No,-9,-9,-9,-9,-9,-9,-9,-9,-9,-9,-9,-9,-9,-9,-9,Yes,Yes,No,No,No
MI,MICHIGAN,2600968,Virtual Learning Academy of St. Clair County,1520 Michigan Road,Port Huron,48060,No,140,0,1,Yes,Yes,Yes,JEAN,STURTRIDGE-RESA,(810) 455-4055,sturtridge.jean@sccresa.org,JOSHUA,EVERITT,(810) 455-4480,everitt.joshua@sccacademy.org,JOSHUA,EVERITT,(810) 455-4480,everitt.joshua@sccacademy.org,No,Yes,Yes,http://sccresa.org/countyeducation/academies/virtuallearningacademy/,No,-9,No,-9,-9,-9,-9,-9,-9,-9,-9,-9,-9,-9,-9,-9,-9,-9,No,-9,-9,-9,-9
MI,MICHIGAN,2600970,Leelanau Montessori Public School Academy,310 SOUTH ELM ST,SUTTONS BAY,49682,No,112,0,1,Yes,Yes,Yes,BETH,BASSETT,(231)994-2074,bassettb@leelanaumontessori.org,BETH,BASSETT,(231)994-2074,bassettb@leelanaumontessori.org,BETH,BASSETT,(231)994-2074,bassettb@leelanaumontessori.org,No,Yes,Yes,http://www.leelanaumontessori.org/uploads/8/5/8/1/85814346/leelanau_montessori_policies_rev._8-15-18.pdf,No,-9,Yes,No,Yes,No,Yes,Yes,Yes,Yes,5,6,18,20,Yes,-9,-9,-9,Yes,Yes,No,Yes,No
MI,MICHIGAN,2600973,Global Heights Academy,23713 Joy Road,Dearborn Heights,48127,No,251,0,1,Yes,Yes,Yes,DEB,REYNOLDS,(734)369-9500,reynoldsd@gee-edu.com,DEB,REYNOLDS,(734)369-9500,reynoldsd@gee-edu.com,SHAWN,ROBSON,(313)624-3400,robsons@gee-edu.com,No,Yes,Yes,https://globalheights.geeacademies.net/,No,-9,Yes,Yes,No,No,No,No,Yes,Yes,0,0,32,0,Yes,-9,-9,-9,Yes,Yes,No,No,No
MI,MICHIGAN,2600980,DeTour Arts and Technology Academy,202 DIVISION ST,DE TOUR VILLAGE,49725,No,83,0,1,Yes,Yes,Yes,ANGELA,REED,906-297-2011 x224,areed@eupschools.org,ANGELA,REED,906-297-2011 x224,areed@eupschools.org,ANGELA,REED,906-297-2011 x224,areed@eupschools.org,No,Yes,Yes,https://detourata.eupschools.org/Page/133,No,-9,No,-9,-9,-9,-9,-9,-9,-9,-9,-9,-9,-9,-9,-9,-9,-9,Yes,Yes,No,No,No
MI,MICHIGAN,2600982,Relevant Academy of Eaton County,220 Lamson Street,Grand Ledge,48837,No,114,0,1,Yes,Yes,Yes,JENNIFER,VARNEY,517-925-5450,jvarney@relevantacademy.org,JENNIFER,VARNEY,517-925-5450,jvarney@relevantacademy.org,JENNIFER,VARNEY,517-925-5450,jvarney@relevantacademy.org,No,Yes,Yes,http://www.relevantacademy.org/downloads/policies_and_procedures/2018_board_policy_fall_update.pdf,No,-9,No,-9,-9,-9,-9,-9,-9,-9,-9,-9,-9,-9,-9,-9,-9,-9,No,-9,-9,-9,-9
MI,MICHIGAN,2600983,The Greenspire School,1026 Red Drive,Traverse City,49684,No,127,0,1,Yes,Yes,Yes,KELLY,FRANCISCO,(231) 421-5095,kelly.francisco@greenspireschool.org,KELLY,FRANCISCO,(231) 421-5095,kelly.francisco@greenspireschool.org,SUSAN,WOOTON,(231) 421-5095,susan.wooton@greenspireschool.org,No,Yes,Yes,https://www.greenspireschool.org/,No,-9,No,-9,-9,-9,-9,-9,-9,-9,-9,-9,-9,-9,-9,-9,-9,-9,No,-9,-9,-9,-9
MI,MICHIGAN,2600984,FlexTech High School,7707 Conference Center Road,Brighton,48114,No,271,0,1,Yes,Yes,Yes,NICK,WASMER,810-844-3366,nwasmer@flextech-hs.org,NICK,WASMER,810-844-3366,nwasmer@flextech-hs.org,JENNIFER,GAMBREL,810-844-3366,jgambrel@flextech-hs.org,No,Yes,Yes,http://flextech-hs.org/wp-content/uploads/2018/08/FTB-Student-Handbook-2018-19.pdf,No,-9,No,-9,-9,-9,-9,-9,-9,-9,-9,-9,-9,-9,-9,-9,-9,-9,No,-9,-9,-9,-9
MI,MICHIGAN,2600987,Hamilton Academy,14223 Southampton,Detroit,48213,No,266,0,1,Yes,Yes,Yes,JEFFERSON,HAMLIN,2487124923,jhamlin@edpartners.net,JEFFERSON,HAMLIN,2487124923,jhamlin@edpartners.net,JEFFERSON,HAMLIN,2487124923,jhamlin@edpartners.net,No,Yes,Yes,http://www.hamiltonacademy.us/userfiles/2/my%20files/ha%20revised%20anti-bullying%20policy%20approved%208-25-15.pdf?id=328,No,-9,No,-9,-9,-9,-9,-9,-9,-9,-9,-9,-9,-9,-9,-9,-9,-9,Yes,Yes,No,No,No
MI,MICHIGAN,2600989,Arbor Preparatory High School,6800 Hitchingham Road,Ypsilanti,48197,No,334,0,1,Yes,Yes,Yes,AQUAN,GRANT,734-961-9700,agrant@arborprep.com,AQUAN,GRANT,734-961-9700,agrant@arborprep.com,AQUAN,GRANT,734-961-9700,agrant@arborprep.com,No,Yes,Yes,https://arborprep.com/wp-content/uploads/2017/03/ARBOR-Board-Policies_as-of-3-2017.pdf,No,-9,No,-9,-9,-9,-9,-9,-9,-9,-9,-9,-9,-9,-9,-9,-9,-9,No,-9,-9,-9,-9
MI,MICHIGAN,2600990,Forest Academy,5196 Comstock Ave,Kalamazoo,49048,No,193,0,1,Yes,Yes,Yes,ALLISON,GUMPER,269-731-5775 x132,agumper@fbrcs.org,ALLISON,GUMPER,269-731-5775 x132,agumper@fbrcs.org,ALLISON,GUMPER,269-731-5775 x132,agumper@fbrcs.org,No,Yes,Yes,http://oneamazingclass.org/forest/transparency-reporting/,No,-9,No,-9,-9,-9,-9,-9,-9,-9,-9,-9,-9,-9,-9,-9,-9,-9,Yes,Yes,No,No,No
MI,MICHIGAN,2600991,GEE Edmonson Academy,1300 West Canfield,Detroit,48201,No,251,32,1,Yes,No,Yes,TIFFANY,BUTLER,3132280910,butlert@gee-edu.com,-9,-9,-9,-9,DOMINI,NAILER,3132280910,nailerd@gee-edu.com,No,Yes,Yes,edmonson.geeacademies.nett,No,-9,Yes,Yes,No,No,No,No,Yes,Yes,0,0,12,20,Yes,-9,-9,-9,Yes,Yes,No,No,No
MI,MICHIGAN,2600992,Blue Water Middle College,323 Erie Street,Port Huron,48060,No,266,0,1,Yes,Yes,Yes,PETE,SPENCER,810-989-5805,spencer.pete@sccresa.org,PETE,SPENCER,810-989-5805,spencer.pete@sccresa.org,PETE,SPENCER,810-989-5805,spencer.pete@sccresa.org,No,Yes,Yes,http://bluewatermiddlecollege.org,No,-9,No,-9,-9,-9,-9,-9,-9,-9,-9,-9,-9,-9,-9,-9,-9,-9,No,-9,-9,-9,-9
MI,MICHIGAN,2600995,Noor International Academy,37412 DEQUINDRE RD,STERLING HEIGHTS,48310,No,286,0,1,Yes,Yes,Yes,NAWAL,HAMADEH,313-565-0507,nhamadeh@hesedu.com,NAWAL,HAMADEH,313-565-0507,nhamadeh@hesedu.com,NAWAL,HAMADEH,313-565-0507,nhamadeh@hesedu.com,No,Yes,Yes,http://www.niapsa.org/docs/handbooknia-2.pdf,No,-9,Yes,Yes,No,No,No,No,Yes,Yes,0,0,15,0,Yes,-9,-9,-9,Yes,Yes,No,No,No
MI,MICHIGAN,2600998,New Paradigm Loving Academy,1000 LYNN ST,DETROIT,48211,No,323,0,2,Yes,Yes,Yes,STANLEY,WHEELER,313-852-1500,swheeler@npfeschools.org,STANLEY,WHEELER,(313)852-1500,swheeler@npfeschools.org,STANLEY,WHEELER,(313)852-1500,swheeler@npfeschools.org,No,Yes,No,-9,No,-9,No,-9,-9,-9,-9,-9,-9,-9,-9,-9,-9,-9,-9,-9,-9,-9,Yes,Yes,No,No,No
MI,MICHIGAN,2601000,Bay City Academy,301 NORTH FARRAGUT ST,BAY CITY,48708,No,322,0,2,Yes,Yes,Yes,BRIAN,LYNCH,231-631-4746,lynchb@baycityacademy.com,BRIAN,LYNCH,231-631-4746,lynchb@baycityacademy.com,BRIAN,LYNCH,231-631-4746,lynchb@baycityacademy.com,No,Yes,No,-9,No,-9,No,-9,-9,-9,-9,-9,-9,-9,-9,-9,-9,-9,-9,-9,-9,-9,Yes,Yes,No,No,No
MI,MICHIGAN,2601006,WSC Academy,855 JEFFERSON ST,YPSILANTI,48197,No,77,0,1,Yes,Yes,Yes,PORTIA,DAVIS MANN,734-794-0218 Ext. 292,Mannp@wsc-academy.org,PORTIA,DAVIS MANN,734-794-0218 Ext. 292,Mannp@wsc-academy.org,EILEEN,PRIHODA,734-794-0218 Ext. 211,Prihodae@wsc-academy.org,No,Yes,Yes,wsc-academy.org,No,-9,No,-9,-9,-9,-9,-9,-9,-9,-9,-9,-9,-9,-9,-9,-9,-9,No,-9,-9,-9,-9
MI,MICHIGAN,2601011,Innocademy,8485 HOMESTEAD DR,ZEELAND,49464,No,333,0,1,Yes,Yes,Yes,KELLI,GUNN,6169157392,kelli.gunn@innocademy.com,KELLI,GUNN,6169157392,kelli.gunn@innocademy.com,KELLI,GUNN,6169157392,kelli.gunn@innocademy.com,No,Yes,Yes,https://innocademy.com/about/board/,No,-9,No,-9,-9,-9,-9,-9,-9,-9,-9,-9,-9,-9,-9,-9,-9,-9,Yes,Yes,No,No,No
MI,MICHIGAN,2601012,Rutherford Winans Academy,16411 Curtis,Detroit,48235,No,225,0,1,Yes,Yes,Yes,RANDY,HAYWARD,313-640-4610 x2309,rhayward@winans.spfs.k12.mi.us,RANDY,HAYWARD,313-640-4610 x2309,rhayward@winans.spfs.k12.mi.us,TINA,MEREDITH,(313) 640-4610,tmeredith@winans.spfs.k12.mi.us,No,Yes,Yes,www.rutherfordwinansk5.org,No,-9,No,-9,-9,-9,-9,-9,-9,-9,-9,-9,-9,-9,-9,-9,-9,-9,No,-9,-9,-9,-9
MI,MICHIGAN,2601013,Capstone Academy Charter School (SDA),3500 John R Street,Detroit,48201,Yes,130,0,3,Yes,Yes,Yes,MONICA,MARTIN,(248)582-8100,monica-martin@edtec.net,MONICA,MARTIN,(248)582-8100,monica-martin@edtec.net,MONICA,MARTIN,(248)582-8100,monica-martin@edtec.net,No,Yes,Yes,http://www.capstonesda.com/,No,-9,No,-9,-9,-9,-9,-9,-9,-9,-9,-9,-9,-9,-9,-9,-9,-9,No,-9,-9,-9,-9
MI,MICHIGAN,2601015,Evergreen Academy,2121 HUDSON AVE,KALAMAZOO,49008,No,79,79,1,Yes,Yes,Yes,ALLISON,GUMPER,269-731-5775 x132,agumper@fbrcs.org,ALLISON,GUMPER,269-731-5775 x132,agumper@fbrcs.org,ALLISON,GUMPER,269-731-5775 x132,agumper@fbrcs.org,No,Yes,Yes,http://oneamazingclass.org/evergreen/transparency-reporting/,No,-9,No,-9,-9,-9,-9,-9,-9,-9,-9,-9,-9,-9,-9,-9,-9,-9,Yes,Yes,No,No,No
MI,MICHIGAN,2601017,NexTech High School,801 BROADWAY AVE NORTHWEST STE 225,GRAND RAPIDS,49504,No,149,0,1,Yes,Yes,Yes,DAN,MCMINN,(616)458-4992,dmcminn@gr.nextechhigh.org,DAN,MCMINN,(616)458-4992,dmcminn@gr.nextechhigh.org,DAN,MCMINN,(616)458-4992,dmcminn@gr.nextechhigh.org,No,Yes,Yes,http://nextechhigh.org/wp-content/uploads/2018/08/NXG-Student-Handbook-2018-2019.pdf,No,-9,No,-9,-9,-9,-9,-9,-9,-9,-9,-9,-9,-9,-9,-9,-9,-9,No,-9,-9,-9,-9
MI,MICHIGAN,2601019,Nexus Academy of Lansing,2175 University Park Drive,Okemos,48864,No,225,0,1,Yes,Yes,Yes,JAMIE,DEWITT,(517)347-7793,jdewitt@lansing.nextechhigh.org,JAMIE,DEWITT,(517)347-7793,jdewitt@lansing.nextechhigh.org,JAMIE,DEWITT,(517)347-7793,jdewitt@lansing.nextechhigh.org,No,Yes,No,-9,No,-9,No,-9,-9,-9,-9,-9,-9,-9,-9,-9,-9,-9,-9,-9,-9,-9,No,-9,-9,-9,-9
MI,MICHIGAN,2601027,Faxon Language Immersion Academy,28555 Middlebelt,Farmington Hills,48334,No,86,0,1,Yes,Yes,Yes,UNKNOWN,OLD MANAGEMENT COMPANY,2483019909,R.TURNER@GLOBALPSYCHOLOGY.NET,UNKNOWN,PREVIOUS MGMT COMPANY,2483019909,R.TURNER@GLOBALPSYCHOLOGY.NET,UNKNOWN,PREVIOUS MGMT COMPANY,2483019909,R.TURNER@GLOBALPSYCHOLOGY.NET,No,Yes,No,-9,No,-9,No,-9,-9,-9,-9,-9,-9,-9,-9,-9,-9,-9,-9,-9,-9,-9,Yes,Yes,No,No,No
MI,MICHIGAN,2601032,Escuela Avancemos,3811 Cicotte Street,Detroit,48210,No,306,0,1,Yes,Yes,Yes,SEAN,TOWNSIN,(313) 596-0079,stownsin@theeeacademyk5.org,SEAN,TOWNSIN,(313) 596-0079,stownsin@theeeacademyk5.org,SEAN,TOWNSIN,(313) 596-0079,stownsin@theeeacademyk5.org,No,Yes,Yes,http://theeaacademyk5.org/policies/discrimination/,No,-9,No,-9,-9,-9,-9,-9,-9,-9,-9,-9,-9,-9,-9,-9,-9,-9,Yes,Yes,No,No,No
MI,MICHIGAN,2601034,Alternative Educational Academy of Iosco County,1230 East US 23,East Tawas,48730,No,160,0,1,Yes,Yes,Yes,TINA,WILLIAMS,989-362-2575,twilliams@ioscoaea.net,TINA,WILLIAMS,989-362-2575,twilliams@ioscoaea.net,TINA,WILLIAMS,989-362-2575,twilliams@ioscoaea.net,No,Yes,Yes,www.ioscoaea.net,No,-9,No,-9,-9,-9,-9,-9,-9,-9,-9,-9,-9,-9,-9,-9,-9,-9,No,-9,-9,-9,-9
MI,MICHIGAN,2601035,Macomb Montessori Academy,14057 East Nine Mile Road,Warren,48089,No,188,0,1,Yes,Yes,Yes,KENESHA,DOUGLAS,586-359-2138,keneshadouglas@choiceschools.com,KENESHA,DOUGLAS,586-359-2138,keneshadouglas@choiceschools.com,KENESHA,DOUGLAS,586-359-2138,keneshadouglas@choiceschools.com,No,Yes,Yes,https://secure.munetrix.com/Michigan/Schools/GDR/Macomb-ISD/PSA/Macomb-Montessori-Academy,No,-9,No,-9,-9,-9,-9,-9,-9,-9,-9,-9,-9,-9,-9,-9,-9,-9,Yes,Yes,No,No,No
MI,MICHIGAN,2601037,Greater Heights Academy,3196 W PASADENA AVE,FLINT,48504,No,280,0,1,Yes,Yes,Yes,LISA,LEIMEISTER,810-768-3860,leimeisterl@greaterheightsacademy.org,KENIS,WALLEVAND,810-768-3860,wallevandk@greaterheightsacademy.org,LOLA,HOPCRAFT,810-768-3860,hopcraftl@greaterheightsacademy.org,No,Yes,Yes,https://gh-academy.org/wp-content/uploads/2018/03/Greater-Heights-Academy-BP-Manual-3-22-18.pdf,No,-9,No,-9,-9,-9,-9,-9,-9,-9,-9,-9,-9,-9,-9,-9,-9,-9,Yes,Yes,No,No,No
MI,MICHIGAN,2601039,Genesee STEM Academy,5240 Calkins Road,Flint,48532,No,282,0,1,Yes,Yes,Yes,KIMBERLY,COULTER,(810)600-6466,kimberly.coulter@geneseestem.com,KIMBERLY,COULTER,(810)600-6466,kimberly.coulter@geneseestem.com,KIMBERLY,COULTER,(810)600-6466,kimberly.coulter@geneseestem.com,No,Yes,Yes,https://geneseestem.com/wp-content/uploads/2013/12/Anti-bullying-policy.pdf,No,-9,No,-9,-9,-9,-9,-9,-9,-9,-9,-9,-9,-9,-9,-9,-9,-9,Yes,Yes,No,No,No
MI,MICHIGAN,2601040,ICademy Global,8485 HOMESTEAD DR,ZEELAND,49464,No,204,0,1,Yes,Yes,Yes,TYLER,HUIZENGA,6163754388,tyler.huizenga@icademyglobal.org,TYLER,HUIZENGA,6163754388,tyler.huizenga@icademyglobal.org,TYLER,HUIZENGA,6163754388,tyler.huizenga@icademyglobal.org,No,Yes,Yes,https://icademyglobal.org/?utm_source=google&utm_medium=organic&utm_campaign=gmb,No,-9,No,-9,-9,-9,-9,-9,-9,-9,-9,-9,-9,-9,-9,-9,-9,-9,Yes,Yes,No,No,No
MI,MICHIGAN,2601041,Sarah J. Webber Media Arts Academy,48980 WOODWARD AVE,PONTIAC,48342,No,157,0,1,Yes,Yes,Yes,LATOYA,WILLIAMS,2489729100,lwilliams@webbermediaarts.com,ANA,RIVERA,2489729100,arivera@webbermediaarts.com,KELLY,FABIAN,2489729100,kfabian@webbermediaarts.com,No,Yes,Yes,www.webbermediaarts.com,No,-9,No,-9,-9,-9,-9,-9,-9,-9,-9,-9,-9,-9,-9,-9,-9,-9,Yes,Yes,No,No,No
MI,MICHIGAN,2601042,Branch Line School,16360 HUBBARD ST,LIVONIA,48154,No,134,0,1,Yes,Yes,Yes,JEN,WILKINS,7343350663,jenw@branchlineschool.org,JEN,WILKINS,7343350663,jenw@branchlineschool.org,JEN,WILKINS,7343350663,jenw@branchlineschool.org,No,Yes,Yes,https://drive.google.com/file/d/0ByL0raqvQEuuTFdEV0ttV0luOXRFaHI3eFZGNHREWWVDRVFV/view,No,-9,No,-9,-9,-9,-9,-9,-9,-9,-9,-9,-9,-9,-9,-9,-9,-9,Yes,Yes,No,No,No
MI,MICHIGAN,2601043,Oakland FlexTech Academy,24245 KARIM BLVD,NOVI,48375,No,149,0,1,Yes,Yes,Yes,SARAH,PAZUR,248-426-8530,spazur@oaklandflextech.org,SARAH,PAZUR,248-426-8530,spazur@oaklandflextech.org,KATY,URBAN,248-426-8530,kurban@flextech-hs.org,No,Yes,Yes,http://flextech-hs.org/wp-content/uploads/2018/08/FTN-Student-Handbook-2018-19.pdf,No,-9,No,-9,-9,-9,-9,-9,-9,-9,-9,-9,-9,-9,-9,-9,-9,-9,No,-9,-9,-9,-9
MI,MICHIGAN,2601045,Momentum Academy,60 S. Lynn,Waterford,48328,No,127,0,1,Yes,Yes,Yes,KATIE,ALEXANDER,2486825000,kalexander@momentumacademy.org,KATIE,ALEXANDER,2486825000,kalexander@momentumacademy.org,KATIE,ALEXANDER,2486825000,kalexander@momentumacademy.org,No,Yes,Yes,http://momentumacademy.org/images/pdf/MOA%20-%20Title%20IX.pdf,No,-9,Yes,Yes,No,No,No,No,Yes,No,0,0,13,0,Yes,-9,-9,-9,Yes,Yes,No,No,No
MI,MICHIGAN,2601046,Kingsbury Country Day School,5000 HOSNER RD,OXFORD,48370,No,256,0,1,Yes,Yes,Yes,DAVID,POIRIER,248-628-2571,dpoirier@kingsburyschool.org,DAVID,POIRIER,248-628-2571,dpoirier@kingsburyschool.org,ANDREA,BRISTOL,248-628-2571,abristol@kingsburyschool.org,No,Yes,Yes,"www,kinsburyschool.org",No,-9,No,-9,-9,-9,-9,-9,-9,-9,-9,-9,-9,-9,-9,-9,-9,-9,Yes,Yes,No,No,No
MI,MICHIGAN,2601048,Detroit Achievement Academy,7000 Outer Drive,Detroit,48235,No,224,0,2,Yes,Yes,Yes,KATHRYN,STRADER,3175253565,katy@detroitachievement.org,KATHRYN,STRADER,3175253565,katy@detroitachievement.org,THOMAS,ANDERSON,3134689518,tommy@detroitachievement.org,No,Yes,Yes,https://drive.google.com/file/d/1cNG63UhghYfxw4urzMhBrxeyUEXkNGhd/view,No,-9,No,-9,-9,-9,-9,-9,-9,-9,-9,-9,-9,-9,-9,-9,-9,-9,Yes,Yes,No,No,No
MI,MICHIGAN,2601051,The James and Grace Lee Boggs School,4141 MITCHELL ST,DETROIT,48207,No,131,0,1,Yes,Yes,Yes,AMANDA,ROSMAN,3139232301,amanda.boggsschool@gmail.com,AMANDA,ROSMAN,3139232301,amanda.boggsschool@gmail.com,JULIA,PUTNAM,3139232301,julia.boggsschool@gmail.com,No,Yes,Yes,http://www.boggsschool.org/school-policies,No,-9,No,-9,-9,-9,-9,-9,-9,-9,-9,-9,-9,-9,-9,-9,-9,-9,Yes,Yes,No,No,No
MI,MICHIGAN,2601053,Waterford Montessori Academy,4860 MIDLAND AVE,WATERFORD,48329,No,253,0,1,Yes,Yes,Yes,JEREMY,GILLIAM,246-674-2400,jgilliam@waterfordmontessori.org,JEREMY,GILLIAM,246-674-2400,jgilliam@waterfordmontessori.org,JEREMY,GILLIAM,248-674-2400,jgilliam@waterfordmontessori.org,No,Yes,Yes,https://drive.google.com/file/d/1JbFXuwR4OMSKhC8s7fbF_voZW7qzeQYZ/view?usp=sharing,No,-9,No,-9,-9,-9,-9,-9,-9,-9,-9,-9,-9,-9,-9,-9,-9,-9,Yes,Yes,No,No,No
MI,MICHIGAN,2601055,Battle Creek Montessori Academy,399 20TH ST N,SPRINGFIELD,49037,No,182,0,1,Yes,Yes,Yes,DENISE,BONTEMPO,(269)339-3309,denisebontempo@choiceschools.com,DENISE,BONTEMPO,(269)339-3309,denisebontempo@choiceschools.com,DENISE,BONTEMPO,(269)339-3309,denisebontempo@choiceschools.com,No,Yes,Yes,https://secure.munetrix.com/app_assets/docs/school_transparency/Board-Policy-Manual-2018-19-4204-1551787551-31792.pdf,No,-9,Yes,No,Yes,No,No,No,No,No,1,6,12,1,Yes,-9,-9,-9,Yes,Yes,No,No,No
MI,MICHIGAN,2601056,WAY Academy - Flint,817 E Kearsley St,Flint,48503,No,164,0,1,Yes,Yes,Yes,JENNIFER,HERNANDEZ,7343459957,jennifer.hernandez@wayprogram.net,JENNIFER,HERNANDEZ,7343459957,jennifer.hernandez@wayprogram.net,MARILEEE,BYLSMA,7343459957,marilee.bylsma@wayprogram.net,No,Yes,Yes,https://www.wayacademyflint.net/uploaded/WAY_Academy_of_Flint/Board_Documents/FlintBullyingPolicy1819.pdf,No,-9,No,-9,-9,-9,-9,-9,-9,-9,-9,-9,-9,-9,-9,-9,-9,-9,No,-9,-9,-9,-9
MI,MICHIGAN,2601058,LifeTech Academy,3101 TECHNOLOGY BLVD STE A,LANSING,48910,No,196,0,1,Yes,Yes,Yes,THOMAS,ACKERSON,517-325-5469,tackerson@lifetechacademy.org,THOMAS,ACKERSON,517-325-5469,tackerson@lifetechacademy.org,THOMAS,ASKERSON,517-325-5469,tackerson@lifetechacademy.org,No,Yes,Yes,https://lifetechacademy.org/wp-content/uploads/2015/07/Life-Tech-Academy-Comprehensive-Board-Policy-Manual2.pdf,No,-9,No,-9,-9,-9,-9,-9,-9,-9,-9,-9,-9,-9,-9,-9,-9,-9,No,-9,-9,-9,-9
MI,MICHIGAN,2601062,Detroit Public Safety Academy,1250 ROSA PARKS BLVD,DETROIT,48216,No,336,0,1,Yes,Yes,Yes,DAWN,NELSON,(313) 965-6916,dawn.nelson@leonagroup.com,DAWN,NELSON,(313) 965-6916,dawn.nelson@leonagroup.com,DAWN,NELSON,(313) 965-6916,dawn.nelson@leonagroup.com,No,Yes,Yes,https://www.detroitpsa.com/uploads/4/3/9/7/4397552/dpsa_15.16_bullying_policy.pdf,No,-9,No,-9,-9,-9,-9,-9,-9,-9,-9,-9,-9,-9,-9,-9,-9,-9,No,-9,-9,-9,-9
MI,MICHIGAN,2601063,Lakeside Charter School,3921 OAKLAND DR FRNT,KALAMAZOO,49008,No,122,122,1,Yes,Yes,Yes,STEVE,LAIDACKER,2693814760 x217,Steve.laidacker@sequelyouthservices.com,STEVE,LAIDACKER,2693814760 x217,Steve.laidacker@sequelyouthservices.com,KARES,JOHNSON,2693814760 x7120,kare.johnson@sequelyouthservices.com,No,Yes,No,-9,No,-9,No,-9,-9,-9,-9,-9,-9,-9,-9,-9,-9,-9,-9,-9,-9,-9,No,-9,-9,-9,-9
MI,MICHIGAN,2601064,Global Tech Academy,1715 E FOREST AVE,YPSILANTI,48198,No,188,188,1,Yes,Yes,Yes,ROBIN,TOLBERT,7343909625,tolbertr@gee-edu.com,ROBIN,TOLBERT,7343909625,tolbertr@gee-edu.com,ROBIN,TOLBERT,7343909625,tolbertr@gee-edu.com,Yes,Yes,Yes,http://globaltech.geeacademies.net,No,-9,Yes,Yes,No,No,No,No,Yes,Yes,0,0,14,1,Yes,-9,-9,-9,Yes,Yes,No,No,No
MI,MICHIGAN,2601067,Muskegon Montessori Academy for Environmental Change,2950 MCCRACKEN ST,NORTON SHORES,49441,No,153,0,1,Yes,Yes,Yes,ALI,DUBOIS,231-766-7500,alidubois@choiceschools.com,ALI,DUBOIS,231-766-7500,alidubois@choiceschools.com,ALI,DUBOIS,231-766-7500,alidubois@choiceschools.com,No,Yes,Yes,https://muskegonmontessoriacademy.com/parents-students/student-handbook-code-conduct/,No,-9,Yes,No,Yes,No,No,No,Yes,No,0,0,12,0,Yes,-9,-9,-9,Yes,Yes,No,No,No
MI,MICHIGAN,2601071,Innocademy Allegan Campus,2611 56TH ST,FENNVILLE,49408,No,103,0,1,Yes,Yes,Yes,MARTY,LAPPE,(248)505-6829,marty.lappe@innocademy.com,MARTY,LAPPE,(248)505-6829,marty.lappe@innocademy.com,MARTY,LAPPE,(248)505-6829,marty.lappe@innocademy.com,No,Yes,Yes,https://allegan.innocademy.com/about/board/,No,-9,No,-9,-9,-9,-9,-9,-9,-9,-9,-9,-9,-9,-9,-9,-9,-9,Yes,Yes,No,No,No
MI,MICHIGAN,2601072,Blended Learning Academies Credit Recovery High School,1754 E CLARK RD,LANSING,48906,No,85,0,1,Yes,Yes,Yes,GREG,MORRIS,5175744667,gmorris@blendedacademies.org,GREG,MORRIS,5175744667,gmorris@blendedacademies.org,GREG,MORRIS,5175744667,gmorris@blendedacademies.org,No,Yes,Yes,www.blendedacademies.org,No,-9,No,-9,-9,-9,-9,-9,-9,-9,-9,-9,-9,-9,-9,-9,-9,-9,No,-9,-9,-9,-9
MI,MICHIGAN,2601074,WAY Michigan,407 E FORT ST,DETROIT,48226,No,279,0,1,Yes,Yes,Yes,JENNIFER,HERNANDEZ,7343459957,Jennifer.Hernandez@wayprogram.net,JENNIFER,HERNANDEZ,7343459957,Jennifer.Hernandez@wayprogram.net,MARILEE,BYLSMA,7343459957,Marilee.Bylsma@wayprogram.net,No,Yes,Yes,https://www.waymichigan.net/uploaded/WAY_Michigan/Public_Board_Documents/WAYMIBullyingPolicy1819.pdf,No,-9,No,-9,-9,-9,-9,-9,-9,-9,-9,-9,-9,-9,-9,-9,-9,-9,No,-9,-9,-9,-9
MI,MICHIGAN,2601075,New Paradigm College Prep,2450 S BEATRICE ST,DETROIT,48217,No,94,0,1,Yes,Yes,Yes,MICHAEL,BAGLEY,313-406-7060,mbagley@npfeschools.org,MICHAEL,BAGLEY,313-406-7060,mbagley@npfeschools.org,MICHAEL,BAGLEY,313-406-7060,mbagley@npfeschools.org,No,Yes,No,-9,No,-9,Yes,Yes,No,No,No,No,Yes,No,0,0,16,0,Yes,-9,-9,-9,Yes,Yes,No,No,No
MI,MICHIGAN,2601076,Pathways Academy,11340 E JEFFERSON AVE,DETROIT,48214,No,273,0,1,Yes,Yes,Yes,MICHELLE,SHAWVER,313-209-3804,mshawver@pathwaysdetroit.com,MICHELLE,SHAWVER,313-209-3804,mshawver@pathwaysdetroit.com,MICHELLE,SHAWVER,313-209-3804,mshawver@pathwaysdetroit.com,No,Yes,Yes,https://pathwaysdetroit.com/anti-bullying-policy/,No,-9,No,-9,-9,-9,-9,-9,-9,-9,-9,-9,-9,-9,-9,-9,-9,-9,No,-9,-9,-9,-9
MI,MICHIGAN,2601083,Eagle's Nest Academy,5005 CLOVERLAWN DR,FLINT,48504,No,250,0,1,Yes,Yes,Yes,BRIGITTE,JACKSON,(810)869-6495,bjackson@eaglesnestflint.org,BRIGITTE,JACKSON,(810)869-6495,bjackson@eaglesnestflint.org,BRIGITTE,JACKSON,(810)869-6495,bjackson@eaglesnestflint.org,No,Yes,Yes,http://www.eaglesnestflint.org/wp-content/uploads/2018/12/2018-19-Parent-Student-Handbook-Final.pdf,No,-9,No,-9,-9,-9,-9,-9,-9,-9,-9,-9,-9,-9,-9,-9,-9,-9,Yes,Yes,No,No,No
MI,MICHIGAN,2601088,Muskegon Covenant Academy,125 CATHERINE AVE,MUSKEGON,49442,No,242,0,1,Yes,Yes,Yes,JIM,VAN BERGEN,231-720-3103,jvanbergen@mcovenantacademy.org,MIA,CLARK,231-720-3104,mclark@mcovenantacademy.org,JIM,VAN BERGEN,231-720-3103,jvanbergen@mcovenantacademy.org,No,Yes,Yes,http://www.covenantacademiesfoundation.org/1/Content2/board,No,-9,No,-9,-9,-9,-9,-9,-9,-9,-9,-9,-9,-9,-9,-9,-9,-9,No,-9,-9,-9,-9
MI,MICHIGAN,2601089,New School High,46250 Ann Arbor Road,Plymouth,48170,No,75,0,1,Yes,Yes,Yes,CYNTHIA,BURNSTEIN,734-386-6601,cburnstein@newschoolhigh.org,CYNTHIA,BURNSTEIN,734-386-6601,cburnstein@newschoolhigh.org,CYNTHIA,BURNSTEIN,734-386-6601,cburnstein@newschoolhigh.org,No,Yes,No,-9,No,-9,No,-9,-9,-9,-9,-9,-9,-9,-9,-9,-9,-9,-9,-9,-9,-9,No,-9,-9,-9,-9
MI,MICHIGAN,2601090,East Shore Leadership Academy,1403 7TH ST,PORT HURON,48060,No,186,0,1,Yes,Yes,Yes,DEANNA,KELLER,810-294-8040,dkeller@eastshoreleaders.com,DEANNA,KELLER,810-294-8040,dkeller@eastshoreleaders.com,DEANNA,KELLER,810-294-8040,dkeller@eastshoreleaders.com,No,Yes,Yes,http://www.eastshoreleaders.com/wp-content/uploads/2019/02/Nondiscrimination-and-Access-to-Equal-Educational-Opportunity.pdf,No,-9,No,-9,-9,-9,-9,-9,-9,-9,-9,-9,-9,-9,-9,-9,-9,-9,Yes,Yes,No,No,No
MI,MICHIGAN,2601092,Alternative Educational Academy of Ogemaw County,2389 S M 76,West Branch,48661,No,103,0,1,Yes,Yes,Yes,DANA,MCGREW,(989)362-3006 x130,dmcgrew@ioscoresa.net,DANA,MCGREW,(989)362-3006 x130,dmcgrew@ioscoresa.net,DANA,MCGREW,(989)362-3006 x130,dmcgrew@ioscoresa.net,No,Yes,Yes,www.ogemawaea.net/enrollment,No,-9,No,-9,-9,-9,-9,-9,-9,-9,-9,-9,-9,-9,-9,-9,-9,-9,No,-9,-9,-9,-9
MI,MICHIGAN,2601093,Lake Superior Academy,8936 S Mackinac Trail,Sault Ste. Marie,49783,No,49,0,1,Yes,Yes,Yes,SUSIE,SCHLEHUBER,906-259-1168,susieschlehuber@choiceschools.com,SUSIE,SCHLEHUBER,906-259-1168,susieschlehuber@choiceschools.com,SUSIE,SCHLEHUBER,906-259-1168,susieschlehuber@choiceschools.com,No,Yes,Yes,https://secure.munetrix.com/app_assets/docs/school_transperency/Board-Manual-2018-19-4204-1551787797-72199.pdf,No,-9,Yes,No,Yes,No,No,No,Yes,Yes,0,0,1,0,Yes,-9,-9,-9,Yes,Yes,No,No,No
MI,MICHIGAN,2601096,Light of the World Academy,550 E Hamburg,Pinckney,48169,No,223,0,1,Yes,Yes,Yes,RACHEL,TURNER,(248) 254-3445,r.turner@globalpsychology.net,RACHEL,TURNER,(248) 254-3445,r.turner@globalpsychology.net,RACHEL,TURNER,(248) 254-3445,r.turner@globalpsychology.net,No,Yes,Yes,www.lotwa.org,No,-9,No,-9,-9,-9,-9,-9,-9,-9,-9,-9,-9,-9,-9,-9,-9,-9,Yes,Yes,No,No,No
MI,MICHIGAN,2601097,Gateway To Success Academy,526 N Main Street,Scottville,49454,No,124,0,1,Yes,Yes,Yes,JAMES,BANDSTRA,2318450922,jbandstra@g2sacademy.net,JAMES,BANDSTRA,2318450922,jbandstra@g2sacademy.net,JAMES,BANDSTRA,2318450922,jbandstra@g2sacademy.net,No,Yes,Yes,www.g2sacademy.net,No,-9,No,-9,-9,-9,-9,-9,-9,-9,-9,-9,-9,-9,-9,-9,-9,-9,No,-9,-9,-9,-9
MI,MICHIGAN,2601098,Augusta Academy,600 West Michigan,Augusta,49012,No,13,0,1,Yes,Yes,Yes,ALLISON,GUMPER,269-731-5775 ext 132,agumper@fbrcs.org,ALLISON,GUMPER,269-731-5775 ext 132,agumper@fbrcs.org,ALLISON,GUMPER,269-731-5775 ext 132,agumper@fbrcs.org,No,Yes,Yes,http://oneamazingclass.org/augusta/transparency-reporting/,No,-9,No,-9,-9,-9,-9,-9,-9,-9,-9,-9,-9,-9,-9,-9,-9,-9,Yes,Yes,No,No,No
MI,MICHIGAN,2601099,Kalamazoo Covenant Academy,400 WEST CROSSTOWN PKWY,KALAMAZOO,49001,No,139,0,1,Yes,Yes,Yes,JERRI-LYNN,WILLIAMS-HARPER,269-888-2705,jwilliams-harper@kcovenantacademy.org,JERRI-LYNN,WILLIAMS-HARPER,269-888-2705,jwilliams-harper@kcovenantacademy.org,JERRI-LYNN,WILLIAMS-HARPER,269-888-2705,jwilliams-harper@kcovenantacademy.org,No,Yes,Yes,http://www.kcovenantacademy.org/userfiles/2/my%20files/anti-bullying%20policy.pdf?id=370,No,-9,No,-9,-9,-9,-9,-9,-9,-9,-9,-9,-9,-9,-9,-9,-9,-9,No,-9,-9,-9,-9
MI,MICHIGAN,2601108,Livingston Classical Cyber Academy,8877 Main Street,Whitmore Lake,48189,No,148,0,1,Yes,Yes,Yes,KERRI,SMITH,(313)977-9178,ksmith@eqeducation.org,KERRI,SMITH,(313)977-9178,ksmith@eqeducation.org,KERRI,SMITH,(313)977-9178,ksmith@eqeducation.org,No,Yes,No,-9,No,-9,No,-9,-9,-9,-9,-9,-9,-9,-9,-9,-9,-9,-9,-9,-9,-9,Yes,Yes,No,No,No
MI,MICHIGAN,2601110,Inkster Preparatory Academy,27355 Woodsfield Street,Wixom,48141,No,171,0,1,Yes,Yes,Yes,SHAWN,HURT,(313) 278-3825,shurt@inksterprep.org,SHAWN,HURT,(313) 278-3825,shurt@inksterprep.org,SHAWN,HURT,(313) 278-3825,shurt@inksterprep.org,No,Yes,Yes,www.inksterprep.org,No,-9,No,-9,-9,-9,-9,-9,-9,-9,-9,-9,-9,-9,-9,-9,-9,-9,Yes,Yes,No,No,No
MI,MICHIGAN,2601113,Detroit Collegiate High School,3100 Elmwood,Detroit,48207,No,96,0,1,Yes,Yes,Yes,MICHILLE,FEW,(313)977-9178,mfew@eqeducation.org,MICHILLE,FEW,(313)977-9178,mfew@eqeducation.org,JENNA,TIMAR,(313)977-9178,jtimar@eqeducation.org,No,Yes,No,-9,No,-9,No,-9,-9,-9,-9,-9,-9,-9,-9,-9,-9,-9,-9,-9,-9,-9,No,-9,-9,-9,-9
MI,MICHIGAN,2601114,Michigan International Prep School,8989 E Colony Road,Elsie,48331,No,172,0,1,Yes,Yes,Yes,ANDREW,HULBERT,586-291-5856,hulbert@miprepschool.org,ANDREW,HULBERT,586-291-5856,hulbert@miprepschool.org,ANDREW,HULBERT,586-291-5856,hulbert@miprepschool.org,No,Yes,Yes,https://www.miprepschool.org/,No,-9,No,-9,-9,-9,-9,-9,-9,-9,-9,-9,-9,-9,-9,-9,-9,-9,Yes,Yes,No,No,No
MI,MICHIGAN,2601115,Distinctive College Prep.,19360 Harper Avenue,Harper Woods,48225,No,255,0,1,Yes,Yes,Yes,WHITNEY,ROSETTI,312-332-4998,wrosetti@distinctiveschools.org,WHITEY,ROSETTI,312-332-4998,wrosetti@distinctiveschools.org,DANIELLE,MORAN,312-332-4998,dmoran@distinctiveschools.org,No,Yes,Yes,www.dcpharperwoods.org,No,-9,No,-9,-9,-9,-9,-9,-9,-9,-9,-9,-9,-9,-9,-9,-9,-9,Yes,Yes,No,No,No
MI,MICHIGAN,2602010,Akron-Fairgrove Schools,PO Box 319,Fairgrove,48733,No,293,0,2,Yes,Yes,Yes,ANDREW,BEAUVAIS,9896936112,abeauvais@a-f.k12.mi.us,REBECCA,CROSBY,9896915141,rcrosby@a-f.k12.mi.us,ANDREW,BEAUVAIS,9896936112,abeauvais@a-f.k12.mi.us,No,Yes,Yes,akronfairgrove.org,No,-9,No,-9,-9,-9,-9,-9,-9,-9,-9,-9,-9,-9,-9,-9,-9,-9,Yes,Yes,No,No,No
MI,MICHIGAN,2602040,Alba Public Schools,5935 ELM ST,ELMIRA,49730,No,133,0,1,Yes,Yes,Yes,RICHARD,SATTERLEE,231-584-2000 x202,rsatterlee@albaschool.org,RICHARD,SATTERLEE,231-584-2000 x202,rsatterlee@albaschool.org,RICHARD,SATTERLEE,231-584-2000 x 200,rsatterlee@albaschool.org,No,Yes,Yes,www.albaschool.org,No,-9,No,-9,-9,-9,-9,-9,-9,-9,-9,-9,-9,-9,-9,-9,-9,-9,Yes,Yes,No,No,No
MI,MICHIGAN,2603270,Arvon Township School District,21655 SKANEE RD,SKANEE,49962,No,14,0,1,Yes,Yes,Yes,LORI,JOHNSON,(906)524-7336,arvschool@up.net,LORI,JOHNSON,(906)524-7336,arvschool@up.net,LORI,JOHNSON,(906)524-7336,arvschool@up.net,No,Yes,Yes,http://www.arvontownshipschool.org,No,-9,No,-9,-9,-9,-9,-9,-9,-9,-9,-9,-9,-9,-9,-9,-9,-9,Yes,Yes,No,No,No
MI,MICHIGAN,2603480,Ashley Community Schools,PO Box 6,Ashley,48806,No,271,0,3,Yes,Yes,Yes,JEFF,ROHRER,(989)847-4000,jrohrer@ashleyschools.net,JEFF,ROHRER,(989)847-4000,jrohrer@ashleyschools.net,JEN,JASON,(989)847-4000x1029,jjason@ashleyschools.net,No,Yes,Yes,http://www.ashleyschools.net/UserFiles/Servers/Server_20389518/File/Adopted%20Anti-Bullying%20Policy%20(00735131).pdf,No,-9,Yes,No,Yes,No,No,Yes,Yes,No,0,2,12,0,Yes,-9,-9,-9,Yes,Yes,No,No,No
MI,MICHIGAN,2603570,Atlanta Community Schools,10500 County Road 489,Atlanta,49709,No,249,0,1,Yes,Yes,Yes,CARL,SEITER,989-785-4877,cseiter@atlantaschools.us,CARL,SEITER,989-785-4877,cseiter@atlantaschools.us,TAWNY,HISSCOCK,989-785-4842,thisscock@atlantaschools.us,No,Yes,Yes,http://atlantaschools.us,No,-9,No,-9,-9,-9,-9,-9,-9,-9,-9,-9,-9,-9,-9,-9,-9,-9,Yes,Yes,No,No,No
MI,MICHIGAN,2603660,AuTrain-Onota Public Schools,PO Box 105,Deerton,49822,No,48,0,1,Yes,Yes,Yes,BRYAN,TYNER,9063436632,tyner@autrainonota.com,BRYAN,TYNER,9063436632,tyner@autrainonota.com,BRYAN,TYNER,9063436632,tyner@autrainonota.com,No,Yes,Yes,http://www.neola.com/autrainonota-mi/,No,-9,Yes,No,No,Yes,No,Yes,Yes,No,0,3,3,0,Yes,-9,-9,-9,Yes,Yes,No,No,No
MI,MICHIGAN,2603960,Bangor Township S/D #8,29842 66TH ST,BANGOR,49013,No,21,0,1,Yes,Yes,Yes,CONNIE,HOLLIS,(269) 427-8562,chollis@vbisd.org,CONNIE,HOLLIS,(269) 427-8562,chollis@vbisd.org,CONNIE,HOLLIS,(269) 427-8562,chollis@vbisd.org,No,Yes,Yes,https://www.vbisd.org/cms/lib/MI01000711/Centricity/Domain/10/Wood%20School%20-%20Bullying%20and%20Harassment%20Policy.pdf,No,-9,No,-9,-9,-9,-9,-9,-9,-9,-9,-9,-9,-9,-9,-9,-9,-9,No,-9,-9,-9,-9
MI,MICHIGAN,2604320,Bear Lake Schools,7748 CODY ST,BEAR LAKE,49614,No,273,0,2,Yes,Yes,Yes,SARAH,HARLESS,231-864-3133,harlesss@manistee.org,SARAH,HARLESS,231-864-3133,harlesss@manistee.org,SARAH,HARLESS,231-864-3133,harlesss@manistee.org,No,Yes,Yes,bearlake.manistee.org,No,-9,No,-9,-9,-9,-9,-9,-9,-9,-9,-9,-9,-9,-9,-9,-9,-9,Yes,Yes,No,No,No
MI,MICHIGAN,2604350,Beaver Island Community School,37895 KINGS HWY,BEAVER ISLAND,49782,No,46,0,1,Yes,Yes,Yes,CWIKIEL,JOHN,2314482744,wilc@beaverisland.k12.mi.us,CWIKIEL,JOHN,2314482744,wilc@beaverisland.k12.mi.us,WILK,VIRGINIA,2314482744,jennaw@beaverisland.k12.mi.us,No,Yes,Yes,www.beaverisland.k12.mi.us,No,-9,Yes,No,No,Yes,No,No,Yes,No,0,0,2,0,Yes,-9,-9,-9,Yes,Yes,No,No,No
MI,MICHIGAN,2605100,Berlin Township S/D #3,6679 SOUTH STATE RD,IONIA,48846,No,10,0,1,Yes,Yes,Yes,RENEE,THELEN,616-527-4900 x1403,rthelen@ioniaisd.org,RENEE,THELEN,616-527-4900 x1403,rthelen@ioniaisd.org,RENEE,THELEN,616-527-4900 x1403,rthelen@ioniaisd.org,No,Yes,Yes,http://www.coonschool.org/wp-content/uploads/2014/08/Anti-Bullying-Policy.pdf,No,-9,No,-9,-9,-9,-9,-9,-9,-9,-9,-9,-9,-9,-9,-9,-9,-9,Yes,Yes,No,No,No
MI,MICHIGAN,2605690,Big Bay De Noc School District,8928 OO 25 RD,COOKS,49817,No,173,173,1,Yes,Yes,Yes,DIANA,THILL,(906)644-2773,dthill@baydenoc.k12.mi.us,DIANA,THILL,(906)644-2773,dthill@baydenoc.k12.mi.us,DIANA,THILL,(906)644-2773,dthill@baydenoc.k12.mi.us,No,Yes,Yes,www.bigbayschool.com,No,-9,Yes,Yes,Yes,No,No,No,Yes,No,0,0,9,3,Yes,-9,-9,-9,Yes,Yes,No,No,No
MI,MICHIGAN,2606300,Bois Blanc Pines School District,PO Box 876,Pointe Aux Pins,49775,No,4,0,1,Yes,Yes,Yes,DANIEL,REATTOIR,9066323373 X5110,danr@eupschools.org,DANIEL,REATTOIR,9066323373 x5110,danr@eupschools.org,DANIEL,REATTOIR,9066323373 x5110,danr@eupschools.org,No,Yes,No,-9,No,-9,No,-9,-9,-9,-9,-9,-9,-9,-9,-9,-9,-9,-9,-9,-9,-9,Yes,Yes,No,No,No
MI,MICHIGAN,2606510,Boyne Falls Public School District,PO Box 356,Boyne Falls,49713,No,216,0,1,Yes,Yes,Yes,CYNTHIA,PINEDA,(231)549-2211 x205,cpineda@boynefalls.ororg,CYNTHIA,PINEDA,(231)549-2211 x205,cpineda@boynefalls.org,CYNTHIA,PINEDA,(231)549-2211 x205,cpineda@boynefalls.org,No,Yes,Yes,http://www.boynefalls.org/students/student-handbooks.html,No,-9,Yes,Yes,Yes,Yes,Yes,Yes,Yes,Yes,1,10,23,3,Yes,-9,-9,-9,Yes,Yes,No,No,No
MI,MICHIGAN,2607410,Burr Oak Community School District,PO Box 337,Burr Oak,49030,No,323,0,3,Yes,Yes,Yes,ROBERT,CARY,269-489-5534,bcary@burroakcs.org,ROBERT,CARY,269-489-5534,bcary@burroakcs.org,ROBERT,CARY,269-489-5534,bcary@burroakcs.org,No,Yes,Yes,burroakcs.org,No,-9,No,-9,-9,-9,-9,-9,-9,-9,-9,-9,-9,-9,-9,-9,-9,-9,Yes,Yes,No,No,No
MI,MICHIGAN,2607470,Burt Township School District,PO Box 338,Grand Marais,49839,No,30,0,1,Yes,Yes,Yes,HEIDI,HOMEISTER,906-494-2521,gmsuperintendent@gmail.com,HEIDI,HOMEISTER,906-494-2521,gmsuperintendent@gmail.com,HEIDI,HOMEISTER,906-494-2521,gmsuperintendent@gmail.com,No,Yes,Yes,https://drive.google.com/file/d/0B8z1SgvvO3tXQ0IwaFBOdEpUYTA/view,No,-9,No,-9,-9,-9,-9,-9,-9,-9,-9,-9,-9,-9,-9,-9,-9,-9,Yes,Yes,No,No,No
MI,MICHIGAN,2608010,Carney-Nadeau Public Schools,PO Box 68,Carney,49812,No,309,0,2,Yes,Yes,Yes,ADAM,COCCO,906-639-2171,acocco@cnps.k12.mi.us,ADAM,COCCO,906-639-2171,acocco@cnps.k12.mi.us,ADAM,COCCO,906-639-2171,acocco@cnps.k12.mi.us,No,Yes,Yes,http://cnps.us,No,-9,No,-9,-9,-9,-9,-9,-9,-9,-9,-9,-9,-9,-9,-9,-9,-9,Yes,Yes,No,No,No
MI,MICHIGAN,2608280,Caseville Public Schools,6609 Vine St,Caseville,48725,No,268,0,1,Yes,Yes,Yes,KEN,EWALD,(989) 856-3830,kewald@cpseagles.org,KEN,EWALD,(989) 856-3830,kewald@cpseagles.org,KEN,EWALD,(989) 856-3830,kewald@cpseagles.org,No,Yes,Yes,http://www.neola.com/caseville-mi/,No,-9,No,-9,-9,-9,-9,-9,-9,-9,-9,-9,-9,-9,-9,-9,-9,-9,Yes,Yes,No,No,No
MI,MICHIGAN,2608610,Central Lake Public Schools,8169 W State St,Central Lake,49622,No,281,0,1,Yes,Yes,Yes,MARY,SPYHALSKI,231-544-3141 x220,spyhalski@clps.k12.mi.us,LENORE,WEAVER,231-544-3141 x402,weaver@clps.k12.mi.us,MARY,SPYHALSKI,231-544-3141 x220,spyhalski@clps.k12.mi.us,No,Yes,Yes,https://www.boarddocs.com/mi/cenlak/Board.nsf/Public,No,-9,No,-9,-9,-9,-9,-9,-9,-9,-9,-9,-9,-9,-9,-9,-9,-9,Yes,Yes,No,No,No
MI,MICHIGAN,2608880,Chassell Township School District,41585 US Hwy 141,Chassell,49916,No,250,0,1,Yes,Yes,Yes,STEVE,SPAHN,(906)483-2132 x401,spahns@cts.k12.mi.us,STEVE,SPAHN,(906)483-2132 x401,spahns@cts.k12.mi.us,STEVE,SPAHN,(906)483-2132 x401,spahns@cts.k12.mi.us,No,Yes,Yes,http://www.cts.k12.mi.us,No,-9,No,-9,-9,-9,-9,-9,-9,-9,-9,-9,-9,-9,-9,-9,-9,-9,Yes,Yes,No,No,No
MI,MICHIGAN,2609630,Church School District,2927 CROCKARD RD,BAD AXE,48413,No,19,0,1,Yes,Yes,Yes,JOSEPH,MURPHY,989-269-6406,jmurphy@huronisd.org,JOSEPH,MURPHY,989-269-6406,jmurphy@huronisd.org,JOSEPH,MURPHY,989-269-6406,jmurphy@huronisd.org,No,Yes,Yes,www.huroncountyruralschools.com/church,No,-9,No,-9,-9,-9,-9,-9,-9,-9,-9,-9,-9,-9,-9,-9,-9,-9,Yes,Yes,No,No,No
MI,MICHIGAN,2610230,Colfax Township S/D #1F,1509 NORTH VAN DYKE RD,BAD AXE,48413,No,21,0,1,Yes,Yes,Yes,JOSEPH,MURPHY,989-269-6406,jmurphy@huronisd.org,JOSEPH,MURPHY,989-269-6406,jmurphy@huronisd.org,JOSEPH,MURPHY,989-269-6406,jmurphy@huronisd.org,No,Yes,Yes,www.huroncountyruralschools.com/bigburning,No,-9,No,-9,-9,-9,-9,-9,-9,-9,-9,-9,-9,-9,-9,-9,-9,-9,Yes,No,No,Yes,No
MI,MICHIGAN,2610560,Fairview Area School District,1879 EAST MILLER RD,FAIRVIEW,48621,No,300,0,1,Yes,Yes,Yes,JOHN,SATTLER,989-848-7004,jsattler@fask12.org,JOHN,SATTLER,989-848-7004,jsattler@fask12.org,RICK,HANDRICH,989-848-7008,rhandrich@fask12.org,No,Yes,Yes,http://www.neola.com/fairview-mi/,No,-9,No,-9,-9,-9,-9,-9,-9,-9,-9,-9,-9,-9,-9,-9,-9,-9,Yes,Yes,No,No,No
MI,MICHIGAN,2611970,DeTour Area Schools,PO Box 429,DeTour Village,49725,No,97,0,2,Yes,Yes,Yes,ROBERT,VAUGHT,906-297-2011 x220,rvaught@eupschools.org,ROBERT,VAUGHT,906-297-2011 x220,rvaught@eupschools.org,ROBERT,VAUGHT,906-297-2011 x220,rvaught@eupschools.org,No,Yes,Yes,www.neola.com/detour-mi/,No,-9,No,-9,-9,-9,-9,-9,-9,-9,-9,-9,-9,-9,-9,-9,-9,-9,Yes,Yes,No,No,No
MI,MICHIGAN,2612660,Easton Township S/D #6,1779 HAYNOR RD,IONIA,48846,No,24,0,1,Yes,Yes,Yes,RENEE,THELEN,616-527-4900 x1403,rthelen@ioniaisd.org,RENEE,THELEN,616-527-4900 x1403,rthelen@ioniaisd.org,RENEE,THELEN,616-527-4900 x1403,rthelen@ioniaisd.org,No,Yes,Yes,http://www.haynorschool.org/wp-content/uploads/2015/05/Anti-Bullying-Policy.pdf,No,-9,No,-9,-9,-9,-9,-9,-9,-9,-9,-9,-9,-9,-9,-9,-9,-9,Yes,Yes,No,No,No
MI,MICHIGAN,2613110,Ellsworth Community School,9467 PARK ST,ELLSWORTH,49729,No,256,1,1,Yes,Yes,Yes,AARON,GAFFNEY,(231)588-2544,agaffney@ellsworth.k12.mi.us,AARON,GAFFNEY,(231)588-2544,agaffney@ellsworth.k12.mi.us,AARON,GAFFNEY,(231)588-2544,agaffney@ellsworth.k12.mi.us,No,Yes,Yes,www.ellsworth.k12.mi.us,No,-9,No,-9,-9,-9,-9,-9,-9,-9,-9,-9,-9,-9,-9,-9,-9,-9,Yes,Yes,No,No,No
MI,MICHIGAN,2613140,Elm River Township School District,3999 E WINONA RD,TOIVOLA,49965,No,8,0,1,Yes,Yes,Yes,BRUCE,MATSON,(906)288-3751,bmatson@elmriver.school,BRUCE,MATSON,(906)288-3751,bmatson@elmriver.school,BRUCE,MATSON,(906)288-3751,bmatson@elmriver.school,No,Yes,No,-9,No,-9,No,-9,-9,-9,-9,-9,-9,-9,-9,-9,-9,-9,-9,-9,-9,-9,Yes,Yes,No,No,No
MI,MICHIGAN,2613680,Excelsior Township S/D #1,5521 M 72 NE,KALKASKA,49646,No,44,0,1,Yes,Yes,Yes,STEPHANIE,MURRAY,2319226200,smurray@tbaisd.org,STEPHANIE,MURRAY,2319226200,smurray@tbaisd.org,STEPHANIE,MURRAY,2319226200,smurray@tbaisd.org,No,Yes,No,-9,No,-9,No,-9,-9,-9,-9,-9,-9,-9,-9,-9,-9,-9,-9,-9,-9,-9,Yes,Yes,No,No,No
MI,MICHIGAN,2615510,Glenn Public School District,PO Box 69,Glenn,49416,No,34,0,1,Yes,Yes,Yes,CATE,PLAGGEMARS,2692273411,cplaggemars@glenpublicschool.org,CATE,PLAGGEMARS,2692273411,cplaggemars@glennpublicschool.org,CATE,PLAGGEMARS,2692273411,cplaggemars@glennpublicschool.org,No,Yes,No,-9,No,-9,No,-9,-9,-9,-9,-9,-9,-9,-9,-9,-9,-9,-9,-9,-9,-9,Yes,Yes,No,No,No
MI,MICHIGAN,2615600,Engadine Consolidated Schools,W13920 MELVILLE ST,ENGADINE,49827,No,314,0,2,Yes,Yes,Yes,ANGIE,MCARTHUR,9.06E+12,angiem@eupschools.org,ANGIE,MCARTHUR,9.06E+12,angiem@eupschools.org,ANGIE,MCARTHUR,9.06E+12,angiem@eupschools.org,No,Yes,Yes,https://www.boarddocs.com/mi/engadine/Board.nsf/Public?open&id=policies,Yes,Yes,Yes,Yes,No,No,No,No,Yes,No,0,1,2,0,No,No,No,Yes,Yes,Yes,No,No,No
MI,MICHIGAN,2616560,Grant Township S/D #2,PO Box 74,Copper Harbor,49918,No,6,0,1,Yes,Yes,Yes,JILL,PROTZEL,(906)289-4447,jprotzel@copperisd.org,JILL,PROTZEL,(906)289-4447,jprotzel@copperisd.org,JILL,PROTZEL,(906)289-4447,jprotzel@copperisd.org,No,Yes,Yes,https://www.copperharborschool.org/school-board,No,-9,Yes,No,No,Yes,No,No,Yes,No,0,1,1,0,Yes,-9,-9,-9,No,-9,-9,-9,-9
MI,MICHIGAN,2617340,Hagar Township S/D #6,PO Box 40,Riverside,49084,No,83,0,1,Yes,Yes,Yes,SALLY,WOODS,(269) 849-1343,sally.woods@riversidehagar.org,SALLY,WOODS,(269) 849-1343,sally.woods@riversidehagar.org,SALLY,WOODS,(269) 849-1343,sally.woods@riversidehagar.org,No,Yes,No,-9,No,-9,No,-9,-9,-9,-9,-9,-9,-9,-9,-9,-9,-9,-9,-9,-9,-9,Yes,Yes,No,No,No
MI,MICHIGAN,2617370,Hale Area Schools,200 WEST MAIN ST,HALE,48739,No,335,0,2,Yes,Yes,Yes,JOE,COLEMAN,9897283551,jcoleman@haleschools.net,JOE,COLEMAN,9897283551,jcoleman@haleschools.net,JOE,COLEMAN,9897283551,jcoleman@haleschools.net,No,Yes,Yes,http://www.neola.com/halearea-mi/,No,-9,No,-9,-9,-9,-9,-9,-9,-9,-9,-9,-9,-9,-9,-9,-9,-9,Yes,Yes,No,No,No
MI,MICHIGAN,2619290,Ionia Township S/D #2,2120 NORTH STATE RD,IONIA,48846,No,19,0,1,Yes,Yes,Yes,RENEE,THELEN,(616) 527-4900 x1403,rthelen@ioniaisd.org,RENEE,THELEN,(616) 527-4900 x1403,rthelen@ioniaisd.org,RENEE,THELEN,(616) 527-4900 x1403,rthelen@ioniaisd.org,No,Yes,Yes,http://www.northlevalleyschool.org/wp-content/uploads/2015/05/Anti-Bullying-Policy.pdf,No,-9,No,-9,-9,-9,-9,-9,-9,-9,-9,-9,-9,-9,-9,-9,-9,-9,Yes,Yes,No,No,No
MI,MICHIGAN,2621420,Les Cheneaux Community Schools,PO Box 366,Cedarville,49719,No,241,0,1,Yes,Yes,Yes,RANDY,SCHAEDIG,906-484-2256 x1103,rschaedig@eupschools.org,RANDY,SCHAEDIG,906-484-2256 x1103,rschaedig@eupschools.org,JILL,MCLEOD,906-484-2256 x1126,jmclead@eupschools.org,No,Yes,Yes,https://www.cedarvilletrojans.org/Page/8,No,-9,No,-9,-9,-9,-9,-9,-9,-9,-9,-9,-9,-9,-9,-9,-9,-9,Yes,Yes,No,No,No
MI,MICHIGAN,2621750,Litchfield Community Schools,210 WILLIAMS ST,LITCHFIELD,49252,No,253,0,2,Yes,Yes,Yes,COREY,HELGESEN,5175422388,chelgesen@litchfieldschools.com,COREY,HELGESEN,5175422388,chelgesen@litchfieldschools.com,JESSICA,VAN DUSEN,5175422388,jvandusen@litchfieldschools.com,No,Yes,Yes,https://www.boarddocs.com/mi/litch/Board.nsf/Public,No,-9,Yes,Yes,Yes,No,No,Yes,Yes,Yes,0,4,12,0,Yes,-9,-9,-9,Yes,Yes,No,No,No
MI,MICHIGAN,2621810,Alanson Public Schools,7400 NORTH ST,ALANSON,49706,No,233,0,1,Yes,Yes,Yes,DEAN,PAUL,231-548-2261,DPAUL@ALANSONVIKINGS.NET,DEAN,PAUL,231-548-2261,DPAUL@ALANSONVIKINGS.NET,DEAN,PAUL,231-548-2261,DPAUL@ALANSONVIKINGS.NET,No,Yes,Yes,https://www.boarddocs.com/mi/alan/Board.nsf/Public?open&id=policies,No,-9,Yes,No,Yes,No,No,No,No,No,0,0,0,0,Yes,-9,-9,-9,Yes,Yes,No,No,No
MI,MICHIGAN,2622230,Mackinac Island Public Schools,PO Box 340,Mackinac Island,49757,No,75,0,1,Yes,Yes,Yes,BOB,LOHFF,9064308191,blohff@eupschools.org,BOB,LOHFF,9068473376,blohff@eupschools.org,BOB,LOHFF,9068473376,blohff@eupschools.org,No,Yes,Yes,https://mackinac.eupschools.org/page/309,No,-9,Yes,No,No,Yes,No,Yes,Yes,Yes,0,3,3,1,Yes,-9,-9,-9,Yes,Yes,No,No,No
MI,MICHIGAN,2622260,Mackinaw City Public Schools,609 WEST CENTRAL AVE,MACKINAW CITY,49701,No,145,0,1,Yes,Yes,Yes,ADAM,STEFANSKI,231-436-8211,astefanski@mackcity.k12.mi.us,ADAM,STEFANSKI,231-436-8211,astefanski@mackcity.k12.mi.us,ADAM,STEFANSKI,231-436-8211,astefanski@mackcity.k12.mi.us,No,Yes,Yes,http://www.mackcity.k12.mi.us/hshandbook.html,No,-9,No,-9,-9,-9,-9,-9,-9,-9,-9,-9,-9,-9,-9,-9,-9,-9,Yes,No,No,Yes,No
MI,MICHIGAN,2622830,Mar Lee School District,21236 H DR N,MARSHALL,49068,No,305,0,1,Yes,Yes,Yes,CHAD,HOLT,(269) 781-5412,holtc@mar-lee.org,CHAD,HOLT,(269) 781-5412,holtc@mar-lee.org,CHAD,HOLT,(269) 781-5412,holtc@mar-lee.org,No,Yes,Yes,https://www.marleeschool.com/bullyingharrassment-policy.html,No,-9,No,-9,-9,-9,-9,-9,-9,-9,-9,-9,-9,-9,-9,-9,-9,-9,Yes,Yes,No,No,No
MI,MICHIGAN,2623830,Mid Peninsula School District,5055 SAINT NICHOLAS 31ST RD,ROCK,49880,No,168,0,1,Yes,Yes,Yes,ERIC,VANDAMME,906-359-4387,evandamme@mpswolverines.com,ROBERT,REICHEL,906-359-4387,breichel@mpswolverines.com,ERIC,VANDAMME,906-359-4387,evandamme@mpswolverines.com,No,Yes,Yes,www.mpswolverines.com,No,-9,No,-9,-9,-9,-9,-9,-9,-9,-9,-9,-9,-9,-9,-9,-9,-9,Yes,Yes,No,No,No
MI,MICHIGAN,2624540,Moran Township School District,W1828 GROS CAP RD,SAINT IGNACE,49781,No,93,0,1,Yes,Yes,Yes,AMY,LESTER,9066437970,alester@eupschools.org,AMY,LESTER,9066437970,alester@eupschools.org,AMY,LESTER,9066437970,alester@eupschools.org,No,Yes,Yes,http://www.neola.com/morantwp-mi/,No,-9,No,-9,-9,-9,-9,-9,-9,-9,-9,-9,-9,-9,-9,-9,-9,-9,Yes,Yes,No,No,No
MI,MICHIGAN,2625650,North Adams-Jerome Public Schools,4555 KNOWLES RD,NORTH ADAMS,49262,No,288,0,2,Yes,Yes,Yes,WES,JOHNSON,(517)689-1701,wes.johnson@najps.org,WES,JOHNSON,(517)689-1701,wes.johnson@najps.org,WES,JOHNSON,(517)689-1701,wes.johnson@najps.org,No,Yes,Yes,https://www.najps.org/domain/40,No,-9,Yes,No,No,No,Yes,Yes,Yes,No,0,1,15,0,Yes,-9,-9,-9,Yes,Yes,No,No,No
MI,MICHIGAN,2625920,Northport Public School District,PO Box 188,Northport,49670,No,145,0,1,Yes,Yes,Yes,NEIL,WETHERBEE,(231) 386-5153,nwetherbee@northportps.org,NEIL,WETHERBEE,(231) 386-5153,nwetherbee@northportps.org,NEIL,WETHERBEE,(231) 386-5153,nwetherbee@northportps.org,No,Yes,Yes,https://northportps.org/downloads/documents/secondary_student_handbook_2017_-_2018.pdf,No,-9,No,-9,-9,-9,-9,-9,-9,-9,-9,-9,-9,-9,-9,-9,-9,-9,Yes,Yes,No,No,No
MI,MICHIGAN,2626100,Nottawa Community School,26438 M 86,STURGIS,49091,No,119,0,1,Yes,Yes,Yes,BERNADETTE,CALKINS,269-467-7153,becalkins@nottawaschool.org,BERNADETTE,CALKINS,269-467-7153,becalkins@nottawaschool.org,BUD,KRAWCZAK,269-467-7153,bkrawczak@nottawaschool.org,No,Yes,Yes,https://nottawaschool.org/District/5-Anti-Harassment-Bullying-Policy.html,No,-9,No,-9,-9,-9,-9,-9,-9,-9,-9,-9,-9,-9,-9,-9,-9,-9,Yes,Yes,No,No,No
MI,MICHIGAN,2626430,Oneida Township S/D #3,8981 ONEIDA RD,GRAND LEDGE,48837,No,17,0,1,Yes,Yes,Yes,CINDY,COAKLEY,(517)627-7005,cindygcoakley@gmail.com,CINDY,COAKLEY,(517)627-7005,cindygcoakley@gmail.com,CINDY,COAKLEY,(517)627-7005,cindygcoakley@gmail.com,No,Yes,Yes,http://strangeschool.weebly.com/anti-bullying-policy.html,No,-9,No,-9,-9,-9,-9,-9,-9,-9,-9,-9,-9,-9,-9,-9,-9,-9,Yes,Yes,No,No,No
MI,MICHIGAN,2626550,Ontonagon Area School District,701 PARKER AVENUE,ONTONAGON,49953,No,287,0,1,Yes,Yes,Yes,JAMES,BOBULA,9068130614X100,jimb@oasd.k12.mi.us,JAMES,BOBULA,9068130614X100,jimb@oasd.k12.mi.us,JAMES,BOBULA,9068130614x1000,jimb@oasd.k12.mi.us,No,Yes,Yes,www.oasd.k12.mi.us,No,-9,No,-9,-9,-9,-9,-9,-9,-9,-9,-9,-9,-9,-9,-9,-9,-9,Yes,Yes,No,No,No
MI,MICHIGAN,2626940,Dollar Bay-Tamarack City Area Schools,PO Box 371  48475 Maple Drive,Dollar Bay,49922,No,329,0,1,Yes,Yes,Yes,SUSAN,MIKO,(906)482-5800,mikos@dollarbay.k12.mi.us,SUSAN,MIKO,(906)482-5800,mikos@dollarbay.k12.mi.us,CHRISTINA,NORLAND,(906)482-5800,norlandc@dollarbay.k12.mi.us,No,Yes,No,-9,No,-9,No,-9,-9,-9,-9,-9,-9,-9,-9,-9,-9,-9,-9,-9,-9,-9,Yes,Yes,No,No,No
MI,MICHIGAN,2627180,Owendale-Gagetown Area School District,7166 EAST MAIN ST,OWENDALE,48754,No,161,0,2,Yes,Yes,Yes,TERRI,FALKENBERG,(989)678-4141,falkenbergt@owengage.org,TERRI,FALKENBERG,(989)678-41441,falkenbergt@owengage.org,TERRI,FALKENBERG,(989)678-4141,falkenbergt@owengage.org,No,Yes,Yes,www.owengage.org,No,-9,Yes,Yes,No,No,No,No,Yes,No,0,0,9,0,Yes,-9,-9,-9,Yes,Yes,No,No,No
MI,MICHIGAN,2627840,Pentwater Public School District,600 PARK ST,PENTWATER,49449,No,280,0,1,Yes,Yes,Yes,SCOTT,"KARAPTIAN, PH.D.",231-869-4100 x213,skaraptian@pentwater.k12.mi.us,SCOTT,"KARAPTIAN, PH.D.",231-869-4100 x213,skaraptian@pentwater.k12.mi.us,SCOTT,"KARAPTIAN, PH.D.",231-869-4100 x213,skaraptian@pentwater.k12.mi.us,No,Yes,Yes,www.pentwaterschools.net,No,-9,No,-9,-9,-9,-9,-9,-9,-9,-9,-9,-9,-9,-9,-9,-9,-9,Yes,Yes,No,No,No
MI,MICHIGAN,2629130,Posen Consolidated School District No. 9,PO Box 187,Posen,49776,No,226,0,2,Yes,Yes,Yes,LUCIA,BRUSKI,9897662573,lbruski@posen.k12.mi.us,LUCIA,BRUSKI,9897662573,lbruski@posen.k12.mi.us,LUCIA,BRUSKI,9897662573,lbruski@posen.k12.mi.us,No,Yes,Yes,posen.k12.mi.us,No,-9,No,-9,-9,-9,-9,-9,-9,-9,-9,-9,-9,-9,-9,-9,-9,-9,Yes,Yes,No,No,No
MI,MICHIGAN,2629190,Powell Township Schools,PO Box 160,Big Bay,49808,No,38,0,1,Yes,Yes,Yes,DANIEL,BARRY,906-345-9355,dbarry@powellschool.com,DANIEL,BARRY,906-345-9355,dbarry@powellschool.com,DANIEL,BARRY,906-345-9355,dbarry@powellschool.com,No,Yes,Yes,http://neola.com/powelltwp-mi/,Yes,No,Yes,No,No,Yes,Yes,Yes,Yes,Yes,1,2,4,3,Yes,-9,-9,-9,Yes,No,No,Yes,No
MI,MICHIGAN,2629580,Republic-Michigamme Schools,227 MAPLE ST,REPUBLIC,49879,No,116,0,1,Yes,Yes,Yes,KEVIN,LUOKKALA,(906)376-2277,kluokkala@r-mschool.org,KEVIN,LUOKKALA,(906)376-2277,kluokkala@r-mschool.org,KEVIN,LUOKKALA,(906)376-2277,kluokkala@r-mschool.org,No,Yes,Yes,www.r-mschool.org,No,-9,Yes,Yes,No,No,No,No,Yes,No,0,0,6,0,Yes,-9,-9,-9,Yes,Yes,No,No,No
MI,MICHIGAN,2630480,North Dickinson County Schools,W6588 M69,FELCH,49831,No,252,0,1,Yes,Yes,Yes,DARRELL,OMAN,906.542.9281,doman@go-nordics.com,ANGEL,INGLESE,906.542.9281,ainglese@go-nordics.com,ANGEL,INGLESE,906.542.9281,ainglese@go-nordics.com,No,Yes,Yes,http://www.neola.com/northdickinson-mi/,No,-9,No,-9,-9,-9,-9,-9,-9,-9,-9,-9,-9,-9,-9,-9,-9,-9,Yes,Yes,No,No,No
MI,MICHIGAN,2632070,Sodus Township S/D #5,4439 RIVER RD,SODUS,49126,No,76,0,1,Yes,Yes,Yes,LAURA,LAUSCH,269-925-6757,llausch@riverschoolk8.org,LAURA,LAUSCH,269-925-6757,llausch@riverschoolk8.org,LAURA,LAUSCH,269-925-6757,llausch@riverschoolk8.org,No,Yes,Yes,www.riverschoolk8.org,No,-9,No,-9,-9,-9,-9,-9,-9,-9,-9,-9,-9,-9,-9,-9,-9,-9,Yes,Yes,No,No,No
MI,MICHIGAN,2632970,Stanton Township Public Schools,50870 HOLMAN SCHOOL RD,ATLANTIC MINE,49905,No,177,0,1,Yes,Yes,Yes,JAMES,RAUTIOLA,9064822797,jrautiola@stpsd.us,JAMES,RAUTIOLA,9064822797,jrautiola@stpsd.us,JAMES,RAUTIOLA,9064822797,jrautiola@stpsd.us,No,Yes,Yes,https://www.stpsd.us/operations/,No,-9,No,-9,-9,-9,-9,-9,-9,-9,-9,-9,-9,-9,-9,-9,-9,-9,Yes,Yes,No,No,No
MI,MICHIGAN,2633750,Tekonsha Community Schools,245 SOUTH ELM ST,TEKONSHA,49092,No,253,0,1,Yes,Yes,Yes,JEFFREY,KAWASKI,517-767-4121,kawaskij@tekonsha.k12.mi.us,JEFFREY,KAWASKI,517-767-4121,kawaskij@tekonsha.k12.mi.us,JEFFREY,KAWASKI,517-767-4121,kawaskij@tekonsha.k12.mi.us,No,Yes,Yes,http://www.tekonshaschools.org/district/anti-bullying-policy/,No,-9,No,-9,-9,-9,-9,-9,-9,-9,-9,-9,-9,-9,-9,-9,-9,-9,Yes,Yes,No,No,No
MI,MICHIGAN,2634620,Vanderbilt Area Schools,947 DONOVAN ST,VANDERBILT,49795,No,77,0,1,Yes,Yes,Yes,LEE,SANDY,9899832561,leesandy@vanderbilt.k12.mi.us,LEE,SAUNDERS,9899832561,leesandy@vanderbilt.k12.mi.us,LEE,SANDY,9899832561,leesandy@vanderbilt.k12.mi.us,No,Yes,No,-9,No,-9,No,-9,-9,-9,-9,-9,-9,-9,-9,-9,-9,-9,-9,-9,-9,-9,Yes,Yes,No,No,No
MI,MICHIGAN,2634860,Verona Township S/D #1F,3487 SCHOOL ST,BAD AXE,48413,No,17,0,1,Yes,Yes,Yes,JOSEPH,MURPHY,989-269-6406,jmurphy@huronisd.org,JOSEPH,MURPHY,989-269-6406,jmurphy@huronisd.org,JOSEPH,MURPHY,989-269-6406,jmurphy@huronisd.org,No,Yes,Yes,www.huroncountyruralschools.com/veronamills,No,-9,No,-9,-9,-9,-9,-9,-9,-9,-9,-9,-9,-9,-9,-9,-9,-9,Yes,Yes,No,No,No
MI,MICHIGAN,2635010,Wakefield-Marenisco School District,715 PUTNAM ST,WAKEFIELD,49968,No,305,0,1,Yes,Yes,Yes,JASON,GUSTAFSON,9062247211,gustafsonj@wmschools.org,JASON,GUSTAFSON,9062247211,gustafsonj@wmschools.org,JASON,GUSTAFSON,9062247211,gustafsonj@wmschools.org,No,Yes,Yes,http://www.wmschools.org,No,-9,Yes,No,No,Yes,Yes,No,Yes,Yes,0,0,12,1,Yes,-9,-9,-9,Yes,Yes,No,No,No
MI,MICHIGAN,2635040,Waldron Area Schools,13380 WALDRON RD,WALDRON,49288,No,229,0,3,Yes,Yes,Yes,JENNIFER,FETHER,(517)286-6251,jennifer.hoffman@wassdk12.org,JENNIFER,FETHER,(517)286-6251,jennifer.hoffman@wassdk12.org,JENNIFER,FETHER,(517)286-6251,jennifer.hoffman@wassdk12.org,No,Yes,Yes,https://www.boarddocs.com/mi/wald/Board.nsf/Public?open&id=policies#,No,-9,No,-9,-9,-9,-9,-9,-9,-9,-9,-9,-9,-9,-9,-9,-9,-9,Yes,Yes,No,No,No
MI,MICHIGAN,2635130,Walkerville Public Schools,145 EAST LATHROP STREET,WALKERVILLE,49459,No,269,0,1,Yes,Yes,Yes,GARY,JENSEN,(231)873-4850,gjensen@walkerville.k12.mi.us,GARY,JENSEN,(231)873-4850,gjensen@walkerville.k12.mi.us,GARY,JENSEN,(231)873-4850,gjensen@walkerville.k12.mi.us,No,Yes,Yes,walkervillewildcats.com,No,-9,No,-9,-9,-9,-9,-9,-9,-9,-9,-9,-9,-9,-9,-9,-9,-9,Yes,Yes,No,No,No
MI,MICHIGAN,2635340,Watersmeet Township School District,N4720 Highway US45,Watersmeet,49969,No,143,0,1,Yes,Yes,Yes,GERALD,PEASE,(906)358-4504 X306,GPEASE@WATERSMEET.K12.MI.US,GERALD,PEASE,(906)358-4504 X306,GPEASE@WATERSMEET.K12.MI.US,GERALD,PEASE,(906)358-4504 X306,GPEASE@WATERSMEET.K12.MI.US,No,Yes,Yes,www.watersmeet.k12.mi.us,No,-9,No,-9,-9,-9,-9,-9,-9,-9,-9,-9,-9,-9,-9,-9,-9,-9,Yes,Yes,No,No,No
MI,MICHIGAN,2635790,Wells Township School District,PO Box 108,Arnold,49819,No,10,0,1,Yes,Yes,Yes,LUANN,LOHFINK,(906)238-4200,llohfink@maresa.org,LUANN,LOHFINK,(906)238-4200,llohfink@maresa.org,LUANN,LOHFINK,(906)238-4200,llohfink@maresa.org,No,Yes,Yes,www.wellstownshipschool.org,No,-9,No,-9,-9,-9,-9,-9,-9,-9,-9,-9,-9,-9,-9,-9,-9,-9,Yes,Yes,No,No,No
MI,MICHIGAN,2636240,Whitefish Township Schools,7221 NORTH M 123,PARADISE,49768,No,45,0,1,Yes,Yes,Yes,THOMAS,MCKEE,(906) 492-3353 x1001,tmckee@eupschools.org,THOMAS,MCKEE,(906) 492-3353 x1001,tmckee@eupschools.org,THOMAS,MCKEE,(906) 492-3353 x1001,tmckee@eupschools.org,No,Yes,Yes,http://www.neola.com/whitefish-mi/,No,-9,No,-9,-9,-9,-9,-9,-9,-9,-9,-9,-9,-9,-9,-9,-9,-9,Yes,Yes,No,No,No
MI,MICHIGAN,2636480,Wolverine Community School District,PO Box 219,Wolverine,49799,No,275,0,2,Yes,Yes,Yes,STEPHEN,SEELYE,2315258201,sseelye@wolverineschools.org,STEPHEN,SEELYE,2315258201,sseelye@wolverineschools.org,STEPHEN,SEELYE,2315258201,sseelye@wolverineschools.org,No,Yes,No,-9,No,-9,No,-9,-9,-9,-9,-9,-9,-9,-9,-9,-9,-9,-9,-9,-9,-9,Yes,Yes,No,No,No
MI,MICHIGAN,2680100,Allegan Area Educational Service Agency,310 THOMAS ST,ALLEGAN,49010,No,109,0,2,Yes,Yes,Yes,ABBY,LLOYD,(269)512-7700,alloyd@alleganaesa.org,ABBY,LLOYD,(269)512-7700,alloyd@alleganaesa.org,ABBY,LLOYD,(269)512-7700,alloyd@alleganaesa.org,No,Yes,Yes,http://www.neola.com/allegan-mi/,Yes,No,Yes,Yes,Yes,No,No,Yes,Yes,No,0,0,18,0,No,Yes,Yes,Yes,Yes,Yes,Yes,No,No
MI,MICHIGAN,2680120,Alpena-Montmorency-Alcona ESD,2118 US HIGHWAY 23 SOUTH,ALPENA,49707,No,40,0,1,Yes,Yes,Yes,MARY,ZANN,(989)354-3101,ZANNM@AMAESD.ORG,MARY,ZANN,(989)354-3101,ZANNM@AMAESD.ORG,MARY,ZANN,(989)354-3101,ZANNM@AMAESD.ORG,No,Yes,Yes,http://www.amaesd.org/downloads/piper/5517.pdf,Yes,Yes,Yes,Yes,No,No,No,No,Yes,Yes,0,3,202,11,No,Yes,No,Yes,No,-9,-9,-9,-9
MI,MICHIGAN,2680140,Barry ISD,535 WEST WOODLAWN AVE,HASTINGS,49058,Yes,175,166,1,Yes,Yes,Yes,RICHARD,FRANKLIN,269-945-9545 111,rfranklin@barryisd.org,RICHARD,FRANKLIN,269-945-9545 111,rfranklin@barryisd.org,RICHARD,FRANKLIN,269-945-9545 111,rfranklin@barryisd.org,No,Yes,Yes,www.barryisd.org,Yes,Yes,Yes,Yes,Yes,Yes,No,No,Yes,Yes,1,4,125,6,No,Yes,No,Yes,No,-9,-9,-9,-9
MI,MICHIGAN,2680160,Berrien RESA,PO Box 364,BERRIEN SPRINGS,49103,Yes,235,233,4,Yes,Yes,Yes,LYNDA,HURLOW,269-471-7725,Lynda.Hurlow@berrienresa.org,LYNDA,HURLOW,269-471-7725,Lynda.Hurlow@berrienresa.org,LYNDA,HURLOW,269-471-7725,Lynda.Hurlow@berrienresa.org,No,Yes,Yes,http://www.berrienresa.org/administrative_services/human_resources,Yes,No,Yes,No,No,Yes,No,No,No,No,233,0,0,0,No,Yes,No,Yes,Yes,Yes,No,Yes,No
MI,MICHIGAN,2680220,Lewis Cass ISD,61682 DAILEY RD,CASSOPOLIS,49031,No,147,0,2,Yes,Yes,Yes,JOSHUA,TOWNSLEY,269-445-6223,joshua.townsley@lewiscassisd.org,JOSHUA,TOWNSLEY,269-445-6223,joshua.townsley@lewiscassisd.org,JOSHUA,TOWNSLEY,269-445-6223,joshua.townsley@lewiscassisd.org,No,Yes,Yes,http://www.neola.com/lewiscassisd-mi/,Yes,Yes,Yes,No,No,Yes,No,No,No,No,0,19,14,3,No,Yes,No,Yes,Yes,Yes,No,No,No
MI,MICHIGAN,2680240,Charlevoix-Emmet ISD,8568 MERCER RD,CHARLEVOIX,49720,No,237,0,8,Yes,Yes,Yes,JESSICA,FETTIG,2315479947,fettigj@charemisd.org,JESSICA,FETTIG,2315479947,fettigj@charemisd.org,JESSICA,FETTIG,2315479947,fettigj@charemisd.org,No,Yes,Yes,https://secure.munetrix.com/Michigan/Schools/NLPR/Charlevoix-Emmet-ISD,No,-9,No,-9,-9,-9,-9,-9,-9,-9,-9,-9,-9,-9,-9,-9,-9,-9,Yes,Yes,No,No,No
MI,MICHIGAN,2680260,Cheb-Otsego-Presque Isle ESD,6065 LEARNING LN,INDIAN RIVER,49749,No,104,0,1,Yes,Yes,Yes,RICH,MARSHALL,231-238-9394,marshallr@copesd.org,JEFF,REINELT,231-238-4970,reineltj@copesd.org,JEFF,REINELT,231-238-4970,reineltj@copesd.org,No,Yes,Yes,www.copesd.org,No,-9,No,-9,-9,-9,-9,-9,-9,-9,-9,-9,-9,-9,-9,-9,-9,-9,No,-9,-9,-9,-9
MI,MICHIGAN,2680280,Eastern Upper Peninsula ISD,315 ARMORY PL,SAULT S MARIE,49783,No,225,0,2,Yes,Yes,Yes,DENA,MAYER,906-632-3373 x5126,dmayer@eupschools.org,DENA,MAYER,906-632-3373 x5126,dmayer@eupschools.org,RACHEL,FUERER,906-632-3373 x5103,rfuerer@eupschools.org,No,Yes,Yes,https://www.boarddocs.com/mi/eupisd/Board.nsf/Public?open&id=policies#,Yes,Yes,Yes,Yes,Yes,No,Yes,Yes,Yes,Yes,0,14,155,0,Yes,-9,-9,-9,No,-9,-9,-9,-9
MI,MICHIGAN,2680300,Clare-Gladwin Regional Education Service District,4041 EAST MANNSIDING RD,CLARE,48617,No,200,0,1,Yes,Yes,Yes,SHERYL,PRESLER,989-386-3851,spresler@cgresd.net,SHERYL,PRESLER,989-386-3851,spresler@cgresd.net,SHERYL,PRESLER,989-386-3851,spresler@cgresd.net,No,Yes,Yes,http://www.neola.com/claregladwin-mi/,No,-9,Yes,Yes,No,No,No,No,No,No,0,4,5,3,No,Yes,Yes,Yes,Yes,Yes,No,No,No
MI,MICHIGAN,2680320,Clinton County RESA,1013 SOUTH US HIGHWAY 27 STE A,SAINT JOHNS,48879,Yes,242,155,1,Yes,Yes,Yes,NICHOLE,THOMA,989-224-6831,thoma_n@ccresa.org,JENNIFER,BRANCH,989-224-6831,jbranch@ccresa.org,LANCE,SIEGWALD,989-224-6831,lsiegwald@ccresa.org,No,Yes,Yes,https://www.boarddocs.com/mi/ccresa/Board.nsf/Public?open&id=policies,Yes,Yes,Yes,No,No,Yes,No,Yes,Yes,Yes,24,48,34,27,No,Yes,No,No,Yes,No,No,Yes,No
MI,MICHIGAN,2680420,Gogebic-Ontonagon ISD,PO Box 218,Bergland,49910,No,105,105,1,Yes,Yes,Yes,SHAWN,KOLBUS,(906) 575-3438,skolbus@goisd.org,SHAWN,KOLBUS,(906) 575-3438,skolbus@goisd.org,SHAWN,KOLBUS,(906) 575-3438,skolbus@goisd.org,No,Yes,Yes,https://www.goisd.org/downloads/board_of_education/bullying_policy.pdf,Yes,Yes,Yes,No,No,Yes,No,No,No,No,16,12,9,8,Yes,-9,-9,-9,No,-9,-9,-9,-9
MI,MICHIGAN,2680480,Hillsdale ISD,310 WEST BACON ST,HILLSDALE,49242,Yes,73,0,1,Yes,Yes,Yes,BELINDA,SHAFFER,517-437-0990 x107,belinda.shaffer@hillsdale-isd.org,BELINDA,SHAFFER,517-437-0990 x107,belinda.shaffer@hillsdale-isd.org,BELINDA,SHAFFER,517-437-0990 x107,belinda.shaffer@hillsdale-isd.org,No,Yes,Yes,http://www.boarddocs.com/mi/hiisd/Board.nsf/goto?open&id=B3FRRU63B06E,Yes,No,No,-9,-9,-9,-9,-9,-9,-9,-9,-9,-9,-9,-9,-9,-9,-9,No,-9,-9,-9,-9
MI,MICHIGAN,2680500,Huron ISD,1299 SOUTH THOMAS RD STE 1,BAD AXE,48413,No,137,0,1,Yes,Yes,Yes,JOSEPH,MURPHY,989-269-6406,jmurphy@huronisd.org,JOSEPH,MURPHY,989-269-6406,jmurphy@huronisd.org,CAROL,BROWN,989-269-9216,cbrown@huronisd.org,No,Yes,Yes,https://www.boarddocs.com/mi/hisdd/Board.nsf/Public?open&id=policies#,No,-9,Yes,Yes,No,Yes,No,No,Yes,No,0,0,69,0,Yes,-9,-9,-9,No,-9,-9,-9,-9
MI,MICHIGAN,2680504,Bay-Arenac ISD,4228 2 MILE RD,BAY CITY,48706,Yes,326,0,4,Yes,Yes,Yes,BRUCE,CURTISS,989-667-3201,curtissb@baisd.net,BRUCE,CURTISS,989-667-3201,curtissb@baisd.net,BRUCE,CURTISS,989-667-3201,curtissb@baisd.net,No,Yes,Yes,https://www.boarddocs.com/mi/bayare/Board.nsf/Public?open&id=policies,Yes,Yes,Yes,No,No,Yes,No,No,No,No,11,47,24,11,No,Yes,No,No,No,-9,-9,-9,-9
MI,MICHIGAN,2680505,Copper Country ISD,809 HECLA ST,HANCOCK,49930,No,95,0,1,Yes,Yes,Yes,GEORGE,STOCKERO,9064824250,gstockero@copperisd.org,GEORGE,STOCKERO,9064824250,gstockero@copperisd.org,GEORGE,STOCKERO,9064824250,gstockero@copperisd.org,No,Yes,Yes,https://www.boarddocs.com/mi/copisd/Board.nsf/Public?open&id=policies#,No,-9,No,-9,-9,-9,-9,-9,-9,-9,-9,-9,-9,-9,-9,-9,-9,-9,No,-9,-9,-9,-9
MI,MICHIGAN,2680520,Ingham ISD,2630 WEST HOWELL RD,MASON,48854,Yes,237,11,7,Yes,Yes,Yes,SUSAN,TINNEY,517-244-1289,stinney@inghamsid.org,SUSAN,TINNEY,517-244-1289,stinney@inghamisd.org,ANDREW,RABLE,517-244-1262,arable@inghamisd.org,No,Yes,Yes,https://www.inghamisd.org/downloads/iisd_boardofeducation_policy/836000r1_20111212_161856_2.pdf,Yes,Yes,No,-9,-9,-9,-9,-9,-9,-9,-9,-9,-9,-9,-9,-9,-9,-9,No,-9,-9,-9,-9
MI,MICHIGAN,2680560,Iosco RESA,27 NORTH REMPERT RD,TAWAS CITY,48763,No,113,2,1,Yes,Yes,Yes,KRISTINE,ADALINE,989-362-3006 x129,kadaline@ioscoresa.net,KRISTINE,ADALINE,989-362-3006x129,kadaline@ioscoresa.net,KRISTINE,ADALINE,989-362-3006x129,kadaline@ioscoresa.net,No,Yes,Yes,www.ioscoresa.net,Yes,Yes,Yes,No,No,Yes,No,No,No,No,0,3,10,12,No,Yes,No,No,No,-9,-9,-9,-9
MI,MICHIGAN,2680660,Lapeer ISD,1996 WEST OREGON ST,LAPEER,48446,No,83,0,2,Yes,Yes,Yes,ANN,SCHWIEMAN,(810) 245-3995,aschwieman@lapeerisd.org,ANN,SCHWIEMAN,(810) 245-3995,aschwieman@lapeerisd.org,MICHELLE,PROULX,(810) 245-3961,mproulx@lapeerisd.org,No,Yes,Yes,http://www.lcisd.k12.mi.us/UserFiles/Servers/Server_78652/File/JME%20Uploads/Nondiscrimination%20Statement.pdf,Yes,No,No,-9,-9,-9,-9,-9,-9,-9,-9,-9,-9,-9,-9,-9,-9,-9,No,-9,-9,-9,-9
MI,MICHIGAN,2680740,Manistee ISD,772 EAST PARKDALE AVE,MANISTEE,49660,No,121,121,1,Yes,Yes,Yes,BROOKE,MCISAAC,231-723-6205,mcisaacb@manistee.org,BROOKE,MCISAAC,231-723-6205,mcisaacb@manistee.org,BROOKE,MCISAAC,231-723-6205,mcisaacb@manistee.org,No,Yes,Yes,http://www.neola.com/manisteeisd-mi/search/policies/po5517.01.htm,Yes,No,Yes,No,No,Yes,No,No,No,No,0,0,0,0,No,Yes,No,No,No,-9,-9,-9,-9
MI,MICHIGAN,2680750,Marquette-Alger RESA,321 EAST OHIO ST,MARQUETTE,49855,No,138,3,1,Yes,Yes,Yes,DEBORAH,VEIHT,9062265102,dveiht@maresa.org,DEBORAH,VEIHT,9062265102,dveiht@maresa.org,DEBORAH,VEIHT,9062265102,dveiht@maresa.org,No,Yes,Yes,www.neola.com/marquettealger-mi/,Yes,No,Yes,Yes,Yes,Yes,Yes,No,Yes,No,0,0,85,0,Yes,-9,-9,-9,No,-9,-9,-9,-9
MI,MICHIGAN,2680755,West Shore Educational Service District,2130 WEST US HIGHWAY 10,LUDINGTON,49431,No,116,19,1,Yes,Yes,Yes,WILLIAM,MUELLER,231-757-3716,wmueller@wsesd.org,WILLIAM,MUELLER,231-757-3716,wmueller@wsesd.org,WILLIAM,MUELLER,231-757-3716,wmueller@wsesd.org,No,Yes,Yes,http://www.neola.com/westshore-mi/,Yes,No,Yes,No,No,Yes,No,No,Yes,Yes,0,25,38,17,No,Yes,No,Yes,Yes,Yes,No,No,No
MI,MICHIGAN,2680770,Mecosta-Osceola ISD,15760 190TH AVE,BIG RAPIDS,49307,Yes,283,0,4,Yes,Yes,Yes,MARK,KLUMPP,2317963543,mklumpp@moisd.org,MARK,KLUMPP,2317963543,mklumpp@moisd.org,KIM,TUFNELL,2317963543,ktufnell@moisd.org,No,Yes,No,-9,Yes,Yes,Yes,Yes,Yes,Yes,Yes,No,Yes,Yes,0,0,88,1,No,Yes,Yes,Yes,No,-9,-9,-9,-9
MI,MICHIGAN,2680790,Menominee ISD,1201 41ST AVE,MENOMINEE,49858,No,17,0,1,Yes,Yes,Yes,MARY,STEIN,906-863-5665,mstein@mc-isd.org,MARY,STEIN,906-863-5665,mstein@mc-isd.org,MARY,STEIN,906-863-5665,mstein@mc-isd.org,No,Yes,Yes,www.neola.com/menomineeisd-mi/,No,-9,No,-9,-9,-9,-9,-9,-9,-9,-9,-9,-9,-9,-9,-9,-9,-9,No,-9,-9,-9,-9
MI,MICHIGAN,2680830,Montcalm Area ISD,621 NORTH NEW ST,STANTON,48888,No,311,219,4,Yes,Yes,Yes,RON,SIMON,616-225-6148,rsimon@maisd.com,RON,SIMON,616-225-6158,rsimon@maisd.com,JODI,WILLARD,616-225-6158,jwillard@maisd.com,No,Yes,Yes,www.maisd.com,Yes,Yes,Yes,No,No,Yes,No,No,Yes,Yes,0,7,43,2,No,Yes,No,Yes,No,-9,-9,-9,-9
MI,MICHIGAN,2680900,Ottawa Area ISD,13565 PORT SHELDON ST,HOLLAND,49424,Yes,261,0,3,Yes,Yes,Yes,JULIA,GILLESPIE,(616) 738-8940 x 4091,jgillesp@oaisd.org,JULIA,GILLESPIE,(616) 738-8940 x4091,jgillesp@oaisd.org,JULIA,GILLESPIE,(616) 738-8940 x4091,jgillesp@oaisd.org,No,Yes,Yes,https://www.oaisd.org/downloads/policies/4100_Non-Discrim_Stmnt_8-19-99.pdf,Yes,Yes,Yes,Yes,No,No,No,No,No,No,0,7,15,2,No,Yes,No,No,Yes,Yes,No,No,No
MI,MICHIGAN,2680920,C.O.O.R. ISD,PO Box 827,Roscommon,48653,No,150,69,8,Yes,Yes,Yes,MARC,WILLS,989-275-9562,mwills@coorisd.net,MARC,WILLS,989-275-9562,mwills@coorisd.net,MARC,WILLS,989-275-9562,mwills@coorisd.net,No,Yes,Yes,www.coorisd.net,Yes,Yes,No,-9,-9,-9,-9,-9,-9,-9,-9,-9,-9,-9,-9,-9,-9,-9,No,-9,-9,-9,-9
MI,MICHIGAN,2680940,St. Clair County RESA,499 Range Road,Marysville,48040,No,165,0,2,Yes,Yes,Yes,JEAN,STURTRIDGE,(810) 455-4055,sturtridge.jean@sccresa.org,JEAN,STURTRIDGE,(810) 455-4055,sturtridge.jean@sccresa.org,JEAN,STURTRIDGE,(810) 455-4055,sturtridge.jean@sccresa.org,No,Yes,Yes,https://drive.google.com/file/d/1sZGVt3NxbCyu_3ZPyMSmprsDJGLHdiiH/view,No,-9,No,-9,-9,-9,-9,-9,-9,-9,-9,-9,-9,-9,-9,-9,-9,-9,No,-9,-9,-9,-9
MI,MICHIGAN,2680960,St. Joseph County ISD,62445 Shimmel Road,Centreville,49032,No,294,9,1,Yes,Yes,Yes,KELLI,DECHNIK,269-467-5344,kdechnik@sjcisd.org,KELLI,DECHNIK,269-467-5344,kdechnik@sjcisd.org,KELLI,DECHNIK,269-467-5344,kdechnik@sjcisd.org,No,Yes,Yes,http://www.neola.com/stjosephisd-mi/,Yes,No,Yes,No,No,Yes,Yes,Yes,Yes,No,18,0,38,6,No,Yes,No,Yes,No,-9,-9,-9,-9
MI,MICHIGAN,2680965,Sanilac ISD,175 EAST AITKEN RD,PECK,48466,No,182,1,3,Yes,Yes,Yes,DUANE,LANGE,8106484700x4240,dlange@sanilacisd.org,DUANE,LANGE,8106484700x4240,dlange@sanilacisd.org,EMMA,NAVARRO,8106482200x4134,enavarro@sanilacisd.org,No,Yes,Yes,www.sanilacisd.org,Yes,Yes,Yes,Yes,No,Yes,Yes,Yes,Yes,No,0,8,9,4,Yes,-9,-9,-9,Yes,Yes,No,Yes,No
MI,MICHIGAN,2680975,Shiawassee Regional ESD,1025 NORTH SHIAWASSEE ST,CORUNNA,48817,No,162,0,1,Yes,Yes,Yes,TRENT,TONEY,(989)743-3471,toney@sresd.org,TRENT,TONEY,(989)743-3471,toney@sresd.org,TRENT,TONEY,(989)743-3471,toney@sresd.org,No,Yes,Yes,http://neola.com/shiawasseeresd-mi/,Yes,No,No,-9,-9,-9,-9,-9,-9,-9,-9,-9,-9,-9,-9,-9,-9,-9,Yes,Yes,No,No,No
MI,MICHIGAN,2680980,Tuscola ISD,1385 CLEAVER RD,CARO,48723,No,246,0,2,Yes,Yes,Yes,TRACEY,HENRY,(989)673-2144,THenry@tuscolaisd.org,TRACEY,HENRY,(989)673-2144,THenry@tuscolaisd.org,ERIC,KUNISCH,(989)673-2144,ekunisch@tuscolaisd.org,No,Yes,Yes,https://www.boarddocs.com/mi/tuscola/Board.nsf/public?open&id=policies,Yes,No,No,-9,-9,-9,-9,-9,-9,-9,-9,-9,-9,-9,-9,-9,-9,-9,No,-9,-9,-9,-9
