AL,ALABAMA,100005,Albertville City,107 W Main St,Albertville,35950,No,5445,0,6,Yes,Yes.1,Yes.2,TIMOTHY,TIDMORE,256-891-1183,ttidmore@albertk12.org,TIMOTHY.1,TIDMORE.1,256-891-1183.1,ttidmore@albertk12.org.1,TIMOTHY.2,TIDMORE.2,256-891-1183.2,ttidmore@albertk12.org.2,No.1,Yes.3,Yes.4,www.albertk12.org/apps/pages/index.jsp?uREC_ID=368921&type=d&termREC_ID=&pREC_ID=689254,Yes.5,No.2,Yes.6,Yes.7,Yes.8,Yes.9,No.3,No.4,Yes.10,No.5,1,6.1,127,0.1,Yes.11,-9,-9.1,-9.2,Yes.12,Yes.13,No.6,No.7,No.8
DC,DISTRICT OF COLUMBIA,1100005,Cesar Chavez PCS for Public Policy,"3701 Hayes St., NE",Washington,20019,No,1177,15,4,Yes,Yes,Yes,KIMBERLY,ABRAHAM,202-547-3975,TitleIX@chavezschools.org,KIMBERLY,ABRAHAM,202-547-3975,TitleIX@chavezschools.org,KRISTY,OCHS,202-547-3975,kristy.ochs@chavezschools.org,No,Yes,Yes,http://www.chavezschools.org/resources-for-families/scholar-handbooks/,No,-9,No,-9,-9,-9,-9,-9,-9,-9,-9,-9,-9,-9,-9,-9,-9,-9,No,-9,-9,-9,-9
DC,DISTRICT OF COLUMBIA,1100008,Friendship PCS,1400 First St NW,Washington,20001,No,4170,180,12,Yes,Yes,Yes,TAMIKA,MAULTSBY,2022811700,TMaultsby@friendshipschools.org,TAMIKA,MAULTSBY,2022811700,TMaultsby@friendshipschools.org,TAMIKA,MAULTSBY,2022811700,TMaultsby@friendshipschools.org,No,Yes,Yes,https://www.friendshipschools.org/about/school-policies/notice-of-nondiscrimination/,No,-9,Yes,No,No,Yes,No,Yes,Yes,Yes,1,276,317,317,Yes,-9,-9,-9,Yes,No,No,Yes,No
DC,DISTRICT OF COLUMBIA,1100019,Washington Latin PCS,5200 2nd St NW,Washington,20011,No,703,2,2,Yes,Yes,Yes,MICHAEL,DAVIS,"202-223-1111,ext 149",mdavis@latinpcs.org,MICHAEL,DAVIS,"202-223-1111,ext 149",mdavis@latinpcs.org,KHASHIFFA,ROBERTS,"202-223-1111,ext 139",kroberts@latinpcs.org,No,Yes,No,-9,No,-9,No,-9,-9,-9,-9,-9,-9,-9,-9,-9,-9,-9,-9,-9,-9,-9,No,-9,-9,-9,-9
DC,DISTRICT OF COLUMBIA,1100030,District of Columbia Public Schools,1200 First St NE,Washington,20002,Yes,47648,478,115,Yes,Yes,Yes,ANITRA,ALLEN,(202)442-5405,anitra.king@k12.dc.gov,ANITRA,ALLEN,(202)442-5405,anitra.king@k12.dc.gov,TIMOTHY,VANCE,(202)603-9470,timothy.vance@k12.dc.gov,No,Yes,Yes,https://dcps.dc.gov/node/910682,No,-9,Yes,Yes,No,No,No,Yes,Yes,Yes,4,2361,3351,81,No,Yes,Yes,Yes,Yes,Yes,No,No,No
DC,DISTRICT OF COLUMBIA,1100031,KIPP DC PCS,2600 Virginia Ave NW,Washington,20037,No,6114,11,16,Yes,Yes,Yes,LAUREN,OUTLAW,202-265-5477,lauren.outlaw@kippdc.org,LAUREN,OUTLAW,202-265-5477,lauren.outlaw@kippdc.org,LAUREN,OUTLAW,202-265-5477,lauren.outlaw@kippdc.org,No,Yes,Yes,https://www.kippdc.org/students-families/,No,-9,Yes,Yes,No,No,No,Yes,Yes,Yes,0,555,560,539,Yes,-9,-9,-9,Yes,Yes,No,No,No
DC,DISTRICT OF COLUMBIA,1100035,Capital City PCS,100 Peabody St NW,Washington,20011,No,998,5,3,Yes,Yes,Yes,KRISTI,LOYD,202-808-1720,kloyd@ccpcs.org,KRISTI,LOYD,202-808-1720,kloyd@ccpcs.org,WANDA,GREGORY,202-808-1764,wgregory@ccpcs.org,No,Yes,Yes,https://drive.google.com/file/d/1VQy0zE-2NoTOAovWydqrXnLkL8f-5X48/view,No,-9,Yes,Yes,No,No,No,Yes,Yes,No,0,31,45,0,Yes,-9,-9,-9,Yes,Yes,No,No,No
DC,DISTRICT OF COLUMBIA,1100039,Paul PCS,5800 8th St NW,Washington,20011,No,708,2,2,Yes,Yes,Yes,CHARLOTTE,SPANN,(202) 291-7499,cspann@paulcharter.org,CHARLOTTE,SPANN,(202) 291-7499,cspann@paulcharter.org,ROSEMARIE,RAGIN,(202) 291-7499,rragin@paulcharter.org,No,Yes,Yes,https://www.paulcharter.org/wp-content/uploads/2019/03/Paul-PCS-SY18-19-Family-Handbook.pdf,No,-9,No,-9,-9,-9,-9,-9,-9,-9,-9,-9,-9,-9,-9,-9,-9,-9,No,-9,-9,-9,-9
DC,DISTRICT OF COLUMBIA,1100043,E.L. Haynes PCS,4501 Kansas Ave NW,Washington,20011,No,1130,13,3,Yes,Yes,Yes,VANESSA,CARLO-MIRANDA,(202)667-4446,vcarlo-miranda@elhaynes.org,VANESSA,CARLO-MIRANDA,(202)667-4446,vcarlo-miranda@elhaynes.org,VANESSA,CARLO-MIRANDA,(202)667-4446,vcarlo-miranda@elhaynes.org,No,Yes,Yes,https://www.elhaynes.org/school-policies,No,-9,Yes,Yes,No,No,No,Yes,Yes,Yes,0,44,46,50,Yes,-9,-9,-9,Yes,Yes,No,No,No
DC,DISTRICT OF COLUMBIA,1100044,Mary McLeod Bethune Day Academy PCS,1404 Jackson St NE,Washington,20017,No,914,2,1,Yes,Yes,Yes,MARY,BUNN,202-459-4710,m.bunn@mmbethune.org,MARY,BUNN,202-459-4710,m.bunn@mmbethune.org,MARLINDA,BOXLEY,202-459-4710,m.boxley@mmbethune.org,No,Yes,Yes,www.mmbethune.org,Yes,No,Yes,Yes,No,Yes,No,Yes,Yes,Yes,0,85,65,45,Yes,-9,-9,-9,Yes,Yes,No,No,No
DC,DISTRICT OF COLUMBIA,1100045,Two Rivers PCS,1227 4th St NE,Washington,20002,No,812,14,2,Yes,Yes,Yes,JESSICA / LAURA,WODATCH / LAURENZEN,202-546-4477,jwodatch@tworiverspcs.org,JESSICA / LAURA,WODATCH / LAURENZEN,202-546-4477,jwodatch@tworiverspcs.org,JESSICA / LAURA,WODATCH / LAURENZEN,202-546-4477,jwodatch@tworiverspcs.org,No,Yes,Yes,http://www.tworiverspcs.org/community/information-for-parents-and-families/notice-of-nondiscrimination,No,-9,Yes,Yes,No,No,No,Yes,Yes,Yes,0,70,95,5,Yes,-9,-9,-9,Yes,Yes,No,No,No
DC,DISTRICT OF COLUMBIA,1100048,DC Prep PCS,707 Edgewood St NE,Washington,20017,No,1875,10,5,Yes,Yes,Yes,MICHELLE,HESS,202-635-4590,mhess@dcprep.org,MICHELLE,HESS,202-635-4590,mhess@dcprep.org,MICHELLE,HESS,202-635-4590,mhess@dcprep.org,No,Yes,Yes,https://www.dcprep.org/Edgewood_Elementary_Campus/Family_Documents,No,-9,Yes,Yes,No,No,No,Yes,Yes,Yes,0,231,219,223,Yes,-9,-9,-9,Yes,Yes,No,No,No
DC,DISTRICT OF COLUMBIA,1100049,Eagle Academy PCS,100 M Street SE,Washington,20003,No,936,0,2,Yes,Yes,Yes,JANEA,JONES,2025442646,jjones@eagleacademypcs.org,JANEA,JONES,2025442646,jjones@eagleacademypcs.org,TRENICE,JETT-JONES,2025442646,tjettjones@eagleacademypcs.org,No,Yes,No,-9,No,-9,Yes,Yes,No,No,No,Yes,Yes,Yes,0,144,199,199,Yes,-9,-9,-9,Yes,Yes,No,No,No
DC,DISTRICT OF COLUMBIA,1100072,Achievement Preparatory Academy PCS,908 Wahler Pl SE,Washington,20032,No,960,8,2,Yes,Yes,Yes,NATHAN,SEYMOUR,(202) 562-1214,nseymour@achievementprep.org,NATHAN,SEYMOUR,(202) 562-1214,nseymour@achievementprep.org,NATHAN,SEYMOUR,(202) 562-1214,nseymour@achievementprep.org,No,Yes,Yes,https://achievementprep.org/wp-content/uploads/2014/03/Bully-Prevention-and-Intervention-Policy-2016-2017.pdf,Yes,No,Yes,Yes,No,No,No,Yes,Yes,No,0,79,82,0,Yes,-9,-9,-9,Yes,Yes,No,No,No
DC,DISTRICT OF COLUMBIA,1100073,Center City PCS,900 2nd Street NE,Washington,20001,No,1469,6,6,Yes,Yes,Yes,ROBIN,CHAIT,(202) 589-0202,rchait@centercitypcs.org,ROBIN,CHAIT,(202) 589-0202,rchait@centercitypcs.org,MIAKODA,ATKINS-MOSE,(202) 589-0202,mmose@centercitypcs.org,No,Yes,Yes,https://centercitypcs.org/for-parents/policies/,No,-9,Yes,Yes,No,No,No,Yes,Yes,Yes,0,68,123,0,Yes,-9,-9,-9,Yes,Yes,No,No,No
DC,DISTRICT OF COLUMBIA,1100097,District of Columbia International School,1400 Main Drive NW,Washington,20012,No,810,4,1,Yes,Yes,Yes,DENISE,LYONS,(202) 808-9033,denise@dcinternationalschool.org,DENISE,LYONS,(202) 808-9033,denise@dcinternationalschool.org,MELODY,MAITLAND,(202) 808-9033,melody.maitland@dcinternationalschool.org,No,Yes,Yes,https://dcinternationalschool.org/dci-life/student-family-handbook/,No,-9,No,-9,-9,-9,-9,-9,-9,-9,-9,-9,-9,-9,-9,-9,-9,-9,No,-9,-9,-9,-9
