AL,ALABAMA,100005,Albertville City,107 W Main St,Albertville,35950,No,5445,0,6,Yes,Yes.1,Yes.2,TIMOTHY,TIDMORE,256-891-1183,ttidmore@albertk12.org,TIMOTHY.1,TIDMORE.1,256-891-1183.1,ttidmore@albertk12.org.1,TIMOTHY.2,TIDMORE.2,256-891-1183.2,ttidmore@albertk12.org.2,No.1,Yes.3,Yes.4,www.albertk12.org/apps/pages/index.jsp?uREC_ID=368921&type=d&termREC_ID=&pREC_ID=689254,Yes.5,No.2,Yes.6,Yes.7,Yes.8,Yes.9,No.3,No.4,Yes.10,No.5,1,6.1,127,0.1,Yes.11,-9,-9.1,-9.2,Yes.12,Yes.13,No.6,No.7,No.8
DC,DISTRICT OF COLUMBIA,1100014,Maya Angelou PCS,600 Pennsylvania Ave SE,Washington,20003,No,170,14,2,Yes,Yes,Yes,GREGORY,AIKEN,"(202) 379-4335, X1117",gaiken@seeforever.org,CLARISSE,"MENDOZA DAVIS, ED.D.","(202) 379-4335, X1213",cmendoza@seeforever.org,KAMAL,"WRIGHT-CUNNINGHAM, PHD","(202) 379-4335, X1336",kwright-cunningham@seeforever.org,No,Yes,Yes,https://seeforever.org/wp-content/uploads/2018/03/MAPCS-Bullying-Prevention-Policy_2017-2018-FINAL.pdf,No,-9,No,-9,-9,-9,-9,-9,-9,-9,-9,-9,-9,-9,-9,-9,-9,-9,No,-9,-9,-9,-9
DC,DISTRICT OF COLUMBIA,1100016,Briya PCS,2333 Ontario Rd NW,Washington,20009,No,48,0,1,Yes,Yes,Yes,STEPAHNIE,MINTZ,2027977337,smintz@briya.org,STEPAHNIE,MINTZ,2027977337,smintz@briya.org,LENA,JOHNSON,2027977337,ljohnson@briya.org,No,Yes,Yes,https://www.briya.org/policiesandnotices/,No,-9,Yes,Yes,No,No,No,Yes,Yes,No,10,21,15,2,Yes,-9,-9,-9,No,-9,-9,-9,-9
DC,DISTRICT OF COLUMBIA,1100017,The Next Step PCS,3047 15th St NW,Washington,20009,No,28,0,1,Yes,Yes,Yes,JOSHUA,BROWN,(202) 319-2249,joshua@nextsteppcs.org,JOSHUA,BROWN,(202) 319-2249,joshua@nextsteppcs.org,JOSHUA,BROWN,(202) 319-2249,joshua@nextsteppcs.org,No,Yes,Yes,https://www.nextsteppcs.org/student-support-services,No,-9,No,-9,-9,-9,-9,-9,-9,-9,-9,-9,-9,-9,-9,-9,-9,-9,No,-9,-9,-9,-9
DC,DISTRICT OF COLUMBIA,1100020,Roots PCS,15 Kennedy St NW,Washington,20011,No,118,0,1,Yes,Yes,Yes,WINIFRED,WRIGHT,202-882-8073,wwright@rootspcs.org,WINIFRED,WRIGHT,202-882-8073,wwright@rootspcs.org,WINIFRED,WRIGHT,202-882-8073,wwright@rootspcs.org,No,Yes,Yes,www.rootspcs.org,No,-9,No,-9,-9,-9,-9,-9,-9,-9,-9,-9,-9,-9,-9,-9,-9,-9,No,-9,-9,-9,-9
DC,DISTRICT OF COLUMBIA,1100059,YouthBuild DC PCS,3022 16th St. NW,Washington,20010,No,117,0,1,Yes,Yes,Yes,KIA,HIGGINS,202-319-0141,khiggins@youthbuildpcs.org,KIA,HIGGINS,202-319-0141,khiggins@youthbuildpcs.org,AMBER,OWENS,202-319-0141,aowens@youthbuildpcs.org,No,Yes,No,-9,No,-9,No,-9,-9,-9,-9,-9,-9,-9,-9,-9,-9,-9,-9,-9,-9,-9,No,-9,-9,-9,-9
DC,DISTRICT OF COLUMBIA,1100087,DYRS,8400 River Rd,Laurel,20724,No,27,0,1,Yes,Yes,Yes,TAMMY,FENTON,2022993143,tfenton@seeforever.org,TAMMY,FENTON,2022993143,tfenton@seeforever.org,TAMMY,FENTON,2022993143,tfenton@seeforever.org,No,Yes,Yes,https://dyrs.dc.gov/page/prea,No,-9,No,-9,-9,-9,-9,-9,-9,-9,-9,-9,-9,-9,-9,-9,-9,-9,No,-9,-9,-9,-9
DC,DISTRICT OF COLUMBIA,1100088,Sela PCS,6015 Chillum Pl NE,Washington,20011,No,210,0,1,Yes,Yes,Yes,MOHUA,BOSE,(202)670-7352,mbose@selapcs.org,MOHUA,BOSE,(202)670-7352,mbose@selapcs.org,MOHUA,BOSE,(202)670-7352,mbose@selapcs.org,No,Yes,Yes,https://www.selapcs.org/notices,No,-9,Yes,Yes,No,No,No,Yes,Yes,Yes,0,42,42,32,Yes,-9,-9,-9,Yes,Yes,No,No,No
DC,DISTRICT OF COLUMBIA,1100091,LAYC Career Academy,3224 16th Street NW,WASHINGTON,20010,No,220,0,1,Yes,Yes,Yes,JACQUELINE,FERNANDEZ,2023192228,jacqueline@laycca.org,JACQUELINE,FERNANDEZ,2023192228,jacqueline@laycca.org,JACQUELINE,FERNANDEZ,2023192228,jacqueline@laycca.org,No,Yes,Yes,http://laycca.org/wp-content/uploads/2019/01/LAYCCA-Website-Legal-Notices.pdf,No,-9,No,-9,-9,-9,-9,-9,-9,-9,-9,-9,-9,-9,-9,-9,-9,-9,No,-9,-9,-9,-9
DC,DISTRICT OF COLUMBIA,1100093,Lee Montessori PCS,3025 4th St NE,Washington,20017,No,212,1,1,Yes,Yes,Yes,DARIEN,NOLIN,(202)779-9740,darien@leemontessori.org,DARIEN,NOLIN,(202)779-9740,darien@leemontessori.org,SUZANNE,HOLSTEIN,(202)779-9740,suzanne@leemontessori.org,No,Yes,Yes,http://bit.ly/Lee_18-19_Handbook,No,-9,Yes,Yes,No,Yes,No,Yes,Yes,Yes,0,40,46,32,Yes,-9,-9,-9,Yes,Yes,No,No,No
DC,DISTRICT OF COLUMBIA,1100096,Harmony DC PCS,62 T St NE,Washington,20002,No,94,0,1,Yes,Yes,Yes,EMIN,CAVUSOGLU,(202) 529-7500 x312,ecavusoglu@harmonydc.org,EMIN,CAVUSOGLU,(202) 529-7500 x312,ecavusoglu@harmonydc.org,EMIN,CAVUSOGLU,(202) 529-7500 x312,ecavusoglu@harmonydc.org,No,Yes,Yes,www.harmonydc.org,No,-9,No,-9,-9,-9,-9,-9,-9,-9,-9,-9,-9,-9,-9,-9,-9,-9,Yes,Yes,No,No,No
DC,DISTRICT OF COLUMBIA,1100100,Monument Academy PCS,500 19th St NE,Washington,20002,No,116,3,1,Yes,Yes,Yes,CHRIS,VANN,7037988372,christopher.vann@mapcsdc.org,JEFF,MCHUGH,9147210613,jeff.mchugh@mapcsdc.org,MAGGIE,FATOVIC,2022766635,maggie.fatovic@mapcsdc.org,No,Yes,Yes,http://monumentacademy.org/wp-content/uploads/2018/08/Family-and-Student-Handbook-SY-201819.pdf,No,-9,No,-9,-9,-9,-9,-9,-9,-9,-9,-9,-9,-9,-9,-9,-9,-9,No,-9,-9,-9,-9
DC,DISTRICT OF COLUMBIA,1100102,Washington Global PCS,525 School St SW,Washington,20024,No,196,3,1,Yes,Yes,Yes,ELIZABETH,TORRES,202-796-2415,eltorres@washingtonglobal.org,ELIZABETH,T0RRES,202-796-2415,eltorres@washingtonglobal.org,SUZANNE,BROOKS,202-796-2415,eltorres@washingtonglobal.org,No,Yes,Yes,www.washingtonglobal.org,No,-9,No,-9,-9,-9,-9,-9,-9,-9,-9,-9,-9,-9,-9,-9,-9,-9,No,-9,-9,-9,-9
DC,DISTRICT OF COLUMBIA,1100103,Washington Leadership Academy PCS,3015 4th St NE,Washington,20017,No,204,2,1,Yes,Yes,Yes,CHRISTINA,MOORE,240-580-3371,cmoore@wlapcs.org,CHRISTINA,MOORE,240-580-3371,cmoore@wlapcs.org,CHRISTINA,MOORE,240-580-3371,cmoore@wlapcs.org,No,Yes,Yes,http://www.washingtonleadershipacademy.org/student-life,No,-9,No,-9,-9,-9,-9,-9,-9,-9,-9,-9,-9,-9,-9,-9,-9,-9,No,-9,-9,-9,-9
DC,DISTRICT OF COLUMBIA,1100104,Breakthrough Montessori PCS,1244 Taylor St NW,Washington,20011,No,125,0,1,Yes,Yes,Yes,EMILY,HEDIN,202-407-7022,EMILY.HEDIN@BREAKTHROUGHMONTESSORI.ORG,HANNAH,RICHARDSON,202-407-7022,HANNAH.RICHARDSON@BREAKTHROUGHMONTESSORI.ORG,ALLISON,JONES,202-407-7022,ALLISON.JONES@BREAKTHROUGHMONTESSORI.ORG,No,Yes,Yes,https://static1.squarespace.com/static/565a7885e4b0fad364f0b1b5/t/5b9096e14fa51a5d0b46ef3f/1536202465604/BMPCS-Family-Handbook-900118.pdf,No,-9,Yes,Yes,No,Yes,No,Yes,Yes,Yes,0,37,39,49,Yes,-9,-9,-9,Yes,Yes,No,No,No
DC,DISTRICT OF COLUMBIA,1199999,Rocketship Legacy Prep,4250 Massachusetts Ave.,Washington,20019,No,106,0,1,Yes,No,Yes,MAYA,SETHI,615-689-1008,msethi@rsed.org,-9,-9,-9,-9,MICHAEL,RABIN,202-803-7004,mrabin@rsed.org,No,Yes,No,-9,No,-9,Yes,Yes,No,No,No,Yes,Yes,No,0,6,10,0,Yes,-9,-9,-9,Yes,Yes,No,No,No
