State Postal Code,State FIPS Code,District ID,Name,Estimated Total Population,Estimated Population 5-17,Estimated number of relevant children 5 to 17 years old in poverty who are related to the householder
CO,8,1980,Agate School District 300,734,100,14
CO,8,2220,Arickaree School District R-2,645,123,20
CO,8,2260,Arriba-Flagler School District C-20,1037,163,32
CO,8,2460,Bethune School District R-5,462,122,11
CO,8,2520,Branson Reorganized School District 82,159,29,8
CO,8,2550,Briggsdale School District RE-10,740,136,16
CO,8,5640,Buffalo School District RE-4,968,164,19
CO,8,2700,Byers School District 32J,2783,550,31
CO,8,2760,Campo School District RE-6,239,33,6
CO,8,2880,Cheraw School District 31,725,130,19
CO,8,3150,Creede Consolidated School District 1,766,73,9
CO,8,3240,De Beque School District 49-JT,953,146,16
CO,8,3270,Deer Trail School District 26J,1008,203,24
CO,8,3510,Eads School District RE-1,1086,144,28
CO,8,3630,Edison School District 54-JT,356,82,17
CO,8,3690,Elbert School District 200,1733,311,25
CO,8,3930,Frenchman School District RE-3,919,148,25
CO,8,4230,Gilpin County School District RE-1,3049,347,28
CO,8,4590,Hayden School District RE-1,3036,490,14
CO,8,6510,Hi-Plains School District R-23,493,93,20
CO,8,4620,Hinsdale County School District RE-1,766,112,16
CO,8,18,Idalia School District RJ-3,503,94,21
CO,8,4890,Karval School District RE-23,331,54,19
CO,8,4980,Kim Reorganized School District 88,283,47,9
CO,8,5010,Kiowa School District C-2,2884,487,25
CO,8,5040,Kit Carson School District R-1,485,91,16
CO,8,19,Liberty School District J-4,501,70,8
CO,8,5340,Lone Star School District 101,262,53,11
CO,8,5940,Otis School District R-3,897,149,18
CO,8,5970,Ouray School District R-1,1833,263,23
CO,8,4440,Pawnee School District RE-12,633,91,16
CO,8,6930,Plainview School District RE-2,290,63,11
CO,8,6030,Plateau School District RE-5,513,86,15
CO,8,6000,Platte Valley School District RE-3,817,120,29
CO,8,6720,Prairie School District RE-11,473,89,3
CO,8,7260,Primero Reorganized School District 2,1059,107,30
CO,8,6090,Pritchett School District RE-3,284,48,10
CO,8,6210,Ridgway School District R-2,2581,310,31
CO,8,6450,Sargent School District RE-33J,1005,193,32
CO,8,6570,Silverton School District 1,715,62,12
CO,8,6780,Stratton School District R-4,974,234,31
CO,8,6990,Vilas School District RE-5,225,43,15
CO,8,7110,Walsh School District RE-1,935,154,25
CO,8,7140,Weldon Valley School District RE-20J,871,146,17
CO,8,7410,Woodlin School District R-104,409,92,15
