AL,ALABAMA,100005,Albertville City,107 W Main St,Albertville,35950,No,5445,0,6,Yes,Yes.1,Yes.2,TIMOTHY,TIDMORE,256-891-1183,ttidmore@albertk12.org,TIMOTHY.1,TIDMORE.1,256-891-1183.1,ttidmore@albertk12.org.1,TIMOTHY.2,TIDMORE.2,256-891-1183.2,ttidmore@albertk12.org.2,No.1,Yes.3,Yes.4,www.albertk12.org/apps/pages/index.jsp?uREC_ID=368921&type=d&termREC_ID=&pREC_ID=689254,Yes.5,No.2,Yes.6,Yes.7,Yes.8,Yes.9,No.3,No.4,Yes.10,No.5,1,6.1,127,0.1,Yes.11,-9,-9.1,-9.2,Yes.12,Yes.13,No.6,No.7,No.8
SC,SOUTH CAROLINA,4500001,Dept Of Correction N04,1735 Haviland Circle,Columbia,29210,No,417,0,9,Yes,Yes,Yes,CHANTAL,JOHNSON,803-896-1573,johnson.chantal@doc.sc.gov,CHANTAL,JOHNSON,803-896-1573,johnson.chantal@doc.sc.gov,CHANTAL,JOHNSON,803-896-1573,johnson.chantal@doc.sc.gov,No,Yes,No,-9,No,-9,No,-9,-9,-9,-9,-9,-9,-9,-9,-9,-9,-9,-9,-9,-9,-9,No,-9,-9,-9,-9
SC,SOUTH CAROLINA,4500004,Deaf & Blind School,355 Cedar Springs Road,Spartanburg,29302,No,198,0,5,Yes,Yes,Yes,TAMMY,JOHNSON,(864) 577-7513,Tjohnson@scsdb.org,TAMMY,JOHNSON,(864) 577-7513,Tjohnson@scsdb.org,TAMMY,JOHNSON,(864) 577-7513,Tjohnson@scsdb.org,No,Yes,Yes,https://www.scsdb.org,No,-9,Yes,Yes,No,No,No,No,No,No,0,3,5,7,No,Yes,No,No,Yes,Yes,No,No,No
SC,SOUTH CAROLINA,4500750,Allendale 01,PO Box 458,Allendale,29810,No,1183,17,4,Yes,Yes,Yes,MATTIE,DILLON,(803) 584-4603,dillonm@acs.k12.sc.us,KALU,KALU,(803) 584-4603,kaluk@acs.k12.sc.us,BECKY,DUKES,(803) 584-4603,dukesb@acs.k12.sc.us,Yes,Yes,Yes,www.acs.k12.sc.us,Yes,Yes,Yes,Yes,No,No,No,Yes,Yes,Yes,7,47,42,55,Yes,-9,-9,-9,Yes,Yes,No,No,No
SC,SOUTH CAROLINA,4500930,Bamberg 01,3830 Faust Street,Bamberg,29003,No,1372,0,3,Yes,Yes,Yes,ROBERT,KEARSE,(803)245-3053 x1003,rlkearse@bamberg1.net,JANNETTE,STOKES,(803)245-3053 x1000,jstokes@bamberg1.net,DOTTIE,BROWN,(803)245-6624,dbrown@bamberg1.net,No,Yes,Yes,https://boardpolicyonline.com/?b=bamberg_1,No,-9,Yes,Yes,No,Yes,No,No,Yes,Yes,0,2,54,6,Yes,-9,-9,-9,Yes,Yes,No,No,No
SC,SOUTH CAROLINA,4500960,Bamberg 02,62 Holly Avenue,Denmark,29042,No,675,0,3,Yes,Yes,Yes,E. MICHELLE,NIMMONS,(803) 793-3346,mnimmons@bamberg2.org,E. MICHELLE,NIMMONS,(803) 793-3346,mnimmons@bamberg2.org,E. MICHELLE,NIMMONS,(803) 793-3346,mnimmons@bamberg2.org,No,Yes,Yes,www.bamberg2.org,No,-9,Yes,Yes,No,Yes,No,No,Yes,Yes,0,0,26,44,Yes,-9,-9,-9,Yes,Yes,No,No,No
SC,SOUTH CAROLINA,4501020,Barnwell 19,446 Country Club Road,BLACKVILLE,29817,No,613,0,3,Yes,Yes,Yes,DAVID,CORDER,803-284-5608,David.Corder@barnwell19.net,DAVID,CORDER,803-284-5608,David.Corder@barnwell19.net,LEAH,BIAS,803-284-5616,Leah.Bias@barnwell19.net,No,Yes,Yes,https://boardpolicyonline.com/?b=barnwell_19,No,-9,Yes,Yes,No,No,No,No,Yes,Yes,0,0,20,45,Yes,-9,-9,-9,Yes,Yes,No,No,No
SC,SOUTH CAROLINA,4501050,Barnwell 29,12255 Main Street,Williston,29853,No,900,0,3,Yes,Yes,Yes,KATHY,GRIFFIN,8032667878,kgriffin@williston.k12.sc.us,KATHY,GRIFFIN,8032667878,ffin@williston.k12.sc.us,KATHY,GRIFFIN,8032667878,ffin@williston.k12.sc.us,No,Yes,Yes,https://boardpolicyonline.com/?b=williston_elko_29,No,-9,Yes,Yes,No,No,No,No,Yes,Yes,0,0,20,7,Yes,-9,-9,-9,Yes,Yes,No,No,No
SC,SOUTH CAROLINA,4501080,Barnwell School District 45,770 Hagood Avenue,Barnwell,29812,No,2239,0,4,Yes,Yes,Yes,LINDA,ZIONKOWSKI,8035411300,lzion@bsd45.net,LINDA,ZIONKOWSKI,8035411300,lzion@bsd45.net,LINDA,ZIONKOWSKI,8035411300,lzion@bsd45.net,No,Yes,Yes,https://boardpolicyonline.com/?b=barnwell_45,Yes,Yes,Yes,Yes,No,Yes,No,Yes,Yes,Yes,0,14,62,15,No,Yes,Yes,Yes,Yes,Yes,No,No,No
SC,SOUTH CAROLINA,4501250,Calhoun 01,PO Box 215,St. Matthews,29135,No,1785,0,3,Yes,Yes,Yes,GEORGE,KIERNAN,803-655-7310,gkiernan@ccpsonline.net,GEORGE,KIERNAN,803-665-7310,gkiernan@ccpsonline.net,GEORGE,KIERNAN,803-655-7310,gkiernan@ccpsonline.net,No,Yes,Yes,https://boardpolicyonline.com/?b=calhoun,No,-9,Yes,Yes,No,No,No,Yes,Yes,Yes,0,21,95,116,Yes,-9,-9,-9,Yes,Yes,No,No,No
SC,SOUTH CAROLINA,4501740,Clarendon 01,PO Box 38,Summerton,29148,No,748,0,4,Yes,Yes,Yes,WESLEY,TERRILL,803-485-2325,wterrill@clar1.k12.sc.us,WELSEY,TERRILL,803-485-2325,wterrill@clar1.k12.sc.us,WESLEY,TERRILL,803-485-2325,wterrill@clar1.k12.sc.us,No,Yes,Yes,https://boardpolicyonline.com/?b=clarendon_1,No,-9,Yes,Yes,No,No,No,No,Yes,Yes,0,0,39,52,Yes,-9,-9,-9,Yes,Yes,No,No,No
SC,SOUTH CAROLINA,4501800,Clarendon 03,PO Drawer 270,Turbeville,29162,No,1274,0,2,Yes,Yes,Yes,SCOTT,COOK,843-659-2187,SCOTT.COOK@CLARENDON3.ORG,CONNIE,DENNIS,843-659-2188,CONNIE.DENNIS@CLARENDON3.ORG,KIM,LINEBERGER,843-659-2188,KIM.LINEBERGER@CLARENDON3.ORG,No,Yes,Yes,www.clarendon3.org,No,-9,Yes,Yes,No,No,No,No,Yes,Yes,0,0,54,80,Yes,-9,-9,-9,Yes,Yes,No,No,No
SC,SOUTH CAROLINA,4501950,Dillon 03,205 King Street,Latta,29565,No,1686,0,3,Yes,Yes,Yes,GEORGE,LIEBENROOD,843-752-7101,George.Liebenrood@LattaVikings.com,GEORGE,LIEBENROOD,843-752-7101,George.Liebenrood@LattaVikings.com,GEORGE,LIEBENROOD,843-752-7101,George.Liebenrood@LattaVikings.com,No,Yes,Yes,http://www.dillon3.k12.sc.us/boardPolicy.php,Yes,No,Yes,Yes,No,No,No,No,Yes,Yes,0,1,96,122,Yes,-9,-9,-9,Yes,Yes,No,No,No
SC,SOUTH CAROLINA,4502160,Florence 02,2121 South Pamplico Highway,Pamplico,29583,No,1158,0,2,Yes,Yes,Yes,CHARLES,HYMAN,(843) 493-2502,chyman@fsd2.org,CHARLES,HYMAN,(843) 493-2502,chyman@fsd2.org,BELINDA,CAIN,(843) 493-9217,bcain@fsd2.org,No,Yes,Yes,https://boardpolicyonline.com/?b=florence_2,No,-9,Yes,Yes,No,No,No,No,Yes,Yes,0,0,45,11,Yes,-9,-9,-9,Yes,Yes,No,No,No
SC,SOUTH CAROLINA,4502220,Florence 04,304 Kemper Street,Timmonsville,29161,No,669,669,3,Yes,Yes,Yes,DAN,STRICKLAND,(843)669-4141,dstrickland@fsd1.org,DAN,STRICKLAND,(843)669-4141,dstrickland@fsd1.org,JONI,SUMMERSETT,(843)346-3956,jsummersett@florence4.k12.sc.us,No,Yes,Yes,http://policy.microscribepub.com/cgi-bin/om_isapi.dll?clientID=1774418656&depth=2&infobase=florence_4.nfo&softpage=PL_frame,No,-9,Yes,Yes,No,No,No,Yes,Yes,Yes,0,4,31,6,Yes,-9,-9,-9,Yes,Yes,No,No,No
SC,SOUTH CAROLINA,4502250,Florence 05,PO Box 98,Johnsonville,29555,No,1231,0,3,Yes,Yes,Yes,BETH,SNOWDEN,843-386-2358,bsnowden@fsd5.org,BETH,SNOWDEN,843-386-2358,bsnowden@fsd5.org,BETH,SNOWDEN,843-386-2358,bsnowden@fsd5.org,No,Yes,Yes,https://boardpolicyonline.com/?b=florence_5,No,-9,Yes,Yes,No,No,No,No,Yes,Yes,0,2,42,82,No,Yes,No,Yes,Yes,Yes,No,No,No
SC,SOUTH CAROLINA,4502370,Greenwood 51,56 South Greenwood Avenue,Ware Shoals,29692,No,956,0,3,Yes,Yes,Yes,JENNNY,PITTS,(864)456-7496,JPITTS@GWD51.ORG,JENNY,PITTS,(864)456-7496,JPITTS@GWD51.ORG,JENNY,PITTS,(864)456-7496,JPITTS@GWD51.ORG,No,Yes,Yes,https://www.boardpolicyonline.com/?b=wareshoals,No,-9,Yes,Yes,No,No,No,No,Yes,Yes,0,5,57,62,No,Yes,Yes,Yes,Yes,Yes,No,No,No
SC,SOUTH CAROLINA,4502400,Greenwood 52,605 Johnston Road,Ninety Six,29666,No,1551,0,4,Yes,Yes,Yes,REX,WARD,(864)543-3100,rward@greenwood52.org,REX,WARD,(864)543-3100,rward@greenwood52.org,KELLY,FISHER,(864)543-3100,kfisher@greenwood52.org,No,Yes,Yes,https://www.greenwood52.org/parents-13e47e9e#,No,-9,Yes,Yes,No,Yes,No,No,Yes,Yes,0,4,40,100,Yes,-9,-9,-9,Yes,Yes,No,No,No
SC,SOUTH CAROLINA,4502460,Hampton 02,PO Box 1028,Estill,29918,No,696,0,3,Yes,Yes,Yes,CONCHITA,BOSTICK,803-625-5004,BostCon@hampton2.k112.sc.us,CONCHITA,BOSTICK,803-625-5004,BosCon@hampton2.k12.sc.us,DEREK,SKAGGS,803-625-5018,SkagDer@hampton2.k12.sc.us,No,Yes,Yes,www.hampton2.k12.sc.us,No,-9,Yes,Yes,No,No,No,No,Yes,Yes,0,0,38,42,Yes,-9,-9,-9,Yes,Yes,No,No,No
SC,SOUTH CAROLINA,4502760,Lexington 03,338 West Columbia Avenue,Batesburg-Leesville,29006,No,2061,0,4,Yes,Yes,Yes,MACKENZIE,TAYLOR,(803)532-4423,mtaylor@lex3.k12.sc.us,RALPH,SCHMIDT,(803)532-4423,rschmidt@lex3.k12.sc.us,JAIME,HEMBREE,(803)532-4423,jhembree@lex3.k12.sc.us,No,Yes,Yes,https://boardpolicyonline.com/?b=lex3,No,-9,Yes,Yes,No,No,No,No,Yes,Yes,0,0,121,170,Yes,-9,-9,-9,Yes,Yes,No,No,No
SC,SOUTH CAROLINA,4503000,McCormick 01,821 North Mine Street,McCormick,29835,No,743,0,3,Yes,Yes,Yes,TERRI,CAMPBELL,(864) 852-0627,campbellt@mccormick.k12.sc.us,TERRI,CAMPBELL,(864) 852-0627,campbellt@mccormick.k12.sc.us,MARY,GREENE-THOMASSON,(864) 852-2435,thomassonm@mccormick.k12.sc.us,No,Yes,Yes,https://www.boardpolicyonline.com/?b=mccormick,No,-9,Yes,Yes,No,Yes,No,Yes,Yes,Yes,0,8,24,2,Yes,-9,-9,-9,Yes,Yes,No,No,No
SC,SOUTH CAROLINA,4503904,Governor's School for the Arts and Humanities,15 University Street,Greenville,29601,No,235,0,1,Yes,Yes,Yes,ANNA,COPELAND,864-282-3777,acopeland@scgsah.org,ANNA,COPELAND,864-282-3777,acopeland@scgsah.org,DANIELLE,LEWIS,864-282-3777,daniellelewis@scgsah.org,No,Yes,Yes,scgsah.org,No,-9,No,-9,-9,-9,-9,-9,-9,-9,-9,-9,-9,-9,-9,-9,-9,-9,No,-9,-9,-9,-9
SC,SOUTH CAROLINA,4503907,Governor' School for Science and Mathematics,401 Railroad  Avenue,Hartsville,29550,No,269,0,1,Yes,Yes,Yes,ANNE,BRUMLEY,843-383-3900 x3955,brumley@gssm.k12.sc.us,ANNE,BRUMLEY,843-383-3900 x3955,brumley@gssm.k12.sc.us,DANNY,DORSEL,843-383-3900 x4675,dorsel@gssm.k12.sc.us,No,Yes,Yes,www.scgssm.org/residential/campus-life/student-handbook,No,-9,No,-9,-9,-9,-9,-9,-9,-9,-9,-9,-9,-9,-9,-9,-9,-9,No,-9,-9,-9,-9
