AL,ALABAMA,100005,Albertville City,107 W Main St,Albertville,35950,No,5445,0,6,Yes,Yes.1,Yes.2,TIMOTHY,TIDMORE,256-891-1183,ttidmore@albertk12.org,TIMOTHY.1,TIDMORE.1,256-891-1183.1,ttidmore@albertk12.org.1,TIMOTHY.2,TIDMORE.2,256-891-1183.2,ttidmore@albertk12.org.2,No.1,Yes.3,Yes.4,www.albertk12.org/apps/pages/index.jsp?uREC_ID=368921&type=d&termREC_ID=&pREC_ID=689254,Yes.5,No.2,Yes.6,Yes.7,Yes.8,Yes.9,No.3,No.4,Yes.10,No.5,1,6.1,127,0.1,Yes.11,-9,-9.1,-9.2,Yes.12,Yes.13,No.6,No.7,No.8
SC,SOUTH CAROLINA,4500001,Dept Of Correction N04,1735 Haviland Circle,Columbia,29210,No,417,0,9,Yes,Yes,Yes,CHANTAL,JOHNSON,803-896-1573,johnson.chantal@doc.sc.gov,CHANTAL,JOHNSON,803-896-1573,johnson.chantal@doc.sc.gov,CHANTAL,JOHNSON,803-896-1573,johnson.chantal@doc.sc.gov,No,Yes,No,-9,No,-9,No,-9,-9,-9,-9,-9,-9,-9,-9,-9,-9,-9,-9,-9,-9,-9,No,-9,-9,-9,-9
SC,SOUTH CAROLINA,4500002,Dorchester 04,500 Ridge Street,St. George,29477,No,2333,2333,6,Yes,Yes,Yes,JOYCE,DAVIS,(843) 563-4535,jwdavis@dd4.k12.sc.us,GWENDOLYN,BRIGHT,(843) 563-4535,gbright@dd4.k12.sc.us,MONICA,TUDDER,(843) 462-7629,mtudder@dd4.k12.sc.us,No,Yes,Yes,www.dorchester4.k12.sc.us,No,-9,Yes,Yes,No,No,No,No,Yes,Yes,0,4,108,14,Yes,-9,-9,-9,Yes,Yes,No,No,No
SC,SOUTH CAROLINA,4500004,Deaf & Blind School,355 Cedar Springs Road,Spartanburg,29302,No,198,0,5,Yes,Yes,Yes,TAMMY,JOHNSON,(864) 577-7513,Tjohnson@scsdb.org,TAMMY,JOHNSON,(864) 577-7513,Tjohnson@scsdb.org,TAMMY,JOHNSON,(864) 577-7513,Tjohnson@scsdb.org,No,Yes,Yes,https://www.scsdb.org,No,-9,Yes,Yes,No,No,No,No,No,No,0,3,5,7,No,Yes,No,No,Yes,Yes,No,No,No
SC,SOUTH CAROLINA,4500690,Abbeville County School District,400 Greenville Street,Abbeville,29620,No,2967,0,8,Yes,Yes,Yes,JULIE,FOWLER,(864) 366-5427,jfowler@acsdsc.org,JULIE,FOWLER,(864) 366-5427,jfowler@acsdsc.org,KATHY,BERNARD,(864) 366-5427,kbernard@acsdsc.org,No,Yes,Yes,https://boardpolicyonline.com/?b=abbeville,No,-9,Yes,Yes,No,Yes,No,No,Yes,Yes,0,4,100,222,No,Yes,Yes,Yes,Yes,Yes,No,No,No
SC,SOUTH CAROLINA,4500720,Aiken 01,1000 Brookhaven Drive,Aiken,29803,No,24379,0,39,Yes,Yes,Yes,KING,LAURENCE,(803) 641-2637,klaurence@acpsd.net,KING,LAURENCE,(803) 641-2637,klaurence@acpsd.net,KING,LAURENCE,(803) 641-2637,klaurence@acpsd.net,No,Yes,Yes,https://www.acpsd.net/Page/1606,No,-9,Yes,Yes,No,Yes,No,No,Yes,Yes,0,31,529,71,Yes,-9,-9,-9,Yes,Yes,No,Yes,No
SC,SOUTH CAROLINA,4500750,Allendale 01,PO Box 458,Allendale,29810,No,1183,17,4,Yes,Yes,Yes,MATTIE,DILLON,(803) 584-4603,dillonm@acs.k12.sc.us,KALU,KALU,(803) 584-4603,kaluk@acs.k12.sc.us,BECKY,DUKES,(803) 584-4603,dukesb@acs.k12.sc.us,Yes,Yes,Yes,www.acs.k12.sc.us,Yes,Yes,Yes,Yes,No,No,No,Yes,Yes,Yes,7,47,42,55,Yes,-9,-9,-9,Yes,Yes,No,No,No
SC,SOUTH CAROLINA,4500780,Anderson 01,PO Box 99,Williamston,29697,No,10086,0,14,Yes,Yes,Yes,KELLY,PEW,(864) 847-7344,pewk@apps.anderson1.org,KELLY,PEW,(864) 847-7344,pewk@apps.anderson1.org,KELLY,PEW,(864) 847-7344,pewk@apps.anderson1.org,No,Yes,Yes,https://boardpolicyonline.com/?b=anderson1&s=239586,No,-9,Yes,No,No,Yes,No,No,Yes,Yes,0,28,27,318,No,Yes,Yes,Yes,Yes,Yes,No,No,No
SC,SOUTH CAROLINA,4500810,Anderson 02,10990 Belton-Honea Path Highway,Honea Path,29654,No,3770,10,7,Yes,Yes,Yes,CARLOS,BROOKS,864-369-7364,cbrooks@asd2.org,CARLOS,BROOKS,864-369-7364,cbrooks@asd2.org,LINDSAY,STEWART,864-369-7364,lstewart@asd2.org,No,Yes,Yes,www.anderson2.org,Yes,Yes,Yes,No,No,Yes,No,Yes,Yes,No,0,13,117,12,No,Yes,Yes,Yes,Yes,Yes,No,No,No
SC,SOUTH CAROLINA,4500840,Anderson 03,PO Box 118,Iva,29655,No,2582,0,5,Yes,Yes,Yes,DAVID,NIXON,864-378-0279,nixond@acsd3.org,DAVID,NIXON,864-378-0279,nixond@acsd3.org,DAVID,NIXON,864-378-0279,nixond@acsd3.org,No,Yes,Yes,www.anderson3.k12.sc.us,No,-9,Yes,Yes,No,No,No,No,Yes,Yes,0,5,90,9,No,Yes,Yes,Yes,Yes,Yes,No,No,No
SC,SOUTH CAROLINA,4500870,Anderson 04,PO Box 545,Pendleton,29670,No,2873,0,6,Yes,Yes,Yes,KIM,CLARDY,864-403-2000 x2002,kclardy@anderson4.org,KIM,CLARDY,864-403-2000 x2002,kclardy@anderson4.org,MICHAEL,SHELTON,864-403-2000 x2025,mshelton@anderson4.org,No,Yes,Yes,https://www.boardpolicyonline.com/?b=anderson4,No,-9,Yes,Yes,No,Yes,No,No,Yes,Yes,0,3,83,209,Yes,-9,-9,-9,Yes,Yes,No,Yes,No
SC,SOUTH CAROLINA,4500900,Anderson 05,PO Box 439,Anderson,29622,No,13208,0,20,Yes,Yes,Yes,MIKE,MAHAFFEY,(864) 260-5000 X10128,MIKEMAHAFFEY@ANDERSON5.NET,MIKE,MAHAFFEY,(864) 260-5000 X10128,MIKEMAHAFFEY@ANDERSON5.NET,BRENDA,HARPER,(864) 260-5000 X10107,BRENDAHARPER@ANDERSON5.NET,No,Yes,Yes,https://www.boardpolicyonline.com/?b=anderson5&s=416400,Yes,Yes,Yes,Yes,No,No,No,Yes,Yes,Yes,2,99,414,1009,No,Yes,No,Yes,Yes,Yes,No,No,No
SC,SOUTH CAROLINA,4500930,Bamberg 01,3830 Faust Street,Bamberg,29003,No,1372,0,3,Yes,Yes,Yes,ROBERT,KEARSE,(803)245-3053 x1003,rlkearse@bamberg1.net,JANNETTE,STOKES,(803)245-3053 x1000,jstokes@bamberg1.net,DOTTIE,BROWN,(803)245-6624,dbrown@bamberg1.net,No,Yes,Yes,https://boardpolicyonline.com/?b=bamberg_1,No,-9,Yes,Yes,No,Yes,No,No,Yes,Yes,0,2,54,6,Yes,-9,-9,-9,Yes,Yes,No,No,No
SC,SOUTH CAROLINA,4500960,Bamberg 02,62 Holly Avenue,Denmark,29042,No,675,0,3,Yes,Yes,Yes,E. MICHELLE,NIMMONS,(803) 793-3346,mnimmons@bamberg2.org,E. MICHELLE,NIMMONS,(803) 793-3346,mnimmons@bamberg2.org,E. MICHELLE,NIMMONS,(803) 793-3346,mnimmons@bamberg2.org,No,Yes,Yes,www.bamberg2.org,No,-9,Yes,Yes,No,Yes,No,No,Yes,Yes,0,0,26,44,Yes,-9,-9,-9,Yes,Yes,No,No,No
SC,SOUTH CAROLINA,4501020,Barnwell 19,446 Country Club Road,BLACKVILLE,29817,No,613,0,3,Yes,Yes,Yes,DAVID,CORDER,803-284-5608,David.Corder@barnwell19.net,DAVID,CORDER,803-284-5608,David.Corder@barnwell19.net,LEAH,BIAS,803-284-5616,Leah.Bias@barnwell19.net,No,Yes,Yes,https://boardpolicyonline.com/?b=barnwell_19,No,-9,Yes,Yes,No,No,No,No,Yes,Yes,0,0,20,45,Yes,-9,-9,-9,Yes,Yes,No,No,No
SC,SOUTH CAROLINA,4501050,Barnwell 29,12255 Main Street,Williston,29853,No,900,0,3,Yes,Yes,Yes,KATHY,GRIFFIN,8032667878,kgriffin@williston.k12.sc.us,KATHY,GRIFFIN,8032667878,ffin@williston.k12.sc.us,KATHY,GRIFFIN,8032667878,ffin@williston.k12.sc.us,No,Yes,Yes,https://boardpolicyonline.com/?b=williston_elko_29,No,-9,Yes,Yes,No,No,No,No,Yes,Yes,0,0,20,7,Yes,-9,-9,-9,Yes,Yes,No,No,No
SC,SOUTH CAROLINA,4501080,Barnwell School District 45,770 Hagood Avenue,Barnwell,29812,No,2239,0,4,Yes,Yes,Yes,LINDA,ZIONKOWSKI,8035411300,lzion@bsd45.net,LINDA,ZIONKOWSKI,8035411300,lzion@bsd45.net,LINDA,ZIONKOWSKI,8035411300,lzion@bsd45.net,No,Yes,Yes,https://boardpolicyonline.com/?b=barnwell_45,Yes,Yes,Yes,Yes,No,Yes,No,Yes,Yes,Yes,0,14,62,15,No,Yes,Yes,Yes,Yes,Yes,No,No,No
SC,SOUTH CAROLINA,4501110,Beaufort 01,PO Box 309,Beaufort,29901,No,22172,0,33,Yes,Yes,Yes,WENDY,CARTLEDGE,(843)322-2414,wendy.cartledge@beaufort.k12.sc.us,WENDY,CARTLEDGE,(843)322-2414,wendy.cartledge@beaufort.k12.sc.us,WENDY,CARTLEDGE,(843)322-2414,wendy.cartledge@beaufort.k12.sc.us,Yes,Yes,Yes,https://boardpolicyonline.com/?b=beaufort&s=249678,No,-9,Yes,Yes,No,No,No,No,Yes,Yes,0,28,723,159,Yes,-9,-9,-9,Yes,Yes,No,No,No
SC,SOUTH CAROLINA,4501170,Berkeley 01,PO Box 608,Moncks Corner,29461,No,35051,0,45,Yes,Yes,Yes,GLENDA,LEVINE,(843)899-8600,levineg@bcsdschools.net,GLENDA,LEVINE,(843)899-8600,levineg@bcsdschools.net,KELLY,WULF,(843)899-8600,wulfk@bcsdschools.net,No,Yes,Yes,https://boardpolicyonline.com/?b=berkeley&s=241522,No,-9,Yes,Yes,No,No,No,Yes,Yes,Yes,0,418,1112,120,No,Yes,Yes,Yes,Yes,Yes,No,No,No
SC,SOUTH CAROLINA,4501250,Calhoun 01,PO Box 215,St. Matthews,29135,No,1785,0,3,Yes,Yes,Yes,GEORGE,KIERNAN,803-655-7310,gkiernan@ccpsonline.net,GEORGE,KIERNAN,803-665-7310,gkiernan@ccpsonline.net,GEORGE,KIERNAN,803-655-7310,gkiernan@ccpsonline.net,No,Yes,Yes,https://boardpolicyonline.com/?b=calhoun,No,-9,Yes,Yes,No,No,No,Yes,Yes,Yes,0,21,95,116,Yes,-9,-9,-9,Yes,Yes,No,No,No
SC,SOUTH CAROLINA,4501440,Charleston 01,75 Calhoun Street,Charleston,29401,Yes,49922,240,87,Yes,Yes,Yes,NATALIE,HAM,(843) 937-6515,natalie_ham@charleston.k12.sc.us,NATALIE,HAM,(843) 937-6515,natalie_ham@charleston.k12.sc.us,NATALIE,HAM,(843) 937-6515,natalie_ham@charleston.k12.sc.us,No,Yes,Yes,https://www.ccsdschools.com/about_us/board_of_trustees/policies,Yes,Yes,Yes,Yes,No,Yes,No,Yes,Yes,Yes,83,825,2112,370,Yes,-9,-9,-9,Yes,Yes,No,No,No
SC,SOUTH CAROLINA,4501500,Cherokee 01,P.O. Box 460,Gaffney,29342,No,8895,2,20,Yes,Yes,Yes,CARL,CARPENTER,864-206-2210,CARL.CARPENTER@CHEROKEE1.ORG,CARL,CARPENTER,864-206-2210,CARL.CARPENTER@CHEROKEE1.ORG,BESSIE,WESTMORELAND,864-206-2255,BESSIE.WESTMORELAND@CHEROKEE1.ORG,Yes,Yes,Yes,https://www.cherokee1.org/,No,-9,Yes,Yes,No,Yes,No,Yes,Yes,Yes,0,16,371,657,Yes,-9,-9,-9,Yes,Yes,No,No,No
SC,SOUTH CAROLINA,4501530,Chester 01,509 District Office Drive,Chester,29706,No,5254,5250,11,Yes,Yes,Yes,WENDELL,SUMTER,803-581-9506,wsumter@chester.k12.sc.us,WENDELL,SUMTER,803-581-9506,wsumter@chester.k12.sc.us,JEANNIE,LIGON,803-581-9530,jligon@chester.k12.sc.us,No,Yes,No,-9,No,-9,Yes,Yes,No,No,No,Yes,Yes,Yes,0,105,105,200,Yes,-9,-9,-9,Yes,Yes,No,No,No
SC,SOUTH CAROLINA,4501560,Chesterfield 01,401 West Boulevard,Chesterfield,29709,No,7220,0,17,Yes,Yes,Yes,CANDACE,HOFFMAN,(843)623-2175,choffman@chesterfieldschools.org,CANDACE,HOFFMAN,(843)623-2175,choffman@chesterfieldschools.org,KAREN,ROGERS,(843)623-2175,krogers@chesterfieldschools.org,No,Yes,Yes,www.chesterfieldschools.org,No,-9,Yes,Yes,No,Yes,No,No,Yes,Yes,0,11,246,518,No,Yes,Yes,Yes,Yes,Yes,No,No,No
SC,SOUTH CAROLINA,4501740,Clarendon 01,PO Box 38,Summerton,29148,No,748,0,4,Yes,Yes,Yes,WESLEY,TERRILL,803-485-2325,wterrill@clar1.k12.sc.us,WELSEY,TERRILL,803-485-2325,wterrill@clar1.k12.sc.us,WESLEY,TERRILL,803-485-2325,wterrill@clar1.k12.sc.us,No,Yes,Yes,https://boardpolicyonline.com/?b=clarendon_1,No,-9,Yes,Yes,No,No,No,No,Yes,Yes,0,0,39,52,Yes,-9,-9,-9,Yes,Yes,No,No,No
SC,SOUTH CAROLINA,4501770,Clarendon 02,PO Box 1252,Manning,29102,No,2841,0,6,Yes,Yes,Yes,DANIEL,MCCATHERN,(803)435-4435,dmccathern@csd2.org,DANIEL,MCCATHERN,(803)435-4435,dmccathern@csd2.org,FLURY,WILSON,(803)435-8326,fwilson@csd2.org,No,Yes,Yes,www.clarendon2.k12.sc.us,Yes,No,Yes,Yes,No,Yes,No,Yes,Yes,Yes,0,16,110,126,Yes,-9,-9,-9,Yes,Yes,No,No,No
SC,SOUTH CAROLINA,4501800,Clarendon 03,PO Drawer 270,Turbeville,29162,No,1274,0,2,Yes,Yes,Yes,SCOTT,COOK,843-659-2187,SCOTT.COOK@CLARENDON3.ORG,CONNIE,DENNIS,843-659-2188,CONNIE.DENNIS@CLARENDON3.ORG,KIM,LINEBERGER,843-659-2188,KIM.LINEBERGER@CLARENDON3.ORG,No,Yes,Yes,www.clarendon3.org,No,-9,Yes,Yes,No,No,No,No,Yes,Yes,0,0,54,80,Yes,-9,-9,-9,Yes,Yes,No,No,No
SC,SOUTH CAROLINA,4501830,Colleton 01,213 North Jefferies Boulevard,Walterboro,29488,No,5699,0,8,Yes,Yes,Yes,VANESSA,REED,(843)782-0022,vreed@colleton.k12.sc.us,VANESSA,REED,(843)782-0022,vreed@colleton.k12.sc.us,JACINTA,BRYANT,(843)782-0022,jbryant@colleton.k12.sc.us,No,Yes,Yes,https://boardpolicyonline.com/?b=colleton,No,-9,Yes,Yes,No,No,No,No,Yes,No,0,24,260,0,No,Yes,Yes,Yes,Yes,Yes,No,No,No
SC,SOUTH CAROLINA,4501860,Darlington 01,PO Box 1117,Darlington,29540,No,9952,9952,21,Yes,Yes,Yes,LARRY,JOHNSON,(843)398-5100,larry.johnson@darlington.k12.sc.us,LARRY,JOHNSON,(843)398-5100,larry.johnson@darlington.k12.sc.us,ALLISON,BAKER,(843)398-5100,allison.baker@darlington.k12.sc.us,No,Yes,Yes,http://policy.microscribepub.com/cgi-bin/om_isapi.dll?clientID=3288797952&depth=2&infobase=darlington.nfo&softpage=PL_frame,No,-9,Yes,Yes,No,Yes,No,No,Yes,Yes,0,10,267,35,Yes,-9,-9,-9,Yes,Yes,No,No,No
SC,SOUTH CAROLINA,4501920,Dillon 04,1738 Highway 301 North,Dillon,29536,No,4134,0,8,Yes,Yes,Yes,POLLY,ELKINS,843-77401299,elkinsp@dillon.k12.sc.us,POLLY,ELKINS,843-774-1200,elkinsp@dillon.k12.sc.us,AMANDA,HAYES,843-774-1200,hayesm@dillon.k12.sc.us,No,Yes,Yes,http://www.dillon.k12.sc.us/school_board/policies,No,-9,Yes,Yes,No,Yes,No,No,Yes,Yes,0,6,120,315,Yes,-9,-9,-9,Yes,Yes,No,No,No
SC,SOUTH CAROLINA,4501950,Dillon 03,205 King Street,Latta,29565,No,1686,0,3,Yes,Yes,Yes,GEORGE,LIEBENROOD,843-752-7101,George.Liebenrood@LattaVikings.com,GEORGE,LIEBENROOD,843-752-7101,George.Liebenrood@LattaVikings.com,GEORGE,LIEBENROOD,843-752-7101,George.Liebenrood@LattaVikings.com,No,Yes,Yes,http://www.dillon3.k12.sc.us/boardPolicy.php,Yes,No,Yes,Yes,No,No,No,No,Yes,Yes,0,1,96,122,Yes,-9,-9,-9,Yes,Yes,No,No,No
SC,SOUTH CAROLINA,4502010,Dorchester 02,115 Devon Road,Summerville,29483,No,26305,0,24,Yes,Yes,Yes,JULIE,KORNAHRENS,(843)873-2901,jkornahrens@dorchester2.k12.sc.us,JULIE,KORNAHRENS,(843)873-2901,jkornahrens@dorchester2.k12.sc.us,TONI,CAPPELLETTI,(843)875-4161,acappelletti@dorchester2.k12.sc.us,No,Yes,Yes,https://boardpolicyonline.com/?b=dorchester,No,-9,Yes,Yes,No,Yes,No,No,Yes,Yes,0,85,640,1759,Yes,-9,-9,-9,Yes,Yes,No,No,No
SC,SOUTH CAROLINA,4502070,Edgefield 01,PO Box 608,Edgefield,29824,No,3461,0,7,Yes,Yes,Yes,CHERYA,CLARK,803-275-4601,caclark@edgefield.k12.sc.us,CHERYA,CLARK,803-275-4601,caclark@edgefield.k12.sc.us,JERRILYN,HARMON,803-275-4601,jgharmon@edgefield.k12.sc.us,No,Yes,Yes,https://www.boardpolicyonline.com/?b=edgefield,No,-9,Yes,Yes,No,No,No,No,Yes,Yes,0,7,106,13,No,Yes,Yes,Yes,Yes,Yes,No,No,No
SC,SOUTH CAROLINA,4502100,Fairfield 01,PO Drawer 622,Winnsboro,29180,No,3144,0,7,Yes,Yes,Yes,AMY,COKER,(803)635-4607,acoker@fairfield1.org,DENISE,SOWELL,(803)635-4607,dsowell@fairfield1.org,JENNIFER,ETHEREDGE,(803)635-4607,jetheredge@fairfield1.org,No,Yes,Yes,www.fairfield1.org,No,-9,Yes,Yes,No,No,No,Yes,Yes,Yes,0,107,151,180,Yes,-9,-9,-9,Yes,Yes,No,No,No
SC,SOUTH CAROLINA,4502130,Florence 01,319 South Dargan Street,Florence,29506,No,16307,0,23,Yes,Yes,Yes,MATRELL,STURKEY,843-669-4141,matrell.sturkey@fsd1.org,MATRELL,STURKEY,843-669-4141,matrell.sturkey@fsd1.org,BRIAN,DENNY,843-669-4141,bdenny@fsd1.org,Yes,Yes,Yes,https://www.f1s.org/site/handlers/filedownload.ashx?moduleinstanceid=18134&dataid=9092&FileName=Bullying%20Letter%202018.pdf,No,-9,Yes,Yes,No,No,No,Yes,Yes,Yes,0,99,460,1285,No,Yes,Yes,Yes,Yes,Yes,No,No,No
SC,SOUTH CAROLINA,4502160,Florence 02,2121 South Pamplico Highway,Pamplico,29583,No,1158,0,2,Yes,Yes,Yes,CHARLES,HYMAN,(843) 493-2502,chyman@fsd2.org,CHARLES,HYMAN,(843) 493-2502,chyman@fsd2.org,BELINDA,CAIN,(843) 493-9217,bcain@fsd2.org,No,Yes,Yes,https://boardpolicyonline.com/?b=florence_2,No,-9,Yes,Yes,No,No,No,No,Yes,Yes,0,0,45,11,Yes,-9,-9,-9,Yes,Yes,No,No,No
SC,SOUTH CAROLINA,4502190,Florence 03,PO Box 1389,Lake City,29560,No,3475,0,8,Yes,Yes,Yes,CHARM,EADDY,8433745119,ceaddy@fsd3.org,KASEY,FEAGIN,8433748652,kfeagin@fsd3.org,KASEY,FEAGIN,8433748652,kfeagin@fsd3.org,No,Yes,Yes,http://www.florence3.k12.sc.us,No,-9,Yes,Yes,No,No,No,No,Yes,Yes,0,3,99,256,Yes,-9,-9,-9,Yes,Yes,No,No,No
SC,SOUTH CAROLINA,4502220,Florence 04,304 Kemper Street,Timmonsville,29161,No,669,669,3,Yes,Yes,Yes,DAN,STRICKLAND,(843)669-4141,dstrickland@fsd1.org,DAN,STRICKLAND,(843)669-4141,dstrickland@fsd1.org,JONI,SUMMERSETT,(843)346-3956,jsummersett@florence4.k12.sc.us,No,Yes,Yes,http://policy.microscribepub.com/cgi-bin/om_isapi.dll?clientID=1774418656&depth=2&infobase=florence_4.nfo&softpage=PL_frame,No,-9,Yes,Yes,No,No,No,Yes,Yes,Yes,0,4,31,6,Yes,-9,-9,-9,Yes,Yes,No,No,No
SC,SOUTH CAROLINA,4502250,Florence 05,PO Box 98,Johnsonville,29555,No,1231,0,3,Yes,Yes,Yes,BETH,SNOWDEN,843-386-2358,bsnowden@fsd5.org,BETH,SNOWDEN,843-386-2358,bsnowden@fsd5.org,BETH,SNOWDEN,843-386-2358,bsnowden@fsd5.org,No,Yes,Yes,https://boardpolicyonline.com/?b=florence_5,No,-9,Yes,Yes,No,No,No,No,Yes,Yes,0,2,42,82,No,Yes,No,Yes,Yes,Yes,No,No,No
SC,SOUTH CAROLINA,4502280,Georgetown 01,2018 Church Street,Georgetown,29440,No,9392,0,19,Yes,Yes,Yes,JON,TESTER,(843)436-7203,jtester@gcsd.k12.sc.us,DOUG,JENKINS,(843)436-7147,djenkins@gcsd.k12.sc.us,MICHAEL,CAVIRIS,(843)436-7125,mcaviris@gcsd.k12.sc.us,Yes,Yes,Yes,https://gcsd.k12.sc.us/common/pages/DisplayFile.aspx?itemId=1176992,No,-9,Yes,Yes,No,No,No,No,Yes,No,0,13,310,28,Yes,-9,-9,-9,Yes,Yes,No,No,No
SC,SOUTH CAROLINA,4502310,Greenville 01,301 E. Camperdown Way,Greenville,29601,No,75600,165,87,Yes,Yes,Yes,BRIAN,SHERMAN,864-355-3164,bsherman@greenville.k12.sc.us,BRIAN,SHERMAN,864-355-3164,bsherman@greenville.k12.sc.us,TRACI,HOGAN,864-452-0004,thogan@greenville.k12.sc.us,No,Yes,Yes,https://www.boarddocs.com/sc/greenville/Board.nsf/goto?open&id=8PJNPJ6071F2,No,-9,Yes,Yes,No,Yes,No,Yes,Yes,No,0,150,1857,0,No,Yes,Yes,Yes,Yes,Yes,No,No,No
SC,SOUTH CAROLINA,4502340,Greenwood 50,PO Box 248,Greenwood,29648,No,9088,0,15,Yes,Yes,Yes,CHRISTI,LOUDEN,864-941-5405,loudenc@gwd50.org,CHRISTI,LOUDEN,864-941-5405,loudenc@gwd50.org,CHRISTI,LOUDEN,864-941-5405,loudenc@gwd50.org,No,Yes,Yes,www.gwd50.org,No,-9,Yes,Yes,No,Yes,No,Yes,Yes,Yes,0,23,53,252,Yes,-9,-9,-9,Yes,Yes,No,No,No
SC,SOUTH CAROLINA,4502370,Greenwood 51,56 South Greenwood Avenue,Ware Shoals,29692,No,956,0,3,Yes,Yes,Yes,JENNNY,PITTS,(864)456-7496,JPITTS@GWD51.ORG,JENNY,PITTS,(864)456-7496,JPITTS@GWD51.ORG,JENNY,PITTS,(864)456-7496,JPITTS@GWD51.ORG,No,Yes,Yes,https://www.boardpolicyonline.com/?b=wareshoals,No,-9,Yes,Yes,No,No,No,No,Yes,Yes,0,5,57,62,No,Yes,Yes,Yes,Yes,Yes,No,No,No
SC,SOUTH CAROLINA,4502400,Greenwood 52,605 Johnston Road,Ninety Six,29666,No,1551,0,4,Yes,Yes,Yes,REX,WARD,(864)543-3100,rward@greenwood52.org,REX,WARD,(864)543-3100,rward@greenwood52.org,KELLY,FISHER,(864)543-3100,kfisher@greenwood52.org,No,Yes,Yes,https://www.greenwood52.org/parents-13e47e9e#,No,-9,Yes,Yes,No,Yes,No,No,Yes,Yes,0,4,40,100,Yes,-9,-9,-9,Yes,Yes,No,No,No
SC,SOUTH CAROLINA,4502430,Hampton 01,372 Pine Street East,Varnville,29944,No,2261,0,7,Yes,Yes,Yes,TOREACHER,DOBSON,(803)943-4576,tdobson@hampton1.k12.sc.us,TOREACHER,DOBSON,(803)943-4576,tdobson@hampton1.k12.sc.us,MARILYN,YOUNG,(803)943-4576,myoung@hampton1.k12.sc.us,No,Yes,Yes,www.hampton1.org,No,-9,Yes,Yes,No,Yes,No,Yes,Yes,Yes,0,3,103,131,No,Yes,Yes,Yes,Yes,Yes,No,No,No
SC,SOUTH CAROLINA,4502460,Hampton 02,PO Box 1028,Estill,29918,No,696,0,3,Yes,Yes,Yes,CONCHITA,BOSTICK,803-625-5004,BostCon@hampton2.k112.sc.us,CONCHITA,BOSTICK,803-625-5004,BosCon@hampton2.k12.sc.us,DEREK,SKAGGS,803-625-5018,SkagDer@hampton2.k12.sc.us,No,Yes,Yes,www.hampton2.k12.sc.us,No,-9,Yes,Yes,No,No,No,No,Yes,Yes,0,0,38,42,Yes,-9,-9,-9,Yes,Yes,No,No,No
SC,SOUTH CAROLINA,4502490,Horry 01,PO Box 260005,Conway,29528,Yes,44938,0,58,Yes,Yes,Yes,JANET,LAWRENCE-PATTON,(843)4886733,JPATTEN@HORRYCOUNTYSCHOOLS.NET,KENNETH,GENERETTE,(843)488-6765,KGENERETTE@HORRYCOUNTYSCHOOLS.NET,RUTH,LILLY,843-488-6989,RLILLY@HORRYCOUNTYSCHOOLS.NET,No,Yes,Yes,HORRYCOUNTYSCHOOLS.NET,No,-9,Yes,No,No,Yes,No,Yes,Yes,Yes,0,74,1082,111,Yes,-9,-9,-9,Yes,Yes,No,No,No
SC,SOUTH CAROLINA,4502520,Jasper 01,PO Box 848,Ridgeland,29936,No,2631,0,4,Yes,Yes,Yes,SAM,"WHACK, JR.",843-489-8892,sam.whack@jcsd.net,MARVA,TIGNER,843-489-8892,marva.tigner@jcsd.net,MEREDITH,COOLER,843-489-8892,meredith.cooler@jcsd.net,No,Yes,Yes,www.jcsd.net,No,-9,Yes,No,No,Yes,No,No,No,No,0,3,140,12,Yes,-9,-9,-9,Yes,Yes,No,No,No
SC,SOUTH CAROLINA,4502550,Kershaw 01,2029 West DeKalb Street,Camden,29020,No,10773,1,19,Yes,Yes,Yes,DUANE,PATE,(803) 432-8416 x1268,duane.pate@kcsdschools.net,CONNIE,GRAHAM,(803) 432-8416 x1220,connie.graham@kcsdschools.net,TARRENCE,MCGOVERN,(803) 432-8416 x1636,tarrence.mcgovern@kcsdschools.net,No,Yes,Yes,https://www.boardpolicyonline.com/?b=kershaw,No,-9,Yes,Yes,No,Yes,No,No,Yes,Yes,0,17,246,0,No,Yes,Yes,Yes,Yes,Yes,No,No,No
SC,SOUTH CAROLINA,4502580,Lancaster 01,300 South Catawba Street,Lancaster,29720,No,13159,0,20,Yes,Yes,Yes,LYDIA,QUINN,803-416-8847,Lydia.Quinn@lcsdmail.net,LYDIA,QUINN,803-416-8847,Lydia.Quinn@lcsdmail.net,KATHY,DURBIN,803-416-8876,Kathy.Durbin@lcsdmail.net,No,Yes,Yes,http://xserve.lcsd.k12.sc.us/lcsd/web/safety/sexharhazebully.pdf,No,-9,Yes,Yes,No,Yes,No,No,Yes,Yes,0,15,157,15,No,Yes,Yes,Yes,Yes,Yes,No,No,No
SC,SOUTH CAROLINA,4502610,Laurens 55,301 Hillcrest Drive,Laurens,29360,No,5726,1,9,Yes,Yes,Yes,GEORGE M.,WARD,(864)984-3568,gward@laurens55.org,GEORGE M.,WARD,(864)984-3568,gward@laurens55.org,GEORGE M.,WARD,(864)984-3568,gward@laurens55.org,No,Yes,Yes,https://boardpolicyonline.com/?b=laurens_55&s=260962,No,-9,Yes,Yes,No,Yes,No,No,Yes,Yes,0,1,237,28,Yes,-9,-9,-9,Yes,Yes,No,Yes,No
SC,SOUTH CAROLINA,4502640,Laurens 56,211 North Broad Street Suite B,Clinton,29325,No,3047,0,6,Yes,Yes,Yes,DAVID,PITTS,864-833-0800,davidpitts@lcsd56g.com,DAVID,PITTS,864-833-0800,davidpitts@lcsd56g.com,GREG,MOORE,864-938-2542,gregmoore@lcsd56g.com,No,Yes,Yes,www.lcsd56.org,No,-9,Yes,Yes,No,No,No,No,Yes,No,0,0,98,0,No,Yes,No,Yes,Yes,Yes,No,No,No
SC,SOUTH CAROLINA,4502670,Lee 01,PO Box 507,Bishopville,29010,No,2570,0,6,Yes,Yes,Yes,SHAWNTA,MCKENZIE,(803)484-5327,mckenzies@lee.k12.sc.us,SHAWNTA,MCKENZIE,(803)484-5327,mckenzies@lee.k12.sc.us,SHAWNTA,MCKENZIE,(803)484-5327,mckenzies@lee.k12.sc.us,No,Yes,Yes,www.leeschooldistrictsc.org,No,-9,Yes,Yes,No,No,No,No,Yes,Yes,0,2,79,109,Yes,-9,-9,-9,Yes,Yes,No,No,No
SC,SOUTH CAROLINA,4502700,Lexington 01,PO Box 1869,Lexington,29071,No,26709,0,30,Yes,Yes,Yes,MICHAEL,STACEY,(803)821-1000,mstacey@lexington1.net,MICHAEL,STACEY,(803)821-1000,mstacey@lexington1.net,ANN,O'CAIN,(803)821-1000,aocain@lexington1.net,No,Yes,Yes,https://boardpolicyonline.com/?b=lex,No,-9,Yes,Yes,Yes,Yes,No,Yes,Yes,Yes,0,75,601,0,No,Yes,No,No,Yes,Yes,No,No,No
SC,SOUTH CAROLINA,4502730,Lexington 02,715 Ninth Street,West Columbia,29169,No,8843,14,14,Yes,Yes,Yes,JIM,HINTON,803-739-3141,jhinton@lex2.org,JIM,HINTON,803-739-3141,jhinton@lex2.org,EMMYLOU,TODD,803-739-3161,etodd@lex2.org,No,Yes,Yes,https://boardpolicyonline.com/?b=lex2,No,-9,Yes,Yes,No,Yes,No,Yes,Yes,Yes,0,20,132,201,No,Yes,No,Yes,Yes,Yes,No,No,No
SC,SOUTH CAROLINA,4502760,Lexington 03,338 West Columbia Avenue,Batesburg-Leesville,29006,No,2061,0,4,Yes,Yes,Yes,MACKENZIE,TAYLOR,(803)532-4423,mtaylor@lex3.k12.sc.us,RALPH,SCHMIDT,(803)532-4423,rschmidt@lex3.k12.sc.us,JAIME,HEMBREE,(803)532-4423,jhembree@lex3.k12.sc.us,No,Yes,Yes,https://boardpolicyonline.com/?b=lex3,No,-9,Yes,Yes,No,No,No,No,Yes,Yes,0,0,121,170,Yes,-9,-9,-9,Yes,Yes,No,No,No
SC,SOUTH CAROLINA,4502790,Lexington 04,607 East Fifth Street,Swansea,29160,No,3486,0,7,Yes,Yes,Yes,LESLIE,HIGHTOWER,(803) 490-7000,lhightower@lexington4.net,LESLIE,HIGHTOWER,(803) 490-7000,lhightower@lexington4.net,LESLIE,HIGHTOWER,(803) 490-7000,lhightower@lexington4.net,No,Yes,Yes,www.lexington4.net,No,-9,Yes,Yes,No,No,No,Yes,Yes,Yes,0,87,210,33,Yes,-9,-9,-9,Yes,Yes,No,No,No
SC,SOUTH CAROLINA,4502820,School District 5 of Lexington and Richland Counties,1020 Dutch Fork Road,Irmo,29063,No,17243,1,23,Yes,Yes,Yes,ALLISON,JACQUES,(803) 476-8000,ajacques@lexrich5.org,ALLISON,JACQUES,(803) 476-8000,ajacques@lexrich5.org,ANGIE,SLATTON,(803) 476-8000,sslatton@lexrich5.org,No,Yes,Yes,https://boardpolicyonline.com/?b=lex5&s=266356,No,-9,Yes,Yes,Yes,Yes,No,No,Yes,Yes,0,48,409,42,No,Yes,Yes,Yes,Yes,Yes,No,No,No
SC,SOUTH CAROLINA,4502970,Marlboro 01,PO Box 947,Bennettsville,29512,No,3973,0,8,Yes,Yes,Yes,KAKELA,ROBINSON,843-479-4016,krobinson@marlboro.k12.sc.us,KAKELA,ROBINSON,843-479-4016,krobinson@marlboro.k12.sc.us,STACEY,BARRINEAU,843-479-4016,sbarrineau@marlboro.k12.sc.us,No,Yes,Yes,www.marlboro.k12.sc.us,No,-9,Yes,Yes,No,No,No,No,No,No,0,9,86,58,Yes,-9,-9,-9,Yes,Yes,No,No,No
SC,SOUTH CAROLINA,4503000,McCormick 01,821 North Mine Street,McCormick,29835,No,743,0,3,Yes,Yes,Yes,TERRI,CAMPBELL,(864) 852-0627,campbellt@mccormick.k12.sc.us,TERRI,CAMPBELL,(864) 852-0627,campbellt@mccormick.k12.sc.us,MARY,GREENE-THOMASSON,(864) 852-2435,thomassonm@mccormick.k12.sc.us,No,Yes,Yes,https://www.boardpolicyonline.com/?b=mccormick,No,-9,Yes,Yes,No,Yes,No,Yes,Yes,Yes,0,8,24,2,Yes,-9,-9,-9,Yes,Yes,No,No,No
SC,SOUTH CAROLINA,4503030,Newberry 01,PO Box 718,Newberry,29108,No,6547,6021,14,Yes,Yes,Yes,PAM,ARRINGTON,803-321-2600,parrington@newberry.k12.sc.us,PAM,ARRINGTON,803-321-2600,parrington@newberry.k12.sc.us,WENDY,STOUDEMIRE,803-321-2611,wstoudemire@newberry.k12.sc.us,Yes,Yes,Yes,www.newberry.k12.sc.us,No,-9,Yes,Yes,No,Yes,No,Yes,Yes,Yes,0,20,199,16,No,Yes,Yes,Yes,Yes,Yes,No,No,No
SC,SOUTH CAROLINA,4503060,Oconee 01,414 South Pine Street,Walhalla,29691,No,10408,0,17,Yes,Yes,Yes,EARNESTINE,WILLIAMS,8648864400,erwilliams@oconee.k12.sc.us,EARNESTINE,WILLIAMS,8648864400,erwilliams@oconee.k12.sc.us,MICHELLE,GRANT,8648864400,mrgrant@oconee.k12.sc.us,No,Yes,Yes,https://boardpolicyonline.com/?b=oconee,No,-9,Yes,Yes,No,No,No,Yes,Yes,Yes,0,42,408,774,Yes,-9,-9,-9,Yes,Yes,No,No,No
SC,SOUTH CAROLINA,4503150,Orangeburg 03,P O Box 98,Holly Hill,29059,No,2673,0,6,Yes,Yes,Yes,LOTTIE,BARNES-WITHERSPOON,(803) 496-3288,barnesL@obg3.k12.sc.us,LOTTIE,BARNES-WITHERSPOON,(803) 496-3288,barnesL@obg3.k12.sc.us,LOTTIE,BARNES-WITHERSPOON,(803) 496-3288,barnesL@obg3.k12.sc.us,No,Yes,Yes,https://boardpolicyonline.com/?b=orange3,No,-9,Yes,Yes,No,No,No,No,No,No,0,1,146,147,Yes,-9,-9,-9,Yes,Yes,No,No,No
SC,SOUTH CAROLINA,4503180,Orangeburg 04,PO Box 68,Cope,29038,No,3625,0,8,Yes,Yes,Yes,LARRY,WOLF,(803)534-8081 x1105,Larry.wolf@ocsd4sc.net,ERNEST,HOLIDAY,(803)534-8081 x1112,Ernest.holiday@ocsd4sc.nrt,SHIRLAN,JENKINS,(803)534-8081 x1108,Shirlan.jenkins@ocsd4sc.net,No,Yes,No,-9,Yes,Yes,Yes,Yes,No,No,No,Yes,Yes,Yes,0,0,176,243,Yes,-9,-9,-9,Yes,Yes,No,No,No
SC,SOUTH CAROLINA,4503210,Orangeburg 05,578 Ellis Avenue,Orangeburg,29115,No,6518,0,14,Yes,Yes,Yes,ROBERT,GRANT,803-534-5454,robert.grant@ocsd5.net,ROBERT,GRANT,803-534-5454,robert.grant@ocsd5.net,ROBERT,GRANT,803-534-5454,robert.grant@ocsd5.net,No,Yes,Yes,https://boardpolicyonline.com/?b=orange5,No,-9,Yes,Yes,No,No,No,No,Yes,Yes,0,0,0,0,Yes,-9,-9,-9,Yes,Yes,No,No,No
SC,SOUTH CAROLINA,4503330,Pickens 01,1348 Griffin Mill Road,Easley,29640,No,16390,21,24,Yes,Yes,Yes,STEPHANIE,LACKEY,864-397-1024,stephanielackey@pickens.k12.sc.us,STEPHANIE,LACKEY,864-397-1024,stephanielackey@pickens.k12.sc.us,CATHY,ASHTON,864-397-1068,cathyashton@pickens.k12.sc.us,No,Yes,Yes,http://www.pickens.k12.sc.us/cms/one.aspx?portalId=137540&pageId=3097397,No,-9,Yes,Yes,No,Yes,No,Yes,Yes,Yes,0,46,521,0,No,Yes,Yes,Yes,Yes,Yes,No,No,No
SC,SOUTH CAROLINA,4503360,Richland 01,1616 Richland Street,Columbia,29201,No,24016,0,47,Yes,Yes,Yes,LISA,MCCLAIN,803-231-7101,Lisa.Mcclain@Richlandone.org,LISA,MCCLAIN,803-231-7101,Lisa.Mcclain@Richlandone.org,NANCY,CARNES,803-231-6750,Nancy.Carnes@Richlandone.org,Yes,Yes,Yes,https://boardpolicyonline.com/?b=richland&s=268038,Yes,No,Yes,Yes,No,Yes,Yes,Yes,Yes,Yes,0,85,888,85,No,Yes,Yes,Yes,Yes,Yes,No,No,No
SC,SOUTH CAROLINA,4503390,Richland 02,124 Risdon Way,Columbia,29223,No,28051,27660,39,Yes,Yes,Yes,TRACI,BATCHELDER,(803)738-3302,tbatch@richland2.org,MICHELE,TAYLOR-BROWN,(803)738-3220,mtbrown@richland2.org,KAREN,LOVETT,(803)738-3329,klovett@richland2.org,No,Yes,Yes,http://policy.microscribepub.com/cgi-bin/om_isapi.dll?clientID=410162940&depth=2&infobase=richland2.nfo&record={192C}&softpage=PL_frame,No,-9,Yes,Yes,No,No,No,No,Yes,No,0,70,637,57,No,Yes,Yes,Yes,Yes,Yes,No,No,No
SC,SOUTH CAROLINA,4503420,Dept of Juvenile Justice,220 Executive Center Drive,Columbia,29210,Yes,2811,0,14,Yes,Yes,Yes,TIM,BUNCH,803-896-9262,TRBUNC@scdjj.net,TIM,BUNCH,803-896-9261,TRBUNC@scdjj.net,TIM,BUNCH,803-896-9261,TRBUNC@scdjj.net,No,Yes,No,-9,No,-9,No,-9,-9,-9,-9,-9,-9,-9,-9,-9,-9,-9,-9,-9,-9,-9,No,-9,-9,-9,-9
SC,SOUTH CAROLINA,4503460,Saluda 01,404 North Wise Road,Saluda,29138,No,2362,0,6,Yes,Yes,Yes,BRIAN,CHATMAN,864-445-8441,bchatman@saludaschools.org,BRIAN,CHATMAN,864-445-8441,bchatman@saludaschools.org,BRIAN,CHATMAN,864-445-8441,bchatman@saludaschools.org,No,Yes,Yes,https://boardpolicyonline.com/?b=saluda,No,-9,Yes,Yes,No,No,No,No,Yes,Yes,0,5,65,115,Yes,-9,-9,-9,Yes,Yes,No,No,No
SC,SOUTH CAROLINA,4503480,Spartanburg 01,PO Box 218,Campobello,29322,No,5145,0,10,Yes,Yes,Yes,STEPHANIE,MATHIS,8644722846,stephanie.mathis@spart1.org,PATRICIA,BEASON,8644722846,trish.beason@spart1.org,PATRICIA,BEASON,8644722846,trish.beason@spart1.org,No,Yes,No,-9,No,-9,Yes,Yes,No,Yes,No,Yes,Yes,Yes,0,45,218,24,Yes,-9,-9,-9,Yes,Yes,No,No,No
SC,SOUTH CAROLINA,4503510,Spartanburg 02,3231 Old Furnace Road,Chesnee,29323,No,10116,62,15,Yes,Yes,Yes,BRANTLEY,ENLOE,864-515-5137,Brantley.Enloe@spart2.org,BRANTLEY,ENLOE,864-515-5137,Brantley.enloe@spart2.org,FRAN,METTA,864-515-5159,Fran.Metta@Spart2.org,No,Yes,Yes,https://boardpolicyonline.com/?b=spartanburg2,No,-9,Yes,Yes,No,Yes,No,No,Yes,Yes,0,18,334,733,Yes,-9,-9,-9,Yes,Yes,No,No,No
SC,SOUTH CAROLINA,4503540,Spartanburg 03,PO Box 267,Glendale,29346,No,2873,0,7,Yes,Yes,Yes,RODNEY,GOODE,(864)279-6000,rgoode@spartanburg3.org,RODNEY,GOODE,(864)279-6000,rgoode@spartanburg3.org,CYNTHIA,JAMES,(864)279-6000,cjames@spartanburg3.org,No,Yes,Yes,www.spartanburg3.org,No,-9,Yes,Yes,No,No,No,Yes,Yes,Yes,0,9,110,11,No,Yes,Yes,No,Yes,Yes,No,No,No
SC,SOUTH CAROLINA,4503570,Spartanburg 04,118 McEdco Road,Woodruff,29388,No,2921,13,4,Yes,Yes,Yes,BRITT,MCKINNEY,8644763186,bmckinney@spartanburg4.org,BRITT,MCKINNEY,8644763186,bmckinney@spartanburg4.org,BRITT,MCKINNEY,8644763186,bmckinney@spartanburg4.org,No,Yes,Yes,http://www.spartanburg4.org/UserFiles/Servers/Server_434398/File/Kerie%27s%20Documents/Nondiscrimination-Equal%20Opportunity%20Policy.pdf,Yes,Yes,Yes,Yes,No,No,No,Yes,Yes,Yes,5,55,151,19,Yes,-9,-9,-9,Yes,Yes,No,No,No
SC,SOUTH CAROLINA,4503600,Spartanburg 05,PO Box 307,Duncan,29334,No,8474,8474,12,Yes,Yes,Yes,SCOTT,TURNER,(864)949-2350,Scott.Turner@spart5.net,CATHY,BOSHAMER,(864)949-2350,Cathy.Boshamer@spart5.net,CATHY,BOSHAMER,(864)949-2350,Cathy.Boshamer@spart5.net,No,Yes,Yes,http://policy.microscribepub.com/cgi-bin/om_isapi.dll?clientID=755065741&depth=2&infobase=spartanburg5.nfo&softpage=PL_frame,No,-9,Yes,Yes,No,Yes,No,No,Yes,Yes,0,25,217,22,No,Yes,Yes,Yes,Yes,Yes,No,No,No
SC,SOUTH CAROLINA,4503630,Spartanburg 06,1390 Cavalier Way,Roebuck,29376,No,11438,0,14,Yes,Yes,Yes,GREG,CANTRELL,(864) 576-4212,gcantrell@spart6.org,GREG,CANTRELL,(864) 576-4212,gcantrell@spart6.org,ALAN,EGGERT,(864)576-4212,aeggert@spart6.org,No,Yes,Yes,www.spart6.org/aboutus.aspx,No,-9,Yes,Yes,No,Yes,No,No,Yes,Yes,0,37,396,41,Yes,-9,-9,-9,Yes,Yes,No,No,No
SC,SOUTH CAROLINA,4503660,Spartanburg 07,PO Box 970,Spartanburg,29304,No,7899,0,14,Yes,Yes,Yes,CARLOTTA,REDISH,(864)594-4400,credish@spart7.org,CARLOTTA,REDISH,(864)594-4400,credish@spart7.org,CHERYL,REVELS,(864)594-4493 x4,cmrevels@spart7.org,No,Yes,Yes,https://www.spartanburg7.org/Page/1971,No,-9,Yes,Yes,No,No,No,No,Yes,Yes,0,25,165,14,No,Yes,Yes,Yes,Yes,Yes,No,No,No
SC,SOUTH CAROLINA,4503750,Union 01,PO Box 907,Union,29379,No,4043,0,7,Yes,Yes,Yes,JEFF,STRIBBLE,864-429-1740 x125,jstribble_ss@union.k12.sc.us,JEFF,STRIBLE,864-429-1740 x125,jstribble_ss@union.k12.sc.us,MICHELLE,JAMES,864-429-1735,mjames@union.k12.sc.us,No,Yes,Yes,http://www.union.k12.sc.us/for_parents/bullying_resources_and_information,No,-9,Yes,No,No,Yes,No,No,Yes,Yes,0,14,142,11,Yes,-9,-9,-9,Yes,Yes,No,Yes,No
SC,SOUTH CAROLINA,4503780,Williamsburg 01,PO Box 1067,Kingstree,29556,No,3965,0,11,Yes,Yes,Yes,KENNETH,BURGESS,843-355-5571,klburgess@WCSD.K12.SC.US,CLAIRE,MURDOCH,843-355-5571,cmurdoch@WCSD.K12.SC.US,THELVANESA,MURPHY,843-355-5571,tamurphy@WCSD.K12.SC.US,No,Yes,Yes,https://www.wcsd.k12.sc.us/cms/lib/SC50000139/Centricity/Domain/266/BULLYING%20Policy.pdf,No,-9,Yes,Yes,No,No,No,Yes,Yes,Yes,0,5,151,151,Yes,-9,-9,-9,Yes,Yes,No,No,No
SC,SOUTH CAROLINA,4503810,York 01,PO Box 770,York,29556,No,5308,5199,8,Yes,Yes,Yes,BEVERLEY,BOWMAN,803-818-6344,bbowman@york.k12.sc.us,BEVERLEY,BOWMAN,803-818-6344,bbowman@york.k12.sc.us,BRYAN,GREESON,803-818-6306,bgreeson@york.k12.sc.us,No,Yes,No,-9,No,-9,Yes,Yes,No,No,No,No,Yes,No,0,14,191,15,No,Yes,Yes,Yes,Yes,Yes,No,No,No
SC,SOUTH CAROLINA,4503840,York 02,604 Bethel Street,Clover,29710,No,7870,0,10,Yes,Yes,Yes,MARK,HOPKINS,(803)810-8007,MARK.HOPKINS@CLOVER.K12.SC.US,MARK,HOPKINS,(803)810-8007,MARK.HOPKINS@CLOVER.K12.SC.US,MILLICENT,DICKEY,(803)810-8035,MILLICENT.DICKEY@CLOVER.K12.SC.US,No,Yes,Yes,HTTPS://BOARDPOLICYONLINE.COM/?B=YORK2_CLOVER,Yes,Yes,Yes,Yes,No,No,No,Yes,Yes,Yes,0,13,285,32,Yes,-9,-9,-9,Yes,Yes,No,No,No
SC,SOUTH CAROLINA,4503870,York 03,PO Drawer 10072,Rock Hill,29731,No,17778,0,26,Yes,Yes,Yes,TANYA,CAMPBELL,803-981-1023,TCAMPBELL@RHMAIL.ORG,TANYA,CAMPBELL,806-981-1023,TCAMPBELL@RHMAIL.ORG,NANCY,TURNER,803-981-1085,NTURNER@RHMAIL.ORG,No,Yes,Yes,https://boardpolicyonline.com/?b=york3_rock_hill,No,-9,Yes,Yes,Yes,Yes,No,No,Yes,Yes,0,53,555,1300,No,Yes,Yes,No,Yes,Yes,No,No,No
SC,SOUTH CAROLINA,4503900,York 04,2233 Deerfield Drive,Fort Mill,29715,No,15012,3,16,Yes,Yes,Yes,AMY,MAZIARZ,803-548-8038,MaziarzA@fortmillschools.org,AMY,MAZIARZ,803-548-8038,MaziarzA@fortmillschools.org,AMY,MAZIARZ,803-548-8038,MaziarzA@fortmillschools.org,No,Yes,Yes,http://policy.microscribepub.com/cgi-bin/om_isapi.dll?clientID=207696027&advquery=bull&depth=2&headingswithhits=on&hitsperheading=on&infobase=fort_mill.nfo&record={29AC}&softpage=PL_frame,No,-9,Yes,No,Yes,Yes,Yes,No,Yes,No,0,33,155,11,No,Yes,Yes,Yes,Yes,Yes,No,No,No
SC,SOUTH CAROLINA,4503901,SC Public Charter School District,3710 Landmark Drive Suite 201,Columbia,29204,No,24492,0,39,Yes,Yes,Yes,BOBBY,RYKARD,8037348322,rrykard@sccharter.org,BOBBY,RYKARD,8037348322,rrykard@sccharter.org,EMILY,PAUL,8037348322,epaul@sccharter.org,No,Yes,No,-9,No,-9,Yes,No,Yes,No,Yes,Yes,Yes,Yes,0,45,150,25,No,Yes,Yes,Yes,Yes,Yes,No,No,No
SC,SOUTH CAROLINA,4503902,Sumter 01,1345 Wilson Hall Road,Sumter,29150,No,17201,0,28,Yes,Yes,Yes,DANA,FALL,803-469-6900,dana.fall@Sumterschools.net,DANA,FALL,803-469-6900,dana.fall@Sumterschools.net,DANA,FALL,803-469-6900,dana.fall@Sumterschools.net,No,Yes,Yes,http://sumterschools.net/departments/school-services/bullying-and-harrassment/,Yes,No,Yes,Yes,Yes,Yes,Yes,Yes,Yes,Yes,0,85,125,237,No,Yes,Yes,Yes,Yes,Yes,No,No,No
SC,SOUTH CAROLINA,4503904,Governor's School for the Arts and Humanities,15 University Street,Greenville,29601,No,235,0,1,Yes,Yes,Yes,ANNA,COPELAND,864-282-3777,acopeland@scgsah.org,ANNA,COPELAND,864-282-3777,acopeland@scgsah.org,DANIELLE,LEWIS,864-282-3777,daniellelewis@scgsah.org,No,Yes,Yes,scgsah.org,No,-9,No,-9,-9,-9,-9,-9,-9,-9,-9,-9,-9,-9,-9,-9,-9,-9,No,-9,-9,-9,-9
SC,SOUTH CAROLINA,4503907,Governor' School for Science and Mathematics,401 Railroad  Avenue,Hartsville,29550,No,269,0,1,Yes,Yes,Yes,ANNE,BRUMLEY,843-383-3900 x3955,brumley@gssm.k12.sc.us,ANNE,BRUMLEY,843-383-3900 x3955,brumley@gssm.k12.sc.us,DANNY,DORSEL,843-383-3900 x4675,dorsel@gssm.k12.sc.us,No,Yes,Yes,www.scgssm.org/residential/campus-life/student-handbook,No,-9,No,-9,-9,-9,-9,-9,-9,-9,-9,-9,-9,-9,-9,-9,-9,-9,No,-9,-9,-9,-9
SC,SOUTH CAROLINA,4503908,Marion 10,719 North Main Street,Marion,29571,No,4636,0,11,Yes,Yes,Yes,PAULA,GRANT,843-423-1811,pdgrant@marion.k12.sc.us,PAULA,GRANT,843-423-1811,pdgrant@marion.k12.sc.us,PAULA,GRANT,843-423-1811,pdgrant@marion.k12.sc.us,No,Yes,Yes,https://boardpolicyonline.com/?b=marion_county,No,-9,Yes,Yes,No,No,No,No,Yes,Yes,0,12,145,323,No,Yes,Yes,Yes,Yes,Yes,No,No,No
