State Postal Code,State FIPS Code,District ID,Name,Estimated Total Population,Estimated Population 5-17,Estimated number of relevant children 5 to 17 years old in poverty who are related to the householder
SC,45,690,Abbeville County School District,23708,3703,887
SC,45,720,Aiken County School District,170927,27654,6075
SC,45,750,Allendale County School District,9002,1317,568
SC,45,780,Anderson School District 1,52818,9937,1248
SC,45,810,Anderson School District 2,23823,3968,717
SC,45,840,Anderson School District 3,16082,2798,766
SC,45,870,Anderson School District 4,22692,3313,529
SC,45,900,Anderson School District 5,83560,13764,2753
SC,45,930,Bamberg School District 1,7925,1215,378
SC,45,960,Bamberg School District 2,6456,914,349
SC,45,1020,Barnwell School District 19,4809,819,362
SC,45,1050,Barnwell School District 29,4845,821,366
SC,45,1080,Barnwell School District 45,11691,2167,825
SC,45,1110,Beaufort County School District,186844,25541,4504
SC,45,6,Beaufort Marine Corps Air Station School District,1182,10,2
SC,45,1170,Berkeley County School District,217937,38101,6180
SC,45,1250,Calhoun County School District,14704,2171,524
SC,45,1440,Charleston County School District,401438,55810,11198
SC,45,1500,Cherokee County School District,55089,9650,2279
SC,45,1530,Chester County School District,32301,5428,1504
SC,45,1560,Chesterfield County School District,45948,7698,2282
SC,45,1740,Clarendon School District 1,8654,1088,333
SC,45,1770,Clarendon School District 2,18776,2974,1063
SC,45,1800,Clarendon School District 3,6627,915,211
SC,45,1830,Colleton County School District,37611,6210,2248
SC,45,1860,Darlington County School District,67265,11044,3527
SC,45,1950,Dillon School District 3,7276,1353,434
SC,45,1920,Dillon School District 4,23390,4406,1743
SC,45,2010,Dorchester School District 2,136823,26219,3188
SC,45,2,Dorchester School District 4,19633,2829,615
SC,45,2070,Edgefield County School District,26693,3846,832
SC,45,2100,Fairfield County School District,22607,3341,941
SC,45,2130,Florence School District 1,97684,16845,4237
SC,45,2160,Florence School District 2,7202,1294,412
SC,45,2190,Florence School District 3,20825,3954,1313
SC,45,2220,Florence School District 4,6837,1240,414
SC,45,2250,Florence School District 5,6018,1287,396
SC,45,5,Fort Jackson Schools,15311,431,57
SC,45,2280,Georgetown County School District,61607,8753,2546
SC,45,2310,Greenville County School District,522494,88419,15310
SC,45,2340,Greenwood School District 50,59500,9867,2446
SC,45,2370,Greenwood School District 51,6838,1100,288
SC,45,2400,Greenwood School District 52,7422,1318,341
SC,45,2430,Hampton School District 1,12736,2187,601
SC,45,2460,Hampton School District 2,6866,976,343
SC,45,2490,Horry County School District,333268,45292,11523
SC,45,2520,Jasper County School District,28458,4210,1346
SC,45,2550,Kershaw County School District,65036,11387,2090
SC,45,2580,Lancaster County School District,92550,14608,2611
SC,45,2610,Laurens School District 55,37337,6176,1690
SC,45,2640,Laurens School District 56,20902,3215,909
SC,45,2670,Lee County School District,17350,2683,966
SC,45,2700,Lexington School District 1,134056,25839,3292
SC,45,2730,Lexington School District 2,70029,10061,2371
SC,45,2760,Lexington School District 3,14511,2377,664
SC,45,2790,Lexington School District 4,20375,3859,1214
SC,45,2820,Lexington School District 5,99248,18189,1939
SC,45,3908,Marion School District 10,31293,5418,1960
SC,45,2970,Marlboro County School District,26825,3961,1503
SC,45,3000,McCormick County School District,9545,865,256
SC,45,3030,Newberry County School District,38488,6129,1718
SC,45,3060,Oconee County School District,77270,11586,2233
SC,45,3150,Orangeburg School District 3,19036,3188,1240
SC,45,3180,Orangeburg School District 4,19336,3682,1028
SC,45,3210,Orangeburg School District 5,49104,7613,2475
SC,45,3330,Pickens County School District,123479,17346,2638
SC,45,3360,Richland School District 1,215748,27936,7175
SC,45,3390,Richland School District 2,150341,26733,3826
SC,45,3460,Saluda County School District,15630,2406,639
SC,45,3480,Spartanburg School District 1,32863,5452,1012
SC,45,3510,Spartanburg School District 2,62825,11234,1708
SC,45,3540,Spartanburg School District 3,17901,3054,599
SC,45,3570,Spartanburg School District 4,19904,3296,576
SC,45,3600,Spartanburg School District 5,45235,8314,1112
SC,45,3630,Spartanburg School District 6,65171,11563,2276
SC,45,3660,Spartanburg School District 7,55316,8210,1902
SC,45,3902,Sumter County Consolidated School District,106847,18565,5205
SC,45,3750,Union County School District,27537,4304,1105
SC,45,3780,Williamsburg County School District,31133,4995,1865
SC,45,3810,York School District 1,36785,6493,1433
SC,45,3840,York School District 2,40465,7608,854
SC,45,3870,York School District 3,130459,21904,3777
SC,45,3900,York School District 4,58730,12575,757
