AL,ALABAMA,100005,Albertville City,107 W Main St,Albertville,35950,No,5445,0,6,Yes,Yes.1,Yes.2,TIMOTHY,TIDMORE,256-891-1183,ttidmore@albertk12.org,TIMOTHY.1,TIDMORE.1,256-891-1183.1,ttidmore@albertk12.org.1,TIMOTHY.2,TIDMORE.2,256-891-1183.2,ttidmore@albertk12.org.2,No.1,Yes.3,Yes.4,www.albertk12.org/apps/pages/index.jsp?uREC_ID=368921&type=d&termREC_ID=&pREC_ID=689254,Yes.5,No.2,Yes.6,Yes.7,Yes.8,Yes.9,No.3,No.4,Yes.10,No.5,1,6.1,127,0.1,Yes.11,-9,-9.1,-9.2,Yes.12,Yes.13,No.6,No.7,No.8
WA,WASHINGTON,5300005,Educational Service District 112,2500 NE 65TH AVE,VANCOUVER,98661,No,160,0,3,Yes,Yes,Yes,KEVIN,JOHNSON,(360) 274-6109,KEVIN.JOHNSON@esd112.org,KEVIN,JOHNSON,(360) 274-6109,KEVIN.JOHNSON@esd112.org,KEVIN,JOHNSON,(360) 274-6109,KEVIN.JOHNSON@esd112.org,No,Yes,Yes,https://www.esd112.org/wp-content/uploads/3207-AC.pdf,No,-9,No,-9,-9,-9,-9,-9,-9,-9,-9,-9,-9,-9,-9,-9,-9,-9,No,-9,-9,-9,-9
WA,WASHINGTON,5300008,Northwest Educational Service District 189,1601 R AVE,ANACORTES,98221,Yes,138,0,9,Yes,Yes,Yes,DAVID,FORSYTHE,(360)299-4021,dforsythe@nwesd.org,DAVID,FORSYTHE,(360)299-4021,dforsythe@nwesd.org,DAVID,FORSYTHE,(360)299-4021,dforsythe@nwesd.org,No,Yes,Yes,https://www.nwesd.org/discovery/,No,-9,No,-9,-9,-9,-9,-9,-9,-9,-9,-9,-9,-9,-9,-9,-9,-9,No,-9,-9,-9,-9
WA,WASHINGTON,5300010,Educational Service District 101,4202 S Regal Street,Spokane,99223,Yes,64,0,3,Yes,Yes,Yes,LARRY,GARDNER,(509) 368-1206,LGARDNER@esd101.net,LARRY,GARDNER,(509) 368-1206,LGARDNER@esd101.net,LARRY,GARDNER,(509) 368-1206,LGARDNER@esd101.net,No,Yes,Yes,www.esd101.net,No,-9,No,-9,-9,-9,-9,-9,-9,-9,-9,-9,-9,-9,-9,-9,-9,-9,No,-9,-9,-9,-9
WA,WASHINGTON,5300012,Educational Service District 123,3918 W COURT ST,PASCO,99301,No,46,0,2,Yes,Yes,Yes,KAYLEE,BOLT,(509) 544-5777,kbolt@esd123.org,KAYLEE,BOLT,(509) 544-5777,kbolt@esd123.org,KAYLEE,BOLT,(509) 544-5777,kbolt@esd123.org,No,Yes,Yes,http://www.esd123.org/cms/one.aspx?pageId=1552762,No,-9,No,-9,-9,-9,-9,-9,-9,-9,-9,-9,-9,-9,-9,-9,-9,-9,No,-9,-9,-9,-9
WA,WASHINGTON,5300015,WA State Center for Childhood Deafness and Hearing Loss,611 GRAND BLVD. S-26,VANCOUVER,98661,No,94,0,1,Yes,Yes,Yes,SHAUNA,BILYEU,360-334-5448,shauna.bilyeu@cdhl.wa.gov,SHAUNA,BILYEU,360-334-5448,shauna.bilyeu@cdhl.wa.gov,SHAUNA,BILYEU,360-334-5448,shauna.bilyeu@cdhl.wa.gov,No,Yes,Yes,www.wsd.wa.gov,No,-9,Yes,Yes,No,No,No,No,No,No,0,2,0,0,Yes,-9,-9,-9,No,-9,-9,-9,-9
WA,WASHINGTON,5300090,Almira School District,PO BOX 217,ALMIRA,99103,No,113,0,1,Yes,Yes,Yes,SHAUNA,SCHMERER,(509) 999-2185,sschmerer@almirasd.org,SHAUNA,SCHMERER,(509) 999-2185,sschmerer@almirasd.org,SHAUNA,SCHMERER,(509) 999-2185,sschmerer@almirasd.org,No,Yes,Yes,www.almirasd.org,Yes,Yes,Yes,No,No,Yes,No,No,Yes,Yes,0,2,5,2,Yes,-9,-9,-9,Yes,Yes,No,No,No
WA,WASHINGTON,5300318,Office of the Governor (Sch for Blind),2214 E. 13TH ST. S-27,VANCOUVER,98661,No,38,0,1,Yes,Yes,Yes,SEAN,MCCORMICK,360-947-3308,sean.mccormick@wssb.wa.gov,SEAN,MCCORMICK,360-947-3308,sean.mccormick@wssb.wa.gov,SEAN,MCCORMICK,360-947-3308,sean.mccormick@wssb.wa.gov,No,Yes,Yes,https://www.wssb.wa.gov/wp/wp-content/uploads/wssb/adminpolicies/Student%20Policies/Bullying%20policy%2011-12-15.html,No,-9,No,-9,-9,-9,-9,-9,-9,-9,-9,-9,-9,-9,-9,-9,-9,-9,No,-9,-9,-9,-9
WA,WASHINGTON,5300328,Suquamish Tribal Education Department,15838 Sandy Hook Road,Poulsbo,98370,No,80,0,1,Yes,Yes,Yes,REX,GREEN,3603948597,rgreen@suquamish.nsn.us,LUCY,DAFOE,3603948569,ldafoe@suquamish.nsn.us,MEGAN,FEENEY,3603948617,mfeeney@suquamish.nsn.us,No,Yes,No,-9,No,-9,No,-9,-9,-9,-9,-9,-9,-9,-9,-9,-9,-9,-9,-9,-9,-9,No,-9,-9,-9,-9
WA,WASHINGTON,5300332,Green Dot Public Schools Excel,19300 108th Ave SE,Kent,98031,No,161,1,1,Yes,Yes,Yes,BLAKE,HERRERA,(253)878-0706,blake.herrera@greendot.org,BLAKE,HERRERA,(253)878-0706,blake.herrera@greendot.org,NANCY,MARTINEZ,(253)487-7530,nancy.martinez@greendot.org,No,Yes,Yes,http://wa.greendot.org/excel/wp-content/uploads/sites/4/2017/08/42692037_green_dot_public_schools_school_policy_handbook_2017-2018_final.pdf,No,-9,No,-9,-9,-9,-9,-9,-9,-9,-9,-9,-9,-9,-9,-9,-9,-9,No,-9,-9,-9,-9
WA,WASHINGTON,5300333,Summit Public School: Olympus,409 Puyallup Avenue,Tacoma,98421,No,165,0,1,Yes,Yes,Yes,GREG,PONIKVAR,2534449781,gponikvar@summitps.org,GREG,PONIKVAR,2534449781,gponikvar@summitps.org,GREG,PONIKVAR,2534449781,gponikvar@summitps.org,No,Yes,Yes,https://olympus.summitps.org/parents/policies-procedures-and-info/,No,-9,No,-9,-9,-9,-9,-9,-9,-9,-9,-9,-9,-9,-9,-9,-9,-9,No,-9,-9,-9,-9
WA,WASHINGTON,5300336,SOAR Academy Charter District,1301 E. 34th Street,Tacoma,98404,No,181,0,1,Yes,Yes,Yes,LIHI,ROSENTHAL,5103263844,lrosenthal@soaracademies.org,LIHI,ROSENTHAL,5103263844,lrosenthal@soaracademies.org,LEE,BUTLER,2534446759,lbutler@soaracademies.org,No,Yes,Yes,http://soaracademies.org/content/wp-content/uploads/2016/07/SOAR-POLICY-1.pdf,No,-9,No,-9,-9,-9,-9,-9,-9,-9,-9,-9,-9,-9,-9,-9,-9,-9,Yes,Yes,No,No,No
WA,WASHINGTON,5300342,Green Dot Public Schools Rainier Valley,3900 S. Holly Park Drive,Seattle,98118,No,110,0,1,Yes,Yes,Yes,BLAKE,HERRERA,(253)878-0706,blake.herrera@greendot.org,BLAKE,HERRERA,(253)878-0706,blake.herrera@greendot.org,LIZ,TYNING,(206)487-2052,liz.tyning@greendot.org,No,Yes,Yes,http://wa.greendot.org/excel/wp-content/uploads/sites/4/2017/08/42692037_green_dot_public_schools_school_policy_handbook_2017-2018_final.pdf,No,-9,No,-9,-9,-9,-9,-9,-9,-9,-9,-9,-9,-9,-9,-9,-9,-9,No,-9,-9,-9,-9
WA,WASHINGTON,5300343,Summit Public School: Atlas,9601 35th Ave. SW,Seattle,98126,No,181,0,1,Yes,Yes,Yes,ANDREA,KLEIN,2539871535,aklein@summitps.org,ANDREA,KLEIN,2539871535,aklein@summitps.org,ANDREA,KLEIN,2539871535,aklein@summitps.org,No,Yes,Yes,https://atlas.summitps.org/parents/policies-procedures-and-info/,No,-9,No,-9,-9,-9,-9,-9,-9,-9,-9,-9,-9,-9,-9,-9,-9,-9,No,-9,-9,-9,-9
WA,WASHINGTON,5300450,Benge School District,2978 E BENGE WINONA RD,BENGE,99105,No,14,0,1,Yes,Yes,Yes,ROBERT,MOORE,(509) 887-2370,bob.moore@benge.wednet.edu,ROBERT,MOORE,(509) 887-2370,bob.moore@benge.wednet.edu,ROBERT,MOORE,(509) 887-2370,bob.moore@benge.wednet.edu,No,Yes,No,-9,No,-9,No,-9,-9,-9,-9,-9,-9,-9,-9,-9,-9,-9,-9,-9,-9,-9,Yes,Yes,No,No,No
WA,WASHINGTON,5300510,Bickleton School District,3626 Bickleton Hwy,BICKLETON,99322,No,123,0,1,Yes,Yes,Yes,TOM,WHITMORE,(509)896-5473,twhitmore@bickletonschools.org,TOM,WHITMORE,(509)896-5473,twhitmore@bickletonschools.org,TOM,WHITMORE,(509)896-5473,twhitmore@bickletonschools.org,No,Yes,Yes,www.bickletonschools.org,No,-9,No,-9,-9,-9,-9,-9,-9,-9,-9,-9,-9,-9,-9,-9,-9,-9,Yes,Yes,No,No,No
WA,WASHINGTON,5300630,Boistfort School District,983 BOISTFORT RD,CURTIS,98538,No,104,104,1,Yes,Yes,Yes,SHANNON,CRISS,(360) 904-2124,SCRISS@BOISTFORT.K12.WA.US,SHANNON,CRISS,(360) 904-2124,SCRISS@BOISTFORT.K12.WA.US,SHANNON,CRISS,(360) 904-2124,SCRISS@BOISTFORT.K12.WA.US,No,Yes,No,-9,Yes,No,Yes,No,No,Yes,Yes,Yes,Yes,Yes,0,4,10,0,Yes,-9,-9,-9,Yes,Yes,No,No,No
WA,WASHINGTON,5300750,Brinnon School District,46 SCHOOLHOUSE RD,BRINNON,98320,No,77,0,1,Yes,Yes,Yes,PATRICIA,BEATHARD,360-796-4646,pbeathard@bsd46.org,PATRICIA,BEATHARD,360-796-4646,pbeathard@bsd46.org,PATRICIA,BEATHARD,360-796-4646,pbeathard@bsd46.org,No,Yes,Yes,https://www.bsd46.org/Page/181,No,-9,Yes,No,No,No,Yes,No,Yes,Yes,0,0,4,6,Yes,-9,-9,-9,Yes,Yes,No,No,No
WA,WASHINGTON,5300870,Carbonado School District,PO BOX 131,CARBONADO,98323,No,176,0,1,Yes,Yes,Yes,SCOTT,HUBBARD,(360) 829-0121 x121,shubbard@carbonado.k12.wa.us,SCOTT,HUBBARD,(360) 829-0121 x121,shubbard@carbonado.k12.wa.us,SCOTT,HUBBARD,(360) 829-0121 x121,shubbard@carbonado.k12.wa.us,No,Yes,Yes,www.carbonado.k12.wa.us,No,-9,Yes,No,No,Yes,No,No,Yes,Yes,0,0,15,4,Yes,-9,-9,-9,Yes,Yes,No,No,No
WA,WASHINGTON,5301050,Centerville School District,ATTN: Kristin Cameron,CENTERVILLE,98613,No,95,0,1,Yes,Yes,Yes,KRISTIN,CAMERON,(509) 773-4893,kristin@centervilleschool.org,KRISTIN,CAMERON,(509) 773-4893,kristin@centervilleschool.org,KRISTIN,CAMERON,(509) 773-4893,kristin@centervilleschool.org,No,Yes,Yes,http://www.centervilleschool.org,No,-9,No,-9,-9,-9,-9,-9,-9,-9,-9,-9,-9,-9,-9,-9,-9,-9,Yes,Yes,No,No,No
WA,WASHINGTON,5301380,Queets-Clearwater School District,146000 HIGHWAY 101,FORKS,98331,No,15,0,1,Yes,Yes,Yes,RICHARD,ROHLMAN,360 962-2395,rrohlman@qcsd20.org,RICHARD,ROHLMAN,360 962-2395,rrohlman@qcsd20.org,RICHARD,ROHLMAN,360 962-2395,rrohlman@qcsd20.org,No,Yes,Yes,http://www.queetsclearwaterschool.org,No,-9,No,-9,-9,-9,-9,-9,-9,-9,-9,-9,-9,-9,-9,-9,-9,-9,Yes,Yes,No,No,No
WA,WASHINGTON,5301500,Colton School District,706 Union,COLTON,99113,No,161,0,1,Yes,Yes,Yes,TAMMY,MCBAINE,(509) 432-6724,tmcbaine@colton.k12.wa.us,TAMMY,MCBAINE,(509) 432-6724,tmcbaine@colton.k12.wa.us,NATE,SMITH,(509)229-3385,nsmith@colton.k12.wa.us,No,Yes,Yes,http://www.colton.k12.wa.us,Yes,Yes,Yes,No,Yes,Yes,Yes,Yes,Yes,Yes,0,0,0,0,Yes,-9,-9,-9,Yes,Yes,No,No,No
WA,WASHINGTON,5301560,Columbia (Stevens) School District,4961 B Hunters Shop Road,HUNTERS,99137,No,133,0,2,Yes,Yes,Yes,WILLIAM,WADLINGTON,(509)722-3311,wwadlington@columbia206.net,WILLIAM,WADLINGTON,(509)722-3311,wwadlington@columbia206.net,WILLIAM,WADLINGTON,(509)722-3311,wwadlington@columbia206.net,No,Yes,Yes,https://www.columbia206.com/cms/lib/WA01001298/Centricity/Domain/83/3207%20Prohibition%20of%20Harassment%20Intimidation%20and%20Bullying%205.18.pdf,No,-9,Yes,No,No,Yes,No,No,No,Yes,0,0,0,2,Yes,-9,-9,-9,Yes,Yes,No,No,No
WA,WASHINGTON,5301710,Cosmopolis School District,PO BOX 479,COSMOPOLIS,98537,No,169,0,1,Yes,Yes,Yes,CHERIE,PATTERSON,(360) 589-1994,cpatterson@cosmopolisschool.com,CHERIE,PATTERSON,(360) 589-1994,cpatterson@cosmopolisschool.com,CHERIE,PATTERSON,(360) 589-1994,cpatterson@cosmopolisschool.com,No,Yes,Yes,http://www.edline.net/pages/Cosmopolis/District/Board_of_Directors/Board_Policies/3000_Series,Yes,No,Yes,No,No,Yes,Yes,No,Yes,Yes,0,1,16,2,Yes,-9,-9,-9,Yes,Yes,No,No,No
WA,WASHINGTON,5301860,Creston School District,485 SE E ST,CRESTON,99117,No,90,0,2,Yes,Yes,Yes,GLENN,ARLAND,(509) 725-3029,garland@wcsd.wednet.edu,GLENN,ARLAND,(509) 725-3029,garland@wcsd.wednet.edu,GLENN,ARLAND,(509) 725-3029,garland@wcsd.wednet.edu,No,Yes,Yes,http://www.creston.wednet.edu,No,-9,No,-9,-9,-9,-9,-9,-9,-9,-9,-9,-9,-9,-9,-9,-9,-9,Yes,Yes,No,No,No
WA,WASHINGTON,5301890,Curlew School District,PO BOX 370,CURLEW,99118,No,192,0,1,Yes,Yes,Yes,JOHN,GLENEWINKEL,(509) 779-4931,jgwinkel@curlew.wednet.edu,JOHN,GLENEWINKEL,(509) 779-4931,jgwinkel@curlew.wednet.edu,JOHN,GLENEWINKEL,(509) 779-4931,jgwinkel@curlew.wednet.edu,Yes,Yes,Yes,http://www.curlew.wednet.edu/Page/285,No,-9,Yes,Yes,No,Yes,No,Yes,Yes,Yes,0,5,13,0,Yes,-9,-9,-9,Yes,Yes,No,No,No
WA,WASHINGTON,5301950,Damman School District,2681 UMPTANUM RD,ELLENSBURG,98926,No,36,0,1,Yes,Yes,Yes,MARSHA,SMITH,(509)962-9079,marsha@dammanschool.org,MARSHA,SMITH,(509)962-9079,marsha@dammanschool.org,MARSHA,SMITH,(509)962-9079,marsha@dammanschool.org,No,Yes,No,-9,Yes,No,No,-9,-9,-9,-9,-9,-9,-9,-9,-9,-9,-9,-9,-9,-9,-9,Yes,Yes,No,No,No
WA,WASHINGTON,5302160,Dixie School District,PO BOX 40,DIXIE,99329,No,17,0,1,Yes,Yes,Yes,DEBBIE,MILLER,(509)525-5339,dmiller@dixiesd.org,DEBBIE,MILLER,(509)525-5339,dmiller@dixiesd.org,DEBBIE,MILLER,(509)525-5339,dmiller@dixiesd.org,No,Yes,Yes,dixiesd.org,No,-9,No,-9,-9,-9,-9,-9,-9,-9,-9,-9,-9,-9,-9,-9,-9,-9,Yes,Yes,No,No,No
WA,WASHINGTON,5302340,Easton School District,PO BOX 8,EASTON,98925,No,111,0,1,Yes,Yes,Yes,PATRICK,DEHUFF,5096562317,dehuffp@easton.wednet.edu,PATRICK,DEHUFF,5096562317,dehuffp@easton.wednet.edu,PATRICK,DEHUFF,5096562317,dehuffp@easton.wednet.edu,No,Yes,Yes,http://www.easton.wednet.edu/schoolboardpolicies.html,No,-9,No,-9,-9,-9,-9,-9,-9,-9,-9,-9,-9,-9,-9,-9,-9,-9,Yes,Yes,No,No,No
WA,WASHINGTON,5302520,Endicott School District,308 SCHOOL DR,ENDICOTT,99125,No,110,0,1,Yes,Yes,Yes,SUZANNE,SCHMICK,(509) 657-3445,sschmick@sjeschools.org,SUZANNE,SCHMICK,(509) 657-3445,sschmick@sjeschools.org,BRUCE,PORUBEK,(509) 648-3252,bporubek@sjeschools.org,No,Yes,No,-9,Yes,No,Yes,No,No,No,Yes,Yes,Yes,Yes,0,4,7,0,Yes,-9,-9,-9,Yes,Yes,No,No,No
WA,WASHINGTON,5302640,Evaline School District,111 SCHOOLHOUSE RD,WINLOCK,98596,No,48,0,1,Yes,Yes,Yes,KYLE,MACDONALD,360-785-3460,kmacdonald@evalinesd.k12.wa.us,KYLE,MACDONALD,360-785-3460,kmacdonald@evalinesd.k12.wa.us,KYLE,MACDONALD,360-785-3460,kmacdonald@evalinesd.k12.wa.us,No,Yes,Yes,http://www.evalinesd.k12.wa.us/?PageName=%27Handbook%27,No,-9,No,-9,-9,-9,-9,-9,-9,-9,-9,-9,-9,-9,-9,-9,-9,-9,Yes,Yes,No,No,No
WA,WASHINGTON,5302730,Evergreen School District (Stevens),3341 ADDY GIFFORD RD,GIFFORD,99131,No,33,0,1,Yes,Yes,Yes,WILLIAM,GLIDEWELL,509-684-1958,bglidewell@evergreen.k12.wa.us,WILLIAM,GLIDEWELL,509-684-1958,bglidewell@evergreen.k12.wa.us,WILLIAM,GLIDEWELL,509-684-1958,bglidewell@evergreen.k12.wa.us,No,Yes,Yes,www.evergreen.k12.wa.us,No,-9,No,-9,-9,-9,-9,-9,-9,-9,-9,-9,-9,-9,-9,-9,-9,-9,Yes,Yes,No,No,No
WA,WASHINGTON,5303000,Garfield School District,PO BOX 398,GARFIELD,99130,No,126,0,3,Yes,Yes,Yes,ZANE,WELLS,509-635-1331,zwells@garpal.net,ZANE,WELLS,509-635-1331,zwells@garpal.net,BAILEY,PFAFF,509-635-1331,bpfaff@garpal.net,No,Yes,Yes,www.garpal.net,No,-9,No,-9,-9,-9,-9,-9,-9,-9,-9,-9,-9,-9,-9,-9,-9,-9,Yes,Yes,No,No,No
WA,WASHINGTON,5303030,Glenwood School District,PO BOX 12,GLENWOOD,98619,No,74,0,2,Yes,Yes,Yes,HEATHER,GIMLIN,(509) 364-3709,heather.gimlin@glenwoodsd.org,HEATHER,GIMLIN,(509) 364-3709,heather.gimlin@glenwoodsd.org,HEATHER,GIMLIN,(509) 364-3709,heather.gimlin@glenwoodsd.org,No,Yes,Yes,http://glenwood.k12.wa.us/?page=policies,No,-9,Yes,No,No,Yes,No,No,No,No,0,3,2,0,Yes,-9,-9,-9,Yes,Yes,No,No,No
WA,WASHINGTON,5303240,Grapeview School District,822 E MASON BENSON RD,GRAPEVIEW,98546,No,199,3,1,Yes,Yes,Yes,JOSEPHINE,BEAN,360-426-4921,jbean@gsd54.org,JOSEPHINE,BEAN,360-426-4921,jbean@gsd54.org,JOSEPHINE,BEAN,360-426-4921,jbean@gsd54.org,No,Yes,Yes,http://www.gsd54.org/docs/district/board%20items/(3)final%203000%20series%20students.pdf?id=79,Yes,No,Yes,No,No,Yes,No,No,No,No,0,0,1,0,No,Yes,No,No,Yes,Yes,No,No,No
WA,WASHINGTON,5303270,Great Northern School District,3115 N SPOTTED RD,SPOKANE,99224,No,57,0,1,Yes,Yes,Yes,GLENN,FRIZZELL,5094485279,gfrizz@aol.com,GLENN,FRIZZELL,5094485279,gfrizz@aol.com,GLENN,FRIZZELL,5094485279,gfrizz@aol.com,Yes,Yes,Yes,www.gnsd.k12.wa.us,No,-9,No,-9,-9,-9,-9,-9,-9,-9,-9,-9,-9,-9,-9,-9,-9,-9,Yes,Yes,No,No,No
WA,WASHINGTON,5303300,Green Mountain School District,13105 NE GRINNELL RD,WOODLAND,98674,No,163,0,1,Yes,Yes,Yes,TYSON,VOGELER,(360) 749-0033,tyson.vogeler@gmail.com,TYSON,VOGELER,(360) 749-0033,tyson.vogeler@gmail.com,TYSON,VOGELER,(360) 749-0033,tyson.vogeler@gmail.com,No,Yes,Yes,http://greenmountainschool.us,No,-9,No,-9,-9,-9,-9,-9,-9,-9,-9,-9,-9,-9,-9,-9,-9,-9,Yes,Yes,No,No,No
WA,WASHINGTON,5303440,Coulee-Hartline School District,410 W Locust Street,COULEE CITY,99115,No,185,0,2,Yes,Yes,Yes,KELLEY,BOYD,509-632-5231,kboyd@achwarriors.com,KELLEY,BOYD,509-632-5231,kboyd@achwarriors.com,DAN,OCONNOR,509-632-5231,doconnor@achwarriors.com,No,Yes,Yes,http://www.achsd.org/updated%20policy/3210.pdf,No,-9,Yes,No,No,Yes,No,Yes,Yes,Yes,0,1,11,2,Yes,-9,-9,-9,Yes,Yes,No,No,No
WA,WASHINGTON,5303720,Index School District,PO BOX 237,INDEX,98256,No,36,0,1,Yes,Yes,Yes,LINDA,TATE,(360) 793-0461,ltate@index.k12.wa.us,BRADLEY,JERNBERG,(360) 296-5782,bjernberg@index.k12.wa.us,BRADLEY,JERNBERG,(360) 296-5782,bjernberg@index.k12.wa.us,No,Yes,No,-9,Yes,No,Yes,No,No,Yes,No,Yes,Yes,No,0,0,3,1,Yes,-9,-9,-9,Yes,Yes,No,No,No
WA,WASHINGTON,5303780,Kahlotus School District,PO BOX 69,KAHLOTUS,99335,No,49,0,2,Yes,Yes,Yes,MARK,BITZER,(509) 282-3338 x101,markfbitzer@kahlotussd.org,MARK,BITZER,(509) 282-3338 x101,markfbitzer@kahlotussd.org,MARK,BITZER,(509) 282-3338 x101,markfbitzer@kahlotussd.org,No,Yes,Yes,https://www.kahlotussd.org/policies--procedures,No,-9,Yes,No,No,Yes,No,Yes,Yes,Yes,0,1,6,0,Yes,-9,-9,-9,Yes,Yes,No,No,No
WA,WASHINGTON,5303870,Keller School District,PO BOX 367,KELLER,99140,No,33,0,1,Yes,Yes,Yes,WAYNE,MASSIE,509-634-4325,dweaver@keller.k12.wa.us,WAYNE,MASSIE,509-634-4325,dweaver@keller.k12.wa.us,WAYNE,MASSIE,509-634-4325,dweaver@keller.k12.wa.us,No,Yes,Yes,https://www.keller.k12.wa.us/,No,-9,No,-9,-9,-9,-9,-9,-9,-9,-9,-9,-9,-9,-9,-9,-9,-9,Yes,Yes,No,No,No
WA,WASHINGTON,5304080,Klickitat School District,PO BOX 37,KLICKITAT,98628,No,72,0,1,Yes,Yes,Yes,KEVIN,DAVIS,(509) 369-3855,kevin.davis@klickitatsd.org,KEVIN,DAVIS,(509) 369-3855,kevin.davis@klickitatsd.org,LAURA,BALES,(509) 369-3652,laura.bales@klickitatsd.org,No,Yes,Yes,http://www.klickitatschooldistrict.com,No,-9,No,-9,-9,-9,-9,-9,-9,-9,-9,-9,-9,-9,-9,-9,-9,-9,Yes,Yes,No,No,No
WA,WASHINGTON,5304150,LaCrosse School District,111 Hill Ave.,LACROSSE,99143,No,57,0,2,Yes,Yes,Yes,DOUG,CURTIS,(509) 549-3591,dcurtis@lacrossesd.k12.wa.us,DOUG,CURTIS,(509) 549-3591,dcurtis@lacrossesd.k12.wa.us,CODI,TITUS,(509) 998-3651,ctitus@lacrossesd.k12.wa.us,No,Yes,Yes,www.lacrossesd.k12.wa.us,Yes,Yes,Yes,No,No,No,Yes,Yes,Yes,Yes,0,2,3,0,Yes,-9,-9,-9,Yes,Yes,No,No,No
WA,WASHINGTON,5304290,Lamont School District,602 MAIN ST,LAMONT,99017,No,40,0,1,Yes,Yes,Yes,JOSEPH,WHIPPLE,(509) 257-2839,jwhipple@lamont.wednet.edu,JOSEPH,WHIPPLE,(509) 257-2839,jwhipple@lamont.wednet.edu,JOSEPH,WHIPPLE,(509) 257-2839,jwhipple@lamont.wednet.edu,No,Yes,Yes,http://www.spraguelamont.org,No,-9,No,-9,-9,-9,-9,-9,-9,-9,-9,-9,-9,-9,-9,-9,-9,-9,No,-9,-9,-9,-9
WA,WASHINGTON,5304590,Lyle School District,PO BOX 368,LYLE,98635,No,151,0,3,Yes,Yes,Yes,ANDREW,KELLY,(509)365-2191,andrew.kelly@lyleschools.org,ANDREW,KELLY,(509)365-2191,andrew.kelly@lyleschools.org,ANDREW,KELLY,(509)365-2191,andrew.kelly@lyleschools.org,No,Yes,Yes,http://www.lyleschools.org/Page/265,No,-9,Yes,No,No,No,Yes,Yes,Yes,No,0,9,8,0,Yes,-9,-9,-9,Yes,Yes,No,No,No
WA,WASHINGTON,5304710,Mansfield School District,PO BOX 188,MANSFIELD,98830,No,89,89,1,Yes,Yes,Yes,MICHAEL,MESSENGER,(509) 388-7411,mmessenger@mansfield.wednet.edu,MICHAEL,MESSENGER,(509) 388-7411,mmessenger@mansfield.wednet.edu,KATIE,PEET,(206) 799-9760,kpeet@mansfield.wednet.edu,No,Yes,Yes,http://mansfield.wednet.edu,Yes,No,Yes,No,No,Yes,No,No,Yes,Yes,0,0,2,2,Yes,-9,-9,-9,Yes,Yes,No,No,No
WA,WASHINGTON,5305040,Mill A School District,1142 JESSUP RD,COOK,98605,No,28,0,2,Yes,Yes,Yes,ROBERT,ROGERS,(509) 538-2660,brogers@millaschool.org,ROBERT,ROGERS,(509) 538-2660,brogers@millaschool.org,ROBERT,ROGERS,(509) 538-2660,brogers@millaschool.org,No,Yes,Yes,http://www.milla.k12.wa.us,No,-9,No,-9,-9,-9,-9,-9,-9,-9,-9,-9,-9,-9,-9,-9,-9,-9,Yes,Yes,No,No,No
WA,WASHINGTON,5305340,Mount Pleasant School District,152 MARBLE RD,WASHOUGAL,98671,No,67,0,1,Yes,Yes,Yes,VICKIANNE,SOVOLD-PRENDERGAST,(509) 637-3885,vicki.prendergast@mtpleasantschool.org,VICKIANNE,SOVOLD-PRENDERGAST,(509) 637-3885,vicki.prendergast@mtpleasantschool.org,VICKIANNE,SOVOLD-PRENDERGAST,(509) 637-3885,vicki.prendergast@mtpleasantschool.org,No,Yes,Yes,www.mtpleasantschool.org/boardpolicies,No,-9,No,-9,-9,-9,-9,-9,-9,-9,-9,-9,-9,-9,-9,-9,-9,-9,Yes,Yes,No,No,No
WA,WASHINGTON,5305550,Nespelem School District,PO BOX 291,NESPELEM,99155,No,138,0,1,Yes,Yes,Yes,MITZI,ADOLPH,509-634-4541,madolph@nsdeagles.org,MITZI,ADOLPH,509-634-4541,madolph@nsdeagles.org,DEBRA,PANKEY,509-634-4541,dpankey@nsdeagles.org,No,Yes,Yes,nsdeagles.org,Yes,No,Yes,No,No,Yes,No,No,Yes,No,2,2,12,0,Yes,-9,-9,-9,Yes,Yes,No,No,No
WA,WASHINGTON,5305820,North River School District,2867 N RIVER RD,COSMOPOLIS,98537,No,73,0,1,Yes,Yes,Yes,DAVID,PICKERING,(360) 537-6889,dpickering@nr.k12.wa.us,DAVID,PICKERING,(360) 537-6889,afuquay@nr.k12.wa.us,DEBORAH,KOEHN,360-532-3079,dkoehn@nr.k12.wa.us,No,Yes,Yes,http://nr.k12.wa.us,No,-9,Yes,No,No,Yes,No,No,Yes,Yes,0,0,2,0,Yes,-9,-9,-9,Yes,Yes,No,No,No
WA,WASHINGTON,5305970,Oakesdale School District,PO BOX 228,OAKESDALE,99158,No,204,0,2,Yes,Yes,Yes,JACOB,DINGMAN,(509)285-5296,jdingman@gonighthawks.net,JACOB,DINGMAN,(509)285-5296,jdingman@gonighthawks.net,JACOB,DINGMAN,(509)285-5296,jdingman@gonighthawks.net,No,Yes,Yes,http://www.gonighthawks.net/policies-333020a0,No,-9,Yes,No,No,Yes,No,Yes,Yes,No,0,5,9,0,Yes,-9,-9,-9,Yes,Yes,No,No,No
WA,WASHINGTON,5306270,Onion Creek School District,2006 LOTZE CREEK RD,COLVILLE,99114,No,31,0,1,Yes,Yes,Yes,REBEKAH,ANGUS,(360) 388-0664,rangus@ocsd30.org,REBEKAH,ANGUS,(360) 388-0664,rangus@ocsd30.org,REBEKAH,ANGUS,(360) 388-0664,rangus@ocsd30.org,No,Yes,Yes,http://www.ocsd30.org/District,No,-9,No,-9,-9,-9,-9,-9,-9,-9,-9,-9,-9,-9,-9,-9,-9,-9,Yes,Yes,No,No,No
WA,WASHINGTON,5306330,Orchard Prairie School District,7626 N ORCHARD PRAIRIE RD,SPOKANE,99217,No,68,0,1,Yes,Yes,Yes,HOWARD,KING,509-467-9517,hking@orchardprairie.org,HOWARD,KING,509-467-9517,hking@orchardprairie.org,COLLINS,TRAVIS,509-467-9517,tcollins@orchardprairie.org,No,Yes,Yes,orchardprairie.org,No,-9,Yes,No,No,Yes,No,Yes,No,No,0,2,0,0,No,Yes,Yes,Yes,Yes,Yes,No,No,No
WA,WASHINGTON,5306360,Orient School District,374 4th Ave,ORIENT,99160,No,89,0,2,Yes,Yes,Yes,SHERRY,COWBROUGH,(509)684-6873,sherry.cowbrough@orientsd.org,SHERRY,COWBROUGH,(509)684-6873,sherry.cowbrough@orientsd.org,SHERRY,COWBROUGH,(509)684-6873,sherry.cowbrough@orientsd.org,No,Yes,Yes,orientsd.org,No,-9,Yes,Yes,No,No,No,Yes,Yes,No,0,2,6,0,Yes,-9,-9,-9,Yes,Yes,No,Yes,No
WA,WASHINGTON,5306510,Palisades School District,1114 PALISADES RD,PALISADES,98845,No,24,0,1,Yes,Yes,Yes,ISMAEL,VIVANCO,(509)884-8071,ishv@ncesd.org,ISMAEL,VIVANCO,(509)884-8071,ishv@ncesd.org,ISMAEL,VIVANCO,(509)884-8071,ishv@ncesd.org,No,Yes,No,-9,Yes,No,No,-9,-9,-9,-9,-9,-9,-9,-9,-9,-9,-9,-9,-9,-9,-9,Yes,Yes,No,No,No
WA,WASHINGTON,5306630,Paterson School District,PO BOX 189,PATERSON,99345,No,129,0,1,Yes,Yes,Yes,MONICA,BURNETT,(509)875-2601,monicab@patersonschool.org,MONICA,BURNETT,(509)875-2601,monicab@patersonschool.org,MIKE,PRUDHOMME,(509)875-2601,mprudhomme1@gmail.com,No,Yes,Yes,www.patersonschool.org,No,-9,Yes,No,No,Yes,No,Yes,Yes,No,0,5,7,0,Yes,-9,-9,-9,Yes,Yes,No,No,No
WA,WASHINGTON,5307050,Lake Quinault School District,PO BOX 38,AMANDA PARK,98526,No,165,0,2,Yes,Yes,Yes,KEITH,SAMPLAWSKI,3602882414,ksamplawski@lakequinaultschools.org,KEITH,SAMPLAWSKI,3602882414,ksamplawski@lakequinaultschools.org,KEITH,SAMPLAWSKI,3602882414,ksamplawski@lakequinaultschools.org,No,Yes,Yes,http://www.lakequinaultschools.org/,Yes,Yes,Yes,No,No,Yes,No,Yes,Yes,Yes,2,6,14,0,Yes,-9,-9,-9,Yes,Yes,No,No,No
WA,WASHINGTON,5307530,Roosevelt School District,PO BOX 248,ROOSEVELT,99356,No,25,0,1,Yes,Yes,Yes,KATE,WATSON,(509)384-5462,kate.watson@rooseveltschooldistrict.net,KATE,WATSON,(509)384-5462,kate.watson@rooseveltschooldistrict.net,KATE,WATSON,(509)384-5462,kate.watson@rooseveltschooldistrict.net,No,Yes,Yes,www.rooseveltschooldistrict.net,No,-9,No,-9,-9,-9,-9,-9,-9,-9,-9,-9,-9,-9,-9,-9,-9,-9,Yes,Yes,No,No,No
WA,WASHINGTON,5307560,Rosalia School District,916 S JOSEPHINE AVE,ROSALIA,99170,No,193,0,1,Yes,Yes,Yes,LARRY,KELLER,(509) 299-9070,lkeller@rosaliaschools.org,LARRY,KELLER,(509) 299-9070,lkeller@rosaliaschools.org,JENNA,SCHU,(509) 523-2077,jschu@rosaliaschools.org,No,Yes,No,-9,Yes,No,Yes,No,No,Yes,Yes,Yes,Yes,Yes,0,8,13,1,Yes,-9,-9,-9,Yes,Yes,No,No,No
WA,WASHINGTON,5307680,Satsop School District,PO BOX 96,SATSOP,98583,No,68,0,1,Yes,Yes,Yes,MARSHA,HENDRICK,(360) 482-5330,mhendrick@satsopschool.org,MARSHA,HENDRICK,(360) 482-5330,mhendrick@satsopschool.org,JANET,GATLIN,(360) 482-5330,jgatlin@satsopschool.org,No,Yes,Yes,http://satsopschool.org,No,-9,No,-9,-9,-9,-9,-9,-9,-9,-9,-9,-9,-9,-9,-9,-9,-9,Yes,Yes,No,No,No
WA,WASHINGTON,5307860,Shaw Island School District,PO BOX 426,SHAW ISLAND,98286,No,11,0,1,Yes,Yes,Yes,DEANNA,SHANNON,(360)468-2570,dshannon@shaw.k12.wa.us,DEANNA,SHANNON,(360)468-2570,dshannon@shaw.k12.wa.us,DEANNA,SHANNON,(360)468-2570,dshannon@shaw.k12.wa.us,No,Yes,Yes,www.shawislandschool.org,No,-9,No,-9,-9,-9,-9,-9,-9,-9,-9,-9,-9,-9,-9,-9,-9,-9,No,-9,-9,-9,-9
WA,WASHINGTON,5307950,Skamania School District,122 BUTLER LOOP RD,SKAMANIA,98648,No,87,0,1,Yes,Yes,Yes,RALPH,PRUITT,(509)427-8239,rpruitt@skamania.k12.wa.us,RALPH,PRUITT,(509)427-8239,rpruitt@skamania.k12.wa.us,RALPH,PRUITT,(509)427-8239,rpruitt@skamania.k12.wa.us,No,Yes,Yes,https://skamaniaschooldistrict.org/wp-content/uploads/2016/03/3207_Prohibition_of_Harassment_Intimidation_and_Bullying.pdf,No,-9,No,-9,-9,-9,-9,-9,-9,-9,-9,-9,-9,-9,-9,-9,-9,-9,Yes,Yes,No,No,No
WA,WASHINGTON,5307980,Skykomish School District,PO BOX 325,SKYKOMISH,98288,No,61,0,2,Yes,Yes,Yes,DANIEL,BUBAR,(206) 909-7826,DBUBAR@SKYKOMISH.WEDNET.EDU,DANIEL,JAY,(360) 461-7991,thomasandlenajay@gmail.com,KAREN,MCEACHERN,(808) 429-6590,kmceachern@skykomish.wednet.edu,No,Yes,Yes,https://www.skykomish.wednet.edu/rockets/students,No,-9,Yes,No,No,Yes,No,Yes,Yes,Yes,0,5,2,2,Yes,-9,-9,-9,Yes,Yes,No,No,No
WA,WASHINGTON,5308220,Southside School District,161 SE COLLIER RD,SHELTON,98584,No,194,0,1,Yes,Yes,Yes,DORIS,BOLENDER,360-426-8437,DBOLENDER@SOUTHSIDESCHOOL.ORG,DORIS,BOLENDER,360-426-8437,DBOLENDER@SOUTHSIDESCHOOL.ORG,DORIS,BOLENDER,360-426-8437,DBOLENDER@SOUTHSIDESCHOOL.ORG,No,Yes,Yes,http://southsideschool.org/,No,-9,No,-9,-9,-9,-9,-9,-9,-9,-9,-9,-9,-9,-9,-9,-9,-9,Yes,Yes,No,No,No
WA,WASHINGTON,5308280,Sprague School District,PO BOX 305,SPRAGUE,99032,No,81,0,2,Yes,Yes,Yes,WILLIAM,RESSEL,(509) 257-2664,bressel@sprague.wednet.edu,WILLIAM,RESSEL,(509) 257-2664,bressel@sprague.wednet.edu,MICHELLE,DENNIS,(509) 648-4255,mdennis@sprague.wednet.edu,No,Yes,Yes,https://www.spraguelamont.org/district-information/policies/3000,Yes,No,Yes,No,No,Yes,No,Yes,Yes,Yes,1,2,6,0,Yes,-9,-9,-9,Yes,Yes,No,No,No
WA,WASHINGTON,5308310,St. John School District,301 W NOB HL,SAINT JOHN,99171,No,157,0,2,Yes,Yes,Yes,MARK,PURVINE,(509) 325-2166,mpurvine@sjeschools.org,MARK,PURVINE,(509) 325-2166,mpurvine@sjeschools.org,MARK,PURVINE,(509) 325-2166,mpurvine@sjeschools.org,No,Yes,Yes,www.sje.wednet.edu,Yes,No,Yes,No,No,No,Yes,Yes,Yes,Yes,0,1,4,5,Yes,-9,-9,-9,Yes,Yes,No,No,No
WA,WASHINGTON,5308370,Star School District No. 054,P. O. Box 1482,RICHLAND,99352,No,10,0,1,Yes,Yes,Yes,RICH,PURYEAR,5099676030,rpuryear@starsd.org,RICH,PURYEAR,5099676030,rpuryear@starsd.org,RICH,PURYEAR,5099676030,rpuryear@starsd.org,No,Yes,Yes,www.starsd.org,No,-9,No,-9,-9,-9,-9,-9,-9,-9,-9,-9,-9,-9,-9,-9,-9,-9,Yes,Yes,No,No,No
WA,WASHINGTON,5308400,Starbuck School District,PO BOX 188,STARBUCK,99359,No,36,0,1,Yes,Yes,Yes,KEVIN,GRAFFIS,(509) 399-2381,kgraffis@starbuck.k12.wa.us,KEVIN,GRAFFIS,(509) 399-2381,kgraffis@starbuck.k12.wa.us,KEVIN,GRAFFIS,(509) 399-2381,kgraffis@starbuck.k12-wa-us,No,Yes,No,-9,No,-9,Yes,No,No,Yes,No,Yes,Yes,Yes,0,0,3,1,Yes,-9,-9,-9,Yes,Yes,No,No,No
WA,WASHINGTON,5308430,Stehekin School District,PO BOX 37,STEHEKIN,98852,No,6,0,1,Yes,Yes,Yes,RON,SCUTT,(509)293-0011,rscutt@gmail.com,RON,SCUTT,(509)293-0011,rscutt@gmail.com,RON,SCUTT,(509)293-0011,rscutt@gmail.com,No,Yes,No,-9,No,-9,No,-9,-9,-9,-9,-9,-9,-9,-9,-9,-9,-9,-9,-9,-9,-9,Yes,Yes,No,Yes,No
WA,WASHINGTON,5308490,Steptoe School District,PO BOX 138,Steptoe,99174,No,43,0,1,Yes,Yes,Yes,ERIC,PATTON,(509)397-3119,ericp@steptoe.k12.wa.us,ERIC,PATTON,(509)397-3119,ericp@steptoe.k12.wa.us,ERIC,PATTON,(509)397-3119,ericp@steptoe.k12.wa.us,No,Yes,No,-9,No,-9,Yes,Yes,Yes,Yes,Yes,Yes,Yes,Yes,0,3,12,5,Yes,-9,-9,-9,Yes,Yes,No,No,No
WA,WASHINGTON,5308580,Summit Valley School District,2360-A  ADDY GIFFORD RD,ADDY,99101,No,88,0,1,Yes,Yes,Yes,WILLIAM,GLIDEWELL,509-684-1958,bglidewell@svalley.k12.wa.us,WILLIAM,GLIDEWELL,509-684-1958,bglidewell@svalley.k12.wa.us,WILLIAM,GLIDEWELL,509-684-1958,bglidewell@svalley.k12.wa.us,No,Yes,Yes,svalley.k12.wa.us,No,-9,Yes,No,No,Yes,No,No,No,No,0,3,8,0,Yes,-9,-9,-9,Yes,Yes,No,No,No
WA,WASHINGTON,5308730,Taholah School District,PO BOX 249,TAHOLAH,98587,No,175,0,2,Yes,Yes,Yes,LENORA,HALL,(541) 254-1965,LEHALL@TAHOLAH.ORG,LENORA,HALL,(541) 254-1965,LEHALL@TAHOLAH.ORG,PATRICIA,LARRIVA,(360) 628-7597,plarriva@gmail.com,No,Yes,Yes,https://drive.google.com/drive/folders/0B4kpEXzGZzwjallwWDg2Sl80bVU,Yes,No,Yes,No,No,Yes,No,No,No,No,0,1,2,0,No,Yes,No,No,Yes,Yes,No,No,No
WA,WASHINGTON,5308850,Thorp School District,PO BOX 150,THORP,98946,No,192,0,1,Yes,Yes,Yes,LINDA,MARTIN,5099642107,martinl@thorpschools.org,LINDA,MARTIN,5099642107,martinl@thorpschools.org,LINDA,MARTIN,5099642107,martinl@thorpschools.org,No,Yes,Yes,http://www.thorpschools.org,Yes,No,Yes,No,No,No,Yes,Yes,Yes,Yes,0,4,5,1,Yes,-9,-9,-9,Yes,Yes,No,No,No
WA,WASHINGTON,5309000,Touchet School District,P.O. Box 135,TOUCHET,99360,No,199,0,1,Yes,Yes,Yes,SUSAN,BELL,(509) 876-2103,sbell@touchet.k12.wa.us,SUSAN,BELL,(509) 876-2103,sbell@touchet.k12.wa.us,SUSAN,BELL,(509) 876-2103,sbell@touchet.k12.wa.us,No,Yes,Yes,http://www.touchet.k12.wa.us,No,-9,No,-9,-9,-9,-9,-9,-9,-9,-9,-9,-9,-9,-9,-9,-9,-9,Yes,Yes,No,No,No
WA,WASHINGTON,5309570,Washtucna School District,730 East Booth Avenue,WASHTUCNA,99371,No,48,0,1,Yes,Yes,Yes,LUCAS,GLIDDEN,(425) 367-1907,lglidden@tucna.wednet.edu,VANCE,WING,(509) 438-3951,vwing@tucna.wednet.edu,PAM,KRAFT,(509) 282-3283,pkraft@tucna.wednet.edu,No,Yes,Yes,http://tucna.wednet.edu,No,-9,Yes,No,No,Yes,No,Yes,Yes,No,0,3,1,0,Yes,-9,-9,-9,Yes,Yes,No,No,No
WA,WASHINGTON,5309900,Wilson Creek School District,PO BOX 46,WILSON CREEK,98860,No,140,0,2,Yes,Yes,Yes,SALLY,NELSON,(509) 345-2541,snelson@wilsoncreek.org,RYAN,SHANNON,(509)345-2541,rshannon@wilsoncreek.org,LAURA,CHRISTIAN,(509)345-2541,lchristian@wilsoncreek.org,No,Yes,Yes,www.wilsoncreek.org,No,-9,Yes,No,No,Yes,No,Yes,Yes,Yes,0,8,13,11,Yes,-9,-9,-9,No,-9,-9,-9,-9
WA,WASHINGTON,5309990,Wishkah Valley School District,4640 Wishkah Road,Aberdeen,98520,No,144,0,1,Yes,Yes,Yes,WALLY,LIS,360 532-3128,wlis@wishkah.org,WALLY,LIS,360 532-3128,wlis@wishkah.org,RUTHANN,BROWN,360 532-3128,rbrown@wishkah.org,No,Yes,Yes,https://www.wishkah.org/Page/586,No,-9,No,-9,-9,-9,-9,-9,-9,-9,-9,-9,-9,-9,-9,-9,-9,-9,Yes,Yes,No,No,No
WA,WASHINGTON,5310020,Wishram School District,PO BOX 8,WISHRAM,98673,No,75,0,1,Yes,Yes,Yes,TYE,CHURCHWELL,(509) 748-2659,tye.churchwell@wishramschool.org,MICHAEL,ROBERTS,(509)748-2551,mike.roberts@wishramschool.org,KADEE,HERRINGTON,(509)748-2551,kadee.herrington@wishramschool.org,No,Yes,Yes,http://wishramschoolo.org,No,-9,Yes,No,No,Yes,No,Yes,Yes,Yes,0,2,3,2,Yes,-9,-9,-9,Yes,Yes,No,No,No
