State Postal Code,State FIPS Code,District ID,Name,Estimated Total Population,Estimated Population 5-17,Estimated number of relevant children 5 to 17 years old in poverty who are related to the householder
WA,53,90,Almira School District,491,89,9
WA,53,450,Benge School District,56,6,1
WA,53,510,Bickleton School District,392,62,10
WA,53,630,Boistfort School District,921,147,20
WA,53,750,Brinnon School District,1307,88,21
WA,53,870,Carbonado School District,944,188,18
WA,53,1050,Centerville School District,563,77,11
WA,53,1500,Colton School District,1211,241,32
WA,53,1560,Columbia School District,1205,192,40
WA,53,1680,Conway School District,3334,560,33
WA,53,1710,Cosmopolis School District,2017,326,36
WA,53,1860,Creston School District,1154,93,13
WA,53,1950,Damman School District,865,161,7
WA,53,1980,Darrington School District,3592,584,36
WA,53,2160,Dixie School District,505,66,16
WA,53,2340,Easton School District,1271,148,9
WA,53,2520,Endicott School District,596,76,13
WA,53,2730,Evergreen School District (Stevens),436,72,19
WA,53,3000,Garfield School District,864,128,40
WA,53,3030,Glenwood School District,491,60,5
WA,53,3270,Great Northern School District,759,131,19
WA,53,3300,Green Mountain School District,909,180,15
WA,53,3360,Harrington School District,740,126,26
WA,53,3720,Index School District,588,42,1
WA,53,3780,Kahlotus School District,453,86,9
WA,53,3870,Keller School District,506,74,26
WA,53,4080,Klickitat School District,636,78,14
WA,53,4150,LaCrosse School District,744,109,22
WA,53,7050,Lake Quinault School District,1185,196,41
WA,53,4290,Lamont School District,193,31,7
WA,53,4410,Lind School District,1234,281,41
WA,53,4530,Lopez School District,2629,217,41
WA,53,4710,Mansfield School District,537,76,9
WA,53,5040,Mill A School District,515,60,11
WA,53,5340,Mount Pleasant School District,358,50,6
WA,53,5820,North River School District,226,34,8
WA,53,5970,Oakesdale School District,917,165,8
WA,53,6120,Odessa School District,1520,273,37
WA,53,6270,Onion Creek School District,409,52,13
WA,53,6330,Orchard Prairie School District,755,134,20
WA,53,6360,Orient School District,897,95,21
WA,53,6510,Palisades School District,294,63,13
WA,53,6540,Palouse School District,1524,255,17
WA,53,6630,Paterson School District,510,129,13
WA,53,6660,Pe Ell School District,1800,299,29
WA,53,1380,Queets-Clearwater School District,658,41,13
WA,53,6990,Quilcene School District,1840,183,29
WA,53,7380,Ritzville School District,2486,414,40
WA,53,7530,Roosevelt School District,222,44,6
WA,53,7560,Rosalia School District,1192,218,35
WA,53,7680,Satsop School District,569,106,16
WA,53,7860,Shaw Island School District,254,35,6
WA,53,7950,Skamania School District,844,105,13
WA,53,7980,Skykomish School District,701,62,6
WA,53,8220,Southside School District,2332,346,43
WA,53,8280,Sprague School District,676,116,19
WA,53,8310,St. John School District,1171,206,32
WA,53,8370,Star School District,88,15,5
WA,53,8400,Starbuck School District,168,18,2
WA,53,8430,Stehekin School District,110,23,4
WA,53,8490,Steptoe School District,308,46,5
WA,53,8580,Summit Valley School District,634,118,33
WA,53,8790,Tekoa School District,1035,185,21
WA,53,8850,Thorp School District,1585,266,26
WA,53,9000,Touchet School District,1157,215,21
WA,53,9060,Trout Lake School District,1030,153,39
WA,53,9570,Washtucna School District,326,49,6
WA,53,9600,Waterville School District,1811,297,42
WA,53,9840,Wilbur School District,1343,203,28
WA,53,9900,Wilson Creek School District,624,94,13
WA,53,9990,Wishkah Valley School District,834,126,15
WA,53,10020,Wishram School District,423,52,12
