State Postal Code,State FIPS Code,District ID,Name,Estimated Total Population,Estimated Population 5-17,Estimated number of relevant children 5 to 17 years old in poverty who are related to the householder
NH,33,1830,Benton School District,365,30,3
NH,33,2010,Brentwood School District,4662,375,11
NH,33,2070,Brookline School District,5099,610,16
NH,33,2200,Chatham School District,341,43,5
NH,33,2370,Clarksville School District,261,25,5
NH,33,2510,Coos County School District,86,7,1
NH,33,2550,Croydon School District,754,81,6
NH,33,2730,Dummer School District,291,39,3
NH,33,2760,Dunbarton School District,2800,477,13
NH,33,2790,East Kingston School District,2427,187,7
NH,33,2850,Eaton School District,384,25,2
NH,33,2870,Ellsworth School District,83,9,1
NH,33,2940,Errol School District,279,12,2
NH,33,3304,Goshen School District,798,97,16
NH,33,3279,Hale's Location School District,121,3,0
NH,33,3540,Hampton Falls School District,2325,245,15
NH,33,3600,Hanover School District,11291,484,9
NH,33,3630,Harrisville School District,954,99,2
NH,33,3640,Hart's Location School District,41,5,1
NH,33,4080,Kensington School District,2192,183,5
NH,33,4150,Lafayette Regional School District,1926,108,5
NH,33,4170,Landaff School District,414,47,9
NH,33,3303,Lempster School District,1137,145,15
NH,33,4500,Lyme School District,1721,282,8
NH,33,4650,Marlow School District,731,90,8
NH,33,4920,Monroe School District,790,118,9
NH,33,5070,New Castle School District,1005,104,1
NH,33,5190,Newfields School District,1743,150,6
NH,33,5250,Newington School District,781,90,5
NH,33,5670,Piermont School District,792,111,9
NH,33,5700,Pittsburg School District,832,91,11
NH,33,5760,Plainfield School District,2328,377,11
NH,33,6270,South Hampton School District,853,114,3
NH,33,6330,Stark School District,524,59,5
NH,33,6360,Stewartstown School District,953,125,13
NH,33,6390,Stoddard School District,1213,168,16
NH,33,6480,Stratham School District,7545,570,14
NH,33,3293,Sullivan School District,667,80,10
NH,33,3275,Surry School District,732,72,4
NH,33,6900,Washington School District,1106,173,12
NH,33,6910,Waterville Valley School District,248,35,2
NH,33,6990,Wentworth School District,914,68,11
NH,33,7200,Windsor School District,229,34,5
