State Postal Code,State FIPS Code,District ID,Name,Estimated Total Population,Estimated Population 5-17,Estimated number of relevant children 5 to 17 years old in poverty who are related to the householder
NH,33,1350,Albany School District,750,88,20
NH,33,1380,Allenstown School District,4403,599,74
NH,33,1440,Alton School District,5308,524,30
NH,33,1470,Amherst School District,11449,1367,54
NH,33,1500,Andover School District,2398,411,32
NH,33,1560,Ashland School District,2081,143,24
NH,33,1590,Auburn School District,5142,827,30
NH,33,1620,Barnstead School District,4683,515,54
NH,33,1650,Barrington School District,8922,1441,65
NH,33,1680,Bartlett School District,2792,336,21
NH,33,1710,Bath School District,1082,154,22
NH,33,1740,Bedford School District,21686,4470,111
NH,33,1830,Benton School District,365,30,3
NH,33,1860,Berlin School District,9620,1154,267
NH,33,1890,Bethlehem School District,2539,187,19
NH,33,1950,Bow School District,7672,1513,86
NH,33,2010,Brentwood School District,4662,375,11
NH,33,2070,Brookline School District,5099,610,16
NH,33,2100,Campton School District,3344,321,23
NH,33,2130,Candia School District,4054,610,29
NH,33,2200,Chatham School District,341,43,5
NH,33,2250,Chester School District,4940,962,25
NH,33,2280,Chesterfield School District,3550,529,19
NH,33,2310,Chichester School District,2575,415,19
NH,33,2340,Claremont School District,13148,1884,336
NH,33,2370,Clarksville School District,261,25,5
NH,33,2400,Colebrook School District,2200,276,54
NH,33,2430,Columbia School District,726,81,18
NH,33,2460,Concord School District,38533,4992,524
NH,33,2480,Contoocook Valley School District,19024,2848,198
NH,33,2490,Conway School District,10154,1266,300
NH,33,2510,Coos County School District,86,7,1
NH,33,2520,Cornish School District,1615,214,46
NH,33,2550,Croydon School District,754,81,6
NH,33,2580,Deerfield School District,4442,678,45
NH,33,2610,Derry School District,34483,5508,379
NH,33,2640,Dover School District,31325,4099,345
NH,33,2670,Dresden School District,11291,719,80
NH,33,2730,Dummer School District,291,39,3
NH,33,2760,Dunbarton School District,2800,477,13
NH,33,2790,East Kingston School District,2427,187,7
NH,33,2850,Eaton School District,384,25,2
NH,33,2870,Ellsworth School District,83,9,1
NH,33,2880,Epping School District,6648,937,68
NH,33,2910,Epsom School District,4676,706,40
NH,33,2940,Errol School District,279,12,2
NH,33,17,Exeter Regional Cooperative School District,33432,3126,97
NH,33,2970,Exeter School District,14863,985,55
NH,33,2990,Fall Mountain Regional School District,12187,1759,189
NH,33,3000,Farmington School District,7078,1126,135
NH,33,3090,Franklin School District,8638,1226,202
NH,33,3120,Freedom School District,1499,151,22
NH,33,3150,Fremont School District,4457,723,32
NH,33,3180,Gilford School District,7171,1077,124
NH,33,3210,Gilmanton School District,3797,547,32
NH,33,3240,Goffstown School District,18028,2419,168
NH,33,35,Gorham Randolph Shelburne Cooperative School District,3379,427,48
NH,33,3304,Goshen School District,798,97,16
NH,33,3330,Governor Wentworth Regional School District,17999,2346,197
NH,33,3360,Grantham School District,2931,422,24
NH,33,3420,Greenland School District,3675,554,18
NH,33,3279,Hale's Location School District,121,3,0
NH,33,3480,Hampstead School District,8834,1360,81
NH,33,3540,Hampton Falls School District,2325,245,15
NH,33,3510,Hampton School District,15552,1201,85
NH,33,3600,Hanover School District,11291,484,9
NH,33,3630,Harrisville School District,954,99,2
NH,33,3640,Hart's Location School District,41,5,1
NH,33,3660,Haverhill Cooperative School District,4710,616,99
NH,33,3690,Henniker School District,4927,414,57
NH,33,3720,Hill School District,1102,177,20
NH,33,3750,Hillsboro-Deering Cooperative School District,8105,1254,118
NH,33,3780,Hinsdale School District,3985,586,42
NH,33,3810,Holderness School District,2121,197,21
NH,33,3840,Hollis School District,7872,657,24
NH,33,3850,Hollis-Brookline Cooperative School District,12971,1358,30
NH,33,3870,Hooksett School District,13722,2065,101
NH,33,3900,Hopkinton School District,5687,925,55
NH,33,3930,Hudson School District,25026,4182,255
NH,33,3960,Inter-Lakes School District,8775,1123,87
NH,33,3990,Jackson School District,837,76,21
NH,33,4030,Jaffrey-Rindge Cooperative School District,11298,1687,194
NH,33,3,John Stark Regional School District,13913,795,33
NH,33,4040,Kearsarge Regional School District,15700,2030,136
NH,33,4050,Keene School District,23210,2670,278
NH,33,4080,Kensington School District,2192,183,5
NH,33,4140,Laconia School District,16163,2161,357
NH,33,4150,Lafayette Regional School District,1926,108,5
NH,33,4170,Landaff School District,414,47,9
NH,33,4230,Lebanon School District,13184,1496,191
NH,33,3303,Lempster School District,1137,145,15
NH,33,4260,Lincoln-Woodstock School District,3044,401,30
NH,33,4290,Lisbon Regional School District,2134,303,54
NH,33,4350,Litchfield School District,8448,1668,101
NH,33,4380,Littleton School District,5939,833,181
NH,33,4410,Londonderry School District,24921,4641,189
NH,33,4500,Lyme School District,1721,282,8
NH,33,4560,Madison School District,2509,330,60
NH,33,4590,Manchester School District,112009,14682,2665
NH,33,4620,Marlborough School District,2032,273,53
NH,33,4650,Marlow School District,731,90,8
NH,33,4670,Mascenic Regional School District,7365,1287,104
NH,33,4680,Mascoma Valley Regional School District,10556,1352,103
NH,33,3276,Mason School District,1415,218,46
NH,33,4740,Merrimack School District,26054,4396,218
NH,33,4760,Merrimack Valley School District,17718,2618,180
NH,33,4770,Middleton School District,1865,295,62
NH,33,4800,Milan School District,1280,158,20
NH,33,4830,Milford School District,15455,2586,151
NH,33,616,Milton School District,4802,744,57
NH,33,4890,Monadnock Regional School District,13731,1959,202
NH,33,4920,Monroe School District,790,118,9
NH,33,4950,Mont Vernon School District,2483,328,24
NH,33,4960,Moultonborough School District,4079,529,74
NH,33,4980,Nashua School District,88420,12277,1440
NH,33,5010,Nelson School District,718,97,18
NH,33,5040,New Boston School District,5436,992,23
NH,33,5070,New Castle School District,1005,104,1
NH,33,5190,Newfields School District,1743,150,6
NH,33,5220,Newfound Area School District,10342,1377,149
NH,33,5250,Newington School District,781,90,5
NH,33,5280,Newmarket School District,9274,1027,81
NH,33,5310,Newport School District,6409,982,164
NH,33,5370,North Hampton School District,4463,449,19
NH,33,5400,Northumberland School District,2195,301,46
NH,33,5430,Northwood School District,4399,672,105
NH,33,5460,Nottingham School District,4961,748,23
NH,33,5520,Oyster River Cooperative School District,21663,2137,53
NH,33,5550,Pelham School District,13189,2348,100
NH,33,5580,Pembroke School District,7242,1138,69
NH,33,99965,Pemi-Baker Regional School District,19457,737,56
NH,33,5670,Piermont School District,792,111,9
NH,33,5700,Pittsburg School District,832,91,11
NH,33,5730,Pittsfield School District,4204,600,97
NH,33,5760,Plainfield School District,2328,377,11
NH,33,5790,Plymouth School District,7017,378,49
NH,33,5820,Portsmouth School District,22035,2172,149
NH,33,5830,Profile School District,4465,284,37
NH,33,49,Prospect Mountain High School Joint Maintenance Agreement District,9991,514,29
NH,33,5880,Raymond School District,10522,1392,125
NH,33,33009,Rivendell Interstate School District,1240,169,17
NH,33,5940,Rochester School District,31097,4564,597
NH,33,5970,Rollinsford School District,2639,419,17
NH,33,6000,Rumney School District,1484,133,17
NH,33,6030,Rye School District,5498,758,28
NH,33,6060,Salem School District,29849,4304,223
NH,33,6080,Sanborn Regional School District,11035,1622,87
NH,33,6150,Seabrook School District,9006,648,84
NH,33,6180,Shaker Regional School District,9830,1432,131
NH,33,6240,Somersworth School District,12287,1840,227
NH,33,6260,Souhegan Cooperative School District,13932,927,37
NH,33,6270,South Hampton School District,853,114,3
NH,33,6330,Stark School District,524,59,5
NH,33,6360,Stewartstown School District,953,125,13
NH,33,6390,Stoddard School District,1213,168,16
NH,33,6420,Strafford School District,4165,746,28
NH,33,6450,Stratford School District,714,81,20
NH,33,6480,Stratham School District,7545,570,14
NH,33,3293,Sullivan School District,667,80,10
NH,33,6540,Sunapee School District,3312,469,23
NH,33,3275,Surry School District,732,72,4
NH,33,6600,Tamworth School District,2878,330,30
NH,33,6660,Thornton School District,2497,210,18
NH,33,6720,Timberlane Regional School District,25683,4071,143
NH,33,6750,Unity School District,1644,184,24
NH,33,6780,Wakefield School District,5117,654,56
NH,33,6870,Warren School District,907,125,18
NH,33,6900,Washington School District,1106,173,12
NH,33,6910,Waterville Valley School District,248,35,2
NH,33,6930,Weare School District,8986,1065,68
NH,33,6990,Wentworth School District,914,68,11
NH,33,7020,Westmoreland School District,1704,226,27
NH,33,7050,White Mountain Regional School District,8290,1134,135
NH,33,7115,Wilton-Lyndeborough School District,5483,857,51
NH,33,7140,Winchester School District,4281,637,106
NH,33,7170,Windham School District,14096,2549,68
NH,33,7200,Windsor School District,229,34,5
NH,33,7230,Winnacunnet Cooperative School District,31346,1326,78
NH,33,7300,Winnisquam Regional School District,11526,1650,139
