AL,ALABAMA,100005,Albertville City,107 W Main St,Albertville,35950,No,5445,0,6,Yes,Yes.1,Yes.2,TIMOTHY,TIDMORE,256-891-1183,ttidmore@albertk12.org,TIMOTHY.1,TIDMORE.1,256-891-1183.1,ttidmore@albertk12.org.1,TIMOTHY.2,TIDMORE.2,256-891-1183.2,ttidmore@albertk12.org.2,No.1,Yes.3,Yes.4,www.albertk12.org/apps/pages/index.jsp?uREC_ID=368921&type=d&termREC_ID=&pREC_ID=689254,Yes.5,No.2,Yes.6,Yes.7,Yes.8,Yes.9,No.3,No.4,Yes.10,No.5,1,6.1,127,0.1,Yes.11,-9,-9.1,-9.2,Yes.12,Yes.13,No.6,No.7,No.8
NH,NEW HAMPSHIRE,3300003,John Stark Regional School District,618 N. Stark Highway,Weare,3281,No,668,3,1,Yes,Yes,Yes,CHRISTOPHER,CORKERY,6035297675,christoperh.corkery@sau24.org,CHRISTOPHER,CORKERY,6035297675,christoperh.corkery@sau24.org,CHRISTOPHER,CORKERY,6035297675,christoperh.corkery@sau24.org,No,Yes,Yes,www.sau24.org/attachments/article/338/AC%20-%20Non-Discrimination%20Policy.pdf,No,-9,No,-9,-9,-9,-9,-9,-9,-9,-9,-9,-9,-9,-9,-9,-9,-9,No,-9,-9,-9,-9
NH,NEW HAMPSHIRE,3300017,Exeter Region Coop School District,30 Linden St.,Exeter,3833,No,2965,2,2,Yes,Yes,Yes,JAIME,SAWLER,(603)395-2400,jsawler@sau16.org,JAIME,SAWLER,(603)395-2400,jsawler@sau16.org,JAIME,SAWLER,(603)395-2400,jsawler@sau16.org,No,Yes,Yes,http://www.sau16.org/content/JICK_Pupil_Safety__Viol_11.10_revcoop.pdf,No,-9,No,-9,-9,-9,-9,-9,-9,-9,-9,-9,-9,-9,-9,-9,-9,-9,No,-9,-9,-9,-9
NH,NEW HAMPSHIRE,3300030,North Country Charter Academy,260 Cottage St. Suite A,Littleton,3561,No,99,0,2,Yes,Yes,Yes,LISA,LAVOIE,603-444-1535,llavoie@nccarteracademy.org,LISA,LAVOIE,603-444-1535,llavoie@nccharteracademy.org,LISA,LAVOIE,603-444-1535,llavoie@nccharteracademy.org,No,Yes,No,-9,No,-9,No,-9,-9,-9,-9,-9,-9,-9,-9,-9,-9,-9,-9,-9,-9,-9,No,-9,-9,-9,-9
NH,NEW HAMPSHIRE,3300031,Seacoast Charter School,171 Watson Rd.,Dover,3820,No,300,0,1,Yes,Yes,Yes,PETER,SWEET,6038425764,peters@seacoastcharterschool.org,PETER,SWEET,6038425764,peters@seacoastcharterschool.org,PETER,SWEET,6038425764,peters@seacoastcharterschool.org,No,Yes,Yes,https://static1.squarespace.com/static/5214c517e4b0153800ca3eec/t/57f5188eb3db2b8bb9bb61b4/1475680399765/BULLYING+POLICY.pdf,No,-9,No,-9,-9,-9,-9,-9,-9,-9,-9,-9,-9,-9,-9,-9,-9,-9,Yes,No,Yes,No,No
NH,NEW HAMPSHIRE,3300035,Gorham Randolph Shelburne Coop School District,123 Main St.,Gorham,3581,No,383,4,3,Yes,Yes,Yes,WAYNE,KING,603 466 2776,wayne.king@sau20.org,WAYNE,KING,603 466 2776,wayne.king@sau20.org,WAYNE,KING,603 466 2776,wayne.king@sau20.org,No,Yes,Yes,https://sites.google.com/a/sau20.org/sau20/policies/grs-coop-school-district-policies,Yes,No,Yes,No,Yes,No,Yes,No,No,No,0,0,0,0,No,No,No,No,Yes,Yes,No,No,No
NH,NEW HAMPSHIRE,3300036,Cocheco Academy of The Arts,40 Hampshire Circle,Dover,3820,No,58,0,1,Yes,Yes,Yes,JAMES,FRIEL,(603)742-0700,jfriel@cochecoarts.org,JAMES,FRIEL,(603)742-0700,jfriel@cochecoarts.org,MATTHEW,AZZARO,(603)742-0700,mazzaro@cochecoarts.org,No,Yes,No,-9,No,-9,No,-9,-9,-9,-9,-9,-9,-9,-9,-9,-9,-9,-9,-9,-9,-9,No,-9,-9,-9,-9
NH,NEW HAMPSHIRE,3300039,Surry Village Charter School,449 Route 12A,Surry,3431,No,91,0,1,Yes,Yes,Yes,MATORA,FIOREY,6034396030,matora@surryvillagecharterschool.org,MATORA,MATORA,6034396030,matora@surryvillagecharterschool.org,BARBARA,BRYCE,6033579700,barbara@surryvillagecharterschool.org,No,Yes,Yes,http://www.surryvillagecharterschool.org/school-information/policies,No,-9,No,-9,-9,-9,-9,-9,-9,-9,-9,-9,-9,-9,-9,-9,-9,-9,Yes,No,Yes,Yes,No
NH,NEW HAMPSHIRE,3300040,Academy for Science and Design Charter School,486 Amherst St.,Nashua,3063,No,503,0,2,Yes,Yes,Yes,KYM,HARMON,6035954705,kym.harmon@asdnh.org,KYM,HARMON,6035954705,kym.harmon@asdnh.org,JESSICA,GOLDEN,6035954705,jessica.golden@asdnh.org,No,Yes,Yes,asdnh.org,No,-9,No,-9,-9,-9,-9,-9,-9,-9,-9,-9,-9,-9,-9,-9,-9,-9,No,-9,-9,-9,-9
NH,NEW HAMPSHIRE,3300041,CSI Charter School,26 Washington St.,Penacook,3303,No,51,0,1,Yes,Yes,Yes,CHRISTINE,BARRY,603-753-0194,cbarry@csicharterschool.org,CHRISTINE,BARRY,603-753-0194,cbarry@csicharterschool.org,SEELYE,LONGNECKER,603-753-0194,slongnecker@csicharterschool.org,No,Yes,Yes,https://docs.google.com/document/d/1Fg2sk-dzdd1UC-MTuy_NA1a2JB_aTcjWGs8dNm2VGwM/edit,No,-9,No,-9,-9,-9,-9,-9,-9,-9,-9,-9,-9,-9,-9,-9,-9,-9,No,-9,-9,-9,-9
NH,NEW HAMPSHIRE,3300042,Strong Foundations Charter School,715 Riverwood Dr.,Pembroke,3275,No,254,0,1,Yes,Yes,Yes,BETH,MCCLURE,603-225-2715,bmcclure@sfnh.org,BETH,MCCLURE,603-225-2715,bmcclure@sfnh.org,MEGAN,ELPHICK,603-225-2715,melphick@sfnh.org,No,Yes,Yes,https://www.strongfoundationsnh.org/students-families/handbook.html,No,-9,No,-9,-9,-9,-9,-9,-9,-9,-9,-9,-9,-9,-9,-9,-9,-9,No,-9,-9,-9,-9
NH,NEW HAMPSHIRE,3300043,Ledyard Charter Academy,PO Box 327,Lebanon,3766,No,39,0,1,Yes,Yes,Yes,WENDY,KOZAK,603-727-4772,WKOZAK.LCS@GMAIL.COM,LISA,SWETT,603-727-4772,lswett.lcs@gmail.com,JOHN,HIGGINS,603-727-4772,JHIGGINS.LCS@GMAIL.COM,No,Yes,Yes,LEDYARDCHARTERSCHOOL.ORG,No,-9,No,-9,-9,-9,-9,-9,-9,-9,-9,-9,-9,-9,-9,-9,-9,-9,No,-9,-9,-9,-9
NH,NEW HAMPSHIRE,3300048,Great Bay Charter School,30 Linden St.,Exeter,3833,No,136,0,2,Yes,Yes,Yes,PETER,STACKHOUSE,603-775-8638,pstackhouse@gbecs.org,PETER,STACKHOUSE,603-775-8638,pstackhouse@gbecs.org,PETER,STACKHOUSE,603-775-8638,pstackhouse@gbecs.org,No,Yes,Yes,www.gbecs.org,No,-9,No,-9,-9,-9,-9,-9,-9,-9,-9,-9,-9,-9,-9,-9,-9,-9,No,-9,-9,-9,-9
NH,NEW HAMPSHIRE,3300049,Prospect Mountain School District,242 Suncook Valley Rd.,Alton,3809,No,515,0,1,Yes,Yes,Yes,JUSTIN,CARLONI,603-875-3800,jcarloni@pmhschool.com,JUSTIN,CARLONI,6038753800,jcarloni@pmhschool.com,LOIS,STEVENS,6038753800,lstevens@pmhschool.com,No,Yes,Yes,www.pmhschool.com,No,-9,No,-9,-9,-9,-9,-9,-9,-9,-9,-9,-9,-9,-9,-9,-9,-9,No,-9,-9,-9,-9
NH,NEW HAMPSHIRE,3300616,Milton School District,20 School Street,Milton,3851,No,514,10,3,Yes,Yes,Yes,IRWIN,SUSSMAN,(603)652-0262,earl.sussman@sau64.org,IRWIN,SUSSMAN,(603)652-0262,earl.sussman@sau64.org,IRWIN,SUSSMAN,(603)652-0262,earl.sussman@sau64.org,No,Yes,Yes,https://www.sau64.org/sites/miltonnhps/files/uploads/jick_-_pupil_safety_and_violence_prevention_-_bullying.pdf,No,-9,Yes,No,No,Yes,No,Yes,Yes,No,0,5,15,0,Yes,-9,-9,-9,Yes,Yes,No,No,No
NH,NEW HAMPSHIRE,3301380,Allenstown School District,SAU #53,Pembroke,3275,No,368,4,2,Yes,Yes,Yes,KAREN,GUERCIA,603-485-5187,kguercia@sau53.org,KAREN,GUERCIA,603-485-5187,kguercia@sau53.org,KAREN,GUERCIA,603-485-5187,kguercia@sau53.org,No,Yes,Yes,https://sau53org.sharepoint.com/:b:/s/boards/Ebuo7HvzkqFFmPzvCPa_QUsBMaeyLi48h7ISSwQFyeRaAg?e=UE6gI3,No,-9,No,-9,-9,-9,-9,-9,-9,-9,-9,-9,-9,-9,-9,-9,-9,-9,Yes,Yes,No,No,No
NH,NEW HAMPSHIRE,3301440,Alton School District,252 Suncook Valley Rd.,Alton,3809,No,427,5,1,Yes,Yes,Yes,JOHN,MACARTHUR,603-875-7500,jmacarthur@sau72.org,JOHN,MACARTHUR,603-875-7500,jmacarthur@sau72.org,SHAY,CASSILY,603-875-7500,scassily@sau72.org,No,Yes,Yes,https://www.myacs.org/site/handlers/filedownload.ashx?moduleinstanceid=1138&dataid=2015&FileName=JICK%20Pupil%20Safety%20and%20Violence%20Prenvention%20Policy%20-%20Bullying9-12-16.pdf,No,-9,Yes,No,No,Yes,No,Yes,Yes,Yes,0,13,26,39,Yes,-9,-9,-9,Yes,Yes,No,No,No
NH,NEW HAMPSHIRE,3301470,Amherst School District,PO Box 849,Amherst,3031,No,1325,4,2,Yes,Yes,Yes,MARGARET,BEAUCHAMP,603-673-2690 x2118,mbeauchamp@sprise.com,MARGARET,BEAUCHAMP,603-673-2690 x2118,mbeauchamp@sprise.com,MARGARET,BEAUCHAMP,603-673-2690 x2118,mbeauchamp@sprise.com,No,Yes,Yes,https://www.sau39.org/Page/785,No,-9,Yes,No,No,No,Yes,Yes,Yes,Yes,0,18,22,0,Yes,-9,-9,-9,Yes,Yes,No,No,No
NH,NEW HAMPSHIRE,3301500,Andover School District,105 Community Dr.,Penacook,3303,No,237,2,1,Yes,Yes,Yes,RANDY,WORMALD,603-753-6561,rwormald@mvsdpride.org,RANDY,WORMALD,603-753-6561,rwormald@mvsdpride.org,RANDY,WORMALD,603-753-6561,rwormald@mvsdpride.org,No,Yes,Yes,https://drive.google.com/drive/folders/0B8Y7yLWy9sxNZHBydTZYb2dvTXc,No,-9,Yes,No,No,Yes,No,Yes,Yes,No,0,0,0,0,No,Yes,No,No,Yes,Yes,No,No,No
NH,NEW HAMPSHIRE,3301560,Ashland School District,103 Main St.,Meredith,3253,No,159,0,1,Yes,Yes,Yes,CHARLES,DICECCA,603-279-7947,chuck.dicecca@interlakes.org,CHARLES,DICECCA,602-279-7947,chuck.dicecca@interlakes.org,CHARLES,DICECCA,603-279-7947,chuck.dicecca@interlakes.org,No,Yes,Yes,http://www.sau2.k12.nh.us/ashland-policies/11-ashland-elementary-school/ashland-policies/13-5000-series-policies.html,No,-9,No,-9,-9,-9,-9,-9,-9,-9,-9,-9,-9,-9,-9,-9,-9,-9,Yes,Yes,No,Yes,No
NH,NEW HAMPSHIRE,3301590,Auburn School District,90 Farmer Rd.,Hooksett,3106,No,606,321,1,Yes,Yes,Yes,DEENA,JENSEN,(603)483-2769 x1226,djensen@sau15.net,DEENA,JENSEN,(603)483-2769 x1226,djensen@sau15.net,DEENA,JENSEN,(603)483-2769 x1226,djensen@sau15.net,No,Yes,Yes,https://auburnschoolboard.sau15.net/policy-manual/pupil-safety-violence-prevention-bullying/,No,-9,Yes,No,No,Yes,Yes,No,No,No,0,6,5,7,No,Yes,No,No,Yes,No,No,Yes,No
NH,NEW HAMPSHIRE,3301620,Barnstead School District,PO Box 250,Barnstead,3218,No,490,0,1,Yes,Yes,Yes,TIM,RICE,603-269-5161 x301,trice@mybes.org,TIM,RICE,603-269-5161 x301,trice@mybes.org,TIM,RICE,603-269-5161 x301,trice@mybes.org,No,Yes,Yes,www.barnstead.k12.nh.us,No,-9,Yes,No,No,Yes,No,Yes,Yes,Yes,0,3,12,4,Yes,-9,-9,-9,No,-9,-9,-9,-9
NH,NEW HAMPSHIRE,3301650,Barrington School District,572 Calef Highway,Barrington,3825,No,934,0,3,Yes,Yes,Yes,DEANNAH,RAE,(603)664-2715,drae@sau74.org,DEANNAH,RAE,(603)664-2715,drae@sau74.org,DEANNAH,RAE,(603)664-2715,drae@sau74.org,No,Yes,Yes,www.sau74.org,No,-9,Yes,No,No,Yes,Yes,Yes,Yes,No,0,18,21,1,No,Yes,No,No,Yes,Yes,No,No,No
NH,NEW HAMPSHIRE,3301680,Bartlett School District,PO Box 396,Bartlett,3812,No,185,6,1,Yes,Yes,Yes,PAM,STIMPSON,603-447-8951,p_stimpson@sau9.org,PAM,STIMPSON,603-447-8951,p_stimpson@sau9.org,PAM,STIMPSON,603-447-8951,p_stimpson@sau9.org,No,Yes,Yes,http://sau9.ss12.sharpschool.com/common/pages/DisplayFile.aspx?itemId=102667,No,-9,Yes,No,No,Yes,No,No,No,No,0,3,3,0,No,Yes,No,No,Yes,Yes,No,No,No
NH,NEW HAMPSHIRE,3301710,Bath School District,2975 Dartmouth College Hwy.,N. Haverhill,3774,No,77,0,1,Yes,Yes,Yes,LAURIE,MELANSON,603-787-2113 x118,lmelanson@sau23.org,LAURIE,MELANSON,603-787-2113 x118,lmelanson@sau23.org,TRISH,GRISWOLD,603-787-2113,tgriswold@sau23.org,No,Yes,Yes,www.sau23.org/home/policies,No,-9,No,-9,-9,-9,-9,-9,-9,-9,-9,-9,-9,-9,-9,-9,-9,-9,Yes,Yes,No,No,No
NH,NEW HAMPSHIRE,3301740,Bedford School District,103 County Rd.,Bedford,3110,No,4458,16,6,Yes,Yes,Yes,MICHAEL,FOURNIER,(603)472-3755,fournierm@sau25.net,MICHAEL,FOURNIER,(603)472-3755,fournierm@sau25.net,KATHLEEN,MCKECHNIE,(603)472-3755,mckechniek@sau25.net,No,Yes,Yes,http://www.sau25.net,No,-9,Yes,Yes,No,Yes,Yes,Yes,Yes,Yes,0,23,34,6,Yes,-9,-9,-9,Yes,No,Yes,Yes,No
NH,NEW HAMPSHIRE,3301860,Berlin School District,183 Hillside Ave.,Berlin,3570,No,1144,19,4,Yes,Yes,Yes,MARTHA,MILLER,(603)752-5068,mmiller@sau3.org,MARTHA,MILLER,(603)752-5068,mmiller@sau3.org,MARTHA,MILLER,(603)752-5068,mmiller@sau3.org,No,Yes,Yes,https://www.sau3.org/cms/lib/NH02217059/Centricity/shared/a_%20%20foundations%20and%20basic%20commitments/AC%20-%20Non%20Discrimination%20-%20Revised.pdf,No,-9,Yes,No,No,No,Yes,Yes,Yes,No,0,11,18,0,Yes,-9,-9,-9,Yes,Yes,No,No,No
NH,NEW HAMPSHIRE,3301890,Bethlehem School District,260 Cottage Street,Littleton,3561,No,157,0,1,Yes,Yes,Yes,MIKE,NEVELN,603-869-5842,mneveln@bethlehem.k12.nh.us,MIKE,NEVELN,603-869-5842,mneveln@bethlehem.k12.nh.us,MIKE,NEVELN,603-869-5842,mneveln@bethlehem.k12.nh.us,No,Yes,Yes,http://bethlehem.k12.nh.us/bes-handbook.html,No,-9,Yes,No,No,Yes,No,Yes,Yes,No,0,9,3,0,Yes,-9,-9,-9,Yes,Yes,No,No,No
NH,NEW HAMPSHIRE,3301950,Bow School District,55 Falcon Way,Bow,3304,No,1694,12,3,Yes,Yes,Yes,TAMARA,MACALLISTER,603 224 4728,tmacallister@bownet.org,TAMARA,MACALLISTER,603 224 4728,tmacallister@bownet.org,TAMARA,MACALLISTER,603 224 4728,tmacallister@bownet.org,No,Yes,Yes,https://sites.google.com/a/bownet.org/bow-school-board/policies,No,-9,Yes,No,No,Yes,Yes,Yes,Yes,Yes,0,10,14,0,No,Yes,No,No,Yes,Yes,No,No,No
NH,NEW HAMPSHIRE,3302010,Brentwood School District,30 Linden St.,Exeter,3833,No,312,0,1,Yes,Yes,Yes,JAIME,SAWLER,603-395-2400,jsawler@sau16.org,JAIME,SAWLER,603-395-2400,jsawler@sau16.org,JAIME,SAWLER,603-395-2400,jsawler@sau16.org,No,Yes,Yes,http://www.sau16.org/content/JICK_Pupil_Safety__Viol_11.10_revcoop.pdf,No,-9,Yes,No,No,Yes,Yes,Yes,Yes,Yes,0,2,3,0,Yes,-9,-9,-9,Yes,Yes,No,Yes,No
NH,NEW HAMPSHIRE,3302070,Brookline School District,4 Lund Ln.,Hollis,3049,No,543,0,2,Yes,Yes,Yes,ANDREW,COREY,(603) 324-5999 x5915,andrew.corey@sau41.org,ANDREW,COREY,(603) 324-5999 x5915,andrew.corey@sau41.org,ANDREW,COREY,(603) 324-5999 x5915,andrew.corey@sau41.org,No,Yes,Yes,http://z2policy.ctspublish.com/policy/Z2Browser2.html?showset=brooklineset,No,-9,No,-9,-9,-9,-9,-9,-9,-9,-9,-9,-9,-9,-9,-9,-9,-9,Yes,Yes,Yes,Yes,No
NH,NEW HAMPSHIRE,3302100,Campton School District,47 Old Ward Bridge Rd.,Plymouth,3264,No,309,0,1,Yes,Yes,Yes,KYLA,WELCH,(603)536-1254,kwelch@pemibaker.org,KYLA,WELCH,(603)536-1254,kwelch@pemibaker.org,KIM,DISALVO,(603)536-1254,kdisalvo@pemibaker.org,No,Yes,Yes,https://www.sau48.org/Page/1766,No,-9,Yes,No,No,Yes,No,Yes,Yes,No,0,10,13,0,Yes,-9,-9,-9,Yes,Yes,No,No,No
NH,NEW HAMPSHIRE,3302130,Candia School District,12 Deerfield Rd,Candia,3034,No,297,10,1,Yes,Yes,Yes,BECKY,WING,(603) 483-2251,bwing@sau15.net,BECKY,WING,(603) 483-2251,bwing@sau15.net,BECKY,WING,(603) 483-2251,bwing@sau15.net,No,Yes,Yes,https://candiaschoolboard.sau15.net/policy-manual/nondiscrimination-policy-notice/,No,-9,No,-9,-9,-9,-9,-9,-9,-9,-9,-9,-9,-9,-9,-9,-9,-9,Yes,Yes,No,No,No
NH,NEW HAMPSHIRE,3302250,Chester School District,Chester Academy,Chester,3036,No,498,0,1,Yes,Yes,Yes,DR. ANN,GAFFNEY,603-887-3621,gaffneya@chesteracademy.org,DR. ANN,GAFFNEY,603-887-3621,gaffneya@chesteracademy.org,DR. ANN,GAFFNEY,603-887-3621,gaffneya@chesteracademy.org,No,Yes,Yes,www.chesteracademy.org,Yes,Yes,Yes,No,No,No,Yes,Yes,Yes,Yes,0,6,10,0,No,Yes,No,No,Yes,No,No,Yes,No
NH,NEW HAMPSHIRE,3302280,Chesterfield School District,193 Maple Avenue,Keene,3431,No,281,4,1,Yes,Yes,Yes,NANCY,DEUTSCH,603-357-9002 x 213,ndeutsch@sau29.org,ROBERT,MALAY,603-357-9002 x 226,rmalay@sau29.org,RICHARD,MATTE,603-357-9002 x 230,rmatte@sau29.org,No,Yes,Yes,https://www.sau29.org/,No,-9,No,-9,-9,-9,-9,-9,-9,-9,-9,-9,-9,-9,-9,-9,-9,-9,Yes,Yes,No,No,No
NH,NEW HAMPSHIRE,3302310,Chichester School District,SAU #53,Pembroke,3275,No,198,1,1,Yes,Yes,Yes,KAREN,GUERCIA,603-485-5187,kguercia@sau53.org,KAREN,GUERCIA,603-485-5187,kguercia@sau53.org,KAREN,GUERCIA,603-485-5187,kguercia@sau53.org,No,Yes,Yes,https://sau53org.sharepoint.com/:b:/s/boards/ERQt2mqthTtHrN2Ch39VARABmelDEyHnHKMRyIDgQwjv_A?e=ZnDQZc,No,-9,No,-9,-9,-9,-9,-9,-9,-9,-9,-9,-9,-9,-9,-9,-9,-9,Yes,Yes,No,No,No
NH,NEW HAMPSHIRE,3302340,Claremont School District,165 Broad St.,Claremont,3743,No,1794,30,6,Yes,Yes,Yes,KEITH,PFEIFER,603-543-4200,kpfeifer@sau6.org,KEITH,PFEIFER,603-543-4200,kpfeifer@sau6.org,KEITH,PFEIFER,603-543-4200,kpfeifer@sau6.org,No,Yes,Yes,https://docs.google.com/document/d/1PZIaIbEa2GNhS_kEUcppIo4BkeLYAs2JRxjEyogDFJI/edit,Yes,Yes,Yes,No,No,No,Yes,Yes,Yes,Yes,10,30,24,1,No,Yes,Yes,Yes,Yes,Yes,No,No,No
NH,NEW HAMPSHIRE,3302400,Colebrook School District,21 Academy St.,Colebrook,3576,No,346,6,2,Yes,Yes,Yes,JENNIFER,NOYES,(603)237-5571,Jnoyes@sau7.org,JENNIFER,NOYES,(603)237-5571,Jnoyes@sau7.org,MANDIE,HIBBARD,(603)237-5571 x17,mhibbard@sau7.org,No,Yes,Yes,www.colebrookschools.org,No,-9,Yes,No,No,Yes,No,Yes,Yes,No,0,2,7,0,Yes,-9,-9,-9,Yes,Yes,No,No,No
NH,NEW HAMPSHIRE,3302460,Concord School District,38 Liberty St.,Concord,3301,Yes,4546,0,7,Yes,Yes,Yes,ROBERT,BELMONT,603-225-0811,rbelmont@sau8.org,ROBERT,BELMONT,603-225-0811,rbelmont@sau8.org,ROBERT,BELMONT,603-225-0811,rbelmont@sau8.ogr,No,Yes,Yes,www.sau8.org,No,-9,Yes,No,No,Yes,Yes,Yes,Yes,No,0,41,42,0,Yes,-9,-9,-9,Yes,No,No,Yes,No
NH,NEW HAMPSHIRE,3302480,Contoocook Valley School District,106 Hancock Rd.,Peterborough,3458,No,2191,0,11,Yes,Yes,Yes,ANN,FORREST,(603) 924-3336 x2026,aforrest@conval.edu,ANN,FORREST,(603) 924-3336 x2026,aforrest@conval.edu,CARI,CHRISTIAN-COATES,(603) 924-7503 x2048,ccoates@conval.edu,No,Yes,Yes,http://schoolboard.convalsd.net/district-policies/jkaa-use-of-restraint-seclusion-and-physical-contact/,No,-9,Yes,No,No,Yes,Yes,Yes,Yes,Yes,0,21,39,2,Yes,-9,-9,-9,Yes,Yes,No,No,No
NH,NEW HAMPSHIRE,3302490,Conway School District,176A Main St.,Conway,3818,No,1784,30,5,Yes,Yes,Yes,PAM,STIMPSON,603-447-8951,p_stimpson@sau9.org,PAM,STIMPSON,603-447-8951,p_stimpson@sau9.org,PAM,STIMPSON,603-447-8951,p_stimpson@sau9.org,No,Yes,Yes,http://sau9.org/common/pages/DisplayFile.aspx?itemid=103486,No,-9,Yes,No,No,Yes,No,No,No,No,0,9,14,0,No,Yes,No,No,Yes,Yes,No,No,No
NH,NEW HAMPSHIRE,3302520,Cornish School District,274 Townhouse Road,Cornish,3745,No,90,0,1,Yes,Yes,Yes,FRANK,PERROTTI,(603)675-5891,frank.perrotti@cornishschool.org,FRANK,PERROTTI,(603)675-5891,frank.perrotti@cornishschool.org,FRANK,PERROTTI,(603)675-5891,frank.perrotti@cornishschool.org,No,Yes,Yes,cornishschool.org,Yes,Yes,Yes,No,No,Yes,No,No,Yes,No,0,0,9,0,No,Yes,No,Yes,Yes,Yes,No,No,No
NH,NEW HAMPSHIRE,3302550,Croydon School District,889 NH Rt. 10,Croydon,3773,No,28,1,1,Yes,Yes,Yes,PATRICIA,LALLY,603-863-8080,plally@croydonsd.org,PATRICIA,LALLY,603-863-8080,plally@croydonsd.org,MADELYN,CRUDO BURKE,603-863-8080,mcburke@croydonsd.org,No,Yes,No,-9,No,-9,Yes,No,No,Yes,No,No,No,No,0,0,1,0,No,Yes,No,No,Yes,Yes,No,No,No
NH,NEW HAMPSHIRE,3302580,Deerfield School District,Pembroke Academy,Pembroke,3275,No,515,3,1,Yes,Yes,Yes,KAREN,GUERCIA,603-485-5187,kguercia@sau53.org,KAREN,GUERCIA,603-485-5187,kguercia@sau53.org,KAREN,GUERCIA,603-485-5187,kguercia@sau53.org,No,Yes,Yes,https://sau53org.sharepoint.com/:b:/s/boards/ESRoNI4BLXhJkI4ZS6RQttwB4qZFgqP9nZ9yew0AYNn0Ug?e=kVuvqc,No,-9,Yes,No,No,Yes,Yes,Yes,Yes,No,0,17,21,0,No,Yes,No,Yes,Yes,Yes,No,No,No
NH,NEW HAMPSHIRE,3302610,Derry School District,18 South Main St.,Derry,3038,No,3315,41,8,Yes,Yes,Yes,KATHERINE,KENNEDY,603-432-1210,kkennedy@sau10.org,JESSICA,BENSON,603-432-1210,jbenson@sau10.org,JESSICA,BENSON,603-432-1210,jbenson@sau10.org,No,Yes,Yes,sau10.org/school-board/policies/section-j,No,-9,Yes,No,No,No,No,Yes,Yes,Yes,0,43,51,1,Yes,-9,-9,-9,Yes,No,Yes,Yes,No
NH,NEW HAMPSHIRE,3302640,Dover School District,McConnell Center 61 Locust St,Dover,3820,Yes,4047,30,6,Yes,Yes,Yes,TAMMY,BADGER,603-516-6804,T.BADGER@DOVER.K12.NH.US,TAMMY,BADGER,603-516-6804,T.BADGER@DOVER.K12.NH.US,TAMMY,BADGER,603-516-6804,T.BADGER@DOVER.K12.NH.US,No,Yes,Yes,https://4.files.edl.io/3c6c/08/07/18/145802-aa542a59-1a20-4b6c-9c3f-6d9d1d39cd36.pdf,No,-9,Yes,No,No,Yes,Yes,Yes,Yes,Yes,0,0,21,50,No,Yes,Yes,Yes,Yes,Yes,No,No,No
NH,NEW HAMPSHIRE,3302670,Dresden School District,41 Lebanon St.,Hanover,3755,No,1096,0,2,Yes,No,Yes,CHRIS,SIEBEL,6036433431,chris.siebel@hanovernorwichschools.org,-9,-9,-9,-9,RHETT,DARAK,6036436050,rhett.darak@hanovernorwichschools.org,No,Yes,Yes,https://www.frms.org/our-school/clone-of-clone-clone#policies,No,-9,No,-9,-9,-9,-9,-9,-9,-9,-9,-9,-9,-9,-9,-9,-9,-9,No,-9,-9,-9,-9
NH,NEW HAMPSHIRE,3302760,Dunbarton School District,55 Falcon Way,Bow,3304,No,247,5,1,Yes,Yes,Yes,TAMARA,MACALLISTER,603 224 4728,tmacallister@bownet.org,TAMARA,MACALLISTER,603 224 4728,tmacallister@bownet.org,TAMARA,MACALLISTER,603 224 4728,tmacallister@bownet.org,No,Yes,Yes,https://sites.google.com/a/dunbarton.k12.nh.us/dunbarton-school-board/policies,No,-9,Yes,No,No,Yes,No,Yes,No,No,0,3,3,0,No,Yes,No,No,Yes,Yes,No,No,No
NH,NEW HAMPSHIRE,3302790,East Kingston School District,30 Linden St.,Exeter,3833,No,146,0,1,Yes,Yes,Yes,JAIME,SAWLER,(603)395-2400,jsawler@sau16.org,JAIME,SAWLER,(603)395-2400,jsawler@sau16.org,JAIME,SAWLER,(603)395-2400,jsawler@sau16.org,No,Yes,Yes,http://www.sau16.org/content/JICK_Pupil_Safety__Viol_11.10_revcoop.pdf,No,-9,No,-9,-9,-9,-9,-9,-9,-9,-9,-9,-9,-9,-9,-9,-9,-9,Yes,Yes,No,No,No
NH,NEW HAMPSHIRE,3302880,Epping School District,213 Main St.,Epping,3042,No,993,5,3,Yes,Yes,Yes,CATHRINE,ZYLINSKI,603-679-8003 X2,czylinski@eppingsd.org,CATHERINE,ZYLINSKI,603-679-8003 X2,czylinski@eppingsd.org,CATHERINE,ZYLINSKI,603-679-8003 x2,czylinski@eppingsd.org,No,Yes,Yes,www.sau14.org,No,-9,Yes,No,No,Yes,Yes,Yes,Yes,Yes,0,9,11,1,Yes,-9,-9,-9,Yes,Yes,No,No,No
NH,NEW HAMPSHIRE,3302910,Epsom School District,SAU #53,Pembroke,3275,No,430,6,1,Yes,Yes,Yes,KAREN,GUERCIA,603-485-5187,kguercia@sau53.org,KAREN,GUERCIA,603-485-5187,kguercia@sau53.org,KAREN,GUERCIA,603-485-5187,kguercia@sau53.org,No,Yes,Yes,https://sau53org.sharepoint.com/:b:/s/boards/EcRxn2A916FOqFnlHKohle4BIwxJmIurM6ETv2R74uLXmQ?e=KhJctX,No,-9,No,-9,-9,-9,-9,-9,-9,-9,-9,-9,-9,-9,-9,-9,-9,-9,Yes,No,No,Yes,No
NH,NEW HAMPSHIRE,3302940,Errol School District,123 Main St.,Errol,3579,No,16,0,1,Yes,Yes,Yes,KATHY,URSO,(603) 482-3341,kathleen.urso@sau20.org,KATHY,URSO,603-482-3341,kathleen.urso@sau20.org,KATHY,URSO,603-482-3341,kathleen.urso@sau20.org,No,Yes,No,-9,No,-9,No,-9,-9,-9,-9,-9,-9,-9,-9,-9,-9,-9,-9,-9,-9,-9,Yes,Yes,No,No,No
NH,NEW HAMPSHIRE,3302970,Exeter School District,30 Linden St.,Exeter,3833,No,987,0,2,Yes,Yes,Yes,JAIME,SAWLER,603-395-2400,jsawler@sau16.org,JAIME,SAWLER,603-395-2400,jsawler@sau16.org,JAIME,SAWLER,603-395-2400,jsawler@sau16.org,No,Yes,Yes,http://www.sau16.org/content/JICK_Pupil_Safety__Viol_11.10_revcoop.pdf,No,-9,Yes,No,No,Yes,Yes,Yes,Yes,Yes,0,3,25,0,Yes,-9,-9,-9,Yes,Yes,No,No,No
NH,NEW HAMPSHIRE,3302990,Fall Mountain Regional School District,PO Box 720,Langdon,3602,No,1543,0,12,Yes,Yes,Yes,LORI,LANDRY,603-835-0006,llandry@sau60.org,LORI,LANDRY,603-835-0006,llandry@sau60.org,LORI,LANDRY,603-835-0006,llandry@sau60.org,No,Yes,Yes,https://docs.google.com/document/d/1AOi7vt23X2oYQRyoEIC8FTwXo1-ZcundUeEZDOYA9Ho/edit,No,-9,Yes,No,No,Yes,No,No,Yes,Yes,0,0,0,0,Yes,-9,-9,-9,Yes,Yes,No,No,No
NH,NEW HAMPSHIRE,3303000,Farmington School District,35 School Street,Farmington,3835,No,871,16,3,Yes,Yes,Yes,DIANA,DENITTO,6037552627,ddenitto@sau61.org,DIANA,DENITTO,6037552627,ddenitto@sau61.org,DIANA,DENITTO,6037552627,ddenitto@sau61.org,No,Yes,Yes,http://www.sau61.org/doc-s-policies/docs-and-policies,No,-9,Yes,No,No,Yes,Yes,Yes,Yes,Yes,0,14,21,0,Yes,-9,-9,-9,Yes,Yes,No,No,No
NH,NEW HAMPSHIRE,3303090,Franklin School District,119 Central St.,Franklin,3235,No,1017,1,4,Yes,No,Yes,DANNY,SYLVESTER,603-934-5441,DSYLVESTER@SAU18.ORG,-9,-9,-9,-9,DESIREE,SMITH,603-934-5441,DSMITH@SAU18.ORG,No,Yes,Yes,http://www.franklin.k12.nh.us/policies_sectionj.cfm,No,-9,Yes,No,No,Yes,No,No,No,No,0,9,20,0,No,Yes,No,No,Yes,Yes,No,No,No
NH,NEW HAMPSHIRE,3303120,Freedom School District,881A Tamworth Road,Tamworth,3886,No,86,0,1,Yes,Yes,Yes,PAUL,BORSH,603-323-5088,pborsh@sau.org,PAUL,BORSH,603-323-5088,pborsch@sau13.org,PAUL,BORSH,603-323-5088,pborsh@sau13.org,No,Yes,Yes,sau13.org,No,-9,Yes,No,No,Yes,Yes,Yes,Yes,Yes,0,0,2,0,Yes,-9,-9,-9,Yes,Yes,No,No,No
NH,NEW HAMPSHIRE,3303150,Fremont School District,432 MAIN STREET,FREMONT,3044,No,411,0,1,Yes,Yes,Yes,MELISSA,MCKEON,603-895-2511 X431,mmckeon@sau83.org,MELISSA,MCKEON,603-895-2511 X431,mmckeon@sau83.org,MELISSA,MCKEON,603-895-2511 X431,mmckeon@sau83.org,No,Yes,Yes,https://sau83.org/apps/pages/index.jsp?uREC_ID=371237&type=d&termREC_ID=&pREC_ID=687831,No,-9,Yes,No,No,No,Yes,Yes,Yes,No,0,13,1,0,Yes,-9,-9,-9,Yes,Yes,No,No,No
NH,NEW HAMPSHIRE,3303180,Gilford School District,2 Belknap Mountain Road,Gilford,3249,No,1157,1,3,Yes,Yes,Yes,ESTHER,KENNEDY,603-527-9215,ekennedy@sau73.org,ESTHER,KENNEDY,603-527-9215,ekennedy@sau73.org,ESTHER,KENNEDY,603-527-9215,ekennedy@sau73.org,No,Yes,Yes,http://www.sau73.org/sau-information/policies,No,-9,Yes,No,No,Yes,No,No,No,No,0,3,3,0,No,Yes,No,No,Yes,Yes,No,No,No
NH,NEW HAMPSHIRE,3303210,Gilmanton School District,PO Box 309,Gilmanton,3237,No,404,5,1,Yes,Yes,Yes,PAULA,MERCIER,603 364 5681,Pmercier@sau79.org,PAULA,MERCIER,603 364 5681,Pmercier@sau79.org,KATIE,MACMANN,6033645681,kmakmann@sau79.org,No,Yes,Yes,http://www.sau79.org/policies-a,No,-9,Yes,No,No,Yes,No,No,Yes,No,0,0,0,0,No,Yes,No,No,Yes,Yes,No,No,No
NH,NEW HAMPSHIRE,3303240,Goffstown School District,11 School St.,Goffstown,3045,No,2813,7,5,Yes,Yes,Yes,MARYCLAIRE,BARRY,(603)497-4818,maryclaire.barry@sau19.org,KATHERINE,MAGRATH,(603)497-4818,katherine.magrath@sau19.org,JOYCE,LEWIS,(603)497-4841,joyce.lewis@sau19.org,No,Yes,Yes,https://www.goffstown.k12.nh.us/index.php/special-projects/20-anti-bullying-project,No,-9,Yes,No,No,Yes,Yes,Yes,Yes,No,0,24,32,0,No,Yes,No,No,Yes,No,No,Yes,No
NH,NEW HAMPSHIRE,3303271,Virtual Learning Academy Charter School,30 Linden St.,Exeter,3833,No,467,0,2,Yes,Yes,Yes,MEGHAN,GRANGER,603-778-2500,mgranger@vlacs.org,TONY,BALDASARO,603-778-2500,tbaldasaro@vlacs.org,MEGHAN,GRANGER,603-778-2500,mgranger@vlacs.org,No,Yes,Yes,https://1wqhn31rem8k4b1wpl463ci2-wpengine.netdna-ssl.com/wp-content/uploads/2015/09/AC-Non-Discrimination.pdf,No,-9,No,-9,-9,-9,-9,-9,-9,-9,-9,-9,-9,-9,-9,-9,-9,-9,No,-9,-9,-9,-9
NH,NEW HAMPSHIRE,3303276,Mason School District,13 Darling Hill Road,Mason,3048,No,76,0,1,Yes,Yes,Yes,KRISTEN,KIVELA,603-878-2962,kkivela@sau89.org,KRISTEN,KIVELA,603-878-2962,kkivela@sau89.org,KRISTEN,KIVELA,603-878-2962,kkivela@sau89.org,No,Yes,Yes,www.mason.sau89.org,No,-9,Yes,No,No,Yes,Yes,Yes,Yes,No,0,1,10,0,Yes,-9,-9,-9,Yes,No,No,Yes,No
NH,NEW HAMPSHIRE,3303280,Mill Falls Charter School District,100 William Loeb Dr.,Manchester,3109,No,168,0,1,Yes,Yes,Yes,LAURA,WRUBLESKI,603-232-5176,laura.wrubleski@millfalls.org,LAURA,WRUBLESKI,603-232-5176,laura.wrubleski@millfalls.org,LAURA,WRUBLESKI,603-232-5176,laura.wrubleski@millfalls.org,No,Yes,Yes,https://millfalls.org/wp-content/uploads/2018/09/MFCS_2018_FamilyHandbook.pdf,No,-9,No,-9,-9,-9,-9,-9,-9,-9,-9,-9,-9,-9,-9,-9,-9,-9,Yes,No,No,Yes,No
NH,NEW HAMPSHIRE,3303286,The Birches Academy for Academics & Art:A Public Charter Sch,419 South Broadway,Salem,3079,No,222,0,1,Yes,Yes,Yes,JESSICA,WACHSMAN,603-458-6399,jessicaw@birchesacademy.org,JESSICA,WACHSMAN,603-458-6399,jessicaw@birchesacademy.org,TOBE,CROCKER,603-458-6399,tobec@birchesacademy.org,No,Yes,Yes,www.birchesacademy.org,No,-9,No,-9,-9,-9,-9,-9,-9,-9,-9,-9,-9,-9,-9,-9,-9,-9,Yes,No,No,Yes,No
NH,NEW HAMPSHIRE,3303287,Robert Frost Charter School,PO Box 967,North Conway,3860,No,45,0,1,Yes,Yes,Yes,JANINE,MCLAUCHLAN,(603)356-6332,jmclauchlan@robertfrostcharterschool.org,JANINE,MCLAUCHLAN,(603)356-6332,jmclauchlan@robertfrostcharterschool.org,JANINE,MCLAUCHLAN,(603)356-6332,jmclauchlan@robertfrostcharterschool.org,No,Yes,No,-9,No,-9,No,-9,-9,-9,-9,-9,-9,-9,-9,-9,-9,-9,-9,-9,-9,-9,Yes,Yes,No,No,No
NH,NEW HAMPSHIRE,3303289,Making Community Connections Charter School,P O Box 593,Amherst,3031,No,164,0,3,Yes,Yes,Yes,KIM,CARTER,603-589-9517,kim.carter@mc2school.org,KIM,CARTER,603-589-9517,kim.carter@mc2school.org,CHRIS,O'REILLY,603-283-0844,Chris.oreilly@mc2school.org,No,Yes,Yes,http://www.mc2school.org/wp-content/uploads/2012/04/JICK-Pupil-Safety-and-Violence-Prevention.pdf,No,-9,No,-9,-9,-9,-9,-9,-9,-9,-9,-9,-9,-9,-9,-9,-9,-9,No,-9,-9,-9,-9
NH,NEW HAMPSHIRE,3303290,Polaris Charter School,100 Coolidge Ave.,Manchester,3102,No,112,0,1,Yes,Yes,Yes,JEN,MURDOCK-SMITH,603-634-0034,j.murdocksmith@polarischarterschool.org,JEN,MURDOCK-SMITH,603-634-0034,j.murdocksmith@polarischarterschool.org,JEN,MURDOCK-SMITH,603-634-0034,j.murdocksmith@polarischarterschool.org,No,Yes,Yes,https://docs.wixstatic.com/ugd/6ddac5_c4293c2c771640b5b2df0b3d44ffd226.pdf,No,-9,No,-9,-9,-9,-9,-9,-9,-9,-9,-9,-9,-9,-9,-9,-9,-9,No,-9,-9,-9,-9
NH,NEW HAMPSHIRE,3303291,Next Charter School District,5 Hood Rd,Derry,3038,No,65,0,1,Yes,Yes,Yes,JOSEPH,CRAWFORD,(603)437-6398,jcrawford@nextcharterschool.org,JOSEPH,CRAWFORD,(603)437-6398,jcrawford@nextcharterschool.org,JOSEPH,CRAWFORD,(603)437-6398,jcrawford@nextcharterschool.org,No,Yes,Yes,https://docs.google.com/document/d/1lpVY8y76dvJHI3j1x9Lv_BD5AGrDUhXLFXDv1-1vPB0/edit,No,-9,No,-9,-9,-9,-9,-9,-9,-9,-9,-9,-9,-9,-9,-9,-9,-9,No,-9,-9,-9,-9
NH,NEW HAMPSHIRE,3303296,Granite State Arts Academy Charter School,19 Keewaydin Dr.,Salem,3079,No,130,0,1,Yes,Yes,Yes,RENIA,RADZISZEWSKI,603-912-4944,admin@gsaanh.com,ANTHONY,POLITO,603-912-4944,a.polito@gsaanh.com,DEIDRE,SMITH,603-912-4944,d.smith@gsaanh.com,No,Yes,Yes,http://www.gsaanh.org/handbook--policies.html,No,-9,No,-9,-9,-9,-9,-9,-9,-9,-9,-9,-9,-9,-9,-9,-9,-9,No,-9,-9,-9,-9
NH,NEW HAMPSHIRE,3303297,Mountain Village Charter School,13 NH Route 25,Plymouth,3264,No,66,0,1,Yes,Yes,Yes,KATY,GAUTSCH,(603)536-3900,katy@mountainvillagecharterschool.org,KATY,GAUTSCH,(603)536-3900,katy@mountainvillagecharterschool.org,KATY,GAUTSCH,(603) 536-3900,katy@mountainvillagecharterschool.org,No,Yes,Yes,https://www.mountainvillagecharterschool.org/documents-and-forms,No,-9,No,-9,-9,-9,-9,-9,-9,-9,-9,-9,-9,-9,-9,-9,-9,-9,No,-9,-9,-9,-9
NH,NEW HAMPSHIRE,3303298,The Founders Academy Charter School District,5 Perimeter Rd.,Manchester,3103,No,314,0,1,Yes,Yes,Yes,MAUREEN,MOONEY,(603)952-4705,maureen.mooney@tfanh.org,MAUREEN,MOONEY,(603)952-4705,maureen.mooney@tfanh.org,DEBRA,CASTONGUAY,(603)952-4705,debra.castonguay@tfanh.org,No,Yes,Yes,http://www.thefoundersacademy.org/UserFiles/Servers/Server_1207585/File/Policies%20-%20Approved/JZB%20-%20Pupil%20Safety%20and%20Violence%20Prevention.pdf,No,-9,No,-9,-9,-9,-9,-9,-9,-9,-9,-9,-9,-9,-9,-9,-9,-9,No,-9,-9,-9,-9
NH,NEW HAMPSHIRE,3303299,Gate City Charter School For the Arts District,7 Henry Clay Dr.,Merrimack,3054,No,128,0,1,Yes,Yes,Yes,RICHARD,BOARDMAN,603-943-5273,Boardmanr@gccs-nh.org,RICHARD,BOARDMAN,603-943-5273,Boardmanr@gccs-nh.org,RICHARD,BOARDMAN,603-943-5273,Boardmanr@gccs-nh.org,No,Yes,No,-9,No,-9,No,-9,-9,-9,-9,-9,-9,-9,-9,-9,-9,-9,-9,-9,-9,-9,Yes,Yes,No,No,No
NH,NEW HAMPSHIRE,3303301,Compass Classical Academy Charter School,15 Elkins St.,Franklin,3235,No,107,94,1,Yes,Yes,Yes,JUDY,TILTON,603-729-3370,Info@CompassClassicalAcademy.com,JUDY,TILTON,603-729-3370,Info@CompassClassicalAcademy.com,KATE,EVANS,603-729-3370,KEvans.cca@gmail.com,No,Yes,Yes,www.CompassClassicalAcademy.com,No,-9,No,-9,-9,-9,-9,-9,-9,-9,-9,-9,-9,-9,-9,-9,-9,-9,Yes,Yes,No,No,No
NH,NEW HAMPSHIRE,3303302,MicroSociety Academy Charter School of Southern NH,591 West Hollis Street,Nashua,3062,No,202,0,1,Yes,Yes,Yes,AMY,BOTTOMLEY,(603)595-7877,abottomley@macsnh.org,AMY,BOTTOMLEY,(603)595-7877,abottomley@macsnh.org,KATE,DAGIANIS,(603)595-7877,kdagianis@macsnh.org,No,Yes,Yes,http://www.macsnh.org/board-policies.html,No,-9,No,-9,-9,-9,-9,-9,-9,-9,-9,-9,-9,-9,-9,-9,-9,-9,Yes,No,No,Yes,No
NH,NEW HAMPSHIRE,3303303,Lempster School District,29 School Rd.,Lempster,3605,No,107,1,1,Yes,Yes,Yes,MICHELE,MUNSON,6038632420 X124,MMUNSON@SAU71.ORG,MICHELE,MUNSON,6038632420 X124,MMUNSON@SAU71.ORG,BETSY,GIBBS,6038632420 X120,BGIBBS@SAU71.ORG,No,Yes,Yes,https://drive.google.com/file/d/1T8nISkaeKUl4QJ2dWcdJtbGOrd63lYvh/view,No,-9,No,-9,-9,-9,-9,-9,-9,-9,-9,-9,-9,-9,-9,-9,-9,-9,Yes,Yes,No,No,No
NH,NEW HAMPSHIRE,3303305,LEAF Charter School,6A Baine Rd,Alstead,3602,No,14,0,1,Yes,Yes,Yes,DAKOTA,BENEDETTO,6033521829,dbenedetto@leafschoolnh.org,DAKOTA,BENEDETTO,6033521829,dbenedetto@leafschoolnh.org,DAKOTA,BENEDETTO,6033521829,dbenedetto@leafschoolnh.org,No,No,-9,-9,No,-9,No,-9,-9,-9,-9,-9,-9,-9,-9,-9,-9,-9,-9,-9,-9,-9,No,-9,-9,-9,-9
NH,NEW HAMPSHIRE,3303330,Governor Wentworth Reg School District,PO Box 190,Wolfeboro Falls,3896,No,2326,0,8,Yes,Yes,Yes,HEATHER,CUMMINGS,603-569-1658,hcummings@sau49.org,HEATHER,CUMMINGS,603-569-1658,hcummings@sau49.org,KERRY,HUNT,603-569-3689,khunt@sau49.org,No,Yes,Yes,https://www.gwrsd.org/policy-manual.html,No,-9,Yes,No,No,Yes,Yes,Yes,Yes,No,0,14,28,0,Yes,-9,-9,-9,Yes,Yes,No,No,No
NH,NEW HAMPSHIRE,3303360,Grantham School District,300 Route 10 South,Grantham,3753,No,206,0,1,Yes,Yes,Yes,HEATHER,CANTAGALLO,603-863-1684,hcantagalo@gvshawks.org,SYDNEY,LEGGETT,603-863-9689,sleggett@gvshawks.org,KRIS,WIDMANN,603-863-1681 ext 21,kwidmann@gvshawks.org,No,Yes,Yes,https://drive.google.com/drive/folders/0B6clZzO3K2R2WjNQdW03Zi1UNzg,No,-9,No,-9,-9,-9,-9,-9,-9,-9,-9,-9,-9,-9,-9,-9,-9,-9,Yes,Yes,No,No,No
NH,NEW HAMPSHIRE,3303420,Greenland School District,48 Post Rd.,Greenland,3840,No,415,6,1,Yes,Yes,Yes,KELLI,KILLEN,603-422-9572 x111,kkillen@sau50.org,KELLI,KILLEN,603-422-9572 x111,kkillen@sau50.org,KELLI,KILLEN,603-422-9572 x111,kkillen@sau50.org,No,Yes,Yes,www.sau50.org,No,-9,Yes,No,No,Yes,Yes,Yes,Yes,No,0,2,0,0,Yes,-9,-9,-9,Yes,Yes,No,No,No
NH,NEW HAMPSHIRE,3303480,Hampstead School District,30 Greenough Rd.,Plaistow,3865,No,879,0,2,Yes,Yes,Yes,ROXANNE,WILSON,(603)382-6119,roxanne.wilson@sau55.net,ROXANNE,WILSON,(603)382-6119,roxanne.wilson@sau55.net,ROXANNE,WILSON,(603)382-6119,roxanne.wilson@sau55.net,No,Yes,Yes,https://sites.google.com/a/hampsteadschools.net/hsdsb/policies-procedures,No,-9,Yes,No,No,Yes,Yes,Yes,Yes,Yes,0,14,14,0,Yes,-9,-9,-9,Yes,Yes,Yes,Yes,No
NH,NEW HAMPSHIRE,3303510,Hampton School District,7 Scott Road,Hampton,3842,No,1081,0,3,Yes,Yes,Yes,KATHLEEN,MURPHY,(603)926-4560,kmurphy@sau90.org,KATHLEEN,MURPHY,(603)926-4560,kmurphy@sau90.org,KATHLEEN,MURPHY,(603)926-4560,kmurphy@sau90.org,No,Yes,Yes,https://www.sau90.org/UserFiles/Servers/Server_210790/File/Health%20&%20Wellness/anti-bullying%20policy.pdf,No,-9,Yes,No,No,No,Yes,Yes,Yes,Yes,2,10,7,0,No,Yes,No,No,Yes,Yes,No,No,No
NH,NEW HAMPSHIRE,3303540,Hampton Falls School District,2 Alumni Dr.,Hampton,3842,No,233,4,1,Yes,Yes,Yes,ADA,MCDOWELL,(603)926-2539 X103,amcdowell@sau21.org,ADA,MCDOWELL,(603)926-2539 X103,amcdowell@sau21.org,ADA,MCDOWELL,(603)926-2539 X103,amcdowell@sau21.org,No,Yes,Yes,https://www.sau21.org/sau/images/Hampton_Falls/Policies/Section_J/JBAA_Sexual_Harassment_and_Sexual_Violence.pdf,Yes,No,Yes,No,No,Yes,No,No,Yes,No,0,0,3,0,No,Yes,No,No,Yes,Yes,No,No,No
NH,NEW HAMPSHIRE,3303600,Hanover School District,41 Lebanon St.,Hanover,3755,No,455,0,1,Yes,No,Yes,LISA,MARIE ARROYO,6036436655,lisaarroyo@hanovernorwichschools.org,-9,-9,-9,-9,RHETT,DARAK,6036436050,rhett.darak@hanovernorwichschools.org,No,Yes,Yes,https://www.rayschool.org/our-school/handbook#APP%20D,No,-9,No,-9,-9,-9,-9,-9,-9,-9,-9,-9,-9,-9,-9,-9,-9,-9,Yes,Yes,No,No,No
NH,NEW HAMPSHIRE,3303630,Harrisville School District,193 Maple Avenue,Keene,3431,No,52,0,1,Yes,Yes,Yes,NANCY,DEUTSCH,603-357-9002 X213,ndeutsch@sau29.org,ROBERT,MALAY,603-357-9002 X226,rmalay@sau29.org,RICHARD,MATTE,603-357-9002 X230,rmatte@sau29.org,No,Yes,Yes,https://www.sau29.org/,No,-9,No,-9,-9,-9,-9,-9,-9,-9,-9,-9,-9,-9,-9,-9,-9,-9,Yes,Yes,No,Yes,No
NH,NEW HAMPSHIRE,3303660,Haverhill Cooperative School District,2975 Dartmouth College Hwy.,N. Haverhill,3774,No,687,0,3,Yes,Yes,Yes,LAURIE,MELANSON,603-787-2113 x118,lmelanson@sau23.org,LAURIE,MELANSON,603-787-2113 x118,lmelanson@sau23.org,TRISH,GRISWOLD,603-787-2113,tgriswold@sau23.org,No,Yes,Yes,www.sau23.org/home/policies,No,-9,Yes,No,No,Yes,No,Yes,Yes,Yes,0,23,17,0,Yes,-9,-9,-9,Yes,Yes,No,No,No
NH,NEW HAMPSHIRE,3303690,Henniker School District,51 Western Avenue,Henniker,3242,No,415,0,1,Yes,Yes,Yes,KAREN,RAYMOND,(603)428-3476,KAREN.RAYMOND@SAU24.ORG,KAREN,RAYMOND,(603)428-3476,KAREN.RAYMOND@SAU24.ORG,KAREN,RAYMOND,(603)428-3476,KAREN.RAYMOND@SAU24.ORG,No,Yes,Yes,http://www.sau24.org/attachments/article/337/AC-Non-Discrimination%20Policy.pdf,No,-9,Yes,No,No,Yes,Yes,Yes,Yes,Yes,0,13,19,0,Yes,-9,-9,-9,Yes,Yes,No,No,No
NH,NEW HAMPSHIRE,3303720,Hill School District,32 Crescent Street,Hill,3243,No,68,0,1,Yes,Yes,Yes,MICHELE,MUNSON,6039342245,mmunson@sau103.org,MICHELE,MUNSON,6039342245,mmunson@sau103.org,MICHELE,MUNSON,6039342245,mmunson@sau103.org,No,Yes,Yes,www.sau103.org,No,-9,No,-9,-9,-9,-9,-9,-9,-9,-9,-9,-9,-9,-9,-9,-9,-9,Yes,Yes,No,No,No
NH,NEW HAMPSHIRE,3303750,Hillsboro Deering Coop School District,PO Box 2190,Hillsboro,3244,No,1139,5,3,Yes,Yes,Yes,ROBERT,HASSETT,603-464-4466,rhassett@hdsd.org,ROBERT,HASSETT,603-464-4466,rhassett@hdsd.org,PATRICIA,PARENTEAU,603-464-4466,pparenteau@hdsd.org,No,Yes,Yes,https://www.hdsd.org/site/handlers/filedownload.ashx?moduleinstanceid=195&dataid=1084&FileName=JICK-Pupil-Safety-and-Violence-Prevention---Bullying.pdf,No,-9,Yes,No,No,Yes,No,Yes,Yes,Yes,2,11,20,5,No,Yes,Yes,Yes,Yes,Yes,No,No,No
NH,NEW HAMPSHIRE,3303780,Hinsdale School District,49 School Street PO Box 27,Hinsdale,3451,No,564,0,3,Yes,Yes,Yes,JULIET,FENRICH,6033365728 x 7685,jfenrich@hnhsd.org,JULIET,FENRICH,6033365728 x 7685,jfenrich@hnhsd.org,JULIET,FENRICH,6033365728 x 7685,jfenrich@hnhsd.org,No,Yes,Yes,http://www.hnhsd.org/?page_id=122,No,-9,Yes,No,No,Yes,Yes,Yes,Yes,Yes,4,14,13,0,Yes,-9,-9,-9,Yes,Yes,No,No,No
NH,NEW HAMPSHIRE,3303810,Holderness School District,47 Old Ward Bridge Rd.,Plymouth,3264,No,172,0,1,Yes,Yes,Yes,KYLA,WELCH,603-536-1254,kwelch@pemibaker.org,,,603-536-2538,wvanbennekum@pemibaker.org,JANNA,SWANSON,603-536-2538,jswanson@pemibaker.org,No,Yes,Yes,www.sau48.org,No,-9,No,-9,-9,-9,-9,-9,-9,-9,-9,-9,-9,-9,-9,-9,-9,-9,Yes,Yes,No,No,No
NH,NEW HAMPSHIRE,3303840,Hollis School District,4 Lund Ln.,Hollis,3049,No,654,0,2,Yes,Yes,Yes,ANDREW,COREY,603 324 5999,andrew.corey@sau41.org,ANDREW,COREY,603 324 5999,andrew.corey@sau41.org,ANDREW,COREY,603 324 5999,andrew.corey@sau41.org,No,Yes,Yes,http://z2policy.ctspublish.com/policy/Z2Browser2.html?showset=hollisset,No,-9,Yes,No,No,Yes,Yes,Yes,Yes,Yes,0,10,10,0,Yes,-9,-9,-9,Yes,Yes,Yes,Yes,No
NH,NEW HAMPSHIRE,3303850,Hollis/Brookline Coop School District,4 Lund Ln.,Hollis,3049,No,1210,0,2,Yes,Yes,Yes,ANDREW,COREY,603 324 5999,andrew.corey@sau41.org,ANDREW,COREY,603 324 5999,andrew.corey@sau41.org,ANDREW,COREY,603 324 5999,andrew.corey@sau41.org,No,Yes,Yes,http://z2policy.ctspublish.com/policy/Z2Browser2.html?showset=hollisbrooklineset,No,-9,Yes,No,No,Yes,Yes,Yes,Yes,Yes,0,0,0,0,Yes,-9,-9,-9,Yes,Yes,Yes,Yes,No
NH,NEW HAMPSHIRE,3303870,Hooksett School District,90 Farmer Rd.,Hooksett,3106,No,1302,19,3,Yes,Yes,Yes,MARGE,POLAK,6036223731,molak@sau15.net,MARGE,POLAK,6036223731,mpolak@sau15.net,MARGE,POLAK,6026223731,mpolak@sau15.net,No,Yes,Yes,https://hooksettschoolboard.sau15.net/policy-manual-listing/,No,-9,Yes,Yes,Yes,Yes,Yes,Yes,Yes,Yes,0,17,14,2,Yes,-9,-9,-9,Yes,No,No,Yes,No
NH,NEW HAMPSHIRE,3303900,Hopkinton School District,204 Maple St.,Contoocook,3229,No,979,4,4,Yes,Yes,Yes,MEGHAN,BAMFORD,(603) 746-5186,mbamford@sau66.org,MEGHAN,BAMFORD,(603) 746-5186,mbamford@sau66.org,MEGHAN,BAMFORD,(603) 746-5186,mbamford@sau66.org,No,Yes,Yes,http://www.hopkintonschools.org/departments/school-board/policies,No,-9,Yes,No,No,Yes,Yes,Yes,Yes,No,0,15,22,0,No,Yes,Yes,Yes,Yes,Yes,No,No,No
NH,NEW HAMPSHIRE,3303930,Hudson School District,20 Library St.,Hudson,3051,No,3410,0,5,Yes,Yes,Yes,COLL,JOYCE,(603)883-7765,jcoll@sau81.org,COLL,JOYCE,(603)883-7765,jcoll@sau81.org,BORGE,RACHEL,(603)883-7765,rborge@sau81.org,No,Yes,Yes,https://www.sau81.org/common/pages/DisplayFile.aspx?itemId=2994323,No,-9,Yes,No,No,Yes,Yes,Yes,Yes,No,0,36,54,0,No,Yes,Yes,Yes,Yes,No,No,Yes,No
NH,NEW HAMPSHIRE,3303960,Inter-lakes School District,103 Main St.,Meredith,3253,No,1083,0,4,Yes,Yes,Yes,CHARLES,DICECCA,603-279-7947,chuck.dicecca@interlakes.org,CHARLES,DICECCA,603-279-7947,chuck.dicecca@interlakes.org,CHARLES,DICECCA,603-279-7947,chuck.dicecca@interlakes.org,No,Yes,Yes,http://www.interlakes.org/192-i-lsd/board/91-students-5000-series.html,No,-9,Yes,No,Yes,Yes,No,Yes,Yes,Yes,0,3,7,1,Yes,-9,-9,-9,Yes,Yes,No,Yes,No
NH,NEW HAMPSHIRE,3303990,Jackson School District,176A Main St.,Conway,3818,No,39,2,1,Yes,Yes,Yes,PAM,STIMPSON,603-447-8951,p_stimpson@sau9.org,PAM,STIMPSON,603-447-8951,p_stimpson@sau9.org,PAM,STIMPSON,603-447-8951,p_stimpson@sau9.org,No,Yes,Yes,http://sau9.ss12.sharpschool.com/common/pages/DisplayFile.aspx?itemId=104946,No,-9,Yes,No,No,Yes,No,No,No,No,0,0,2,0,No,Yes,No,No,Yes,Yes,No,No,No
NH,NEW HAMPSHIRE,3304030,Jaffrey-Rindge Coop School District,81 Fitzgerald Drive,Jaffrey,3452,No,1404,13,4,Yes,Yes,Yes,SUSAN,SHAW-SARLES,603-532-8355,S.ShawSarles@sau47.org,SUSAN,SHAW-SARLES,603-532-8355,S.ShawSarles@sau47.org,SUSAN,SHAW-SARLES,603-532-8355,S.ShawSarles@sau47.org,No,Yes,Yes,https://drive.google.com/file/d/0B_bU9QGwF3ygd1p2NEstTWdDWDQ/view,No,-9,Yes,No,No,Yes,No,Yes,Yes,No,0,11,10,0,No,Yes,No,No,Yes,Yes,No,No,No
NH,NEW HAMPSHIRE,3304040,Kearsarge Regional School District,114 Cougar Court,New London,3257,No,1731,8,7,Yes,Yes,Yes,MICHAEL,BESSETTE,(603)526-2051 x225,mbessette@kearsarge.org,MICHAEL,BESSETTE,(603)526-2051 x225,mbessette@kearsarge.o,MICHAEL,BESSETTE,(603)526-2051 x225,mbessette@kearsarge.o,No,Yes,Yes,www.kearsarge.org,No,-9,Yes,No,No,Yes,Yes,Yes,Yes,Yes,0,14,25,4,Yes,-9,-9,-9,No,-9,-9,-9,-9
NH,NEW HAMPSHIRE,3304050,Keene School District,193 Maple Avenue,Keene,3431,No,3332,44,7,Yes,Yes,Yes,NANCY,DEUTSCH,603-357-9002 x 213,ndeutsch@sau29.org,ROBERT,MALAY,603-357-9002 x 226,rmalay@sau29.org,RICHARD,MATTE,603-357-9002 x 230,rmatte@sau29.org,No,Yes,Yes,https://www.sau29.org/,Yes,Yes,Yes,Yes,Yes,No,No,Yes,Yes,Yes,4,39,48,5,Yes,-9,-9,-9,Yes,Yes,No,Yes,No
NH,NEW HAMPSHIRE,3304080,Kensington School District,30 Linden St.,Exeter,3833,No,109,0,1,Yes,Yes,Yes,JAIME,SAWLER,603-395-2400,jsawler@sau16.org,JAIME,SAWLER,603-395-2400,jsawler@sau16.org,JAIME,SAWLER,603-395-2400,jsawler@sau16.org,No,Yes,Yes,http://www.sau16.org/content/JICK_Pupil_Safety__Viol_11.10_revcoop.pdf,No,-9,No,-9,-9,-9,-9,-9,-9,-9,-9,-9,-9,-9,-9,-9,-9,-9,Yes,Yes,No,No,No
NH,NEW HAMPSHIRE,3304140,Laconia School District,PO Box 309,Laconia,3247,No,1958,27,5,Yes,Yes,Yes,AMY,HINDS,603-524-5710,ahinds@laconiaschools.org,AMY,HINDS,603-524-5710,ahinds@laconiaschools.org,AMY,HINDS,603-524-5710,ahinds@laconiaschools.org,No,Yes,Yes,http://laconiaschools.weebly.com/uploads/5/1/9/0/51903427/jick_-_pupil_safety_and_violence_prevention-bullying.pdf,No,-9,Yes,No,No,Yes,No,Yes,Yes,No,0,22,73,1,Yes,-9,-9,-9,Yes,Yes,No,No,No
NH,NEW HAMPSHIRE,3304150,Lafayette Regional School District,260 Cottage Street,Littleton,3561,No,125,2,1,Yes,Yes,Yes,MELISSA,LANIN,"603-823-7741, x 103",mlanin@lafayetteregional.org,ANTOINETTE,BUTTERFIELD,"603-823-7741, x101",tbutterfield@lafayetteregional.org,KAREN,MARKS,603-823-7741 x112,kmarks@lafayetteregional.org,No,Yes,Yes,www.lafayetteregional.org,Yes,No,Yes,No,No,Yes,No,Yes,No,No,0,2,0,0,No,Yes,Yes,Yes,Yes,Yes,No,No,No
NH,NEW HAMPSHIRE,3304170,Landaff School District,260 Cottage Street,Littleton,3561,No,22,1,1,Yes,Yes,Yes,PIERRE,COUTURE,603-4443925,p.couture@sau35.org,PIERRE,COUTURE,603-444-3925,p.couture@sau35.org,MOLLY,CULVER,603-838-6416,m.culver@sau35.org,No,Yes,Yes,http://landaffblueschool.wixsite.com/home,No,-9,Yes,No,No,Yes,Yes,Yes,Yes,Yes,0,5,2,3,Yes,-9,-9,-9,Yes,Yes,No,No,No
NH,NEW HAMPSHIRE,3304230,Lebanon School District,Seminary Hill School,West Lebanon,3784,No,1673,13,4,Yes,Yes,Yes,DIANNE,ESTES,603-790-8500,destes@sau88.net,TIM,BALL,603-790-8500,tball@sau88.net,TIM,KOUMRIAN,603-790-8500,tkoumrian@sau88.net,No,Yes,Yes,https://docs.google.com/document/d/1-9NUUl2rGmtn7sTUv5ZpFlBMBVRmMYIQXMhfPiKmkjo/edit,No,-9,Yes,No,No,Yes,Yes,Yes,Yes,No,0,22,18,0,No,Yes,No,Yes,Yes,Yes,No,No,No
NH,NEW HAMPSHIRE,3304260,Lincoln-Woodstock School District,PO Box 846,Lincoln,3251,No,258,0,3,Yes,Yes,Yes,NASH,REDDY,(603)745-2051x225,nreddy@lin-wood.org,NASH,REDDY,(603)745-2051x225,nreddy@lin-wood.org,NAHS,REDDY,(603)745-2051x225,nreddy@lin-wood.org,No,Yes,Yes,www.lin-wood.org,No,-9,No,-9,-9,-9,-9,-9,-9,-9,-9,-9,-9,-9,-9,-9,-9,-9,Yes,Yes,No,No,No
NH,NEW HAMPSHIRE,3304290,Lisbon Regional School District,260 Cottage Street,Littleton,3561,No,340,1,3,Yes,Yes,Yes,JACQUELINE,DANIELS,603-838-6672,jadani@lisbon.k12.nh.us,JACQUELINE,DANIELS,603-838-6672,jadani@lisbon.k12.nh.us,PAULA,FRANK,603-838-6672,pafran@lisbon.k12.nh.us,No,Yes,Yes,http://www.lisbon.k12.nh.us/bullying--sexual-harassment.html,No,-9,No,-9,-9,-9,-9,-9,-9,-9,-9,-9,-9,-9,-9,-9,-9,-9,Yes,Yes,No,No,No
NH,NEW HAMPSHIRE,3304350,Litchfield School District,c/o Campbell High School,Litchfield,3052,No,1298,7,3,Yes,Yes,Yes,JAMES,O'NEILL,603-578-3570,joneill@litchfieldsd.org,JAMES,O'NEILL,603-578-3570,joneill@litchfieldsd.org,DEVIN,BANDURSKI,603-578-3575 x-3350,dbandurski@litchfieldsd.org,No,Yes,Yes,www.litchfieldsd.org,No,-9,Yes,No,No,Yes,Yes,Yes,Yes,No,0,14,26,0,No,Yes,No,No,Yes,No,No,Yes,No
NH,NEW HAMPSHIRE,3304380,Littleton School District,65 Maple St.,Littleton,3561,No,812,3,4,Yes,Yes,Yes,STEVEN,NILHAS,603-444-5215,snilhas@littletonschools.org,STEVEN,NILHAS,603-444-5215,snilhas@littletonschools.org,STEVEN,NILHAS,603-444-5215,snilhas@littletonschools.org,No,Yes,Yes,sau84.org,No,-9,Yes,No,Yes,No,Yes,Yes,Yes,Yes,0,5,15,0,Yes,-9,-9,-9,Yes,Yes,No,No,No
NH,NEW HAMPSHIRE,3304410,Londonderry School District,268C Mammoth Rd.,Londonderry,3053,No,4330,16,6,Yes,Yes,Yes,KIM,CARPINONE,6034326920,kcarpinone@Londonderry.org,KIM,CARPINONE,6034326920,kcarpinone@Londonderry.org,KIM,CARPINONE,6034326920,kcarpinone@Londonderry.org,No,Yes,No,-9,No,-9,Yes,No,No,Yes,Yes,Yes,Yes,Yes,0,75,70,0,Yes,-9,-9,-9,Yes,No,No,Yes,No
NH,NEW HAMPSHIRE,3304500,Lyme School District,PO Box 117,Lyme,3768,No,207,0,1,Yes,Yes,Yes,RACHAEL,STANTON,(603)795-2125,RSTANTON@Lymeschool.org,RACHAEL,STANTON,(603)795-2125,RSTANTON@Lymeschool.org,MIKI,MCGEE,(603)795-2125,mmcgee@Lymeschool.org,No,Yes,Yes,https://core-docs.s3.amazonaws.com/documents/asset/uploaded_file/121844/Policy_-_AC_Nondiscrimination.pdf,No,-9,Yes,No,No,Yes,No,No,No,No,0,0,0,0,No,Yes,No,No,Yes,Yes,No,No,No
NH,NEW HAMPSHIRE,3304560,Madison School District,881A Tamworth Road,Tamworth,3886,No,136,5,1,Yes,Yes,Yes,PAUL,BORSH,603-323-5088,pborsh@sau13.org,PAUL,BORSH,603-323-5088,pborsh@sau13.org,PAUL,BORSH,603-323-5088,pborsh@sau13.org,No,Yes,Yes,sau13.org,No,-9,Yes,No,No,Yes,Yes,Yes,Yes,Yes,0,3,3,0,Yes,-9,-9,-9,Yes,Yes,No,No,No
NH,NEW HAMPSHIRE,3304590,Manchester School District,195 McGregor Street,Manchester,3102,No,13485,117,22,Yes,Yes,Yes,MARY,STEADY,603-624-6300,MSTEADY@MANSD.ORG,WENDY,PERRON,603-624-6300,WPERRON@MANSD.ORG,MARY,STEADY,6036246300,MSTEADY@MANSD.ORG,No,Yes,Yes,https://docs.google.com/document/d/15s7JrRq2q1CgUnCAmdNDsWXqM2DzxHreJgVnai0LTp8/pub,No,-9,Yes,Yes,Yes,Yes,Yes,Yes,Yes,Yes,0,152,222,18,Yes,-9,-9,-9,Yes,Yes,No,No,No
NH,NEW HAMPSHIRE,3304620,Marlborough School District,193 Maple Avenue,Keene,3431,No,178,2,1,Yes,Yes,Yes,NANCY,DEUTSCH,603-357-9002 x213,ndeutsch@sau29.org,ROBERT,MALAY,603-357-9002 x226,rmalay@sau29.org,RICHARD,MATTE,603-357-9002 x230,rmatte@sau29.org,No,Yes,Yes,https://www.sau29.org/,No,-9,Yes,Yes,No,No,No,Yes,Yes,Yes,0,3,8,1,Yes,-9,-9,-9,Yes,Yes,No,No,No
NH,NEW HAMPSHIRE,3304650,Marlow School District,193 Maple Avenue,Keene,3431,No,35,1,1,Yes,Yes,Yes,NANCY,DEUTSCH,603-357-9002 x213,ndeutsch@sau29.org,ROBERT,MALAY,603-357-9002 x226,rmalay@sau29.org,RICHARD,MATTE,603-357-9002 x230,rmatte@sau29.org,No,Yes,Yes,https://www.sau29.org/,No,-9,Yes,Yes,Yes,Yes,Yes,No,Yes,No,0,0,3,0,Yes,-9,-9,-9,Yes,Yes,No,Yes,No
NH,NEW HAMPSHIRE,3304670,Mascenic Regional School District,16 School Street,Greenville,3048,No,1075,7,3,Yes,Yes,Yes,JAMES,LEWIS,603-291-2006,jlewis@mascenic.org,JAMES,LEWIS,603-291-2006,jlewis@mascenic.org,JAMES,LEWIS,603-291-2006,jlewis@mascenic.org,No,Yes,Yes,www.mascenic.org,No,-9,Yes,No,No,Yes,Yes,Yes,Yes,Yes,0,11,11,19,Yes,-9,-9,-9,Yes,No,No,Yes,No
NH,NEW HAMPSHIRE,3304680,Mascoma Valley Reg School District,PO Box 789,Enfield,3748,No,1174,16,4,Yes,Yes,Yes,DIANE,ADAM,(603)632-4308,dadam@mvrsd.org,DIANE,ADAM,(603)632-4308,dadam@mvrsd.org,CHRIS,BEESO,(603)632-5563,cbeeso@mvrsd.org,No,Yes,Yes,https://drive.google.com/file/d/0B3L0A1YoEVhSSjNad0J2MnNPS2M/view?usp=sharing,No,-9,Yes,No,No,Yes,Yes,Yes,Yes,Yes,0,32,36,0,Yes,-9,-9,-9,Yes,Yes,No,No,No
NH,NEW HAMPSHIRE,3304740,Merrimack School District,36 McElwain St.,Merrimack,3054,No,3773,27,6,Yes,Yes,Yes,MARK,MCLAUGHLIN,603-424-6200,mark.mclaughlin@sau26.org,MARK,MCLAUGHLIN,603-424-6200,mark.mclaughlin@sau26.org,MARK,MCLAUGHLIN,603-424-6200,mark.mclaughlin@sau26.org,No,Yes,Yes,https://www.sau26.org/cms/lib/NH02217442/Centricity/Shared/Policies/Pupil%20Safety%20Violence%20Prevention%20_Bullying_%20Policy.pdf,No,-9,Yes,No,No,Yes,Yes,Yes,Yes,Yes,0,54,74,7,No,Yes,Yes,Yes,Yes,No,No,Yes,No
NH,NEW HAMPSHIRE,3304760,Merrimack Valley School District,105 Community Dr.,Penacook,3303,No,2449,33,7,Yes,Yes,Yes,RANDY,WORMALD,603-753-6561,rwormald@mvsdpride.org,RANDY,WORMALD,603-753-6561,rwormald@mvsdpride.org,RANDY,WORMALD,6037536561,rwormald@mvsdpride.org,No,Yes,Yes,https://drive.google.com/drive/folders/0B59j0Fceuq-qVENKc3Zka19zeUE,No,-9,Yes,No,No,Yes,Yes,Yes,Yes,Yes,0,5,6,2,No,Yes,Yes,Yes,Yes,Yes,No,No,No
NH,NEW HAMPSHIRE,3304770,Middleton School District,P O Box 190,Wolfeboro Falls,3896,No,133,0,1,Yes,Yes,Yes,HEATHER,CUMMINGS,603-569-1658,hcummings@sau49.org,HEATHER,CUMMINGS,603-569-1658,hcummings@sau49.org,KERRY,HUNT,603-569-3689,khunt@sau49.org,No,Yes,Yes,https://docs.google.com/viewer?a=v&pid=sites&srcid=c2F1Njkub3JnfHNhdS02OS0tLW1pZGRsZXRvbi1zY2hvb2wtZGlzdHJpY3R8Z3g6MzllYjQzNGNmZmQxNjIyYw,No,-9,Yes,No,No,Yes,Yes,Yes,Yes,No,0,0,6,0,Yes,-9,-9,-9,Yes,Yes,No,No,No
NH,NEW HAMPSHIRE,3304800,Milan School District,123 Main St.,Gorham,3581,No,134,0,1,Yes,Yes,Yes,BONNIE,HOUGHTON,(603)466-3632,bonnie.houghton@sau20.org,BONNIE,HOUGHTON,(603)466-3632,bonnie.houghton@sau20.org,BONNIE,HOUGHTON,(603)466-3632,bonnie.houghton@sau20.org,No,Yes,Yes,https://docs.google.com/a/sau20.org/viewer?a=v&pid=sites&srcid=c2F1MjAub3JnfHNhdTIwfGd4OjdmOGE4YzI2YmVjOTdkMzg,No,-9,Yes,No,No,Yes,No,Yes,Yes,Yes,0,8,10,14,Yes,-9,-9,-9,Yes,Yes,No,No,No
NH,NEW HAMPSHIRE,3304830,Milford School District,100 West St.,Milford,3055,No,2346,0,4,Yes,Yes,Yes,LAURA,SEBERT,603-673-2202,laura.sebert@milfordk12.org,LAURA,SEBERT,603-673-2202,laura.sebert@milfordk12.org,MICHAEL,HATFIELD,603-673-6709,michael.hatfield@milfordk12.org,No,Yes,Yes,http://milfordk12.org/wp-content/uploads/2017/01/po5000.pdf,No,-9,Yes,No,No,Yes,Yes,Yes,Yes,Yes,0,13,11,0,Yes,-9,-9,-9,Yes,No,No,Yes,No
NH,NEW HAMPSHIRE,3304890,Monadnock Regional School District,Monadnock Reg. School District,Swanzey,3446,No,1644,18,7,Yes,Yes,Yes,CATHERINE,WOODS,(603)903-6967,cwoods@mrsd.org,CATHERINE,WOODS,(603)903-6967,cwoods@mrsd.org,CATHERINE,WOODS,(603)903-6967,cwoods@mrsd.org,No,Yes,Yes,https://www.boarddocs.com/nh/mrsd/Board.nsf/Public#,No,-9,Yes,No,No,Yes,Yes,Yes,Yes,Yes,1,26,47,1,Yes,-9,-9,-9,Yes,Yes,No,No,No
NH,NEW HAMPSHIRE,3304920,Monroe School District,PO Box 130,Monroe,3771,No,86,3,1,Yes,Yes,Yes,WILLIAM,LANDER,603-638-2800 x 46,wlander@monroeschool77.com,WILLIAM,LANDER,603-638-2800 x 46,wlander@monroeschool77.com,WILLIAM,LANDER,603-638-2800 x 46,wlander@monroeschool77.com,No,Yes,Yes,https://www.monroeschool77.com/,No,-9,No,-9,-9,-9,-9,-9,-9,-9,-9,-9,-9,-9,-9,-9,-9,-9,Yes,Yes,No,No,No
NH,NEW HAMPSHIRE,3304950,Mont Vernon School District,PO Box 849,Amherst,3031,No,184,0,1,Yes,Yes,Yes,BARBARA,BELAK,(603)673-5141,bbelak@sprise.com,BARBARA,BELAK,(603)673-5141,bbelak@sprise.com,BARBARA,BELAK,(603)673-5141,bbelak@sprise.com,No,Yes,Yes,https://www.sau39.org/Page/786,No,-9,Yes,No,No,No,Yes,No,No,No,0,0,3,0,No,Yes,No,No,Yes,Yes,No,No,No
NH,NEW HAMPSHIRE,3304960,Moultonborough School District,PO Box 419,Moultonborough,3254,No,497,0,3,Yes,Yes,Yes,LINDSAY,BLIZNIK,(603)476-5517,lbliznik@sau45.org,LINDSAY,BLIZNIK,(603)476-5517,lbliznik@sau45.org,RYAN,MARSH,(603)476-5247,rmarsh@sau45.org,No,Yes,Yes,http://sau45.ss16.sharpschool.com/cms/One.aspx?portalId=422083&pageId=890874,No,-9,Yes,No,No,Yes,No,Yes,Yes,Yes,0,4,8,1,Yes,-9,-9,-9,Yes,Yes,No,No,No
NH,NEW HAMPSHIRE,3304980,Nashua School District,PO Box 687,Nashua,3061,No,11218,157,19,Yes,Yes,Yes,DANA,O'GARA,(603)966-1009,OGaraD@nashua.edu,DANA,O'GARA,(603)966-1009,OGaraD@nashua.edu,ROBERT,CIOPPA,(603)966-1010,cioppar@nashua.edu,No,Yes,Yes,www.nashua.edu,No,-9,Yes,Yes,Yes,Yes,Yes,Yes,Yes,Yes,3,115,185,9,Yes,-9,-9,-9,Yes,Yes,No,Yes,No
NH,NEW HAMPSHIRE,3305010,Nelson School District,193 Maple Avenue,Keene,3431,No,70,0,1,Yes,Yes,Yes,NANCY,DEUTSCH,603-357-9002 x213,ndeutsch@sau29.org,ROBERT,MALAY,603-357-9002 x226,rmalay@sau29.org,RICHARD,MATTE,603-357-9002 x230,rmatte@sau29.org,No,Yes,Yes,https://www.sau29.org/,No,-9,No,-9,-9,-9,-9,-9,-9,-9,-9,-9,-9,-9,-9,-9,-9,-9,Yes,Yes,Yes,Yes,Yes
NH,NEW HAMPSHIRE,3305040,New Boston School District,11 School St.,Goffstown,3045,No,555,3,1,Yes,Yes,Yes,MARYCLAIRE,BARRY,(603)497-4818,MARYCLAIRE.BARRY@SAU19.ORG,KATHERINE,MAGRATH,(603)497-4818,KATHERINE.MAGRATH@SAU19.ORG,JOYCE,LEWIS,(603)497-4841,JOYCE.LEWIS@SAU19.ORG,No,Yes,Yes,https://www.goffstown.k12.nh.us/index.php/special-projects/20-anti-bullying-project,No,-9,Yes,No,No,Yes,Yes,Yes,Yes,No,0,10,14,0,Yes,-9,-9,-9,Yes,No,No,Yes,No
NH,NEW HAMPSHIRE,3305070,New Castle School District,48 Post Rd.,Greenland,3840,No,55,0,1,Yes,Yes,Yes,KELLI,KILLEN,603-422-9572,kkillen@sau50.org,KELLI,KILLEN,603-422-9572,kkillen@sau50.org,KELLI,KILLEN,603-422-9572,kkillen@sau50.org,No,Yes,Yes,www.sau50.org,No,-9,No,-9,-9,-9,-9,-9,-9,-9,-9,-9,-9,-9,-9,-9,-9,-9,Yes,Yes,No,No,No
NH,NEW HAMPSHIRE,3305190,Newfields School District,30 Linden St.,Exeter,3833,No,125,0,1,Yes,Yes,Yes,JAIME,SAWLER,603-395-2400,jsawler@sau16.org,JAIME,SAWLER,603-395-2400,jsawler@sau16.org,JAIME,SAWLER,603-395-2400,jsawler@sau16.org,No,Yes,Yes,http://www.sau16.org/content/JICK_Pupil_Safety__Viol_11.10_revcoop.pdf,No,-9,No,-9,-9,-9,-9,-9,-9,-9,-9,-9,-9,-9,-9,-9,-9,-9,Yes,Yes,No,No,No
NH,NEW HAMPSHIRE,3305220,Newfound Area School District,20 North Main St.,Bristol,3222,No,1205,0,6,Yes,Yes,Yes,STACY,BUCKLEY,603-744-5555,sbuckley@sau4.org,STACY,BUCKLEY,603-744-5555,sbuckley@sau4.org,ANNE,LANDRY,603-744-5555,alandry@sau4.org,No,Yes,Yes,www.sau4.org,No,-9,Yes,No,No,Yes,Yes,Yes,Yes,Yes,0,10,17,0,No,Yes,No,No,Yes,Yes,No,No,No
NH,NEW HAMPSHIRE,3305250,Newington School District,48 Post Rd.,Greenland,3840,No,49,0,1,Yes,Yes,Yes,KELLI,KILLEN,603-422-9572,kkillen@sau50.org,KELLI,KILLEN,603-422-9572,kkillen@sau50.org,KELLI,KILLEN,603-422-9572,kkillen@sau50.org,No,Yes,Yes,www.sau50.org,No,-9,Yes,No,No,Yes,Yes,No,No,No,0,0,0,0,Yes,-9,-9,-9,Yes,Yes,No,No,No
NH,NEW HAMPSHIRE,3305280,Newmarket School District,186A Main St.,Newmarket,3857,No,1050,14,3,Yes,Yes,Yes,ERICA,MACNEIL,6036595020,macneile@newmarket.k12.nh.us,ERICA,MACNEIL,6036595020,macneile@newmarket.k12.nh.us,ERICA,MACNEIL,6036595020,macneile@newmarket.k12.nh.us,No,Yes,Yes,www.newmarket.k12.nh.us,No,-9,Yes,No,No,Yes,Yes,Yes,Yes,Yes,0,12,18,2,No,Yes,No,No,Yes,Yes,No,No,No
NH,NEW HAMPSHIRE,3305310,Newport School District,86 North Main Street,Newport,3773,Yes,973,0,3,Yes,Yes,Yes,CINDY,GALLAGHER,603-865-9500,cgallagher@sau43.org,CINDY,GALLAGHER,603-865-9500,cgallagher@sau43.org,CINDY,GALLAGHER,603-865-9500,cgallagher@sau43.org,No,Yes,Yes,http://www.sau43.org/policies/newport-policies-and-procedures/section-j,No,-9,Yes,No,No,Yes,Yes,Yes,Yes,No,0,18,20,0,Yes,-9,-9,-9,Yes,Yes,No,No,No
NH,NEW HAMPSHIRE,3305370,North Hampton School District,201 Atlantic Avenue,North Hampton,3862,No,346,2,1,Yes,Yes,Yes,ERIK,ANDERSON,(603) 964-5501,eanderson@sau21.org,ERIK,ANDERSON,(603) 964-5501,eanderson@sau21.org,TRACY,GRIFFENHAGEN,(603) 964-5501,tgriffenhagen@sau21.org,No,Yes,Yes,http://www.sau21.org/sau/images/North_Hampton/Policies/Section_J/JICK_Pupil_Safety_Violence_Prevention_Prohibiting_Bullying_Cyber-bullying.pdf,No,-9,Yes,No,No,No,Yes,Yes,Yes,Yes,0,7,7,3,Yes,-9,-9,-9,Yes,Yes,No,No,No
NH,NEW HAMPSHIRE,3305400,Northumberland School District,15 Preble St.,Groveton,3582,No,335,0,3,Yes,Yes,Yes,MICHAEL,KELLEY,603-636-1437,m_kelley@sau58.org,MICHAEL,KELLEY,603-636-1437,m_kelley@sau58.org,MICHELLE,MASON,603-636-2492,m_mason@sau58.org,No,Yes,Yes,https://nh02212771.schoolwires.net/,No,-9,No,-9,-9,-9,-9,-9,-9,-9,-9,-9,-9,-9,-9,-9,-9,-9,Yes,Yes,No,No,No
NH,NEW HAMPSHIRE,3305430,Northwood School District,Greenbriar Building,Northwood,3261,No,376,8,1,Yes,Yes,Yes,SCOTT,REUNING,(603)942-1290 x206,sreuning@nhsau44.org,SCOTT,REUNING,(603)942-1290 x206,sreuning@nhsau44.org,SCOTT,REUNING,(603)942-1290 x206,sreuning@nhsau44.org,No,Yes,Yes,http://sau44.org/wp-content/uploads/2014/11/JICK-Pupil-Safety-Violence-Prevention-Bullying.pdf,No,-9,Yes,No,No,No,Yes,Yes,Yes,No,0,4,5,0,No,Yes,No,No,Yes,Yes,No,No,No
NH,NEW HAMPSHIRE,3305460,Nottingham School District,Greenbriar Building,Northwood,3261,No,521,5,1,Yes,Yes,Yes,SCOTT,REUNING,(603)942-1290 x206,sreuning@nhsau44.org,SCOTT,REUNING,(603)942-1290 x206,sreuning@nhsau44.org,SCOTT,REUNING,(603)942-1290 x206,sreuning@nhsau44.org,No,Yes,Yes,http://sau44.org/wp-content/uploads/2014/12/NOTJICK-Pupil-Safety-and-Violence-Prevention-Bullying-1.pdf,No,-9,Yes,No,No,No,Yes,Yes,Yes,No,0,6,8,0,No,Yes,No,No,Yes,No,No,Yes,No
NH,NEW HAMPSHIRE,3305520,Oyster River Coop School District,36 Coe Dr.,Durham,3824,No,2148,33,4,Yes,Yes,Yes,CATHERINE,PLOURDE,603-868-5100,cplourde@orcsd.org,CATHERINE,PLOURDE,603-868-5100,cplourde@orcsd.org,CATHERINE,PLOURDE,603-868-5100,cplourde@orcsd.org,No,Yes,Yes,http://www.orcsd.org/images/documents/School_Board/Policies/j/JICK_Bullying_Cyberbullying_SB_Adopt_12_15_10.pdf,No,-9,Yes,No,No,Yes,Yes,Yes,Yes,Yes,0,15,13,1,No,Yes,No,Yes,Yes,Yes,No,No,No
NH,NEW HAMPSHIRE,3305550,Pelham School District,59A Marsh Road,Pelham,3076,No,1918,0,3,Yes,Yes,Yes,WILLIAM,FURBUSH,(603) 635-1145 X5007,wfurbush@pelhamsd.org,JOAN,COTE,(603) 635-1145 X5007,jcote@pelhamsd.org,WILLIAM,FURBUSH,(603) 635-1145 X5007,wfurbush@pelhamsd.org,No,No,-9,-9,No,-9,No,-9,-9,-9,-9,-9,-9,-9,-9,-9,-9,-9,-9,-9,-9,-9,No,-9,-9,-9,-9
NH,NEW HAMPSHIRE,3305580,Pembroke School District,SAU #53,Pembroke,3275,No,1499,3,4,Yes,Yes,Yes,KAREN,GUERCIA,603-485-5187,kguercia@sau53.org,KAREN,GUERCIA,603-485-5187,kguercia@sau53.org,KAREN,GUERCIA,603-485-5187,kguercia@sau53.org,No,Yes,Yes,https://sau53org.sharepoint.com/:b:/s/boards/ESRoNI4BLXhJkI4ZS6RQttwB4qZFgqP9nZ9yew0AYNn0Ug?e=iTIIUi,No,-9,No,-9,-9,-9,-9,-9,-9,-9,-9,-9,-9,-9,-9,-9,-9,-9,Yes,Yes,No,No,No
NH,NEW HAMPSHIRE,3305670,Piermont School District,2975 Dartmouth College Hwy.,N. Haverhill,3774,No,63,1,1,Yes,Yes,Yes,LAURIE,MELANSON,603-787-2113 x118,lmelanson@sau23.org,LAURIE,MELANSON,603-787-2113 x118,lmelanson@sau23.org,TRISH,GRISWOLD,603-787-2113,tgriswold@sau23.org,No,Yes,Yes,www.sau23.org/home/policies,No,-9,Yes,No,No,Yes,No,No,No,Yes,0,0,3,0,Yes,-9,-9,-9,Yes,Yes,No,No,No
NH,NEW HAMPSHIRE,3305700,Pittsburg School District,21 Academy St.,Colebrook,3576,No,105,0,2,Yes,Yes,Yes,JEN,NOYES,6032375571,jnoyes@sau7.org,JEN,NOYES,6032375571,Jnoyes@sau7.org,JEN,NOYES,6032375571,jnoyes@sau7.org,No,Yes,Yes,http://www.pittsburgschool.sau7.org/,No,-9,Yes,No,No,Yes,Yes,No,Yes,Yes,0,0,4,12,Yes,-9,-9,-9,Yes,Yes,No,No,No
NH,NEW HAMPSHIRE,3305730,Pittsfield School District,23 Oneida Street Unit 1,Pittsfield,3263,No,565,6,2,Yes,Yes,Yes,TOBI,CHASSIE,(603)435-5526,tchassie@pittsfieldnhschools.org,TOBI,CHASSIE,(603)435-5526,tchassie@pittsfieldnhschools.org,TOBI,CHASSIE,(603)435-5526,tchassie@pittsfieldnhschools.org,No,Yes,Yes,https://www.pittsfieldnhschools.org/sau/wp-content/uploads/2016/04/JICK.Pupil_.Safety.and_.Violence.Prevention.Bullying-1.pdf,No,-9,Yes,No,No,Yes,No,Yes,Yes,Yes,0,11,11,0,No,Yes,Yes,Yes,Yes,Yes,No,No,No
NH,NEW HAMPSHIRE,3305760,Plainfield School District,92 Bonner Rd.,Meriden,3770,No,204,0,1,Yes,Yes,Yes,FRANK,PEROTTI,(603)469-3264,fperotti@plainfieldschool.org,FRANK,PEROTTI,(603)469-3264,fperotti@plainfieldschool.org,AMY,DRESSLER,(603)469-3250,adressler@plainfieldschool.org,No,Yes,Yes,https://sites.google.com/plainfieldschool.org/sau32/about-sau-32,No,-9,No,-9,-9,-9,-9,-9,-9,-9,-9,-9,-9,-9,-9,-9,-9,-9,Yes,Yes,No,No,No
NH,NEW HAMPSHIRE,3305790,Plymouth School District,47 Old Ward Bridge Rd.,Plymouth,3264,No,396,0,1,Yes,Yes,Yes,BRIAN,SHEAHAN,603-536-1152,bsheahan@pemibaker.org,JULIE,FLYNN,603-536-1152,jflynn@pemibaker.org,KIM,DISALVO,6035361254,kdisalvo@pemibaker.org,No,Yes,Yes,https://www.sau48.org/site/handlers/filedownload.ashx?moduleinstanceid=2766&dataid=2187&FileName=2018-19%20%20Parent_Student_Handbook.pdf,No,-9,Yes,No,No,No,Yes,Yes,Yes,Yes,0,12,8,7,Yes,-9,-9,-9,Yes,Yes,No,Yes,No
NH,NEW HAMPSHIRE,3305820,Portsmouth School District,1 Junkins Avenue,Portsmouth,3801,Yes,2624,3,6,Yes,Yes,Yes,JEANETTE,SOUTHER,(603) 431-5080,Jsouther@sau52.org,JEANETTE,SOUTHER,(603) 431-5080,Jsouther@sau52.org,JEANETTE,SOUTHER,(603) 431-5080,Jsouther@sau52.org,No,Yes,Yes,https://www.cityofportsmouth.com/school/notice-non-discrimination,No,-9,Yes,No,No,Yes,No,No,No,No,0,0,5,7,No,Yes,No,No,Yes,Yes,No,No,No
NH,NEW HAMPSHIRE,3305830,Profile School District,260 Cottage Street,Littleton,3561,No,232,0,2,Yes,Yes,Yes,PATRICIA,BAXTER,(603)823-7411 x241,pbaxt@profile.k12.nh.us,PATRICIA,BAXTER,(603)823-7411 x241,pbaxt@profile.k12.nh.us,CINDY,MCLAREN,(603)823-7411 x216,cimcla@profile.k12.nh.us,No,Yes,Yes,www.profile.k12.nh.us,No,-9,No,-9,-9,-9,-9,-9,-9,-9,-9,-9,-9,-9,-9,-9,-9,-9,No,-9,-9,-9,-9
NH,NEW HAMPSHIRE,3305880,Raymond School District,43 Harriman Hill Rd.,Raymond,3077,No,1313,10,3,Yes,Yes,Yes,TINA,MCCOY,(603)895-4299 x1103,t.mccoy@sau33.com,TINA,MCCOY,(603)895-4299 x1103,t.mccoy@sau33.com,SCOTT,RIDDELL,(603)895-4299 x1106,s.riddell@sau33.com,No,Yes,Yes,https://www.sau33.com/Page/30,No,-9,Yes,No,No,Yes,Yes,Yes,Yes,Yes,0,0,17,5,Yes,-9,-9,-9,Yes,Yes,No,No,No
NH,NEW HAMPSHIRE,3305940,Rochester School District,150 Wakefield St.,Rochester,3867,No,4248,65,11,Yes,Yes,Yes,KYLE,REPUCCI,603-332-3678,REPUCCI.K@ROCHESTERSCHOOLS.COM,KYLE,REPUCCI,603-332-3678,REPUCCI.K@ROCHESTERSCHOOLS.COM,CHRISTIANE,ALLISON,603-332-3678,ALLISON.C@ROCHESTERSCHOOLS.COM,No,Yes,Yes,http://www.rochesterschools.com/Webmaster/policy/BookJ/JICK.pdf,No,-9,Yes,No,No,Yes,Yes,Yes,Yes,No,0,25,36,0,Yes,-9,-9,-9,Yes,Yes,No,No,No
NH,NEW HAMPSHIRE,3305970,Rollinsford School District,51 West High Street,Somersworth,3878,No,150,0,1,Yes,Yes,Yes,PAM,MACDONALD,6036924450,pmacdonald@sau56.org,PAM,MACDONALD,6036924450,pmacdonald@sau56.org,PAM,MACDONALD,6036924450,pmacdonald@sau56.org,No,Yes,Yes,www.sau56.org,No,-9,No,-9,-9,-9,-9,-9,-9,-9,-9,-9,-9,-9,-9,-9,-9,-9,Yes,Yes,No,No,No
NH,NEW HAMPSHIRE,3306000,Rumney School District,47 Old Ward Bridge Rd.,Plymouth,3264,No,108,1,1,Yes,Yes,Yes,KYLA,WELCH,(603)536-1254,KWELCH@PEMIBAKER.ORG,KYLA,WELCH,(603)536-1254,KWELCH@PEMIBAKER.ORG,KIM,DISALVO,(603)536-1254,KDISALVO@PEMIBAKER.ORG,No,Yes,Yes,https://www.sau48.org/site/handlers/filedownload.ashx?moduleinstanceid=3594&dataid=4545&FileName=Pupil%20Safety%20and%20Violence%20Prevention%20Policy.pdf,Yes,No,Yes,No,No,Yes,No,No,No,No,0,0,1,0,Yes,-9,-9,-9,Yes,Yes,No,No,No
NH,NEW HAMPSHIRE,3306030,Rye School District,48 Post Rd.,Greenland,3840,No,407,2,2,Yes,Yes,Yes,KELLI,KILLEN,603-422-9572,kkillen@sau50.org,KELLI,KILLEN,603-422-9572,kkillen@sau50.org,KELLI,KILLEN,603-422-9572,kkillen@sau50.org,No,Yes,Yes,www.sau50.org,No,-9,Yes,No,No,Yes,Yes,Yes,Yes,No,0,3,6,0,Yes,-9,-9,-9,Yes,Yes,No,No,No
NH,NEW HAMPSHIRE,3306060,Salem School District,38 Geremonty Dr.,Salem,3079,No,3538,21,7,Yes,Yes,Yes,CINDY,PALERMO,(603)893-7040,cindy.palermo@sau57.org,CINDY,PALERMO,(603)893-7040,cindy.palermo@sau57.org,CINDY,PALERMO,(603)893-7040,cindy.palermo@sau57.org,No,Yes,Yes,https://sau57.org/schoolboard/policies,No,-9,Yes,No,No,No,Yes,Yes,Yes,Yes,0,7,7,3,Yes,-9,-9,-9,Yes,No,Yes,Yes,No
NH,NEW HAMPSHIRE,3306080,Sanborn Regional School District,17 Danville Road,Kingston,3848,No,1563,7,4,Yes,Yes,Yes,JODI,GUTTERMAN,603-642-3688,jgutterman@sau17.net,JODI,GUTTERMAN,603-642-3688,jgutterman@sau17.net,JODI,GUTTERMAN,603-642-3688,jgutterman@sau17.net,No,Yes,Yes,http://www.web.sau17.org,No,-9,Yes,No,No,Yes,Yes,Yes,Yes,No,0,14,13,0,Yes,-9,-9,-9,Yes,Yes,No,No,No
NH,NEW HAMPSHIRE,3306150,Seabrook School District,2 Alumni Dr.,Hampton,3842,No,728,3,2,Yes,Yes,Yes,RONNA,CADARETTE,(603)926-8992,rcadareete@sau21.org,RONNA,CADARETTE,(603)926-8992,rcadareete@sau21.org,ANNA,WILLIAMS,(603)474-2252,awilliams@sau21.org,No,Yes,Yes,http://sau21.org/sau/images/Seabrook/Policies/Section_J/JICK_Pupil_Safety_and_Violence_Prevention-Prohibiting_Bullying_and_Cyber-bullying.pdf,No,-9,Yes,No,No,Yes,No,No,Yes,Yes,0,4,9,0,Yes,-9,-9,-9,Yes,Yes,No,No,No
NH,NEW HAMPSHIRE,3306180,Shaker Regional School District,58 School St.,Belmont,3220,No,1318,0,4,Yes,Yes,Yes,DEBBIE,THOMPSON,(603)267-9223 x5303,dthompson@sau80.org,MICHAEL,TURSI,(603)267-9223X53-1,mtursi@sau80.org,TONYEL,MITCHELL-BERRY,(603)267-9223x5305,tmitchell-berry@sau80.org,No,Yes,Yes,https://drive.google.com/file/d/1RrvHHXSrvnUM5dmHcAT4F4slV7STwGmG/view,No,-9,Yes,No,No,Yes,No,Yes,Yes,Yes,0,27,32,2,No,Yes,No,No,Yes,Yes,No,Yes,No
NH,NEW HAMPSHIRE,3306240,Somersworth School District,51 West High Street,Somersworth,3878,Yes,1550,34,4,Yes,Yes,Yes,PAM,MACDONALD,(603)692-4450 x1609,pmacdonald@sau56.org,PAM,MACDONALD,(603)692-4450 x1609,pmacdonald@sau56.org,PAM,MACDONALD,(603)692-4450 x1609,pmacdonald@sau56.org,No,Yes,Yes,www.sau56.org,No,-9,Yes,No,No,Yes,Yes,Yes,Yes,No,0,8,13,12,Yes,-9,-9,-9,Yes,Yes,No,No,No
NH,NEW HAMPSHIRE,3306260,Souhegan Cooperative School District,PO Box 849,Amherst,3031,No,808,5,1,Yes,Yes,Yes,MEG,BEAUCHAMP,603-673-2690,mbeauchamp@sprise.com,MEG,BEAUCHAMP,603-673-2690,mbeauchamp@sprise.com,MEG,BEAUCHAMP,603-673-2690,mbeauchamp@sprise.com,No,Yes,Yes,https://www.sau39.org/site/handlers/filedownload.ashx?moduleinstanceid=4028&dataid=7971&FileName=JICK.pdf,No,-9,No,-9,-9,-9,-9,-9,-9,-9,-9,-9,-9,-9,-9,-9,-9,-9,No,-9,-9,-9,-9
NH,NEW HAMPSHIRE,3306270,South Hampton School District,2 Alumni Dr.,Hampton,3842,No,79,0,1,Yes,Yes,Yes,KEN,DARNSEY,(603)394-7744,kdarnsey@sau21.org,KEN,DARNSEY,(603)394-7744,kdarnsey@sau21.org,ALINE,DONABEDIAN,(603)394-7744,adonabedian@sau21.org,No,Yes,Yes,https://www.sau21.org/sau/images/South_Hampton/Policies/Section_J/JICK_Pupil_Safety_and_Violence_Prevention-Prohibiting_Bullying_and_Cyber-bullying.pdf,No,-9,No,-9,-9,-9,-9,-9,-9,-9,-9,-9,-9,-9,-9,-9,-9,-9,Yes,No,No,Yes,No
NH,NEW HAMPSHIRE,3306330,Stark School District,15 Preble St.,Groveton,3582,No,27,0,1,Yes,Yes,Yes,MICHAEL,KELLEY,(603)636-1437,m_kelley@sau58.org,MICHAEL,KELLEY,(603)636-1437,m_kelley@sau58.org,ERIN,MESSER,(603)636-1092,e_messer@sau58.org,No,Yes,Yes,https://nh02212771.schoolwires.net/Page/881,No,-9,No,-9,-9,-9,-9,-9,-9,-9,-9,-9,-9,-9,-9,-9,-9,-9,Yes,Yes,No,No,No
NH,NEW HAMPSHIRE,3306360,Stewartstown School District,21 Academy St.,Colebrook,3576,No,75,0,1,Yes,Yes,Yes,JEN,NOYES,(603)237-5571 x16,jnoyes@sau7.org,JEN,NOYES,(603)237-5571 x16,jnoyes@sau7.org,MANDIE,HIBBARD,(603)237-5571 x17,mhibbard@sau7.org,No,Yes,Yes,http://stewartstown.sau7.org/,No,-9,Yes,No,No,Yes,No,No,Yes,No,0,0,4,0,Yes,-9,-9,-9,Yes,Yes,No,No,No
NH,NEW HAMPSHIRE,3306390,Stoddard School District,200 School Street,Stoddard,3464,No,75,0,1,Yes,Yes,Yes,MARTHA,LEMAHIEU,603-446-3348,martha.lemahieu@sau24.org,MARTHA,LEMAHIEU,603-446-3348,martha.lemahieu@sau24.org,MARTHA,LEMAHIEU,603-446-3348,martha.lemahieu@sau24.org,No,Yes,Yes,http://www.sau24.org/attachments/article/367/JICK-Pupil%20Safety%20and%20Violence%20Prevention-Bullying.pdf,No,-9,No,-9,-9,-9,-9,-9,-9,-9,-9,-9,-9,-9,-9,-9,-9,-9,Yes,Yes,No,No,No
NH,NEW HAMPSHIRE,3306420,Strafford School District,Greenbriar Building,Northwood,3261,No,416,1,1,Yes,Yes,Yes,SCOTT,REUNING,(603)942-1290 x206,sreuning@nhsau44.org,SCOTT,REUNING,(603)942-1290 x206,sreuning@nhsau44.org,SCOTT,REUNING,(603)942-1290 x206,sreuning@nhsau44.org,No,Yes,Yes,http://sau44.org/wp-content/uploads/2015/01/JICK-Pupil-Safety-Violence-Protection-Bullying.pdf,No,-9,Yes,No,No,No,Yes,Yes,Yes,No,0,4,2,0,No,Yes,No,No,Yes,Yes,No,No,No
NH,NEW HAMPSHIRE,3306450,Stratford School District,15 Preble St.,Groveton,3582,No,68,0,1,Yes,Yes,Yes,MICHAEL,KELLEY,(603) 636-1437,m_kelley@sau58.org,MICHAEL,KELLEY,(603) 636-1437,m_kelley@sau58.org,SANDRA,ADAMS,(603) 922-3387,s_adams@sau58.org,No,Yes,Yes,https://nh02212771.schoolwires.net/site/handlers/filedownload.ashx?moduleinstanceid=2305&dataid=4228&FileName=JICK-Pupil%20Safety%20and%20Violence%20Prevention%20-%20Bullying.pdf,No,-9,No,-9,-9,-9,-9,-9,-9,-9,-9,-9,-9,-9,-9,-9,-9,-9,Yes,Yes,No,No,No
NH,NEW HAMPSHIRE,3306480,Stratham School District,30 Linden St.,Exeter,3833,No,543,0,1,Yes,Yes,Yes,JAIME,SAWLER,603-395-2400,jsawler@sau16.org,JAIME,SAWLER,603-395-2400,jsawler@sau16.org,JAIME,SAWLER,603-395-2400,jsawler@sau16.org,No,Yes,Yes,http://www.sau16.org/content/JICK_Pupil_Safety__Viol_11.10_revcoop.pdf,No,-9,Yes,No,No,Yes,Yes,Yes,Yes,Yes,0,4,9,1,Yes,-9,-9,-9,Yes,Yes,No,No,No
NH,NEW HAMPSHIRE,3306540,Sunapee School District,70 Lower Main Street,Sunapee,3782,No,409,2,3,Yes,Yes,Yes,RUSSELL,HOLDEN,(603)763-4627,rholden@sau85.org,RUSSELL,HOLDEN,(603)763-4627,rholden@sau85.org,TERRA,GEER,(603)763-4627,tgeer@sua85.org,No,Yes,Yes,https://sites.google.com/a/sunapeeschools.org/centraloffice/co/schoolboard,Yes,Yes,Yes,No,No,Yes,Yes,Yes,Yes,Yes,0,1,4,5,Yes,-9,-9,-9,Yes,Yes,No,No,No
NH,NEW HAMPSHIRE,3306600,Tamworth School District,881A Tamworth Road,Tamworth,3886,No,194,0,1,Yes,Yes,Yes,PAUL,BORSH,603-323-5088,pborsh@sau13.org,PAUL,BORSH,603-323-5088,pborsh@sau13.org,PAUL,BORSH,603-323-5088,pborsh@sau13.org,No,Yes,Yes,sau13.org,No,-9,Yes,No,No,Yes,Yes,Yes,Yes,Yes,0,3,1,0,Yes,-9,-9,-9,Yes,Yes,No,No,No
NH,NEW HAMPSHIRE,3306660,Thornton School District,47 Old Ward Bridge Rd.,Plymouth,3264,No,206,0,1,Yes,Yes,Yes,DANIELLE,MORSE,(603)726-8904 X111,dmorse@pemibaker.org,DANIELLE,MORSE,(603)726-8904 X111,dmorse@pemibaker.org,DANIELLE,MORSE,(603)726-8904 X111,dmorse@pemibaker.org,No,Yes,Yes,https://www.sau48.org/cms/lib/NH01001763/Centricity/Domain/13/TCS%20Handbook%202%2014%2019.pdf,No,-9,No,-9,-9,-9,-9,-9,-9,-9,-9,-9,-9,-9,-9,-9,-9,-9,Yes,Yes,No,No,No
NH,NEW HAMPSHIRE,3306720,Timberlane Regional School District,30 Greenough Rd.,Plaistow,3865,No,3573,0,7,Yes,Yes,Yes,SUSAN,RASICOT,(603)382-6119,susan.rasicot@timberlane.net,SUSAN,RASICOT,(603)382-6119,susan.rasicot@timberlane.net,SUSAN,RASICOT,(603)382-6119,susan.rasicot@timberlane.net,No,Yes,Yes,https://public.timberlane.net/sau/trsb/Policies/Section%20J%20-%20Students/JICK%20Pupil%20Safety%20Violence%20Prevention%20and%20Antibullying.pdf,No,-9,Yes,No,No,Yes,Yes,Yes,Yes,Yes,0,48,82,7,Yes,-9,-9,-9,Yes,No,Yes,Yes,No
NH,NEW HAMPSHIRE,3306750,Unity School District,165 Broad St.,Claremont,3743,No,114,0,1,Yes,Yes,Yes,MAYNARD,BALDWIN,603-542-5888,cbaldwin@sau6.org,MAYNARD,BALDWIN,603-542-5888,cbaldwin@sau6.org,MAYNARD,BALDWIN,603-542-5888,cbaldwin@sau6.org,No,Yes,Yes,https://docs.google.com/document/d/1sLI4OtnJr3nhmBetAut6vfds2pHIXvs66CCpczKaxEU/edit,No,-9,Yes,No,No,Yes,No,Yes,Yes,No,0,1,7,0,No,Yes,No,Yes,Yes,Yes,No,No,No
NH,NEW HAMPSHIRE,3306780,Wakefield School District,76 Taylor Way,Sanbornville,3872,No,473,6,1,Yes,Yes,Yes,ANNE,KEBLER,(603)871-8502,anne.kebler@sau101.org,ANNE,KEBLER,(603)871-8502,anne.kebler@sau101.org,ANNE,KEBLER,(603)871-8502,anne.kebler@sau101.org,No,Yes,Yes,www.sau101.org,No,-9,Yes,No,No,No,Yes,Yes,Yes,Yes,0,14,12,0,No,Yes,No,Yes,Yes,Yes,No,No,No
NH,NEW HAMPSHIRE,3306870,Warren School District,2975 Dartmouth College Hwy.,N. Haverhill,3774,No,77,0,1,Yes,Yes,Yes,LAURIE,MELANSON,603-787-2113 X118,lmelanson@sai23.org,LAURIE,MELANSON,603-787-2113 X118,lmelanson@sai23.org,TRISH,GRISWOLD,603-787-2113,tgriswold@sau23.org,No,Yes,Yes,www.sau23.org/home/policies,No,-9,Yes,No,No,Yes,Yes,No,Yes,Yes,0,0,4,1,Yes,-9,-9,-9,Yes,Yes,No,No,No
NH,NEW HAMPSHIRE,3306900,Washington School District,PO Box 2190,Hillsboro,3244,No,45,0,1,Yes,Yes,Yes,ROBERT,HASSETT,603-464-4466,rhassett@hdsd.org,ROBERT,HASSETT,603-464-4466,rhassett@hdsd.org,PATRICIA,PARENTEAU,603-464-4466,pparenteau@hdsd.org,No,Yes,Yes,https://nh02217314.schoolwires.net/site/handlers/filedownload.ashx?moduleinstanceid=88&dataid=408&FileName=JICK-Pupil-Safety-and-Violence-Prevention---Bullying.pdf,No,-9,No,-9,-9,-9,-9,-9,-9,-9,-9,-9,-9,-9,-9,-9,-9,-9,Yes,Yes,No,No,No
NH,NEW HAMPSHIRE,3306910,Waterville Valley School District,47 Old Ward Bridge Rd.,Plymouth,3264,No,23,0,1,Yes,Yes,Yes,GALE,ADAMS-DAVIS,603 236 4700,gadams-davis@pemibaker.org,GALE,ADAMS-DAVIS,603 236 4700,gadams-davis@pemibaker.org,GALE,ADAMS-DAVIS,603 236 4700,gadams-davis@pemibaker.org,No,Yes,Yes,https://www.sau48.org/Domain/14,No,-9,No,-9,-9,-9,-9,-9,-9,-9,-9,-9,-9,-9,-9,-9,-9,-9,Yes,Yes,No,No,No
NH,NEW HAMPSHIRE,3306930,Weare School District,16 East Road,Weare,3281,No,1006,0,2,Yes,Yes,Yes,SHAWNE,HILLIARD,603-529-7555,shawne.hilliard@sau24.org,SHAWNE,HILLIARD,603-529-7555,shawne.hilliard@sau24.org,SHAWNE,HILLIARD,603-529-7555,shawne.hilliard@sau24.org,No,Yes,Yes,http://www.sau24.org/attachments/article/340/ACE-Non%20Discrimination%20Handicap-Disability.pdf,No,-9,Yes,No,No,Yes,Yes,Yes,Yes,Yes,0,6,23,0,Yes,-9,-9,-9,Yes,No,No,Yes,No
NH,NEW HAMPSHIRE,3306990,Wentworth School District,47 Old Ward Bridge Rd.,Plymouth,3264,No,59,0,1,Yes,Yes,Yes,KYLA,WELCH,603-536-1254,kwelch@pemibaker.org,KYLA,WELCH,603-536-1254,kwelch@pemibaker.org,JESSIE,MARDIS,603-764-5811,jmardis@pemibaker.org,No,Yes,Yes,https://www.sau48.org/domain/601,No,-9,No,-9,-9,-9,-9,-9,-9,-9,-9,-9,-9,-9,-9,-9,-9,-9,Yes,Yes,No,No,No
NH,NEW HAMPSHIRE,3307020,Westmoreland School District,193 Maple Avenue,Keene,3431,No,142,2,1,Yes,Yes,Yes,NANCY,DEUTSCH,603-357-9002 x213,ndeutsch@sau29.org,ROBERT,MALAY,603-357-9002 x226,rmalay@sau29.org,RICHARD,MATTE,603-357-9002 x230,rmatte@sau29.org,No,Yes,Yes,https://www.sau29.org/,No,-9,No,-9,-9,-9,-9,-9,-9,-9,-9,-9,-9,-9,-9,-9,-9,-9,Yes,Yes,No,Yes,No
NH,NEW HAMPSHIRE,3307050,White Mountain Regional School District,14 King Square.,Whitefield,3598,No,1118,6,4,Yes,Yes,Yes,BRENT,HOLT,6038379363,bholt@sau36.org,BRENT,HOLT,6038379363,bholt@sau36.org,BRENT,HOLT,6038379363,bholt@sau36.org,No,Yes,Yes,https://drive.google.com/drive/folders/0B39cxMPY2DUnNW0tV2NBUFB0RkE,No,-9,No,-9,-9,-9,-9,-9,-9,-9,-9,-9,-9,-9,-9,-9,-9,-9,Yes,Yes,No,No,No
NH,NEW HAMPSHIRE,3307115,Wilton-Lyndeboro School District,192 Forest Road,Lyndeborough,3082,No,541,1,4,Yes,Yes,Yes,SUSAN,BALLOU,603-654-6123,s.ballou@sau63.org,BRYAN,LANE,603-654-8088,b.lane@sau63.org,AMANDA,KOVALIV,603-654-6123,a.kovaliv@sau63.org,No,Yes,Yes,www.sau63.org,No,-9,Yes,No,No,No,Yes,Yes,Yes,Yes,0,5,9,0,Yes,-9,-9,-9,Yes,No,No,Yes,No
NH,NEW HAMPSHIRE,3307140,Winchester School District,85A Parker Street PO Box 46,Winchester,3470,No,433,11,1,Yes,Yes,Yes,KENNETH,DASSAU,603-239-8061,kdassau@wnhsd.org,KENNETH,DASSAU,603-239-8061,kdassau@wnhsd.orh,KENNETH,DASSAU,603-239-8061,kdassau@wnhsd.org,No,Yes,Yes,www.wnhsd.org,No,-9,Yes,No,No,Yes,No,Yes,Yes,Yes,0,21,21,0,Yes,-9,-9,-9,Yes,Yes,No,No,No
NH,NEW HAMPSHIRE,3307170,Windham School District,19 Haverhill Road,Windham,3087,No,2964,17,4,Yes,Yes,Yes,KENNETH,DUESING,(603)845-1550,kduesing@windhamsd.org,KENNETH,DUESING,(603)845-1550,kduesing@windhamsd.org,KENNETH,DUESING,(603)845-1550,kduesing@windhamsd.org,No,Yes,Yes,http://www.windhamsd.org/UserFiles/Servers/Server_555432/File/School%20Board/Policies/J/JICBB%20Bullying%20-%20Pupil%20Safety%20and%20Violence%20Prevention.pdf,No,-9,Yes,No,No,Yes,Yes,Yes,Yes,Yes,0,20,46,0,No,Yes,No,No,Yes,No,No,Yes,No
NH,NEW HAMPSHIRE,3307230,Winnacunnet Coop School District,2 Alumni Dr.,Hampton,3842,No,1082,2,1,Yes,Yes,Yes,RONNA,CADARETTE,603-926-8992,rcadarette@sau21.org,RONNA,CADARETTE,603-926-8992,rcadarette@sau21.org,RONNA,CADARETTE,603-926-8992,rcadarette@sau21.org,No,Yes,Yes,http://sau21.org/sau/images/Winnacunnet/Policies/Section_J/JICK_Pupil_Safety_and_Violence_Prevention_-_Prohibiting_Bullying_and_Cyber-bullying.pdf,No,-9,No,-9,-9,-9,-9,-9,-9,-9,-9,-9,-9,-9,-9,-9,-9,-9,No,-9,-9,-9,-9
NH,NEW HAMPSHIRE,3307300,Winnisquam Regional School District,433 West Main St.,Tilton,3276,No,1450,6,5,Yes,Yes,Yes,KIM,NEWELL,(603)286-4116,knewell@wrsdsau59.org,KIM,NEWELL,(603)286-4116,knewell@wrsdsau59.org,LISA,BURBACH,(603)286-4116,lburbach@wrsdsau59.org,No,Yes,Yes,https://drive.google.com/file/d/0BzjI2U9aoGMod2s2VFh3UmlJNEstWllrMW42aGtNWWZZNFUw/view,No,-9,Yes,No,No,Yes,No,Yes,Yes,No,0,13,18,0,No,Yes,No,No,Yes,No,No,Yes,No
NH,NEW HAMPSHIRE,3307330,Coe Brown Academy School District,907 First NH Tpke.,Northwood,3261,No,713,0,1,Yes,Yes,Yes,SALLY,ASELTINE,603-942-5531,SASELTINE@COEBROWN.ORG,SALLY,ASELTINE,603-942-5531,SASELTINE@COEBROWN.ORG,JENNIFER,BURNS,603-942-5531,JBURNS@COEBROWN.ORG,No,Yes,Yes,WWW.COEBROWN.ORG,No,-9,No,-9,-9,-9,-9,-9,-9,-9,-9,-9,-9,-9,-9,-9,-9,-9,No,-9,-9,-9,-9
NH,NEW HAMPSHIRE,3307360,Pinkerton Academy School District,5 Pinkerton St,Derry,3038,No,3287,0,1,Yes,Yes,Yes,TIMOTHY,POWERS,603-437-5022 x3101,tpowers@pinkertonacademy.org,TIMOTHY,POWERS,603-437-5022 x3101,tpowers@pinkertonacademy.org,JEN,HAMILTON,603-437-5200 x2128,jhamilton@pinkertonacademy.org,No,Yes,Yes,https://www.pinkertonacademy.org/apps/pages/index.jsp?uREC_ID=376019&type=d,No,-9,No,-9,-9,-9,-9,-9,-9,-9,-9,-9,-9,-9,-9,-9,-9,-9,No,-9,-9,-9,-9
NH,NEW HAMPSHIRE,3399923,Haverhill Cooperative SAU Office,2975 Dartmouth College Hwy.,N. Haverhill,3774,No,19,19,2,Yes,Yes,Yes,LAURIE,MELANSON,(603) 787-2113 x118,lmelanson@sau23.org,LAURIE,MELANSON,(603) 787-2113 x118,lmelanson@sau23.org,TRISH,GRISWOLD,(603) 787-2113,tgriswold@sau23.org,No,Yes,Yes,www.sau23.org/home/policies,No,-9,No,-9,-9,-9,-9,-9,-9,-9,-9,-9,-9,-9,-9,-9,-9,-9,No,-9,-9,-9,-9
NH,NEW HAMPSHIRE,3399965,Pemi-baker Regional School District,47 Old Ward Bridge Rd.,Plymouth,3264,No,647,3,1,Yes,Yes,Yes,TONIA,ORLANDO,603-536-1444 x3300,torlando@pemibaker.org,TONIA,ORLANDO,603-536-1444 x3300,torlando@pemibaker.org,ROBERT,PRICE,603-536-1444 x 2011,rprice@pemibaker.org,No,Yes,Yes,https://drive.google.com/file/d/0BxDo4M5emVN-eXRiMDVzVUVjVjhlT1Bjem12cWRZa01XNlZF/view,No,-9,No,-9,-9,-9,-9,-9,-9,-9,-9,-9,-9,-9,-9,-9,-9,-9,No,-9,-9,-9,-9
NH,NEW HAMPSHIRE,33SOP01,JUVENILE JUSTICE SERVICES - SYSC,1056 North River Road,Manchester,3104,Yes,43,0,1,Yes,Yes,Yes,JENNIFER,JONES,603-271-9348,jennifer.jones@dhhs.nh.gov,JENNIFER,JONES,603-271-9348,jennifer.jones@dhhs.nh.gov,JENNIFER,JONES,603-271-9348,jennifer.jones@dhhs.nh.gov,No,Yes,Yes,https://www.dhhs.nh.gov/dcyf/documents/dcyfpolicy2090.pdf,No,-9,No,-9,-9,-9,-9,-9,-9,-9,-9,-9,-9,-9,-9,-9,-9,-9,No,-9,-9,-9,-9
